Date,AAPL,AMZN,AVGO,BRK-A,GOOGL,META,MSFT,NVDA,TSLA,TSM
2015-01-02,24.23755645751953,15.425999641418457,7.560340881347656,223600.0,26.278942108154297,77.90579223632812,39.85844421386719,0.4830113649368286,14.620667457580566,16.631813049316406
2015-01-05,23.554744720458984,15.10949993133545,7.439483165740967,220980.0,25.778228759765625,76.65454864501953,39.49192810058594,0.4748532772064209,14.005999565124512,16.22870635986328
2015-01-06,23.556955337524414,14.76449966430664,7.270281791687012,220450.0,25.14203453063965,75.62174987792969,38.91228485107422,0.460456520318985,14.085332870483398,15.945034980773926
2015-01-07,23.887277603149414,14.920999526977539,7.466675281524658,223480.0,25.068092346191406,75.62174987792969,39.40668869018555,0.45925676822662354,14.063332557678223,16.17644500732422
2015-01-08,24.80507469177246,15.02299976348877,7.839818954467773,226680.0,25.155433654785156,77.6376724243164,40.56594467163086,0.4765329658985138,14.041333198547363,16.280963897705078
2015-01-09,24.831676483154297,14.846500396728516,7.923668384552002,224675.0,24.84825325012207,77.20072174072266,40.2249870300293,0.4784523546695709,13.77733325958252,15.825600624084473
2015-01-12,24.219810485839844,14.570500373840332,7.792234420776367,222424.0,24.666627883911133,76.18780517578125,39.722076416015625,0.472453773021698,13.480667114257812,15.519536972045898
2015-01-13,24.434856414794922,14.737000465393066,7.7484211921691895,223000.0,24.9018497467041,75.919677734375,39.517494201660156,0.47173383831977844,13.616666793823242,15.713622093200684
2015-01-14,24.341745376586914,14.66349983215332,7.809607028961182,221878.0,25.106800079345703,75.7508544921875,39.17652130126953,0.4736534357070923,12.845999717712402,15.721094131469727
2015-01-15,23.68109893798828,14.34749984741211,7.653247833251953,221510.0,25.01152229309082,73.53633880615234,38.767372131347656,0.47029417753219604,12.791333198547363,17.087169647216797
2015-01-16,23.497098922729492,14.536999702453613,7.842085361480713,223615.0,25.331602096557617,74.65848541259766,39.41520690917969,0.47893229126930237,12.871333122253418,16.870689392089844
2015-01-20,24.102319717407227,14.472000122070312,7.921395301818848,222636.0,25.305795669555664,75.71112823486328,39.54307174682617,0.4803721308708191,12.795332908630371,17.236465454101562
2015-01-21,24.28632164001465,14.862500190734863,7.959921836853027,220895.0,25.824377059936523,76.2076644897461,39.14243698120117,0.48709043860435486,13.104666709899902,17.326047897338867
2015-01-22,24.91814613342285,15.515999794006348,7.9463276863098145,224915.0,26.663537979125977,77.11135864257812,40.173851013183594,0.49548858404159546,13.441332817077637,17.699298858642578
2015-01-23,25.046730041503906,15.619500160217285,8.080775260925293,223751.0,26.89429473876953,77.29010009765625,40.216453552246094,0.4969281852245331,13.419333457946777,17.908313751220703
2015-01-26,25.07332992553711,15.482999801635742,8.061891555786133,224184.0,26.63475227355957,76.96238708496094,40.071563720703125,0.49476876854896545,13.770000457763672,18.035215377807617
2015-01-27,24.1954345703125,15.337499618530273,7.915355205535889,221511.0,25.864076614379883,75.25432586669922,36.363590240478516,0.471014142036438,13.732000350952148,18.05760955810547
2015-01-28,25.563264846801758,15.195500373840332,7.931218147277832,217160.0,25.42936134338379,75.71112823486328,35.110557556152344,0.4633358418941498,13.291333198547363,17.863521575927734
2015-01-29,26.359140396118164,15.58899974822998,8.046789169311523,219998.0,25.46906280517578,77.45892333984375,35.80952835083008,0.4746132791042328,13.680000305175781,17.385765075683594
2015-01-30,25.9733943939209,17.726499557495117,7.771084785461426,215865.0,26.675945281982422,75.38341522216797,34.43716812133789,0.46069642901420593,13.573332786560059,16.952800750732422
2015-02-02,26.29927635192871,18.223499298095703,7.736336708068848,220100.0,26.410451889038086,74.46981811523438,35.187278747558594,0.47077417373657227,14.062666893005371,17.124492645263672
2015-02-03,26.30371856689453,18.177499771118164,7.795254230499268,222183.0,26.465038299560547,74.87696075439453,35.46004867553711,0.48253142833709717,14.557332992553711,17.28125762939453
2015-02-04,26.505455017089844,18.237499237060547,7.916112899780273,221027.0,26.107736587524414,75.10535430908203,35.66461944580078,0.4837311804294586,14.569999694824219,17.60224151611328
2015-02-05,26.69464111328125,18.694499969482422,8.021860122680664,224560.0,26.292842864990234,75.08550262451172,36.184593200683594,0.4916493594646454,14.732666969299316,17.661968231201172
2015-02-06,26.469852447509766,18.714000701904297,7.91157865524292,224880.0,26.49382209777832,73.95341491699219,36.15049362182617,0.48948991298675537,14.490667343139648,17.243940353393555
2015-02-09,26.645679473876953,18.527999877929688,7.722740173339844,224000.0,26.265546798706055,73.92362213134766,36.10788345336914,0.4890100061893463,14.498666763305664,16.92294692993164
2015-02-10,27.157575607299805,18.649999618530273,8.085309982299805,225140.0,26.805463790893555,74.66842651367188,36.31245422363281,0.5026870369911194,14.419333457946777,17.811264038085938
2015-02-11,27.794118881225586,18.756999969482422,8.153292655944824,224393.0,26.698274612426758,75.979248046875,36.12492752075195,0.49932774901390076,14.186667442321777,18.132259368896484
2015-02-12,28.14577865600586,18.85849952697754,8.286232948303223,224460.0,27.09577178955078,75.70121002197266,36.730133056640625,0.5350795984268188,13.525333404541016,18.266626358032227
2015-02-13,28.283763885498047,19.09149932861328,8.320223808288574,222555.0,27.351343154907227,75.21460723876953,37.39501190185547,0.535319447517395,13.584667205810547,18.542827606201172
2015-02-17,28.450687408447266,18.771499633789062,8.374610900878906,223300.0,27.046144485473633,75.0755615234375,37.41217803955078,0.5369992852210999,13.623332977294922,18.490571975708008
2015-02-18,28.648767471313477,18.668500900268555,8.3088960647583,222800.0,26.929031372070312,76.17787170410156,37.36924743652344,0.5307608246803284,13.630666732788086,18.445781707763672
2015-02-19,28.588680267333984,18.950000762939453,8.376876831054688,221495.0,27.11760711669922,78.86907958984375,37.34349060058594,0.532200276851654,14.11400032043457,18.30394744873047
2015-02-20,28.82238006591797,19.183000564575195,8.464495658874512,223100.0,26.886850357055664,79.34575653076172,37.65255355834961,0.5360395312309265,14.473999977111816,18.244232177734375
2015-02-23,29.60136604309082,19.006999969482422,8.524169921875,221000.0,26.549402236938477,78.29310607910156,37.90149688720703,0.5317205786705017,13.822667121887207,18.080001831054688
2015-02-24,29.416624069213867,18.929500579833984,8.549097061157227,223405.0,26.730531692504883,77.90579223632812,37.84999465942383,0.5373808145523071,13.607333183288574,18.69212532043457
2015-02-25,28.664352416992188,19.26849937438965,8.511329650878906,222855.0,27.161277770996094,79.00810241699219,37.7641487121582,0.5332860946655273,13.583999633789062,18.69212532043457
2015-02-26,29.027137756347656,19.239999771118164,9.76295280456543,222250.0,27.754793167114258,79.85220336914062,37.824249267578125,0.5347313284873962,13.812666893005371,18.423391342163086
2015-02-27,28.590913772583008,19.007999420166016,9.639829635620117,221180.0,27.9205379486084,78.42219543457031,37.64396667480469,0.5313591957092285,13.555999755859375,18.311416625976562
2015-03-02,28.73112678527832,19.283000946044922,9.745575904846191,220365.0,28.5353946685791,79.19679260253906,37.669715881347656,0.544366180896759,13.155332565307617,18.386062622070312
2015-03-03,28.791221618652344,19.230499267578125,9.685149192810059,219000.0,28.72248077392578,79.0478286743164,37.15464401245117,0.5342494249343872,13.303999900817871,18.289020538330078
2015-03-04,28.60871124267578,19.13599967956543,9.774282455444336,217612.0,28.69965362548828,80.33880615234375,36.965763092041016,0.5402714610099792,13.496000289916992,18.16211700439453
2015-03-05,28.134645462036133,19.39150047302246,9.862662315368652,219500.0,28.853490829467773,80.64665985107422,37.00868606567383,0.5506287217140198,13.375332832336426,18.2591552734375
2015-03-06,28.17693519592285,19.004499435424805,9.660221099853516,218811.0,28.43018913269043,79.45498657226562,36.36484146118164,0.5431619882583618,12.925333023071289,17.98296356201172
2015-03-09,28.297117233276367,18.92799949645996,9.602062225341797,220500.0,28.489742279052734,78.88894653320312,36.78549575805664,0.5446071028709412,12.725333213806152,17.505205154418945
2015-03-10,27.711769104003906,18.475500106811523,9.45098876953125,217400.0,27.78258514404297,77.01204681396484,36.081546783447266,0.5540009140968323,12.687999725341797,17.206607818603516
2015-03-11,27.206541061401367,18.318500518798828,9.416243553161621,217500.0,27.576143264770508,77.03190612792969,36.038631439208984,0.5511106252670288,12.916000366210938,17.535062789916992
2015-03-12,27.698408126831055,18.711999893188477,9.526525497436523,219898.0,27.848087310791016,78.38247680664062,35.21449279785156,0.5460520386695862,12.73799991607666,17.564922332763672
2015-03-13,27.50701141357422,18.52899932861328,9.441927909851074,217118.0,27.442651748657227,77.50857543945312,35.52353286743164,0.5467747449874878,12.578666687011719,17.826194763183594
2015-03-16,27.809696197509766,18.667499542236328,9.809781074523926,219502.0,27.871414184570312,77.5284423828125,35.67805862426758,0.553278386592865,13.046667098999023,18.124794006347656
2015-03-17,28.274860382080078,18.59600067138672,9.751620292663574,218600.0,27.671422958374023,78.80948638916016,35.798248291015625,0.5600227117538452,12.982000350952148,18.14718246459961
2015-03-18,28.593130111694336,18.756999969482422,9.881926536560059,219699.0,28.095718383789062,80.34874725341797,36.48503875732422,0.5508697032928467,13.380666732788086,18.445781707763672
2015-03-19,28.377241134643555,18.66200065612793,10.003140449523926,218000.0,27.972150802612305,82.17596435546875,36.30474853515625,0.5593000054359436,13.043333053588867,18.408458709716797
2015-03-20,28.02113914489746,18.92449951171875,10.097835540771484,218300.0,28.03567123413086,83.21868896484375,36.81124496459961,0.565321683883667,13.20533275604248,18.490571975708008
2015-03-23,28.312700271606445,18.75550079345703,10.184961318969727,218646.0,28.0565128326416,83.84432983398438,36.79408645629883,0.5470157861709595,13.308667182922363,18.51296615600586
2015-03-24,28.196962356567383,18.704500198364258,10.084959030151367,217005.0,28.660451889038086,84.71820831298828,36.82841491699219,0.5395486950874329,13.447999954223633,18.289020538330078
2015-03-25,27.460268020629883,18.54800033569336,9.426619529724121,217000.0,28.137399673461914,82.34478759765625,35.592220306396484,0.5067905783653259,12.953332901000977,17.303651809692383
2015-03-26,27.651674270629883,18.36750030517578,9.447830200195312,216240.0,27.970661163330078,82.43417358398438,35.377593994140625,0.5051041841506958,12.694000244140625,17.318578720092773
2015-03-27,27.431337356567383,18.527999877929688,9.712986946105957,217000.0,27.668441772460938,82.72216033935547,35.171566009521484,0.5149798393249512,12.333333015441895,17.124492645263672
2015-03-30,28.1257381439209,18.72949981689453,9.890256881713867,219700.0,27.84659767150879,82.62285614013672,35.1629753112793,0.5171477794647217,12.704667091369629,17.355905532836914
2015-03-31,27.693965911865234,18.604999542236328,9.61980152130127,217500.0,27.527013778686523,81.649658203125,34.90543746948242,0.5041409134864807,12.584667205810547,17.5275936126709
2015-04-01,27.653900146484375,18.51300048828125,9.517529487609863,216300.0,27.268468856811523,81.10346221923828,34.95694351196289,0.5060677528381348,12.505999565124512,17.340980529785156
2015-04-02,27.892051696777344,18.612499237060547,9.4713134765625,216500.0,26.86253547668457,80.99422454833984,34.58780288696289,0.5072721242904663,12.733332633972168,17.68436050415039
2015-04-06,28.343852996826172,18.851999282836914,9.532679557800293,216275.0,26.993545532226562,81.86811828613281,35.669471740722656,0.5219653248786926,13.539999961853027,17.5723876953125
2015-04-07,28.045616149902344,18.720500946044922,9.51904296875,215500.0,27.03870391845703,81.74895477294922,35.65230941772461,0.5265418887138367,13.550000190734863,17.46041488647461
2015-04-08,27.95436668395996,19.059999465942383,9.605405807495117,214828.0,27.236207962036133,81.70923614501953,35.55786895751953,0.5303958058357239,13.844667434692383,17.318578720092773
2015-04-09,28.168027877807617,19.177000045776367,9.637983322143555,215523.0,27.195518493652344,81.60000610351562,35.6093864440918,0.5426799654960632,14.005999565124512,17.49774169921875
2015-04-10,28.28821563720703,19.13249969482422,9.607678413391113,215211.0,27.22132110595703,81.47090148925781,35.81541061401367,0.5482199788093567,14.0600004196167,17.54252815246582
2015-04-13,28.232574462890625,19.118000030517578,9.496316909790039,215950.0,27.226282119750977,82.43417358398438,35.84975051879883,0.5431619882583618,13.985333442687988,17.415624618530273
2015-04-14,28.110164642333984,19.25550079345703,9.392529487609863,214420.0,26.786609649658203,82.94063568115234,35.75531768798828,0.5385853052139282,13.830666542053223,17.303651809692383
2015-04-15,28.216999053955078,19.172500610351562,9.537981986999512,214675.0,26.84913444519043,82.1362533569336,36.27899169921875,0.5450886487960815,13.85533332824707,17.54999351501465
2015-04-16,28.08123016357422,19.302000045776367,9.494802474975586,214350.0,26.97220802307129,81.73902130126953,36.193145751953125,0.5417165756225586,13.779999732971191,17.348445892333984
2015-04-17,27.765182495117188,18.777999877929688,9.231161117553711,212982.0,26.43724822998047,80.21963500976562,35.72956466674805,0.5347313284873962,13.78600025177002,17.33350944519043
2015-04-20,28.39949607849121,19.475500106811523,9.320556640625,214100.0,27.02232551574707,82.51361083984375,36.837005615234375,0.5320820212364197,13.684666633605957,17.370832443237305
2015-04-21,28.245925903320312,19.55900001525879,9.325860977172852,213440.0,26.942432403564453,83.03994750976562,36.60519027709961,0.5313591957092285,13.96066665649414,17.415624618530273
2015-04-22,28.62651824951172,19.489999771118164,9.689498901367188,214789.0,27.253080368041992,84.04293060302734,36.90567398071289,0.5373808145523071,14.629332542419434,17.796335220336914
2015-04-23,28.860206604003906,19.499500274658203,9.39934253692627,214740.0,27.663976669311523,81.83833312988281,37.206146240234375,0.535213053226471,14.573332786560059,18.13972282409668
2015-04-24,28.99597930908203,22.2549991607666,9.053130149841309,214490.0,28.467905044555664,80.96443939208984,41.095008850097656,0.5306365489959717,14.562000274658203,18.59507942199707
2015-04-27,29.52346420288086,21.92799949645996,9.102371215820312,212585.0,28.093730926513672,81.34180450439453,41.23235321044922,0.5347313284873962,15.436667442321777,18.96833038330078
2015-04-28,29.058290481567383,21.465499877929688,8.897826194763184,215150.0,28.006887435913086,80.1203384399414,42.20243835449219,0.5373808145523071,15.36533260345459,18.66972541809082
2015-04-29,28.63096046447754,21.4685001373291,8.866004943847656,214400.0,27.8590030670166,79.91179656982422,42.11659622192383,0.5332860946655273,15.49666690826416,18.50550079345703
2015-04-30,27.854215621948242,21.089000701904297,8.854643821716309,213400.0,27.23273277282715,78.22358703613281,41.756038665771484,0.5347313284873962,15.069999694824219,18.244232177734375
2015-05-01,28.699962615966797,21.14349937438965,9.303129196166992,215800.0,27.351343154907227,78.44205474853516,41.7732048034668,0.5479792356491089,15.0686674118042,18.468177795410156
2015-05-04,28.64432144165039,21.152000427246094,9.178888320922852,219290.0,27.434709548950195,78.26329803466797,41.41263198852539,0.5446071028709412,15.36733341217041,18.154647827148438
2015-05-05,27.99888038635254,21.059499740600586,8.847822189331055,218000.0,26.94838523864746,77.02197265625,40.86323928833008,0.5306365489959717,15.529999732971191,18.132259368896484
2015-05-06,27.82305145263672,20.954999923706055,8.847068786621094,216620.0,26.553369522094727,77.5582275390625,39.73004150390625,0.5323226451873779,15.362000465393066,18.251697540283203
2015-05-07,27.99514389038086,21.3439998626709,9.278886795043945,218720.0,26.898759841918945,77.88594818115234,40.09059524536133,0.5417165756225586,15.786666870117188,18.191980361938477
2015-05-08,28.522586822509766,21.684499740600586,9.343281745910645,222880.0,27.241670608520508,77.96540069580078,40.992000579833984,0.5017322301864624,15.77400016784668,18.326345443725586
2015-05-11,28.232051849365234,21.642499923706055,9.303888320922852,219550.0,27.08435821533203,77.46886444091797,40.6657829284668,0.4969145953655243,15.965999603271484,18.191980361938477
2015-05-12,28.13148307800293,21.551000595092773,9.314494132995605,217800.0,26.7345027923584,76.92266845703125,40.648616790771484,0.5017322301864624,16.31599998474121,18.199440002441406
2015-05-13,28.162771224975586,21.3435001373291,9.328133583068848,217200.0,26.772214889526367,77.8958740234375,40.888973236083984,0.5046225786209106,16.211999893188477,18.244232177734375
2015-05-14,28.819847106933594,21.61400032043457,9.61677074432373,219270.0,27.254072189331055,80.80554962158203,41.8247184753418,0.5128121972084045,16.273332595825195,18.221837997436523
2015-05-15,28.779613494873047,21.299999237060547,9.687226295471191,218640.0,27.119590759277344,79.86213684082031,41.46415710449219,0.513053297996521,16.589332580566406,18.333812713623047
2015-05-18,29.096982955932617,21.261999130249023,9.86223030090332,219125.0,27.128522872924805,80.3189468383789,41.21518325805664,0.5123305916786194,16.583332061767578,18.221837997436523
2015-05-19,29.07016372680664,21.085500717163086,9.80843734741211,220400.0,27.258047103881836,80.07067108154297,41.11152267456055,0.509136438369751,16.47599983215332,18.356203079223633
2015-05-20,29.06791877746582,21.19300079345703,9.781170845031738,219526.0,27.418331146240234,79.99124908447266,41.11152267456055,0.509136438369751,16.290000915527344,18.348739624023438
2015-05-21,29.36516761779785,21.581499099731445,9.817530632019043,218280.0,27.631723403930664,79.92172241210938,40.973270416259766,0.5055065155029297,16.374666213989258,18.09493637084961
2015-05-22,29.622190475463867,21.381500244140625,10.04859447479248,217000.0,27.51807975769043,79.9813003540039,40.523963928222656,0.504780650138855,16.51533317565918,18.06507110595703
2015-05-26,28.969581604003906,21.273500442504883,9.947077751159668,215700.0,27.15433120727539,78.77970886230469,40.256103515625,0.5016347765922546,16.497333526611328,18.109861373901367
2015-05-27,29.51044464111328,21.570999145507812,10.719057083129883,217440.0,27.504684448242188,79.99124908447266,41.13744354248047,0.5284950137138367,16.495332717895508,18.363664627075195
2015-05-28,29.452342987060547,21.328500747680664,10.786480903625488,217580.0,27.50120735168457,79.5940170288086,40.99919509887695,0.5357545614242554,16.76333236694336,18.251697540283203
2015-05-29,29.117090225219727,21.46150016784668,11.217547416687012,214800.0,27.061532974243164,78.64067077636719,40.48939514160156,0.5355126261711121,16.719999313354492,18.124794006347656
2015-06-01,29.175207138061523,21.54599952697754,11.107698440551758,215400.0,27.25457191467285,79.73303985595703,40.80910110473633,0.5415622591972351,16.6299991607666,18.020278930664062
2015-06-02,29.045576095581055,21.54949951171875,10.921334266662598,214820.0,27.489795684814453,79.88199615478516,40.54124450683594,0.5309147834777832,16.55666732788086,17.669435501098633
2015-06-03,29.081335067749023,21.829500198364258,10.837994575500488,214600.0,27.556293487548828,81.86811828613281,40.48076248168945,0.5251072645187378,16.599332809448242,17.661968231201172
2015-06-04,28.911479949951172,21.538999557495117,10.697088241577148,212585.0,27.377641677856445,81.48082733154297,40.05738067626953,0.5345449447631836,16.39466667175293,17.154359817504883
2015-06-05,28.75279426574707,21.34749984741211,10.894815444946289,211560.0,27.27045249938965,81.57020568847656,39.867286682128906,0.5386583209037781,16.609333038330078,17.064773559570312
2015-06-08,28.562824249267578,21.174999237060547,10.502388954162598,210000.0,26.9702205657959,80.11039733886719,39.51302719116211,0.5263172388076782,17.086000442504883,16.90801239013672
2015-06-09,28.47789764404297,21.27400016784668,10.622088432312012,209700.0,26.904714584350586,80.11039733886719,39.443904876708984,0.5289791822433472,17.066667556762695,17.042375564575195
2015-06-10,28.804201126098633,21.53849983215332,10.822844505310059,211400.0,27.422801971435547,81.59007263183594,40.273380279541016,0.5195415616035461,16.713333129882812,17.415624618530273
2015-06-11,28.739389419555664,21.648500442504883,10.75693416595459,211940.0,27.295759201049805,81.26235961914062,40.126487731933594,0.5251072645187378,16.76066780090332,17.54999351501465
2015-06-12,28.422021865844727,21.496000289916992,10.641783714294434,210760.0,27.168222427368164,80.96443939208984,39.720394134521484,0.5108301043510437,16.71266746520996,17.669435501098633
2015-06-15,28.366147994995117,21.183500289916992,10.842544555664062,209300.0,26.946399688720703,80.15011596679688,39.2970085144043,0.5098622441291809,16.691999435424805,17.36337661743164
2015-06-16,28.51812171936035,21.363000869750977,10.75693416595459,209760.0,27.039196014404297,80.4977035522461,39.59942626953125,0.5161538124084473,16.874666213989258,17.60224151611328
2015-06-17,28.451080322265625,21.390499114990234,10.688559532165527,210150.0,27.12504768371582,81.22264099121094,39.720394134521484,0.5222031474113464,17.360666275024414,17.617176055908203
2015-06-18,28.580703735351562,21.969499588012695,10.864056587219238,214050.0,27.6004581451416,82.33486938476562,40.368431091308594,0.5309147834777832,17.459333419799805,17.736618041992188
2015-06-19,28.294633865356445,21.746000289916992,10.85569953918457,212200.0,27.666955947875977,81.9376449584961,39.832725524902344,0.5292208194732666,17.500667572021484,17.467884063720703
2015-06-22,28.520357131958008,21.81450080871582,10.88532829284668,212580.0,27.774145126342773,84.15216064453125,39.945045471191406,0.5270431041717529,17.319332122802734,17.796335220336914
2015-06-23,28.390724182128906,22.29949951171875,10.760736465454102,211900.0,27.958251953125,87.2703857421875,39.668575286865234,0.5134917497634888,17.844667434692383,17.863521575927734
2015-06-24,28.632110595703125,22.04199981689453,10.633858680725098,210500.0,27.71906089782715,88.24358367919922,39.435264587402344,0.5084102153778076,17.67799949645996,17.84112548828125
2015-06-25,28.495777130126953,22.0049991607666,10.577638626098633,209600.0,27.68829345703125,87.36969757080078,39.443904876708984,0.512282133102417,17.91933250427246,17.975496292114258
2015-06-26,28.328161239624023,21.905000686645508,10.267672538757324,209900.0,27.44563102722168,87.39949798583984,39.10692596435547,0.5018766522407532,17.805999755859375,17.639570236206055
2015-06-29,27.831995010375977,21.493000030517578,10.029118537902832,205000.0,26.85955810546875,85.20481872558594,38.337913513183594,0.48687365651130676,17.468000411987305,17.237518310546875
2015-06-30,28.033140182495117,21.704500198364258,10.099014282226562,204850.0,26.799510955810547,85.17501831054688,38.1478157043457,0.4866315722465515,17.884000778198242,17.49169158935547
2015-07-01,28.294633865356445,21.86949920654297,10.29426097869873,206365.0,26.96129035949707,86.30712127685547,38.407039642333984,0.4936491549015045,17.94333267211914,17.661142349243164
2015-07-02,28.258872985839844,21.885499954223633,10.456846237182617,205923.0,27.161773681640625,86.68448638916016,38.36384201049805,0.4941331744194031,18.667999267578125,17.83058738708496
2015-07-06,28.1605281829834,21.802000045776367,10.1954984664917,205500.0,27.076419830322266,86.94267272949219,38.35519027709961,0.48808348178863525,18.648000717163086,17.668840408325195
2015-07-07,28.091249465942383,21.836000442504883,10.092177391052246,208150.0,27.295269012451172,86.6149673461914,38.27743148803711,0.4788880944252014,17.858667373657227,17.684240341186523
2015-07-08,27.39394187927246,21.485000610351562,9.728265762329102,206186.0,26.881887435913086,85.05585479736328,38.22559356689453,0.47550034523010254,16.997333526611328,17.121986389160156
2015-07-09,26.83519744873047,21.719499588012695,9.472243309020996,207740.0,27.028284072875977,85.28424835205078,38.46752166748047,0.4696926474571228,17.19466781616211,17.11427879333496
2015-07-10,27.552621841430664,22.175500869750977,9.864258766174316,209800.0,27.59698486328125,87.33989715576172,38.5452880859375,0.47792020440101624,17.27666664123535,17.383865356445312
2015-07-13,28.08453941345215,22.778499603271484,9.814117431640625,211720.0,28.372127532958984,89.47499084472656,39.348854064941406,0.481065958738327,17.477333068847656,17.60722541809082
2015-07-14,28.073368072509766,23.278499603271484,10.05115032196045,211767.0,28.989959716796875,89.05789947509766,39.417972564697266,0.48130810260772705,17.709999084472656,17.561006546020508
2015-07-15,28.343799591064453,23.059499740600586,10.007087707519531,213800.0,28.97904396057129,89.13734436035156,39.538944244384766,0.47792020440101624,17.542667388916016,17.37615966796875
2015-07-16,28.721508026123047,23.77400016784668,10.233485221862793,215950.0,29.86336326599121,90.21979522705078,40.316585540771484,0.4885675311088562,17.778667449951172,17.50709342956543
2015-07-17,28.969581604003906,24.15049934387207,10.154474258422852,215960.0,34.71867752075195,94.31120300292969,40.28203582763672,0.4856637418270111,18.310667037963867,17.738161087036133
2015-07-20,29.51715660095215,24.405000686645508,10.228926658630371,216480.0,34.38221740722656,97.23081970214844,40.54124450683594,0.4767102301120758,18.817333221435547,17.638031005859375
2015-07-21,29.222143173217773,24.399999618530273,10.2190523147583,215796.0,34.506778717041016,97.70747375488281,40.852294921875,0.4788880944252014,17.784666061401367,17.622631072998047
2015-07-22,27.986209869384766,24.41349983215332,9.84526538848877,215380.0,34.49437713623047,96.36685180664062,39.348854064941406,0.4696926474571228,17.857999801635742,17.11427879333496
2015-07-23,27.972795486450195,24.108999252319336,10.026079177856445,213520.0,33.4835090637207,94.77794647216797,39.84135818481445,0.47550034523010254,17.81333351135254,17.183603286743164
2015-07-24,27.82529067993164,26.47100067138672,9.76093864440918,212032.0,32.49298858642578,96.2774658203125,39.694461822509766,0.46993476152420044,17.694000244140625,16.667558670043945
2015-07-27,27.438634872436523,26.570499420166016,9.469963073730469,210725.0,32.666683197021484,93.51675415039062,39.18467330932617,0.4672728180885315,16.867332458496094,16.659847259521484
2015-07-28,27.574968338012695,26.30150032043457,9.756379127502441,215091.0,32.735660552978516,94.62899780273438,39.17603302001953,0.4774363040924072,17.654666900634766,16.852407455444336
2015-07-29,27.4877986907959,26.450000762939453,9.768533706665039,214320.0,32.823490142822266,96.31719207763672,39.99689483642578,0.48324379324913025,17.58799934387207,17.029558181762695
2015-07-30,27.34923553466797,26.83799934387207,9.69787883758545,214745.0,32.978816986083984,94.54954528808594,40.506683349609375,0.4844537675380707,17.785999298095703,17.483989715576172
2015-07-31,27.110095977783203,26.8075008392334,9.507186889648438,214000.0,32.62846374511719,93.35787200927734,40.351139068603516,0.48275986313819885,17.74333381652832,17.029558181762695
2015-08-03,26.47090721130371,26.75149917602539,9.557331085205078,213500.0,32.986759185791016,93.48696899414062,40.446205139160156,0.49098750948905945,17.332666397094727,16.72917366027832
2015-08-04,25.62161636352539,26.594999313354492,9.380317687988281,214150.0,32.81605529785156,93.40750885009766,41.076961517333984,0.49292317032814026,17.75200080871582,16.521217346191406
2015-08-05,25.79146957397461,26.850500106811523,9.477559089660645,215201.0,33.41204833984375,95.77101135253906,41.11152267456055,0.4980050027370453,18.0086669921875,16.644445419311523
2015-08-06,25.847593307495117,26.472999572753906,9.365121841430664,215650.0,33.256221771240234,94.46016693115234,40.28203582763672,0.49485909938812256,16.408666610717773,16.390275955200195
2015-08-07,25.935157775878906,26.131000518798828,9.310420036315918,215463.0,32.97038650512695,93.64585876464844,40.385719299316406,0.5560814738273621,16.167333602905273,16.19771957397461
2015-08-10,26.878089904785156,26.200000762939453,9.669771194458008,215300.0,32.908355712890625,93.49690246582031,40.89551544189453,0.5754399299621582,16.076000213623047,16.644445419311523
2015-08-11,25.47940444946289,26.37299919128418,9.43653392791748,214500.0,34.256168365478516,92.97056579589844,40.100589752197266,0.5725363492965698,15.824666976928711,16.04368019104004
2015-08-12,25.872283935546875,26.295499801635742,9.552013397216797,213000.0,34.314231872558594,93.53661346435547,40.385719299316406,0.573988139629364,15.878000259399414,15.982056617736816
2015-08-13,25.852088928222656,26.482999801635742,9.435014724731445,213185.0,34.068092346191406,92.78189086914062,40.37708282470703,0.5691484212875366,16.167333602905273,15.820314407348633
2015-08-14,26.033939361572266,26.576000213623047,9.265594482421875,213981.0,34.210018157958984,93.7650146484375,40.61036682128906,0.5696324706077576,16.209999084472656,15.697081565856934
2015-08-17,26.303348541259766,26.76099967956543,9.536059379577637,213300.0,34.44524383544922,93.27841186523438,40.88686752319336,0.5660027265548706,16.999332427978516,15.620057106018066
2015-08-18,26.155176162719727,26.750999450683594,9.28686809539795,212100.0,34.178260803222656,94.50981903076172,41.11299133300781,0.5608511567115784,17.381332397460938,15.42750358581543
2015-08-19,25.82065773010254,26.645999908447266,9.226852416992188,210660.0,34.44176483154297,94.64884185791016,40.53895950317383,0.5586641430854797,17.016666412353516,15.335068702697754
2015-08-20,25.290822982788086,25.788999557495117,8.739107131958008,207862.0,33.7192268371582,89.93180084228516,39.71269989013672,0.5384947657585144,16.14533233642578,15.104012489318848
2015-08-21,23.743959426879883,24.723499298095703,8.467123985290527,202500.0,31.960020065307617,85.46302032470703,37.460060119628906,0.5217275023460388,15.38466739654541,14.541749954223633
2015-08-24,23.151256561279297,23.168500900268555,8.352408409118652,196005.0,30.67374038696289,81.52055358886719,36.25110626220703,0.5032593011856079,14.591333389282227,14.449326515197754
2015-08-25,23.290451049804688,23.318500518798828,8.243767738342285,194200.0,30.393856048583984,82.42424774169922,35.19870376586914,0.49281036853790283,14.66866683959961,14.449326515197754
2015-08-26,24.62627410888672,25.03849983215332,8.827995300292969,200500.0,32.73963165283203,86.58517456054688,37.14695358276367,0.5299893617630005,14.989333152770996,14.980774879455566
2015-08-27,25.351428985595703,25.918500900268555,9.592276573181152,204940.0,33.14754104614258,89.10755157470703,38.18195343017578,0.5499159097671509,16.19933319091797,15.358182907104492
2015-08-28,25.43450164794922,25.90049934387207,9.695605278015137,205344.0,32.73714828491211,90.3786849975586,38.208030700683594,0.552345871925354,16.565332412719727,15.404394149780273
2015-08-31,25.31551170349121,25.644500732421875,9.570245742797852,202531.0,32.148094177246094,88.80962371826172,37.8514404296875,0.5462707877159119,16.604000091552734,15.311966896057129
2015-09-01,24.183992385864258,24.82699966430664,9.068827629089355,198144.0,31.241947174072266,86.62490844726562,36.37287139892578,0.5239143967628479,15.908666610717773,14.949965476989746
2015-09-02,25.221223831176758,25.52750015258789,9.423617362976074,199360.0,32.003684997558594,89.26644134521484,37.7122802734375,0.539709746837616,16.512666702270508,15.358182907104492
2015-09-03,24.77894401550293,25.236000061035156,9.403104782104492,199665.0,31.613637924194336,87.53852081298828,37.834049224853516,0.5411678552627563,16.3713321685791,15.45831298828125
2015-09-04,24.531980514526367,24.950000762939453,9.204054832458496,196501.0,31.212169647216797,87.64775085449219,37.05997848510742,0.5285316705703735,16.1286678314209,15.150219917297363
2015-09-08,25.214487075805664,25.87700080871582,9.812596321105957,200600.0,31.95257568359375,88.90894317626953,38.173255920410156,0.5511309504508972,16.544666290283203,15.442902565002441
2015-09-09,24.72954750061035,25.844499588012695,9.661416053771973,196875.0,31.92925453186035,89.8126449584961,37.460060119628906,0.540195643901825,16.5939998626709,15.311966896057129
2015-09-10,25.272859573364258,26.11199951171875,9.779167175292969,197639.0,32.30987548828125,91.34194946289062,37.651405334472656,0.5487008690834045,16.565332412719727,15.173334121704102
2015-09-11,25.64105224609375,26.472000122070312,9.95846939086914,198329.0,32.519287109375,91.41146087646484,37.81665802001953,0.550402045249939,16.682666778564453,15.327371597290039
2015-09-14,25.888011932373047,26.069000244140625,9.966822624206543,197598.0,32.37885665893555,91.66964721679688,37.43396759033203,0.5513739585876465,16.87933349609375,15.435209274291992
2015-09-15,26.105785369873047,26.118499755859375,10.2091703414917,199305.0,33.00413131713867,92.25557708740234,38.251529693603516,0.5574489235877991,16.904666900634766,15.704780578613281
2015-09-16,26.134967803955078,26.36949920654297,10.020936012268066,199415.0,33.02646255493164,92.80174255371094,38.52984619140625,0.561336874961853,17.483333587646484,15.920441627502441
2015-09-17,25.575939178466797,26.943500518798828,9.95386791229248,198100.0,33.3316535949707,93.68556213378906,38.48635482788086,0.5664399266242981,17.471332550048828,15.912738800048828
2015-09-18,25.470426559448242,27.01300048828125,9.723712921142578,192200.0,32.79818344116211,93.74516296386719,37.81665802001953,0.5659542083740234,17.374666213989258,15.874225616455078
2015-09-21,25.865558624267578,27.41950035095215,9.698563575744629,197022.0,33.098915100097656,94.8871841430664,38.36458206176758,0.5717859864234924,17.613332748413086,15.812615394592285
2015-09-22,25.45920181274414,26.920000076293945,9.503463745117188,195386.0,32.41508102416992,92.31515502929688,38.18195343017578,0.556233823299408,17.395999908447266,15.365882873535156
2015-09-23,25.665748596191406,26.803499221801758,9.56748104095459,194479.0,32.41954803466797,93.31814575195312,38.155853271484375,0.5589070320129395,17.40399932861328,15.41209888458252
2015-09-24,25.818408966064453,26.6875,9.457737922668457,193800.0,32.499935150146484,93.75508880615234,38.19064712524414,0.5695990920066833,17.541332244873047,15.396689414978027
2015-09-25,25.753305435180664,26.212499618530273,9.658931732177734,194620.0,31.767473220825195,92.12648010253906,38.21674346923828,0.5737300515174866,17.12733268737793,15.442902565002441
2015-09-28,25.24367332458496,25.202999114990234,9.210052490234375,193305.0,30.978435516357422,88.5911636352539,37.651405334472656,0.5661970376968384,16.562000274658203,15.119413375854492
2015-09-29,24.484832763671875,24.803499221801758,9.120123863220215,193621.0,30.897050857543945,86.06877899169922,37.78185272216797,0.5761602520942688,16.44333267211914,15.31966781616211
2015-09-30,24.763227462768555,25.594499588012695,9.52708911895752,195240.0,31.67914390563965,89.2763671875,38.495052337646484,0.5990026593208313,16.559999465942383,15.982056617736816
2015-10-01,24.601572036743164,26.035999298095703,9.30836296081543,195739.0,31.85927963256836,90.31908416748047,38.79945373535156,0.5873382091522217,15.991999626159668,16.066787719726562
2015-10-02,24.781179428100586,26.62700080871582,9.399057388305664,195500.0,32.60315704345703,91.43132781982422,39.634422302246094,0.6026476621627808,16.504667282104492,15.989761352539062
2015-10-05,24.87099266052246,27.18400001525879,9.238251686096191,198561.0,33.3321533203125,93.35787200927734,40.55635452270508,0.6177138686180115,16.40999984741211,16.48270606994629
2015-10-06,24.989978790283203,26.874000549316406,8.92502498626709,196720.0,33.33016586303711,92.15626525878906,40.66072463989258,0.6257330775260925,16.097333908081055,16.351762771606445
2015-10-07,24.87099266052246,27.097000122070312,9.041626930236816,199000.0,33.248783111572266,91.75904083251953,40.70420837402344,0.6322938203811646,15.46399974822998,16.890914916992188
2015-10-08,24.583614349365234,26.658000946044922,8.89301586151123,200616.0,33.09990692138672,91.82855224609375,41.26955795288086,0.6359389424324036,15.114666938781738,17.137388229370117
2015-10-09,25.171829223632812,26.989999771118164,8.909782409667969,199650.0,33.31031799316406,92.59321594238281,40.973838806152344,0.63350909948349,14.712667465209961,16.90632438659668
2015-10-12,25.05508041381836,27.50950050354004,8.968466758728027,200000.0,33.56787109375,93.60612487792969,40.87815856933594,0.6403129696846008,14.371999740600586,17.014150619506836
2015-10-13,25.097745895385742,27.44499969482422,8.64380931854248,198578.0,33.90234375,93.46709442138672,40.782501220703125,0.6415280103683472,14.616666793823242,16.898624420166016
2015-10-14,24.743024826049805,27.241500854492188,8.951700210571289,196899.0,33.765377044677734,93.41744995117188,40.599849700927734,0.6648565530776978,14.458666801452637,17.206710815429688
2015-10-15,25.113454818725586,28.121999740600586,9.287788391113281,200499.0,34.391151428222656,95.29434204101562,40.88686752319336,0.666557252407074,14.753999710083008,16.90632438659668
2015-10-16,24.929357528686523,28.538000106811523,9.22681999206543,200469.0,34.505287170410156,96.86338806152344,41.321746826171875,0.6770062446594238,15.133999824523926,17.068069458007812
2015-10-19,25.084272384643555,28.657499313354492,9.066011428833008,200695.0,34.73505401611328,97.78692626953125,41.41740417480469,0.6757915019989014,15.206666946411133,17.121986389160156
2015-10-20,25.542264938354492,28.04400062561035,9.13689136505127,201480.0,33.74503707885742,96.32713317871094,41.54787063598633,0.6748194098472595,14.20199966430664,17.183603286743164
2015-10-21,25.54002571105957,27.78849983215332,9.183378219604492,199900.0,33.33810806274414,96.43635559082031,41.052120208740234,0.666071355342865,14.005999565124512,17.11427879333496
2015-10-22,25.9306640625,28.195499420166016,9.552237510681152,206020.0,33.801605224609375,98.97860717773438,41.77399444580078,0.6901288032531738,14.114666938781738,17.337644577026367
2015-10-23,26.73440170288086,29.951499938964844,9.875373840332031,206584.0,35.696781158447266,101.48113250732422,45.983577728271484,0.6947456002235413,13.939332962036133,17.306835174560547
2015-10-26,25.881271362304688,30.430500030517578,9.420393943786621,205380.0,36.281864166259766,103.05016326904297,47.183841705322266,0.6915869116783142,14.350666999816895,17.068069458007812
2015-10-27,25.717382431030273,30.550500869750977,9.258829116821289,203280.0,36.36623001098633,102.98064422607422,46.696773529052734,0.6911006569862366,14.023332595825195,17.09888458251953
2015-10-28,26.777063369750977,30.854999542236328,9.6856050491333,206940.0,36.56968688964844,103.47718048095703,46.94900894165039,0.696689784526825,14.197333335876465,17.006446838378906
2015-10-29,27.059940338134766,31.327499389648438,9.152132034301758,206817.0,36.96321487426758,104.1524658203125,46.40977096557617,0.6726325154304504,14.108667373657227,16.80619239807129
2015-10-30,26.828697204589844,31.295000076293945,9.383814811706543,204596.0,36.59300994873047,101.26265716552734,45.78354263305664,0.689399778842926,13.795332908630371,16.914026260375977
2015-11-02,27.205875396728516,31.417499542236328,9.4348726272583,207745.0,37.10663604736328,102.59334564208984,46.30538558959961,0.697418749332428,14.252667427062988,17.021852493286133
2015-11-03,27.51793670654297,31.265499114990234,9.30836296081543,206704.0,37.16022872924805,101.86841583251953,47.096858978271484,0.6925584673881531,13.890000343322754,17.537900924682617
2015-11-04,27.389965057373047,32.04750061035156,9.458500862121582,206120.0,37.48229217529297,103.218994140625,47.31429672241211,0.6811375021934509,15.442000389099121,18.138673782348633
2015-11-05,27.263704299926758,32.782501220703125,9.226058959960938,204694.0,37.748287200927734,108.00554656982422,47.296897888183594,0.6733613610267639,15.451333045959473,17.699647903442383
2015-11-06,27.29526710510254,32.96849822998047,9.882231712341309,203100.0,37.794437408447266,106.3570785522461,47.76656723022461,0.7666746973991394,15.490667343139648,17.576419830322266
2015-11-09,27.184791564941406,32.77450180053711,9.640642166137695,201000.0,37.45549774169922,105.75129699707031,47.10556411743164,0.7632725238800049,15.022000312805176,17.684240341186523
2015-11-10,26.328004837036133,32.98400115966797,9.134603500366211,201754.0,37.628692626953125,107.16144561767578,46.54022216796875,0.7486923933029175,14.433333396911621,17.337644577026367
2015-11-11,26.179201126098633,33.662498474121094,9.141462326049805,202355.0,37.97556686401367,108.25381469726562,46.6619873046875,0.7414023280143738,14.60533332824707,17.391563415527344
2015-11-12,26.09126853942871,33.279998779296875,9.133843421936035,199371.0,37.54283905029297,107.27066802978516,46.37497329711914,0.7387294173240662,14.196000099182129,17.12968635559082
2015-11-13,25.329181671142578,32.11750030517578,8.95779800415039,197825.0,36.726009368896484,103.22891998291016,45.95747375488281,0.7241491675376892,13.812666893005371,16.860111236572266
2015-11-16,25.744041442871094,32.390499114990234,9.257305145263672,199800.0,37.239627838134766,103.31829071044922,46.76634979248047,0.7387294173240662,14.287332534790039,17.214414596557617
2015-11-17,25.633560180664062,32.165000915527344,9.302267074584961,200045.0,37.01929473876953,104.40072631835938,46.38108825683594,0.7387294173240662,14.266667366027832,17.34535026550293
2015-11-18,26.44525146484375,33.176998138427734,9.596440315246582,204280.0,37.71553039550781,107.02240753173828,47.151634216308594,0.7569019198417664,14.73799991607666,17.34535026550293
2015-11-19,26.78119659423828,33.063499450683594,9.542328834533691,204901.0,37.71206283569336,105.52289581298828,47.23043441772461,0.7590972185134888,14.786666870117188,17.46088218688965
2015-11-20,26.89844512939453,33.42250061035156,9.63302230834961,204600.0,38.558658599853516,106.57553100585938,47.44933319091797,0.7656830549240112,14.667332649230957,17.584115982055664
2015-11-23,26.548967361450195,33.949501037597656,9.48136043548584,203779.0,38.54377365112305,106.20809936523438,47.44933319091797,0.7542184591293335,14.516667366027832,17.383865356445312
2015-11-24,26.803743362426758,33.557498931884766,9.780869483947754,203360.0,38.19292068481445,105.00650787353516,47.50187683105469,0.760316789150238,14.550000190734863,17.329946517944336
2015-11-25,26.61210060119629,33.766998291015625,9.784683227539062,202285.0,38.17456817626953,104.67877960205078,47.01152420043945,0.7593409419059753,15.309332847595215,17.37615966796875
2015-11-27,26.5625,33.66299819946289,9.910426139831543,201624.0,38.30904769897461,104.718505859375,47.22167205810547,0.7656830549240112,15.440667152404785,17.291433334350586
2015-11-30,26.672975540161133,33.2400016784668,9.94167709350586,201360.0,37.856468200683594,103.51689910888672,47.58942413330078,0.7737325429916382,15.350666999816895,17.530200958251953
2015-12-01,26.45652198791504,33.952999114990234,10.127629280090332,204945.0,38.89561080932617,106.37692260742188,48.35121154785156,0.7988569736480713,15.812666893005371,17.930713653564453
2015-12-02,26.217533111572266,33.800498962402344,10.075803756713867,202930.0,38.60084533691406,105.33421325683594,48.34245681762695,0.7927588224411011,15.465999603271484,17.86139678955078
2015-12-03,25.974023818969727,33.3125,11.033772468566895,198801.0,38.12196350097656,103.65592956542969,47.458091735839844,0.7910513877868652,15.513999938964844,17.661142349243164
2015-12-04,26.83756446838379,33.63199996948242,11.245637893676758,204500.0,38.668331146240234,105.44344329833984,48.95539093017578,0.8232493996620178,15.358667373657227,17.953821182250977
2015-12-07,26.66846466064453,33.49150085449219,11.342427253723145,203500.0,38.35966491699219,104.87740325927734,48.86783218383789,0.8076381087303162,15.408666610717773,17.899904251098633
2015-12-08,26.657190322875977,33.86650085449219,11.262405395507812,200105.0,38.46636199951172,105.75129699707031,48.850318908691406,0.8186149597167969,15.114666938781738,17.776670455932617
2015-12-09,26.06871795654297,33.239498138427734,11.100078582763672,197660.0,37.84157943725586,103.87439727783203,48.14107894897461,0.7978813648223877,14.968000411987305,17.50709342956543
2015-12-10,26.19272232055664,33.11600112915039,11.22811222076416,197505.0,37.71702194213867,104.688720703125,48.39500045776367,0.8044672608375549,15.137999534606934,17.445478439331055
2015-12-11,25.518573760986328,32.00749969482422,11.00633716583252,195757.0,37.239627838134766,101.41161346435547,47.335506439208984,0.7925150394439697,14.468000411987305,17.083480834960938
2015-12-14,25.36074447631836,32.89550018310547,10.860774040222168,198040.0,37.84107971191406,103.9339828491211,48.281166076660156,0.7944662570953369,14.571999549865723,17.11427879333496
2015-12-15,24.912065505981445,32.93199920654297,10.918694496154785,202440.0,37.71949768066406,103.82475280761719,48.33370590209961,0.8042231798171997,14.739333152770996,17.576419830322266
2015-12-16,25.103708267211914,33.78850173950195,10.99896240234375,203800.0,38.53831481933594,106.04922485351562,49.14802551269531,0.8091018199920654,15.633999824523926,17.838287353515625
2015-12-17,24.57160186767578,33.532501220703125,10.73904800415039,201000.0,38.20284652709961,105.48316955566406,48.771507263183594,0.7969055771827698,15.559332847595215,17.684240341186523
2015-12-18,23.90647315979004,33.207000732421875,10.717642784118652,194720.0,37.5587158203125,103.31829071044922,47.39680099487305,0.7839773893356323,15.36400032043457,17.661142349243164
2015-12-21,24.1995792388916,33.22549819946289,11.145735740661621,196801.0,37.754737854003906,104.04322052001953,48.00972366333008,0.8025159239768982,15.503999710083008,17.676544189453125
2015-12-22,24.17702865600586,33.157501220703125,11.092226028442383,199680.0,38.06886291503906,104.7780990600586,48.46504592895508,0.8032476902008057,15.329999923706055,17.761266708374023
2015-12-23,24.48818588256836,33.185001373291016,11.200013160705566,200000.0,38.13734436035156,103.90419006347656,48.87657928466797,0.8064184188842773,15.313332557678223,17.776670455932617
2015-12-24,24.357410430908203,33.13949966430664,11.1854887008667,201137.0,38.004844665527344,104.29149627685547,48.7452392578125,0.8091018199920654,15.371333122253418,17.83058738708496
2015-12-28,24.084592819213867,33.7599983215332,11.187782287597656,199876.0,38.81869888305664,105.19517517089844,48.99040985107422,0.8083697557449341,15.263333320617676,17.722759246826172
2015-12-29,24.51749610900879,34.69850158691406,11.309330940246582,200050.0,39.400306701660156,106.51596069335938,49.51579284667969,0.8215420842170715,15.812666893005371,17.776670455932617
2015-12-30,24.197322845458984,34.45349884033203,11.26575756072998,200081.0,39.21867370605469,105.48316955566406,49.305625915527344,0.8144679069519043,15.87266731262207,17.622631072998047
2015-12-31,23.732868194580078,33.794498443603516,11.096049308776855,197800.0,38.60878372192383,103.9339828491211,48.57887649536133,0.8039793968200684,16.000667572021484,17.522499084472656
2016-01-04,23.75315284729004,31.84950065612793,10.87664794921875,196295.0,37.6872444152832,101.51091766357422,47.98345184326172,0.7895878553390503,14.894000053405762,17.014150619506836
2016-01-05,23.157915115356445,31.68950080871582,10.512768745422363,197000.0,37.79096603393555,102.01738739013672,48.202362060546875,0.8022719621658325,14.895333290100098,16.90632438659668
2016-01-06,22.704721450805664,31.63249969482422,10.189403533935547,197415.0,37.681785583496094,102.2557144165039,47.326751708984375,0.7690982222557068,14.602666854858398,16.43648910522461
2016-01-07,21.746479034423828,30.39699935913086,9.865281105041504,195580.0,36.772159576416016,97.24073791503906,45.68061065673828,0.7386074066162109,14.376667022705078,16.25164031982422
2016-01-08,21.861467361450195,30.352500915527344,9.800299644470215,193900.0,36.27144241333008,96.65483856201172,45.820709228515625,0.7227522134780884,14.066666603088379,16.02827262878418
2016-01-11,22.2154541015625,30.886999130249023,9.788070678710938,193060.0,36.37863540649414,96.83358764648438,45.79442596435547,0.7239716053009033,13.856666564941406,16.120697021484375
2016-01-12,22.537874221801758,30.894500732421875,9.93178653717041,194000.0,36.987525939941406,98.6806869506836,46.21471405029297,0.7361679077148438,13.998000144958496,15.982056617736816
2016-01-13,21.958415985107422,29.090499877929688,9.426484107971191,190500.0,35.70869445800781,94.77794647216797,45.216529846191406,0.7137269377708435,13.354000091552734,15.774099349975586
2016-01-14,22.438671112060547,29.649999618530273,9.570197105407715,192250.0,36.29526138305664,97.68761444091797,46.5036735534668,0.6993351578712463,13.745332717895508,16.80619239807129
2016-01-15,21.899797439575195,28.509000778198242,9.171154975891113,190000.0,35.25809860229492,94.31120300292969,44.64738464355469,0.6612827181816101,13.666000366210938,16.25164031982422
2016-01-19,21.793827056884766,28.724000930786133,9.17879581451416,191700.0,35.68437957763672,94.59919738769531,44.27086639404297,0.6666492223739624,13.64799976348877,16.682966232299805
2016-01-20,21.823135375976562,28.588499069213867,9.46623706817627,188470.0,35.65857696533203,93.69550323486328,44.47225570678711,0.670307993888855,13.24666690826416,16.243934631347656
2016-01-21,21.712663650512695,28.750999450683594,9.519745826721191,189455.0,36.06103515625,93.50682067871094,44.20082473754883,0.6781138181686401,13.33133316040039,16.42878532409668
2016-01-22,22.8670597076416,29.819000244140625,9.51821517944336,191396.0,36.99348449707031,97.26061248779297,45.78567123413086,0.6939689517021179,13.50333309173584,16.890914916992188
2016-01-25,22.420631408691406,29.826499938964844,9.516684532165527,187001.0,36.40592575073242,96.33705139160156,45.347877502441406,0.6932369470596313,13.092000007629395,16.783090591430664
2016-01-26,22.54463768005371,30.0625,9.509044647216797,189640.0,36.41436004638672,96.66476440429688,45.68061065673828,0.7000669836997986,12.904000282287598,16.629045486450195
2016-01-27,21.063308715820312,29.167499542236328,9.353092193603516,189091.0,35.60993957519531,93.79480743408203,44.848777770996094,0.6917736530303955,12.538000106811523,16.698362350463867
2016-01-28,21.21436882019043,31.767499923706055,9.66040325164795,188300.0,37.13442611694336,108.35311889648438,45.58428955078125,0.6842119693756104,12.646666526794434,16.659847259521484
2016-01-29,21.94715118408203,29.350000381469727,10.221515655517578,194360.0,37.78202819824219,111.43161010742188,48.23739242553711,0.7144586443901062,12.74666690826416,17.214414596557617
2016-02-01,21.741973876953125,28.74049949645996,10.525001525878906,194759.0,38.24949264526367,114.29164123535156,47.9046630859375,0.7147026658058167,13.129332542419434,17.29913330078125
2016-02-02,21.302305221557617,27.604999542236328,10.18558406829834,189902.0,38.75270080566406,113.81497192382812,46.4073600769043,0.6844558119773865,12.185333251953125,17.37615966796875
2016-02-03,21.72393226623535,26.553499221801758,10.041865348815918,189861.0,37.188026428222656,111.90828704833984,45.671844482421875,0.6878706812858582,11.565333366394043,17.653440475463867
2016-02-04,21.898487091064453,26.812999725341797,10.405747413635254,192200.0,36.2277717590332,109.72355651855469,45.531742095947266,0.6881148815155029,11.688667297363281,17.892208099365234
2016-02-05,21.313621520996094,25.10650062561035,9.812529563903809,190820.0,34.92412185668945,103.34808349609375,43.92062759399414,0.6446957588195801,10.84000015258789,17.522499084472656
2016-02-08,21.53804588317871,24.405000686645508,9.31563663482666,191255.0,34.94397735595703,99.05805206298828,43.263916015625,0.6151808500289917,9.866000175476074,17.561006546020508
2016-02-09,21.533504486083984,24.103500366210938,9.151278495788574,192635.0,34.78814697265625,98.84950256347656,43.150089263916016,0.6217669248580933,9.883333206176758,17.37615966796875
2016-02-10,21.370296478271484,24.52400016784668,9.112287521362305,190520.0,35.07746505737305,100.29936981201172,43.52660369873047,0.6203034520149231,9.57800006866455,17.175901412963867
2016-02-11,21.24107551574707,25.19099998474121,8.891366004943848,190000.0,35.05315017700195,101.20307159423828,43.50909423828125,0.6171321868896484,10.031332969665527,16.94483184814453
2016-02-12,21.30681800842285,25.354000091552734,9.300348281860352,193999.0,35.0794563293457,101.30237579345703,44.21834945678711,0.627621054649353,10.06933307647705,17.12968635559082
2016-02-16,21.90755271911621,26.05500030517578,9.650464057922363,193465.0,35.61292266845703,100.9051513671875,45.05613708496094,0.6583556532859802,10.344667434692383,17.976926803588867
2016-02-17,22.24305534362793,26.704999923706055,9.989884376525879,195903.0,36.324039459228516,104.47023010253906,46.229061126708984,0.6746987700462341,11.245332717895508,18.20799446105957
2016-02-18,21.8214111328125,26.25,9.713916778564453,196025.0,35.60646438598633,102.75224304199219,46.02621078491211,0.7327529788017273,11.118000030517578,18.331233978271484
2016-02-19,21.771535873413086,26.7450008392334,9.836227416992188,197310.0,35.834739685058594,103.84461975097656,45.699920654296875,0.7425100207328796,11.10533332824707,18.31582260131836
2016-02-22,21.96196174621582,27.975000381469727,9.98682689666748,198650.0,36.179134368896484,106.41665649414062,46.43189239501953,0.7688540816307068,11.849332809448242,18.4544677734375
2016-02-23,21.465505599975586,27.64699935913086,9.797242164611816,196502.0,35.595550537109375,104.72843933105469,45.135498046875,0.7708055973052979,11.814000129699707,18.023143768310547
2016-02-24,21.785137176513672,27.70199966430664,9.963894844055176,196511.0,35.77469253540039,106.13858032226562,45.294246673583984,0.7761718034744263,11.933333396911621,18.03854751586914
2016-02-25,21.93475341796875,27.75749969482422,10.12672233581543,198899.0,36.182613372802734,107.32032775878906,45.94684982299805,0.7778794169425964,12.495332717895508,18.246505737304688
2016-02-26,21.96876335144043,27.761499404907227,10.17564582824707,198191.0,35.97121047973633,107.1713638305664,45.241336822509766,0.7727569937705994,12.689332962036133,18.308128356933594
2016-02-29,21.91889190673828,27.625999450683594,10.241388320922852,202555.0,35.59207534790039,106.1783218383789,44.870941162109375,0.7677384614944458,12.795332908630371,18.138673782348633
2016-03-01,22.789386749267578,28.95199966430664,10.5823335647583,205500.0,36.83021926879883,109.05819702148438,46.37017059326172,0.8017675876617432,12.423333168029785,18.93199920654297
2016-03-02,22.839258193969727,29.010499954223633,10.470723152160645,205500.0,36.69673156738281,109.18728637695312,46.696475982666016,0.8064186573028564,12.555999755859375,18.96280860900879
2016-03-03,23.009279251098633,28.874500274658203,10.498244285583496,206000.0,36.30518341064453,108.81986236572266,46.167320251464844,0.7993192672729492,13.049332618713379,18.916593551635742
2016-03-04,23.351587295532227,28.756999969482422,11.165614128112793,207945.0,36.237205505371094,107.63811492919922,45.88511276245117,0.7968708872795105,13.402667045593262,18.985912322998047
2016-03-07,23.09315299987793,28.139999389648438,10.970677375793457,208500.0,35.37272644042969,104.99657440185547,45.00322723388672,0.7917300462722778,13.685999870300293,19.024429321289062
2016-03-08,22.902732849121094,28.01300048828125,10.67406940460205,207989.0,35.40896224975586,105.19517517089844,45.55000305175781,0.7772859930992126,13.506667137145996,18.985912322998047
2016-03-09,22.92313575744629,27.973499298095703,10.85218620300293,209250.0,35.99850845336914,106.76422882080078,46.59945297241211,0.7767963409423828,13.914667129516602,19.05523681640625
2016-03-10,22.934467315673828,27.946500778198242,11.040241241455078,209120.0,36.33396530151367,106.57553100585938,45.90275955200195,0.7755721807479858,13.678667068481445,19.05523681640625
2016-03-11,23.18156623840332,28.480499267578125,11.376603126525879,211600.0,36.964210510253906,108.65103912353516,46.80230712890625,0.7887921333312988,13.833333015441895,19.52507209777832
2016-03-14,23.240503311157227,28.668500900268555,11.32462215423584,210300.0,37.23069763183594,109.1277084350586,46.89048385620117,0.7907507419586182,14.34333324432373,19.424938201904297
2016-03-15,23.707487106323242,28.85099983215332,11.349846839904785,211070.0,37.247074127197266,109.90229797363281,47.26088333129883,0.7868337035179138,14.555999755859375,19.163061141967773
2016-03-16,24.022592544555664,28.713499069213867,11.399701118469238,210200.0,37.584022521972656,111.40180969238281,47.931114196777344,0.8103359937667847,14.795332908630371,19.856264114379883
2016-03-17,23.984054565429688,27.972000122070312,11.62366008758545,213600.0,37.63959884643555,110.24987030029297,48.204505920410156,0.8034811019897461,15.092000007629395,19.848562240600586
2016-03-18,24.01125717163086,27.604000091552734,11.695757865905762,213330.0,37.48725509643555,110.6768798828125,47.172698974609375,0.8277176022529602,15.515999794006348,20.056516647338867
2016-03-21,24.008995056152344,27.698999404907227,11.726435661315918,213300.0,37.82222366333008,111.0741195678711,47.498992919921875,0.8301660418510437,15.887999534606934,19.971797943115234
2016-03-22,24.192607879638672,28.02400016784668,11.869866371154785,213400.0,37.7175178527832,111.4713363647461,47.68418502807617,0.8286969065666199,15.616000175476074,19.87936782836914
2016-03-23,24.05885887145996,28.48150062561035,11.73410701751709,211370.0,37.59394836425781,111.75931549072266,47.596004486083984,0.8428962826728821,14.838666915893555,19.77924346923828
2016-03-24,23.954586029052734,29.147499084472656,11.73487377166748,210530.0,37.4589729309082,112.26578521728516,47.807647705078125,0.844120442867279,15.183333396911621,19.817750930786133
2016-03-28,23.845767974853516,28.993499755859375,11.742545127868652,212125.0,37.38154983520508,112.9013442993164,47.2167854309082,0.8526885509490967,15.350666999816895,19.740732192993164
2016-03-29,24.41023826599121,29.69300079345703,11.821542739868164,212800.0,38.00732421875,115.3343505859375,48.24860763549805,0.8663983941078186,15.342000007629395,20.002609252929688
2016-03-30,24.836414337158203,29.934499740600586,12.036300659179688,214035.0,38.128910064697266,113.90433502197266,48.548458099365234,0.8754563331604004,15.12600040435791,20.380014419555664
2016-03-31,24.707202911376953,29.68199920654297,11.849923133850098,213450.0,37.858951568603516,113.30850219726562,48.70720291137695,0.8722737431526184,15.317999839782715,20.179759979248047
2016-04-01,24.933895111083984,29.924999237060547,12.103025436401367,215740.0,38.194908142089844,115.25489807128906,49.00703430175781,0.8850043416023254,15.839332580566406,20.118139266967773
2016-04-04,25.19005584716797,29.659500122070312,11.965736389160156,215060.0,37.969120025634766,111.76924896240234,48.883575439453125,0.8764358162879944,16.465999603271484,19.91018295288086
2016-04-05,24.893091201782227,29.30699920654297,11.890572547912598,212340.0,37.64406967163086,111.44154357910156,48.11630630493164,0.875211775302887,17.031333923339844,19.6483097076416
2016-04-06,25.153785705566406,30.104000091552734,12.083083152770996,212990.0,38.115509033203125,112.92120361328125,48.61018371582031,0.8764358162879944,17.69466781616211,19.7330322265625
2016-04-07,24.605192184448242,29.571500778198242,11.885970115661621,211401.0,37.72099304199219,112.85169982910156,48.028133392333984,0.8673776984214783,17.14666748046875,19.540475845336914
2016-04-08,24.63239097595215,29.729999542236328,11.976472854614258,211705.0,37.68873977661133,109.8625717163086,47.992855072021484,0.8730086088180542,16.67133331298828,19.471162796020508
2016-04-11,24.71400260925293,29.796499252319336,11.93505573272705,211660.0,37.59295654296875,108.23394012451172,47.895843505859375,0.8783944249153137,16.661333084106445,19.6483097076416
2016-04-12,25.035905838012695,30.15850067138672,11.921250343322754,213700.0,37.92941665649414,109.84272003173828,48.19569778442383,0.877415120601654,16.521333694458008,19.694517135620117
2016-04-13,25.39861297607422,30.740999221801758,12.231878280639648,216130.0,38.306068420410156,109.743408203125,48.813011169433594,0.8994483351707458,16.968666076660156,20.156652450561523
2016-04-14,25.412212371826172,31.037500381469727,12.181259155273438,215600.0,38.47876739501953,110.07110595703125,48.821834564208984,0.9018964767456055,16.790666580200195,19.486557006835938
2016-04-15,24.90216064453125,31.29450035095215,11.925851821899414,215110.0,38.70753479003906,108.87944030761719,49.07759094238281,0.9089962244033813,16.96733283996582,19.609792709350586
2016-04-18,24.364900588989258,31.767499923706055,11.957296371459961,216650.0,39.08865737915039,109.68382263183594,49.79193878173828,0.905079185962677,16.92533302307129,19.64059829711914
2016-04-19,24.235679626464844,31.395000457763672,11.586843490600586,219000.0,38.52144241333008,111.51106262207031,49.730194091796875,0.8889212012290955,16.4913330078125,19.37872314453125
2016-04-20,24.28556251525879,31.649499893188477,11.752509117126465,218928.0,38.4554443359375,111.64015197753906,49.024681091308594,0.8923487663269043,16.6646671295166,19.347923278808594
2016-04-21,24.022592544555664,31.549999237060547,11.608321189880371,217460.0,38.70753479003906,112.65308380126953,49.19224166870117,0.891369640827179,16.55266761779785,19.37872314453125
2016-04-22,23.95685386657715,31.024999618530273,11.5300874710083,219038.0,36.611873626708984,109.79306030273438,45.66465377807617,0.8879422545433044,16.916667938232422,19.30940818786621
2016-04-25,23.82084083557129,31.309999465942383,11.435749053955078,219278.0,36.832210540771484,109.33624267578125,45.955665588378906,0.8923487663269043,16.788000106811523,19.263193130493164
2016-04-26,23.65534782409668,30.8439998626709,11.563071250915527,220340.0,35.996517181396484,108.00554656982422,45.36479949951172,0.8930830955505371,16.916000366210938,19.263193130493164
2016-04-27,22.175050735473633,30.328500747680664,11.622125625610352,221430.0,35.802490234375,108.13465118408203,44.92384338378906,0.913402795791626,16.764667510986328,19.44804573059082
2016-04-28,21.497243881225586,30.100000381469727,11.35061264038086,219120.0,34.98862838745117,115.92027282714844,44.006683349609375,0.8862284421920776,16.513999938964844,18.608509063720703
2016-04-29,21.250150680541992,32.97949981689453,11.17880916595459,219000.0,35.128578186035156,116.76435852050781,43.980228424072266,0.8698258996009827,16.05066680908203,18.169475555419922
2016-05-02,21.227476119995117,34.192501068115234,11.204118728637695,220253.0,35.45262908935547,117.74748992919922,44.63282775878906,0.8813320398330688,16.1200008392334,18.246505737304688
2016-05-03,21.576583862304688,33.566001892089844,10.98322868347168,217354.0,35.156368255615234,116.61540985107422,43.900856018066406,0.8708049654960632,15.48799991607666,17.961523056030273
2016-05-04,21.352157592773438,33.54499816894531,10.896559715270996,216515.0,35.3017692565918,117.24102783203125,43.980228424072266,0.8509750962257385,14.837332725524902,18.03854751586914
2016-05-05,21.26548957824707,32.954498291015625,10.935674667358398,215880.0,35.4675178527832,116.99275970458984,44.041954040527344,0.8561161756515503,14.10200023651123,18.100160598754883
2016-05-06,21.146892547607422,33.6974983215332,10.8827543258667,217000.0,35.987083435058594,118.66111755371094,44.43880081176758,0.8649296164512634,14.328666687011719,18.030845642089844
2016-05-09,21.162857055664062,33.98749923706055,10.921868324279785,214430.0,36.18311309814453,118.412841796875,44.15659713745117,0.8637055158615112,13.928000450134277,18.000036239624023
2016-05-10,21.306543350219727,35.153499603271484,11.091373443603516,216975.0,36.69176483154297,119.66410064697266,44.994407653808594,0.8803527355194092,13.912667274475098,18.015438079833984
2016-05-11,21.0989990234375,35.6614990234375,11.033082962036133,214468.0,36.25358200073242,118.69091033935547,45.02086639404297,0.8828009963035583,13.93066692352295,17.884502410888672
2016-05-12,20.60407066345215,35.89649963378906,10.817559242248535,214860.0,36.13050842285156,119.44564056396484,45.42652130126953,0.8708049654960632,13.8186674118042,17.707353591918945
2016-05-13,20.645124435424805,35.49599838256836,10.741630554199219,212140.0,35.96971893310547,118.97888946533203,45.04730224609375,1.003250002861023,13.840666770935059,17.576419830322266
2016-05-16,21.411457061767578,35.53300094604492,10.941044807434082,212530.0,36.24116897583008,117.8468017578125,45.70872497558594,1.0328720808029175,13.88599967956543,17.79977798461914
2016-05-17,21.3225040435791,34.76350021362305,10.827531814575195,210695.0,35.739463806152344,116.53595733642578,44.8561897277832,1.0350759029388428,13.644000053405762,17.676544189453125
2016-05-18,21.566543579101562,34.872501373291016,11.035384178161621,212200.0,35.818363189697266,116.83387756347656,45.12261199951172,1.0615154504776,14.07800006866455,18.115571975708008
2016-05-19,21.484434127807617,34.92599868774414,10.94795036315918,211180.0,35.49729537963867,115.99969482421875,44.687461853027344,1.0661671161651611,14.347332954406738,17.907604217529297
2016-05-20,21.717073440551758,35.13999938964844,11.253973007202148,212833.0,35.81488800048828,116.53595733642578,44.95387649536133,1.085262417793274,14.685333251953125,18.41595458984375
2016-05-23,21.99303436279297,34.837501525878906,11.359051704406738,212210.0,35.59355926513672,115.16553497314453,44.429931640625,1.086976408958435,14.414667129516602,18.693235397338867
2016-05-24,22.328310012817383,35.209999084472656,11.613691329956055,215650.0,36.376644134521484,116.88352966308594,45.8153076171875,1.1133620738983154,14.52733325958252,18.84728240966797
2016-05-25,22.72058868408203,35.41749954223633,11.77859115600586,216185.0,36.62825012207031,117.07220458984375,46.285987854003906,1.1086987257003784,14.638667106628418,18.96280860900879
2016-05-26,22.900768280029297,35.74549865722656,11.736408233642578,214600.0,36.570186614990234,118.64125061035156,46.08172607421875,1.1204802989959717,15.008000373840332,19.093748092651367
2016-05-27,22.8870849609375,35.61199951171875,11.757882118225098,214303.0,37.09968566894531,118.5518798828125,46.463600158691406,1.126616358757019,14.869333267211914,19.101451873779297
2016-05-31,22.775333404541016,36.13949966430664,11.839181900024414,211695.0,37.161720275878906,117.98583221435547,47.067481994628906,1.1467434167861938,14.881999969482422,19.039827346801758
2016-06-01,22.45602035522461,35.97200012207031,11.87063217163086,212360.0,37.14236068725586,117.95603942871094,46.93427658081055,1.1489523649215698,14.637332916259766,19.44804573059082
2016-06-02,22.28725242614746,36.4119987487793,11.881368637084961,212355.0,36.93443298339844,118.10499572753906,46.60567855834961,1.1570522785186768,14.597332954406738,19.394132614135742
2016-06-03,22.332870483398438,36.277000427246094,12.468111038208008,211615.0,36.51708221435547,117.64818572998047,45.9929313659668,1.1408525705337524,14.599332809448242,19.66370964050293
2016-06-06,22.494794845581055,36.33649826049805,12.489583969116211,212880.0,36.2292594909668,117.9659652709961,46.29486083984375,1.1349622011184692,14.711999893188477,19.617496490478516
2016-06-07,22.586029052734375,36.1870002746582,12.642986297607422,212210.0,36.28038024902344,116.94312286376953,46.26822280883789,1.1371709108352661,15.489333152770996,20.071922302246094
2016-06-08,22.565502166748047,36.332000732421875,12.555548667907715,213500.0,36.8679313659668,117.56874084472656,46.21492385864258,1.1334890127182007,15.701333045959473,20.279882431030273
2016-06-09,22.72743797302246,36.38249969482422,12.5892972946167,213210.0,36.84758377075195,117.73756408691406,45.84195327758789,1.1629430055618286,15.290666580200195,20.202861785888672
2016-06-10,22.540416717529297,35.89550018310547,12.334654808044434,212622.0,36.38459014892578,115.81102752685547,45.717613220214844,1.1339796781539917,14.586000442504883,19.917890548706055
2016-06-13,22.20058822631836,35.762001037597656,12.272529602050781,211450.0,36.319583892822266,113.1595458984375,44.527610778808594,1.1484614610671997,14.524666786193848,19.740732192993164
2016-06-14,22.22795295715332,35.96500015258789,12.19429874420166,212070.0,36.38756561279297,114.14268493652344,44.25231170654297,1.1506705284118652,14.330666542053223,19.694517135620117
2016-06-15,22.154972076416016,35.7130012512207,12.187373161315918,210050.0,36.334964752197266,113.8050308227539,44.12798309326172,1.1624524593353271,14.513333320617676,19.902482986450195
2016-06-16,22.24848747253418,35.8754997253418,12.205063819885254,213000.0,35.94093704223633,113.59649658203125,44.74961853027344,1.1671154499053955,14.528667449951172,19.917890548706055
2016-06-17,21.742158889770508,35.31949996948242,12.002717018127441,211200.0,34.94843673706055,112.23599243164062,44.51874542236328,1.1467434167861938,14.364666938781738,19.91018295288086
2016-06-20,21.68970489501953,35.70050048828125,12.074271202087402,212630.0,35.04173278808594,112.58356475830078,44.4654426574707,1.1673611402511597,14.646666526794434,20.310693740844727
2016-06-21,21.87444305419922,35.79100036621094,11.98809814453125,215420.0,35.178199768066406,113.58656311035156,45.460079193115234,1.160243272781372,14.640666961669922,20.480144500732422
2016-06-22,21.79233169555664,35.529998779296875,11.936544418334961,216266.0,35.25710678100586,113.11982727050781,45.282470703125,1.1592614650726318,13.11066722869873,20.44162940979004
2016-06-23,21.91777801513672,36.104000091552734,12.204298973083496,218850.0,35.475460052490234,114.28170776367188,46.0994873046875,1.1901880502700806,13.09333324432373,20.649593353271484
2016-06-24,21.30198097229004,34.948001861572266,11.442587852478027,209852.0,34.00308609008789,111.30252075195312,44.25231170654297,1.1224441528320312,12.876667022705078,19.77924346923828
2016-06-27,20.991796493530273,34.56800079345703,11.050962448120117,208000.0,33.801605224609375,108.2140884399414,43.00901412963867,1.1104166507720947,13.236666679382324,19.8983097076416
2016-06-28,21.34531593322754,35.397499084472656,11.523380279541016,210400.0,34.303810119628906,111.918212890625,43.90595626831055,1.126616358757019,13.452667236328125,20.18600082397461
2016-06-29,21.53005027770996,35.779998779296875,11.925774574279785,212645.0,34.498836517333984,113.36808776855469,44.88283157348633,1.1450251340866089,14.012666702270508,20.617525100708008
2016-06-30,21.80373764038086,35.78099822998047,11.956551551818848,216975.0,34.9127082824707,113.48725128173828,45.44232177734375,1.153861403465271,14.152000427246094,20.961156845092773
2016-07-01,21.869876861572266,36.284000396728516,11.865761756896973,216298.0,35.246192932128906,113.39788055419922,45.433441162109375,1.1452707052230835,14.433333396911621,21.200895309448242
2016-07-05,21.66461753845215,36.404998779296875,11.599550247192383,212960.0,34.98019790649414,113.4078140258789,45.44232177734375,1.1622066497802734,14.26533317565918,20.98512840270996
2016-07-06,21.787771224975586,36.88050079345703,11.589544296264648,213620.0,35.182674407958984,115.89047241210938,45.628814697265625,1.1695702075958252,14.295999526977539,20.897220611572266
2016-07-07,21.881288528442383,36.82849884033203,11.617242813110352,212501.0,35.09780502319336,115.0463638305664,45.628814697265625,1.2000062465667725,14.395999908447266,21.025083541870117
2016-07-08,22.05005645751953,37.29050064086914,11.936544418334961,214720.0,35.61986541748047,116.42671203613281,46.445838928222656,1.248113989830017,14.45199966430664,21.3607177734375
2016-07-11,22.118478775024414,37.68899917602539,12.107354164123535,215824.0,36.08733367919922,117.05235290527344,46.703372955322266,1.276832103729248,14.985333442687988,21.736310958862305
2016-07-12,22.218830108642578,37.410499572753906,12.201992988586426,217050.0,36.35083770751953,117.1119384765625,47.25397491455078,1.295976996421814,14.976667404174805,21.552509307861328
2016-07-13,22.0933895111084,37.131500244140625,12.111204147338867,218950.0,36.20048141479492,115.96990966796875,47.5203971862793,1.2954860925674438,14.835332870483398,21.48858070373535
2016-07-14,22.531295776367188,37.060001373291016,12.371259689331055,218591.0,36.51411056518555,116.47636413574219,47.72465896606445,1.308740496635437,14.768667221069336,21.66438865661621
2016-07-15,22.529008865356445,36.77199935913086,12.399726867675781,218990.0,36.505672454833984,116.04936218261719,47.68913269042969,1.2935229539871216,14.69333267211914,21.584476470947266
2016-07-18,22.76848793029785,36.80350112915039,12.48974895477295,219900.0,37.37758255004883,118.54195404052734,47.920021057128906,1.3001494407653809,15.083333015441895,22.08792495727539
2016-07-19,22.777603149414062,36.997501373291016,12.351255416870117,220265.0,37.38800811767578,119.77335357666016,47.14739990234375,1.3136495351791382,15.017333030700684,21.792247772216797
2016-07-20,22.798131942749023,37.2859992980957,12.515905380249023,219187.0,37.570125579833984,121.07424926757812,49.65175247192383,1.3308311700820923,15.223999977111816,22.01600456237793
2016-07-21,22.677255630493164,37.221500396728516,12.342023849487305,216315.0,37.43762969970703,119.77335357666016,49.55406951904297,1.306286096572876,14.699999809265137,21.96006965637207
2016-07-22,22.50164031982422,37.24300003051758,12.285090446472168,216805.0,37.67930221557617,120.16063690185547,50.237876892089844,1.3418762683868408,14.817999839782715,22.167835235595703
2016-07-25,22.20058822631836,36.980499267578125,12.293549537658691,216005.0,37.59196853637695,120.78627014160156,50.379966735839844,1.3666666746139526,15.333999633789062,22.263736724853516
2016-07-26,22.047779083251953,36.77949905395508,12.575153350830078,216400.0,37.59841537475586,120.37911987304688,50.40660858154297,1.3899844884872437,15.300666809082031,22.639326095581055
2016-07-27,23.48007583618164,36.833499908447266,12.745962142944336,216300.0,37.81279373168945,122.4843978881836,49.90040969848633,1.375994086265564,15.232666969299316,22.455528259277344
2016-07-28,23.797094345092773,37.63050079345703,12.635934829711914,216660.0,38.004844665527344,124.13288879394531,49.918182373046875,1.3789392709732056,15.37399959564209,22.487489700317383
2016-07-29,23.767446517944336,37.94049835205078,12.46281909942627,216000.0,39.27027893066406,123.08025360107422,50.33556365966797,1.4015203714370728,15.652667045593262,22.199804306030273
2016-08-01,24.187103271484375,38.387001037597656,12.580536842346191,215960.0,39.74668502807617,123.44767761230469,50.24675750732422,1.3924384117126465,15.333999633789062,22.871076583862305
2016-08-02,23.829025268554688,38.02899932861328,12.532837867736816,214900.0,39.70599365234375,122.23612976074219,50.24675750732422,1.3755031824111938,15.146666526794434,22.50347328186035
2016-08-03,24.12779998779297,37.731998443603516,12.626703262329102,215300.0,39.64644241333008,121.66016387939453,50.59309768676758,1.3791847229003906,15.052666664123535,22.50347328186035
2016-08-04,24.276853561401367,38.03850173950195,12.848287582397461,214830.0,39.56356430053711,123.4973373413086,50.96608352661133,1.404711365699768,15.37399959564209,22.69526481628418
2016-08-05,24.646034240722656,38.29899978637695,13.08911418914795,218010.0,40.04393768310547,124.28185272216797,51.472293853759766,1.4285204410552979,15.335332870483398,23.006925582885742
2016-08-08,24.85011863708496,38.327999114990234,12.95292854309082,218300.0,39.95957946777344,124.3910903930664,51.56109619140625,1.441774606704712,15.077333450317383,23.246665954589844
2016-08-09,24.951011657714844,38.41550064086914,13.169904708862305,220605.0,40.07123565673828,124.19248962402344,51.6854248046875,1.4454562664031982,15.272000312805176,23.494386672973633
2016-08-10,24.765275955200195,38.428001403808594,13.22221851348877,220000.0,40.121360778808594,124.01372528076172,51.525577545166016,1.4361289739608765,15.043333053588867,23.350553512573242
2016-08-11,24.74921989440918,38.5620002746582,13.240689277648926,221890.0,40.10696029663086,124.03358459472656,51.774234771728516,1.465337872505188,14.994000434875488,23.286617279052734
2016-08-12,24.806550979614258,38.62799835205078,13.269926071166992,221750.0,40.04989242553711,124.01372528076172,51.45451736450195,1.5473179817199707,15.040666580200195,23.366533279418945
2016-08-15,25.10465431213379,38.42449951171875,13.506132125854492,221995.0,39.99580764770508,123.04051971435547,51.6143798828125,1.5458452701568604,15.03933334350586,23.48639678955078
2016-08-16,25.081722259521484,38.20199966430664,13.26453971862793,220805.0,39.759090423583984,122.44469451904297,51.328407287597656,1.5365179777145386,14.907333374023438,23.23867416381836
2016-08-17,25.04503631591797,38.23149871826172,13.313015937805176,223890.0,39.96900939941406,123.50726318359375,51.4356575012207,1.5009276866912842,14.88266658782959,23.15876007080078
2016-08-18,25.01292610168457,38.222999572753906,13.382259368896484,223200.0,39.836509704589844,123.05046081542969,51.47139358520508,1.5242455005645752,14.900667190551758,23.30259895324707
2016-08-19,25.07713508605957,37.865501403808594,13.459199905395508,223040.0,39.68266296386719,122.702880859375,51.4892692565918,1.5281728506088257,15.0,22.887052536010742
2016-08-22,24.88222885131836,37.9739990234375,13.536139488220215,222446.0,39.54867935180664,123.2887954711914,51.5339469909668,1.5345546007156372,14.862000465393066,22.69526481628418
2016-08-23,24.960189819335938,38.122501373291016,13.644621849060059,223500.0,39.53081512451172,123.50726318359375,51.73053741455078,1.5469722747802734,14.989333152770996,22.775177001953125
2016-08-24,24.77216148376465,37.86249923706055,13.48767375946045,222824.0,39.3824348449707,122.6234359741211,51.78416061401367,1.5231202840805054,14.841333389282227,22.68727684020996
2016-08-25,24.666675567626953,37.96099853515625,13.544605255126953,222999.0,39.26830291748047,123.03060150146484,51.98075866699219,1.5130382776260376,14.730667114257812,22.855091094970703
2016-08-26,24.522212982177734,38.45000076293945,13.63077449798584,222040.0,39.36357498168945,124.09317016601562,51.855648040771484,1.5253335237503052,14.666000366210938,22.887052536010742
2016-08-29,24.49468994140625,38.56449890136719,13.649242401123047,223400.0,39.49260330200195,125.6622085571289,51.91819763183594,1.524349331855774,14.346667289733887,22.935007095336914
2016-08-30,24.306659698486328,38.37900161743164,13.6184663772583,224850.0,39.29906463623047,124.9670639038086,51.73053741455078,1.5154972076416016,14.089332580566406,22.871076583862305
2016-08-31,24.329591751098633,38.45800018310547,13.573838233947754,225760.0,39.19634246826172,125.24512481689453,51.34628677368164,1.508366346359253,14.133999824523926,22.966968536376953
2016-09-01,24.474056243896484,38.53099822998047,13.62539291381836,225350.0,39.27326202392578,125.29476928710938,51.462459564208984,1.5528743267059326,13.38466739654541,23.142780303955078
2016-09-02,24.7033634185791,38.62200164794922,13.319165229797363,226050.0,39.54471206665039,125.63240814208984,51.5339469909668,1.5376282930374146,13.185333251953125,23.286617279052734
2016-09-06,24.696483612060547,39.44350051879883,13.16451644897461,225849.0,40.0980339050293,128.83006286621094,51.48033905029297,1.5521360635757446,13.522000312805176,23.566322326660156
2016-09-07,24.847824096679688,39.2239990234375,12.995248794555664,224230.0,40.09653854370117,130.14093017578125,51.5250129699707,1.5292675495147705,13.447333335876465,23.83003044128418
2016-09-08,24.196584701538086,39.202999114990234,12.955239295959473,224740.0,39.84096908569336,129.36634826660156,51.31949996948242,1.5403332710266113,13.157333374023438,23.806055068969727
2016-09-09,23.64854621887207,38.00699996948242,12.370491027832031,220110.0,39.12835693359375,126.21833038330078,50.22929000854492,1.4636117219924927,12.964667320251465,22.84709930419922
2016-09-12,24.17824935913086,38.574501037597656,12.655168533325195,223520.0,39.641483306884766,127.79730987548828,50.979923248291016,1.4938578605651855,13.220000267028809,23.166748046875
2016-09-13,24.753808975219727,38.050498962402344,12.713647842407227,219150.0,39.14026641845703,126.32755279541016,50.51525115966797,1.4722185134887695,13.069999694824219,22.76718521118164
2016-09-14,25.6297664642334,38.054500579833984,13.04987621307373,218610.0,39.22661590576172,126.88368225097656,50.27397155761719,1.4852513074874878,13.093999862670898,22.871076583862305
2016-09-15,26.501134872436523,38.484500885009766,13.329240798950195,220339.0,39.761077880859375,127.45966339111328,51.10503005981445,1.5415626764297485,13.361332893371582,23.318580627441406
2016-09-16,26.352088928222656,38.92599868774414,13.215025901794434,218400.0,39.59930419921875,128.17465209960938,51.158634185791016,1.5452513694763184,13.69333267211914,23.102821350097656
2016-09-19,26.044815063476562,38.755001068115234,13.175664901733398,218000.0,39.47126388549805,127.75758361816406,50.87268829345703,1.5656613111495972,13.755999565124512,23.91793441772461
2016-09-20,26.042526245117188,39.01100158691406,12.982732772827148,217870.0,39.68911361694336,127.74763488769531,50.76546859741211,1.5513989925384521,13.642666816711426,23.893962860107422
2016-09-21,26.03793716430664,39.48699951171875,13.106209754943848,219440.0,39.949649810791016,129.0386199951172,51.6143798828125,1.5949238538742065,13.6813325881958,24.37343978881836
2016-09-22,26.283296585083008,40.23500061035156,13.029813766479492,220000.0,40.49155807495117,129.1776580810547,51.66798400878906,1.59885835647583,13.76200008392334,24.501293182373047
2016-09-23,25.84531593322754,40.287498474121094,12.860800743103027,217750.0,40.44243621826172,127.07235717773438,51.31949996948242,1.5971367359161377,13.829999923706055,24.069766998291016
2016-09-26,25.884296417236328,39.95800018310547,12.863889694213867,216160.0,39.83154296875,126.4268798828125,50.845882415771484,1.5821369886398315,13.932666778564453,23.84600830078125
2016-09-27,25.932458877563477,40.80550003051758,13.18570327758789,217960.0,40.23250961303711,127.79730987548828,51.78416061401367,1.6362357139587402,13.720666885375977,24.293521881103516
2016-09-28,26.129657745361328,41.43600082397461,13.173354148864746,217695.0,40.19926452636719,128.33352661132812,51.855648040771484,1.6421374082565308,13.751333236694336,24.23758888244629
2016-09-29,25.723777770996094,41.45249938964844,13.309174537658691,215300.0,39.83104705810547,127.20144653320312,51.292686462402344,1.6573827266693115,13.380000114440918,24.293521881103516
2016-09-30,25.923282623291016,41.865501403808594,13.31380558013916,216220.0,39.901512145996094,127.38021850585938,51.47139358520508,1.6849241256713867,13.60200023651123,24.445358276367188
2016-10-03,25.801738739013672,41.83700180053711,13.124734878540039,215700.0,39.718894958496094,127.87672424316406,51.31055450439453,1.6832025051116943,14.24666690826416,24.54924201965332
2016-10-04,25.911819458007812,41.701499938964844,13.046015739440918,214520.0,39.8384895324707,127.30076599121094,51.14970779418945,1.6795142889022827,14.093999862670898,24.285533905029297
2016-10-05,25.923282623291016,42.21799850463867,13.387894630432129,216300.0,39.761077880859375,127.57881164550781,51.507144927978516,1.677793025970459,13.897333145141602,24.39740753173828
2016-10-06,26.11589813232422,42.08300018310547,13.442684173583984,215860.0,39.852882385253906,127.84695434570312,51.59650802612305,1.6559077501296997,13.399999618530273,24.589200973510742
2016-10-07,26.154884338378906,41.971500396728516,13.44422721862793,216640.0,39.735267639160156,128.09521484375,51.65011978149414,1.6438580751419067,13.107333183288574,24.916845321655273
2016-10-10,26.6112003326416,42.08549880981445,13.487442970275879,217730.0,40.403221130371094,129.33657836914062,51.864585876464844,1.6500061750411987,13.396666526794434,24.99675750732422
2016-10-11,26.668533325195312,41.54999923706055,13.209628105163574,215920.0,40.174949645996094,127.98600769042969,51.10503005981445,1.6261532306671143,13.34000015258789,24.557239532470703
2016-10-12,26.907014846801758,41.704498291015625,13.155604362487793,217230.0,40.284122467041016,128.15480041503906,51.033538818359375,1.633530616760254,13.434000015258789,25.052696228027344
2016-10-13,26.824464797973633,41.4640007019043,13.037529945373535,214660.0,39.90250778198242,126.9333267211914,50.86375045776367,1.6069728136062622,13.349332809448242,24.39740753173828
2016-10-14,26.973512649536133,41.14799880981445,13.1262788772583,216370.0,39.92831039428711,126.992919921875,51.31055450439453,1.622710943222046,13.100666999816895,24.501293182373047
2016-10-17,26.955169677734375,40.647499084472656,13.032896041870117,216225.0,40.03947067260742,126.6552734375,51.131832122802734,1.613366723060608,12.93066692352295,24.42937469482422
2016-10-18,26.936819076538086,40.88249969482422,13.286795616149902,216300.0,40.766483306884766,127.67813873291016,51.5250129699707,1.6379568576812744,13.273332595825195,24.661123275756836
2016-10-19,26.856569290161133,40.884498596191406,13.26364803314209,217350.0,41.0319709777832,129.20745849609375,51.408851623535156,1.6345142126083374,13.570667266845703,24.757015228271484
2016-10-20,26.84280776977539,40.51599884033203,13.382487297058105,216975.0,40.77342987060547,129.09820556640625,51.158634185791016,1.665497899055481,13.273332595825195,24.820945739746094
2016-10-21,26.737321853637695,40.949501037597656,13.344672203063965,215600.0,40.894012451171875,131.1538543701172,53.31222152709961,1.6608259677886963,13.339332580566406,24.83692741394043
2016-10-24,26.978103637695312,41.90449905395508,13.624812126159668,215500.0,41.473636627197266,132.35543823242188,54.5096435546875,1.7387770414352417,13.517333030700684,25.10064697265625
2016-10-25,27.11568832397461,41.75899887084961,13.401008605957031,215250.0,41.11683654785156,131.37232971191406,54.50071716308594,1.767301321029663,13.489333152770996,25.212520599365234
2016-10-26,26.50572395324707,41.12950134277344,13.350848197937012,215840.0,40.796749114990234,130.1309814453125,54.17900848388672,1.7744324207305908,13.482666969299316,24.94081687927246
2016-10-27,26.251195907592773,40.917999267578125,13.292194366455078,216820.0,40.561031341552734,128.7903594970703,53.705413818359375,1.7380388975143433,13.600666999816895,24.589200973510742
2016-10-28,26.076919555664062,38.816001892089844,13.06916618347168,216200.0,40.67070007324219,130.37924194335938,53.4998779296875,1.7350883483886719,13.33133316040039,24.589200973510742
2016-10-31,26.03563690185547,39.49100112915039,13.140935897827148,215700.0,40.19131851196289,130.0813446044922,53.5445556640625,1.7498422861099243,13.182000160217285,24.85291290283203
2016-11-01,25.56556510925293,39.27050018310547,13.026721954345703,215370.0,39.97198486328125,128.60169982910156,53.437313079833984,1.6979568004608154,12.719332695007324,24.54125213623047
2016-11-02,25.58849334716797,38.27799987792969,13.316892623901367,214900.0,39.12538146972656,126.287841796875,53.106689453125,1.6908254623413086,12.534667015075684,24.285533905029297
2016-11-03,25.314212799072266,38.35150146484375,13.350074768066406,215001.0,38.81621551513672,119.16758728027344,52.910099029541016,1.6711536645889282,12.494667053222656,24.197629928588867
2016-11-04,25.086030960083008,37.752498626708984,13.286795616149902,214545.0,38.76212692260742,119.9123764038086,52.46331024169922,1.6615630388259888,12.704000473022461,24.16566276550293
2016-11-07,25.44789695739746,39.246498107910156,13.656451225280762,220303.0,39.80078125,121.30265808105469,53.991355895996094,1.752547025680542,12.880666732788086,25.052696228027344
2016-11-08,25.597713470458984,39.38750076293945,13.659539222717285,221485.0,40.2945442199707,123.3582992553711,54.03603744506836,1.7498422861099243,12.996000289916992,25.04470443725586
2016-11-09,25.556222915649414,38.59400177001953,13.383262634277344,227135.0,39.977439880371094,122.32551574707031,53.7679443359375,1.7203339338302612,12.670666694641113,24.445358276367188
2016-11-10,24.844024658203125,37.11899948120117,12.960354804992676,233750.0,38.721927642822266,119.9620361328125,52.45437240600586,1.666481852531433,12.356666564941406,23.5263614654541
2016-11-11,24.991531372070312,36.95050048828125,12.929482460021973,234860.0,38.29813003540039,118.19437408447266,52.74029541015625,2.1632046699523926,12.570667266845703,23.91793441772461
2016-11-14,24.364614486694336,35.95349884033203,12.639315605163574,236650.0,37.37857437133789,114.28170776367188,51.936073303222656,2.0567288398742676,12.096667289733887,23.05487823486328
2016-11-15,24.68729019165039,37.1619987487793,12.845369338989258,236000.0,38.467350006103516,116.38700103759766,52.96165466308594,2.119433879852295,12.251333236694336,23.33456802368164
2016-11-16,25.35109519958496,37.324501037597656,12.951866149902344,235470.0,38.70654296875,115.532958984375,53.66337966918945,2.253204822540283,12.26200008392334,23.86199378967285
2016-11-17,25.341873168945312,37.81999969482422,12.890901565551758,237550.0,39.01322937011719,116.97290802001953,54.55402374267578,2.2718935012817383,12.577333450317383,23.55033302307129
2016-11-18,25.36722755432129,38.007999420166016,12.977334022521973,236391.0,38.507545471191406,116.208251953125,54.293121337890625,2.295746088027954,12.334667205810547,23.55033302307129
2016-11-21,25.752140045166016,39.0,13.31843376159668,237500.0,38.945735931396484,120.92529296875,54.75193405151367,2.2864015102386475,12.3013334274292,23.694177627563477
2016-11-22,25.76827621459961,39.26649856567383,13.66108226776123,237801.0,38.95566177368164,120.62738800048828,54.98583984375,2.30287766456604,12.744667053222656,23.901952743530273
2016-11-23,25.636898040771484,39.00600051879883,13.6657133102417,237070.0,38.65791320800781,120.00173950195312,54.33811569213867,2.314206123352051,12.87600040435791,23.88596534729004
2016-11-25,25.76596450805664,39.01850128173828,13.640247344970703,237085.0,38.71895217895508,119.54492950439453,54.4550666809082,2.318885564804077,13.109999656677246,23.702171325683594
2016-11-28,25.71525764465332,38.3385009765625,13.478182792663574,235400.0,38.994869232177734,119.57474517822266,54.52703857421875,2.317652940750122,13.074666976928711,23.702171325683594
2016-11-29,25.689903259277344,38.125999450683594,13.53991985321045,236391.0,39.17599868774414,120.03153228759766,54.9588508605957,2.296473979949951,12.637999534606934,23.614261627197266
2016-11-30,25.47324562072754,37.528499603271484,13.157146453857422,237000.0,38.503082275390625,117.59852600097656,54.212162017822266,2.270615339279175,12.626667022705078,23.72614097595215
2016-12-01,25.23584747314453,37.182498931884766,12.56291675567627,239821.0,37.92991638183594,114.30156707763672,53.258541107177734,2.1583170890808105,12.125332832336426,22.815128326416016
2016-12-02,25.330347061157227,37.016998291015625,12.673273086547852,239070.0,37.93636703491211,114.5994873046875,53.30351638793945,2.178264617919922,12.097999572753906,23.062868118286133
2016-12-05,25.14826774597168,37.96799850463867,12.820670127868652,240000.0,38.619197845458984,116.61540985107422,54.176170349121094,2.262734889984131,12.453332901000977,23.190725326538086
2016-12-06,25.341873168945312,38.236000061035156,12.714947700500488,241836.0,38.517967224121094,116.49623107910156,53.93326187133789,2.299921751022339,12.390000343322754,23.58229637145996
2016-12-07,25.59079933166504,38.520999908447266,13.007431030273438,246380.0,39.2767333984375,117.13179779052734,55.21076202392578,2.3412959575653076,12.876667022705078,23.91793441772461
2016-12-08,25.84202766418457,38.36650085449219,13.174126625061035,246120.0,39.46035385131836,118.08512878417969,54.88688278198242,2.302138566970825,12.81933307647705,24.005836486816406
2016-12-09,26.263813018798828,38.43299865722656,13.820828437805176,247190.0,40.16899490356445,118.84980773925781,55.75053024291992,2.2612574100494385,12.812000274658203,24.069766998291016
2016-12-12,26.114002227783203,38.00600051879883,13.749058723449707,248889.0,40.09207534790039,116.95304870605469,55.93046188354492,2.206338882446289,12.828666687011719,23.893962860107422
2016-12-13,26.549619674682617,38.71699905395508,13.847838401794434,249711.0,40.461280822753906,119.47542572021484,56.659175872802734,2.245249032974243,13.210000038146973,24.261558532714844
2016-12-14,26.549619674682617,38.441001892089844,13.785749435424805,247120.0,40.587833404541016,119.37611389160156,56.3892707824707,2.3752808570861816,13.246000289916992,23.8699893951416
2016-12-15,26.694822311401367,38.04999923706055,13.971247673034668,248271.0,40.4766731262207,119.73362731933594,56.29932403564453,2.4309380054473877,13.17199993133545,24.10173225402832
2016-12-16,26.72939682006836,37.88850021362305,13.8478364944458,246405.0,40.1883430480957,119.03848266601562,56.04741668701172,2.4728035926818848,13.499333381652832,23.55832862854004
2016-12-19,26.883821487426758,38.29999923706055,14.006170272827148,248330.0,40.320350646972656,118.412841796875,57.23493576049805,2.5028493404388428,13.51533317565918,23.3905086517334
2016-12-20,26.95526885986328,38.56100082397461,14.131128311157227,249041.0,40.45433807373047,118.26387786865234,57.162960052490234,2.590028762817383,13.919333457946777,23.422470092773438
2016-12-21,26.98062515258789,38.529998779296875,14.148207664489746,248631.0,40.30546188354492,118.2142333984375,57.162960052490234,2.606282949447632,13.846667289733887,23.286617279052734
2016-12-22,26.80315589904785,38.31700134277344,14.017040252685547,249000.0,40.18041229248047,116.58560943603516,57.171958923339844,2.637805700302124,13.896666526794434,22.966968536376953
2016-12-23,26.85616111755371,38.02949905395508,14.12104320526123,248000.0,40.08711624145508,116.4565200805664,56.893062591552734,2.7035598754882812,14.22266674041748,23.214696884155273
2016-12-27,27.0267276763916,38.56999969482422,14.149758338928223,247300.0,40.192813873291016,117.19139099121094,56.92905807495117,2.8892481327056885,14.635333061218262,23.25465202331543
2016-12-28,26.911474227905273,38.60649871826172,13.985212326049805,245330.0,39.92682647705078,116.10892486572266,56.66817092895508,2.690507650375366,14.649333000183105,23.27063751220703
2016-12-29,26.904569625854492,38.25749969482422,13.960380554199219,244500.0,39.842960357666016,115.54289245605469,56.58720016479492,2.7441935539245605,14.312000274658203,23.278627395629883
2016-12-30,26.694822311401367,37.493499755859375,13.71977424621582,244121.0,39.32536697387695,114.25192260742188,55.90345764160156,2.628693103790283,14.246000289916992,22.974960327148438
2017-01-03,26.770885467529297,37.68349838256836,13.841629981994629,245850.0,40.0975341796875,116.04936218261719,56.29932403564453,2.512207508087158,14.465999603271484,23.422470092773438
2017-01-04,26.74091911315918,37.85900115966797,13.743062973022461,246600.0,40.08562088012695,117.8666763305664,56.04741668701172,2.570819616317749,15.13266658782959,23.41448402404785
2017-01-05,26.876901626586914,39.022499084472656,13.526520729064941,244852.0,40.34615707397461,119.83292388916016,56.04741668701172,2.5055582523345947,15.116666793823242,23.814044952392578
2017-01-06,27.17654037475586,39.79949951171875,13.705806732177734,245394.0,40.95108413696289,122.55392456054688,56.53321838378906,2.539050817489624,15.267333030700684,23.67818832397461
2017-01-09,27.425460815429688,39.84600067138672,13.73530101776123,243111.0,41.04884719848633,124.03358459472656,56.35329818725586,2.64199161529541,15.41866683959961,24.005836486816406
2017-01-10,27.453115463256836,39.79499816894531,14.01470947265625,242077.0,40.990779876708984,123.48741149902344,56.33529281616211,2.6220438480377197,15.324666976928711,24.02981185913086
2017-01-11,27.600627899169922,39.95100021362305,13.92545223236084,243160.0,41.18184280395508,125.21533203125,56.84809112548828,2.589782476425171,15.315333366394043,24.109724044799805
2017-01-12,27.485383987426758,40.68199920654297,13.881994247436523,242850.0,41.165470123291016,125.74165344238281,56.326290130615234,2.547423839569092,15.305999755859375,23.40648651123047
2017-01-13,27.436986923217773,40.856998443603516,14.005396842956543,242500.0,41.23543930053711,127.44971466064453,56.40727233886719,2.547178030014038,15.850000381469727,23.5263614654541
2017-01-17,27.658254623413086,40.486000061035156,13.901392936706543,239166.0,41.062744140625,126.98298645019531,56.25434112548828,2.4900426864624023,15.70533275604248,23.67020034790039
2017-01-18,27.65594482421875,40.374000549316406,14.360090255737305,240700.0,41.14015579223633,127.03263092041016,56.22734451293945,2.5353565216064453,15.890666961669922,23.566322326660156
2017-01-19,27.60753631591797,40.45199966430664,14.401997566223145,239120.0,40.90939712524414,126.66519927978516,56.04741668701172,2.589782476425171,16.250667572021484,23.67818832397461
2017-01-20,27.658254623413086,40.416500091552734,14.830429077148438,240280.0,41.09797286987305,126.15872955322266,56.44325256347656,2.5614614486694336,16.315332412719727,24.02981185913086
2017-01-23,27.676687240600586,40.89400100708008,14.824217796325684,238100.0,41.90488052368164,128.03562927246094,56.641178131103516,2.5880587100982666,16.594667434692383,24.23758888244629
2017-01-24,27.651336669921875,41.12200164794922,15.348113059997559,240940.0,42.1579704284668,128.47256469726562,57.14496612548828,2.6432228088378906,16.974000930786133,24.6291561126709
2017-01-25,28.09156036376953,41.82600021362305,15.715222358703613,246340.0,42.600616455078125,130.5679473876953,57.28891372680664,2.6545519828796387,16.96466636657715,25.020734786987305
2017-01-26,28.105390548706055,41.95750045776367,15.846394538879395,247640.0,42.52767562866211,131.85890197753906,57.81970977783203,2.7003581523895264,16.833999633789062,24.860904693603516
2017-01-27,28.107694625854492,41.78850173950195,15.965916633605957,247000.0,41.934654235839844,131.26307678222656,59.17816925048828,2.7525670528411865,16.863332748413086,24.972787857055664
2017-01-30,28.033935546875,41.51900100708008,15.772664070129395,246500.0,40.88260269165039,130.0714111328125,58.5933723449707,2.709469795227051,16.708667755126953,24.92483901977539
2017-01-31,27.969404220581055,41.17399978637695,15.483942985534668,245980.0,40.70196533203125,129.41600036621094,58.16156768798828,2.6887834072113037,16.795333862304688,24.701082229614258
2017-02-01,29.674999237060547,41.61750030517578,15.809135437011719,245430.0,40.45632553100586,132.30580139160156,57.19894790649414,2.8062551021575928,16.615999221801758,24.83692741394043
2017-02-02,29.62429428100586,41.997501373291016,15.837080955505371,244330.0,40.6061897277832,129.93238830566406,56.830101013183594,2.8417177200317383,16.770000457763672,24.59719467163086
2017-02-03,29.751054763793945,40.5099983215332,16.000843048095703,245646.0,40.69898986816406,130.0714111328125,57.28891372680664,2.8168437480926514,16.755332946777344,24.749025344848633
2017-02-06,30.02994728088379,40.38199996948242,16.031892776489258,244825.0,40.7729377746582,131.1439208984375,57.2529296875,2.8890013694763184,17.184667587280273,24.66911506652832
2017-02-07,30.315752029418945,40.625,15.98143482208252,244260.0,41.150577545166016,130.9254608154297,57.063995361328125,2.9338226318359375,17.165332794189453,24.389423370361328
2017-02-08,30.43329620361328,40.98550033569336,16.05750274658203,244151.0,41.182830810546875,133.2690887451172,56.983036041259766,2.9210164546966553,17.472000122070312,24.23758888244629
2017-02-09,30.653209686279297,41.06800079345703,15.93719482421875,246000.0,41.1917724609375,133.20950317382812,57.63077926635742,2.866098165512085,17.946666717529297,24.141687393188477
2017-02-10,30.583759307861328,41.37300109863281,15.951169967651367,246000.0,41.429473876953125,133.25914001464844,57.5767936706543,2.7981271743774414,17.948667526245117,24.54125213623047
2017-02-13,30.854595184326172,41.826499938964844,16.043535232543945,248340.0,41.63343048095703,133.12010192871094,58.22454071044922,2.669081449508667,18.706666946411133,25.32440185546875
2017-02-14,31.255067825317383,41.81949996948242,15.936426162719727,250419.0,41.6865234375,132.92149353027344,58.4417610168457,2.6789321899414062,18.73200035095215,25.036712646484375
2017-02-15,31.36849594116211,42.1349983215332,15.987651824951172,250990.0,41.55204772949219,132.5143280029297,58.405548095703125,2.6843504905700684,18.650667190551758,25.372350692749023
2017-02-16,31.331462860107422,42.207000732421875,16.15762710571289,251500.0,41.792724609375,132.9115753173828,58.3964958190918,2.64125394821167,17.93000030517578,25.82785415649414
2017-02-17,31.41710662841797,42.253501892089844,16.330703735351562,252838.0,42.01008605957031,132.60372924804688,58.48701858520508,2.640760660171509,18.148666381835938,25.843828201293945
2017-02-21,31.64396095275879,42.821998596191406,16.512319564819336,253690.0,42.14506530761719,132.7924041748047,58.36935043334961,2.735328435897827,18.492666244506836,25.835844039916992
2017-02-22,31.73886489868164,42.78049850463867,16.62175941467285,254151.0,42.248783111572266,135.17575073242188,58.2516975402832,2.7311363220214844,18.233999252319336,25.628070831298828
2017-02-23,31.604602813720703,42.609500885009766,16.343894958496094,254900.0,42.23091125488281,134.4210205078125,58.48701858520508,2.4778971672058105,17.06599998474121,25.372350692749023
2017-02-24,31.634716033935547,42.262001037597656,16.32759666442871,255040.0,42.072608947753906,134.50047302246094,58.48701858520508,2.5018162727355957,17.133333206176758,25.508203506469727
2017-02-27,31.697195053100586,42.43199920654297,16.553449630737305,255795.0,42.16490936279297,135.4637451171875,58.13402557373047,2.5745582580566406,16.415332794189453,25.1965389251709
2017-02-28,31.711088180541992,42.25199890136719,16.371057510375977,257100.0,41.929691314697266,134.5997772216797,57.90775680541992,2.5023088455200195,16.666000366210938,25.14858627319336
2017-03-01,32.3592414855957,42.65399932861328,16.697818756103516,266013.0,42.51626205444336,136.4667510986328,58.776641845703125,2.534611225128174,16.667999267578125,25.236495971679688
2017-03-02,32.1671257019043,42.445499420166016,16.864688873291016,263600.0,42.17384719848633,135.81130981445312,57.93490219116211,2.4411561489105225,16.698667526245117,24.66911506652832
2017-03-03,32.35693359375,42.49399948120117,16.94462776184082,263160.0,42.1356315612793,136.2184600830078,58.152130126953125,2.4271018505096436,16.771333694458008,24.653133392333984
2017-03-06,32.25507736206055,42.330501556396484,16.915136337280273,262800.0,42.04581069946289,136.4667510986328,58.17023849487305,2.4083616733551025,16.747333526611328,24.653133392333984
2017-03-07,32.296749114990234,42.30099868774414,17.016809463500977,262860.0,42.23836135864258,136.34756469726562,58.28789138793945,2.4347457885742188,16.57266616821289,25.020734786987305
2017-03-08,32.176368713378906,42.525001525878906,17.046300888061523,262350.0,42.36193084716797,136.7646484375,58.82190704345703,2.430307149887085,16.45800018310547,24.948808670043945
2017-03-09,32.1023063659668,42.650001525878906,17.231019973754883,262866.0,42.57035446166992,137.2810516357422,58.58656692504883,2.429813861846924,16.32666778564453,24.757015228271484
2017-03-10,32.20878601074219,42.62300109863281,17.567861557006836,262491.0,42.74750900268555,137.82720947265625,58.767601013183594,2.44411563873291,16.246000289916992,24.820945739746094
2017-03-13,32.22267532348633,42.72949981689453,17.57562828063965,262990.0,42.90482711791992,138.63160705566406,58.56847381591797,2.511432409286499,16.411333084106445,25.172569274902344
2017-03-14,32.17406463623047,42.62649917602539,17.412639617919922,261900.0,42.970829010009766,138.35354614257812,58.29695129394531,2.509706497192383,17.200000762939453,24.94081687927246
2017-03-15,32.51434326171875,42.64849853515625,17.53526496887207,261787.0,43.09389114379883,138.7507781982422,58.60468673706055,2.528693437576294,17.048667907714844,25.500211715698242
2017-03-16,32.56758117675781,42.67100143432617,17.33645248413086,260919.0,43.173789978027344,139.0189208984375,58.505123138427734,2.5597620010375977,17.469999313354492,25.8997745513916
2017-03-17,32.405548095703125,42.615501403808594,17.244461059570312,258952.0,43.29140090942383,138.86996459960938,58.713294982910156,2.615489959716797,17.433332443237305,26.043621063232422
2017-03-20,32.74583053588867,42.8484992980957,17.249135971069336,258000.0,43.0700798034668,138.96925354003906,58.767601013183594,2.69883394241333,17.461332321166992,26.251384735107422
2017-03-21,32.370819091796875,42.15999984741211,16.842147827148438,253651.0,42.188236236572266,137.54917907714844,58.11592483520508,2.611544609069824,16.711999893188477,25.95571517944336
2017-03-22,32.73657989501953,42.40299987792969,16.95130729675293,253880.0,42.17136764526367,138.62168884277344,58.85810470581055,2.6648056507110596,17.000667572021484,26.1235294342041
2017-03-23,32.620819091796875,42.36899948120117,16.907644271850586,254702.0,41.66767120361328,138.5620880126953,58.713294982910156,2.640641450881958,16.985332489013672,26.019643783569336
2017-03-24,32.555992126464844,42.28049850463867,17.0721492767334,252301.0,41.44386672973633,139.36647033691406,58.812843322753906,2.6500110626220703,17.54400062561035,26.21942710876465
2017-03-27,32.61156463623047,42.340999603271484,17.078386306762695,250881.0,41.6110954284668,139.34661865234375,58.92145538330078,2.6692445278167725,18.014667510986328,26.507108688354492
2017-03-28,33.28750228881836,42.79999923706055,17.22652244567871,252520.0,41.71630096435547,140.776611328125,59.093441009521484,2.655435800552368,18.496667861938477,26.650955200195312
2017-03-29,33.361568450927734,43.715999603271484,17.25459098815918,249761.0,42.17483901977539,141.6604461669922,59.256343841552734,2.646805763244629,18.492000579833984,26.315322875976562
2017-03-30,33.317604064941406,43.81700134277344,17.155574798583984,251800.0,42.155479431152344,141.42213439941406,59.47358322143555,2.697601795196533,18.527999877929688,26.427196502685547
2017-03-31,33.25509262084961,44.32699966430664,17.071372985839844,249850.0,42.07211685180664,141.0646209716797,59.609336853027344,2.686011791229248,18.553333282470703,26.243396759033203
2017-04-03,33.26435089111328,44.57550048828125,17.058897018432617,250600.0,42.51626205444336,141.29299926757812,59.32875442504883,2.672450065612793,19.90133285522461,26.283353805541992
2017-04-04,33.51205062866211,45.34149932861328,17.071372985839844,250550.0,42.30883026123047,140.746826171875,59.491668701171875,2.4850480556488037,20.246667861938477,26.259376525878906
2017-04-05,33.33842849731445,45.4640007019043,16.928701400756836,248900.0,42.127193450927734,140.86599731445312,59.337799072265625,2.46655535697937,19.666667938232422,26.29134750366211
2017-04-06,33.25509262084961,44.91400146484375,16.957544326782227,250290.0,41.93812561035156,140.1907196044922,59.491668701171875,2.4845547676086426,19.913333892822266,26.259376525878906
2017-04-07,33.1810188293457,44.74399948120117,17.01601791381836,249465.0,41.789249420166016,139.80343627929688,59.446407318115234,2.473952531814575,20.16933250427246,26.267372131347656
2017-04-10,33.14166259765625,45.35200119018555,16.998085021972656,250399.0,41.7693977355957,140.06163024902344,59.31064224243164,2.4108269214630127,20.826000213623047,25.987674713134766
2017-04-11,32.785179138183594,45.11800003051758,16.961435317993164,248601.0,41.6790885925293,138.94937133789062,59.26540756225586,2.4194579124450684,20.58066749572754,25.891782760620117
2017-04-12,32.82453536987305,44.811500549316406,16.310426712036133,247930.0,41.75749206542969,138.61175537109375,59.03913497924805,2.399484634399414,19.78933334350586,25.795881271362305
2017-04-13,32.65091323852539,44.23350143432617,16.4757137298584,245000.0,41.693965911865234,138.42306518554688,58.78567886352539,2.3546066284179688,20.266666412353516,25.436277389526367
2017-04-17,32.83147430419922,45.0994987487793,16.674524307250977,246700.0,42.43586349487305,140.43899536132812,59.26540756225586,2.4468281269073486,20.09600067138672,25.596107482910156
2017-04-18,32.68565368652344,45.18899917602539,16.614490509033203,245750.0,42.37929153442383,139.982177734375,59.183929443359375,2.4483070373535156,20.016666412353516,25.404314041137695
2017-04-19,32.56527328491211,44.959999084472656,16.65581512451172,244047.0,42.504356384277344,141.28311157226562,58.86714553833008,2.4579246044158936,20.368000030517578,25.260467529296875
2017-04-20,32.97269058227539,45.10300064086914,17.012897491455078,247200.0,42.6815071105957,142.80247497558594,59.28349685668945,2.49688458442688,20.167333602905273,25.404314041137695
2017-04-21,32.93333435058594,44.92649841308594,16.970014572143555,245550.0,42.62543487548828,142.6833038330078,60.09807586669922,2.507239580154419,20.373332977294922,25.636058807373047
2017-04-24,33.25047302246094,45.37049865722656,17.249135971069336,248850.0,43.616943359375,144.4608917236328,61.12082290649414,2.5385563373565674,20.53533363342285,26.13152503967285
2017-04-25,33.45648956298828,45.38100051879883,17.401948928833008,251231.0,44.10872268676758,145.47381591796875,61.473819732666016,2.5826940536499023,20.91933250427246,26.427196502685547
2017-04-26,33.25972366333008,45.464500427246094,17.283437728881836,251351.0,44.12361526489258,145.5433349609375,61.39237594604492,2.5649406909942627,20.67799949645996,26.371257781982422
2017-04-27,33.285179138183594,45.91899871826172,17.393369674682617,249950.0,44.23774337768555,146.67539978027344,61.79060363769531,2.604887008666992,20.575332641601562,26.38724136352539
2017-04-28,33.25278091430664,46.2495002746582,17.215606689453125,247780.0,45.87935256958008,149.20773315429688,61.96255111694336,2.571845293045044,20.937999725341797,26.427196502685547
2017-05-01,33.9310302734375,47.4114990234375,17.25537109375,248270.0,46.291229248046875,151.4024200439453,62.82239532470703,2.629544973373413,21.52199935913086,26.6909122467041
2017-05-02,34.14630889892578,47.34700012207031,17.577369689941406,249010.0,46.503135681152344,151.72018432617188,62.72284698486328,2.5516250133514404,21.25933265686035,27.114452362060547
2017-05-03,34.04214096069336,47.05149841308594,17.534488677978516,250000.0,47.06687927246094,150.74697875976562,62.52372741699219,2.5706124305725098,20.73466682434082,27.402137756347656
2017-05-04,33.919456481933594,46.87649917602539,17.417537689208984,249540.0,47.37802505493164,149.80357360839844,62.27934646606445,2.56074857711792,19.69733238220215,27.28226661682129
2017-05-05,34.48196792602539,46.70750045776367,17.655338287353516,250000.0,47.15768814086914,149.19784545898438,62.45131301879883,2.5609960556030273,20.55666732788086,27.50602149963379
2017-05-08,35.41947937011719,47.45199966430664,17.54851722717285,247160.0,47.57503890991211,150.01211547851562,62.397010803222656,2.534118413925171,20.479333877563477,27.95353889465332
2017-05-09,35.646324157714844,47.64099884033203,17.812047958374023,246000.0,47.47677993774414,149.4361572265625,62.487510681152344,2.5383095741271973,21.417333602905273,28.297163009643555
2017-05-10,35.47735595703125,47.4474983215332,18.035804748535156,245850.0,47.383975982666016,149.24745178222656,62.73187255859375,2.99078631401062,21.681333541870117,28.297163009643555
2017-05-11,35.78416442871094,47.38100051879883,18.0170955657959,245240.0,47.43608474731445,148.99917602539062,61.96255111694336,3.119255304336548,21.540000915527344,28.417024612426758
2017-05-12,36.28392028808594,48.067501068115234,18.396785736083984,245220.0,47.398868560791016,149.28720092773438,61.890159606933594,3.1535303592681885,21.65399932861328,28.26519203186035
2017-05-15,36.19094467163086,47.89849853515625,18.636137008666992,245800.0,47.601341247558594,149.14816284179688,61.93541717529297,3.311835765838623,21.058666229248047,28.017465591430664
2017-05-16,36.13747024536133,48.30350112915039,18.764789581298828,245701.0,47.86881637573242,148.74099731445312,63.18247985839844,3.3734822273254395,21.134000778198242,27.99349021911621
2017-05-17,34.92413330078125,47.237998962402344,18.02411460876465,243110.0,46.75523376464844,143.84518432617188,61.42567825317383,3.149338483810425,20.407333374023438,27.50602149963379
2017-05-18,35.45642852783203,47.92449951171875,18.529335021972656,242510.0,47.168609619140625,146.63571166992188,61.63503646850586,3.281259775161743,20.87066650390625,27.889606475830078
2017-05-19,35.577293395996094,47.992000579833984,18.251771926879883,244910.0,47.374549865722656,147.03289794921875,61.61680603027344,3.3570399284362793,20.722000122070312,28.129348754882812
2017-05-22,35.79346466064453,48.53350067138672,18.585468292236328,247820.0,47.842018127441406,147.211669921875,62.308631896972656,3.428623676300049,20.690000534057617,28.289165496826172
2017-05-23,35.749290466308594,48.57699966430664,18.442005157470703,248121.0,48.16359329223633,147.04287719726562,62.51800537109375,3.382464647293091,20.257333755493164,28.289165496826172
2017-05-24,35.64238357543945,49.01750183105469,18.680587768554688,247479.0,48.51394271850586,148.99917602539062,62.59992980957031,3.4204788208007812,20.681333541870117,28.385055541992188
2017-05-25,35.76557159423828,49.66899871826172,18.778825759887695,247850.0,49.22110366821289,150.9058837890625,63.37363815307617,3.4128262996673584,21.121999740600586,28.425024032592773
2017-05-26,35.705142974853516,49.78900146484375,18.806108474731445,248540.0,49.291072845458984,151.07470703125,63.683143615722656,3.5011956691741943,21.676000595092773,28.3770694732666
2017-05-30,35.719085693359375,49.834999084472656,18.69774055480957,248101.0,49.43497848510742,151.32296752929688,64.09276580810547,3.575989007949829,22.34000015258789,28.59284210205078
2017-05-31,35.507568359375,49.73099899291992,18.671222686767578,248440.0,48.9843864440918,150.4093475341797,63.57391357421875,3.563153028488159,22.733999252319336,28.2572021484375
2017-06-01,35.60518264770508,49.79750061035156,18.28998374938965,250000.0,49.04393768310547,150.47885131835938,63.81059265136719,3.563399314880371,22.691333770751953,28.680736541748047
2017-06-02,36.132835388183594,50.33649826049805,19.844614028930664,249660.0,49.432498931884766,152.54444885253906,65.32164001464844,3.545626401901245,22.656667709350586,28.912487030029297
2017-06-05,35.779518127441406,50.56700134277344,19.663732528686523,250000.0,49.81759262084961,152.56431579589844,65.79500579833984,3.653496265411377,23.154666900634766,29.080312728881836
2017-06-06,35.9003791809082,50.150001525878906,19.79237937927246,249300.0,49.460289001464844,151.75,66.01348876953125,3.636958122253418,23.523332595825195,29.112276077270508
2017-06-07,36.114234924316406,50.503501892089844,19.82512092590332,249621.0,49.69948196411133,152.05780029296875,65.89512634277344,3.6808948516845703,23.976667404174805,29.136240005493164
2017-06-08,36.02590560913086,50.51350021362305,19.87735939025879,250305.0,49.83744430541992,153.6367950439453,65.4946060180664,3.9479777812957764,24.666667938232422,29.431928634643555
2017-06-09,34.628936767578125,48.91550064086914,18.97217559814453,254965.0,48.142242431640625,148.56227111816406,64.01087188720703,3.692744016647339,23.821332931518555,28.600826263427734
2017-06-12,33.801448822021484,48.24549865722656,18.919937133789062,255900.0,47.72986602783203,147.41029357910156,63.51930236816406,3.7018771171569824,23.93400001525879,28.16131019592285
2017-06-13,34.073402404785156,49.03950119018555,18.94098663330078,257200.0,48.161109924316406,149.63473510742188,64.31123352050781,3.7371749877929688,25.06333351135254,28.417024612426758
2017-06-14,33.74102020263672,48.82350158691406,18.753875732421875,257150.0,48.0335693359375,149.20773315429688,63.96533203125,3.7450742721557617,25.37733268737793,28.488948822021484
2017-06-15,33.53879165649414,48.208499908447266,18.634071350097656,255596.0,47.64897155761719,148.7608642578125,63.62852478027344,3.7611191272735596,25.022666931152344,28.32112693786621
2017-06-16,33.06926345825195,49.385501861572266,18.497840881347656,256450.0,47.57156753540039,149.5950469970703,63.71955490112305,3.7426059246063232,24.760000228881836,28.664752960205078
2017-06-19,34.015296936035156,49.75849914550781,18.881502151489258,257320.0,48.39534378051758,151.80955505371094,64.5114974975586,3.8833060264587402,24.65333366394043,28.93645668029785
2017-06-20,33.706146240234375,49.62950134277344,18.790674209594727,255860.0,48.08617401123047,151.19386291503906,63.637638092041016,3.8776283264160156,24.81599998474121,28.872529983520508
2017-06-21,33.90605545043945,50.11149978637695,19.192333221435547,254400.0,48.56257629394531,152.84234619140625,63.96533203125,3.9363765716552734,25.093332290649414,29.336021423339844
2017-06-22,33.85026168823242,50.064998626708984,19.10778045654297,252620.0,48.46481704711914,152.33587646484375,63.95623779296875,3.909224033355713,25.507333755493164,29.336021423339844
2017-06-23,34.0013427734375,50.1870002746582,19.203298568725586,251800.0,48.93476104736328,153.9943084716797,64.82098388671875,3.7971575260162354,25.56333351135254,29.35201644897461
2017-06-26,33.8944206237793,49.69900131225586,19.00677490234375,251480.0,48.240013122558594,152.52455139160156,64.20201110839844,3.7556886672973633,25.166000366210938,29.813282012939453
2017-06-27,33.408634185791016,48.8390007019043,18.42580795288086,251310.0,47.049007415771484,149.5354766845703,63.00043869018555,3.6181981563568115,24.158000946044922,28.95511245727539
2017-06-28,33.89675521850586,49.51649856567383,18.873661041259766,254660.0,47.69016647338867,152.177001953125,63.53750228881836,3.745814800262451,24.749332427978516,29.169645309448242
2017-06-29,33.397003173828125,48.79650115966797,18.32479476928711,253901.0,46.53936004638672,149.9922332763672,62.34503173828125,3.620666742324829,24.049999237060547,28.724058151245117
2017-06-30,33.47603988647461,48.400001525878906,18.247285842895508,254700.0,46.135414123535156,149.9326629638672,62.745567321777344,3.568335771560669,24.107332229614258,28.847824096679688
2017-07-03,33.355167388916016,47.68299865722656,17.98968505859375,257980.0,45.62824630737305,147.4003448486328,62.053733825683594,3.4392378330230713,23.507999420166016,28.781822204589844
2017-07-05,33.4922981262207,48.56999969482422,18.13453483581543,257500.0,46.26344680786133,149.29710388183594,62.882118225097656,3.5310630798339844,21.805999755859375,28.732309341430664
2017-07-06,33.17619705200195,48.25699996948242,18.403100967407227,255550.0,46.03665542602539,147.78765869140625,62.41786193847656,3.541677236557007,20.588666915893555,28.4682559967041
2017-07-07,33.513221740722656,48.9379997253418,18.761699676513672,256780.0,46.687740325927734,150.38949584960938,63.22799301147461,3.6226418018341064,20.881332397460938,28.575531005859375
2017-07-10,33.7177619934082,49.82350158691406,18.930042266845703,255400.0,47.19342041015625,152.4351806640625,63.70136260986328,3.7939486503601074,21.06999969482422,28.88083267211914
2017-07-11,33.8270263671875,49.70650100708008,18.86114501953125,255500.0,47.3189697265625,154.19293212890625,63.7104377746582,3.8477606773376465,21.814666748046875,29.194395065307617
2017-07-12,33.87583541870117,50.32550048828125,19.29412841796875,256000.0,48.02016830444336,157.79776000976562,64.7663803100586,4.011416435241699,21.968000411987305,29.450206756591797
2017-07-13,34.34769058227539,50.03150177001953,19.363815307617188,256000.0,48.079219818115234,158.1552276611328,65.33075714111328,3.965010404586792,21.560667037963867,29.82978630065918
2017-07-14,34.642887115478516,50.09049987792969,19.597139358520508,256020.0,48.47920608520508,158.86029052734375,66.25013732910156,4.0716447830200195,21.851999282836914,29.912294387817383
2017-07-17,34.76375961303711,50.50199890136719,19.497705459594727,256200.0,48.432064056396484,158.62196350097656,66.7690200805664,4.054366588592529,21.30466651916504,29.631744384765625
2017-07-18,34.88462829589844,51.22249984741211,19.64333724975586,256100.0,48.977439880371094,161.7302703857422,66.72344207763672,4.096575736999512,21.882667541503906,29.598735809326172
2017-07-19,35.10311508178711,51.34349822998047,19.9189453125,257500.0,49.26625442504883,163.0013885498047,67.2332534790039,4.075348854064941,21.68400001525879,30.044322967529297
2017-07-20,34.945068359375,51.435001373291016,19.842992782592773,257651.0,49.23747634887695,163.38865661621094,67.56095123291016,4.134589672088623,21.994667053222656,29.78852653503418
2017-07-21,34.928794860839844,51.28350067138672,19.81793785095215,257645.0,49.319358825683594,163.28933715820312,67.1695327758789,4.149399757385254,21.893333435058594,29.582229614257812
2017-07-24,35.35183334350586,51.9474983215332,19.811677932739258,257689.0,49.54117965698242,164.84849548339844,66.99655151367188,4.101266384124756,22.834667205810547,29.88754653930664
2017-07-25,35.5029182434082,51.993499755859375,19.91111183166504,259410.0,48.088165283203125,164.1334991455078,67.53366088867188,4.081518650054932,22.639999389648438,29.78852653503418
2017-07-26,35.6702766418457,52.63999938964844,20.123300552368164,259600.0,47.90354919433594,164.461181640625,67.40618896484375,4.128664970397949,22.92333221435547,29.88754653930664
2017-07-27,34.996192932128906,52.29999923706055,19.648818969726562,259709.0,47.26835632324219,169.25767517089844,66.5960693359375,3.9924094676971436,22.297332763671875,29.854536056518555
2017-07-28,34.74980163574219,51.00199890136719,19.6033992767334,261026.0,47.55717086791992,171.2537384033203,66.4867935180664,4.057821750640869,22.33799934387207,29.590486526489258
2017-07-31,34.57083511352539,49.388999938964844,19.312915802001953,262786.0,46.92048645019531,168.075927734375,66.17731475830078,4.011416435241699,21.564666748046875,29.673004150390625
2017-08-01,34.877647399902344,49.80950164794922,19.448375701904297,264321.0,46.97308349609375,168.68170166015625,66.06807708740234,4.06028938293457,21.30466651916504,29.573978424072266
2017-08-02,36.52565383911133,49.794498443603516,19.837509155273438,266730.0,47.02667999267578,168.12559509277344,65.77679443359375,4.057821750640869,21.72599983215332,29.763769149780273
2017-08-03,36.16072463989258,49.34600067138672,19.597139358520508,268370.0,46.66243362426758,167.42051696777344,65.67664337158203,4.10941219329834,23.139333724975586,29.532726287841797
2017-08-04,36.35132598876953,49.37900161743164,19.50944709777832,270000.0,46.934871673583984,168.443359375,66.15908813476562,4.127431869506836,23.79400062561035,29.73076057434082
2017-08-07,36.913822174072266,49.61349868774414,19.765478134155273,266985.0,46.932891845703125,170.78701782226562,65.90422821044922,4.254306793212891,23.67799949645996,30.357892990112305
2017-08-08,37.20901870727539,49.492000579833984,19.68091583251953,264566.0,46.855472564697266,170.04220581054688,66.25923156738281,4.203704833984375,24.347999572753906,30.283632278442383
2017-08-09,37.43680953979492,49.10049819946289,19.50944709777832,267030.0,46.651512145996094,169.99253845214844,65.96792602539062,4.248383522033691,24.235332489013672,30.0855712890625
2017-08-10,36.244380950927734,47.84600067138672,18.8470458984375,264601.0,45.83319854736328,166.23878479003906,65.00304412841797,4.066462993621826,23.69333267211914,29.16139030456543
2017-08-11,36.748435974121094,48.39950180053711,19.117956161499023,263000.0,46.155757904052734,166.9140625,65.99525451660156,3.8497352600097656,23.857999801635742,29.821531295776367
2017-08-14,37.301475524902344,49.165000915527344,19.64568328857422,266370.0,46.594444274902344,169.56553649902344,66.98745727539062,4.15680456161499,24.253332138061523,29.747268676757812
2017-08-15,37.7098503112793,49.137001037597656,19.863346099853516,266795.0,46.55226135253906,169.81381225585938,67.0057601928711,4.121753215789795,24.155332565307617,30.052568435668945
2017-08-16,37.55815505981445,48.909000396728516,19.84221076965332,267856.0,46.859439849853516,168.82073974609375,67.39928436279297,4.076581001281738,24.194000244140625,29.98656463623047
2017-08-17,36.837100982666016,48.028499603271484,19.33562469482422,267075.0,46.03517532348633,165.75216674804688,66.25536346435547,3.985745429992676,23.461332321166992,29.532726287841797
2017-08-18,36.753089904785156,47.923500061035156,19.525104522705078,267377.0,45.96172332763672,166.24867248535156,66.33769989013672,3.9864842891693115,23.163999557495117,29.590486526489258
2017-08-21,36.685420989990234,47.66450119018555,19.544681549072266,268540.0,45.69821548461914,166.61614990234375,66.02656555175781,3.9284768104553223,22.52400016784668,29.689504623413086
2017-08-22,37.2851448059082,48.345001220703125,19.980796813964844,270960.0,46.66739273071289,168.46322631835938,66.95087432861328,4.015935897827148,22.75666618347168,30.135089874267578
2017-08-23,37.331809997558594,47.900001525878906,20.116252899169922,270430.0,46.77558517456055,167.53968811035156,66.54820251464844,4.096230506896973,23.51799964904785,30.184608459472656
2017-08-24,37.16613006591797,47.622501373291016,19.96983528137207,268565.0,46.49320983886719,166.576416015625,66.52076721191406,4.0811591148376465,23.528667449951172,30.39090347290039
2017-08-25,37.30380630493164,47.26300048828125,19.229141235351562,269761.0,46.17611312866211,165.16629028320312,66.63972473144531,4.047066688537598,23.203332901000977,30.407394409179688
2017-08-28,37.679508209228516,47.30099868774414,19.045923233032227,268035.0,46.058494567871094,166.07989501953125,66.64888000488281,4.0757246017456055,23.04400062561035,30.34139060974121
2017-08-29,38.015533447265625,47.702999114990234,18.92690658569336,268090.0,46.4366340637207,166.88426208496094,66.85022735595703,4.06905460357666,23.157333374023438,30.432159423828125
2017-08-30,38.11821746826172,48.37950134277344,19.262805938720703,270420.0,46.82768249511719,168.7412872314453,67.72872161865234,4.093265056610107,23.545333862304688,30.47341537475586
2017-08-31,38.2698860168457,49.029998779296875,19.73650550842285,271450.0,47.40383529663086,170.7770538330078,68.42418670654297,4.186159133911133,23.726667404174805,30.506418228149414
2017-09-01,38.28155517578125,48.912498474121094,19.788188934326172,271062.0,47.24254608154297,170.8267059326172,67.6646499633789,4.21135950088501,23.69333267211914,30.712717056274414
2017-09-05,37.82184982299805,48.26350021362305,19.500049591064453,265744.0,46.72098922729492,169.53575134277344,67.36267852783203,4.098947048187256,23.305999755859375,30.407394409179688
2017-09-06,37.78218078613281,48.38999938964844,19.525890350341797,265420.0,46.74778366088867,170.89625549316406,67.17049407958984,4.096477508544922,22.968666076660156,30.753963470458984
2017-09-07,37.63050842285156,48.9734992980957,19.304309844970703,260500.0,47.138328552246094,172.00848388671875,68.03070068359375,4.11550235748291,23.374000549316406,30.97677230834961
2017-09-08,37.016788482666016,48.29499816894531,19.113262176513672,263600.0,46.7175178527832,169.76414489746094,67.7012710571289,4.044098854064941,22.893333435058594,30.943763732910156
2017-09-11,37.68650817871094,48.89799880981445,19.397480010986328,266870.0,46.81081008911133,172.30636596679688,68.4150619506836,4.175288677215576,24.246000289916992,31.224308013916016
2017-09-12,37.53715896606445,49.12900161743164,19.35050392150879,267911.0,46.9775505065918,171.7602081298828,68.34185028076172,4.190358638763428,24.183332443237305,31.240814208984375
2017-09-13,37.25480651855469,49.97999954223633,19.28003692626953,268450.0,47.16563415527344,171.8495635986328,68.82685852050781,4.20913553237915,24.415332794189453,30.968509674072266
2017-09-14,36.93510055541992,49.61050033569336,19.33562469482422,268322.0,46.653995513916016,169.77407836914062,68.42418670654297,4.185171604156494,25.176000595092773,30.84473991394043
2017-09-15,37.308467864990234,49.339500427246094,19.61749839782715,270200.0,46.4138069152832,170.44937133789062,68.91838836669922,4.449770927429199,25.320667266845703,31.067523956298828
2017-09-18,37.026123046875,48.70949935913086,19.640291213989258,272480.0,46.138885498046875,168.83065795898438,68.78112030029297,4.633582592010498,25.666667938232422,31.414106369018555
2017-09-19,37.04011917114258,48.49300003051758,19.635576248168945,274850.0,46.49172592163086,171.32325744628906,69.03734588623047,4.6286396980285645,25.00666618347168,31.603897094726562
2017-09-20,36.419403076171875,48.660499572753906,19.097047805786133,275630.0,47.02171325683594,170.97567749023438,68.57980346679688,4.591334819793701,24.92733383178711,31.207815170288086
2017-09-21,35.79402160644531,48.23249816894531,18.898143768310547,274600.0,47.022212982177734,169.92303466796875,67.91175079345703,4.465827465057373,24.43199920654297,31.55438804626465
2017-09-22,35.44398498535156,47.755001068115234,18.808515548706055,273139.0,46.809322357177734,169.35696411132812,68.09477996826172,4.422347068786621,23.4060001373291,31.16655731201172
2017-09-25,35.131290435791016,46.989498138427734,18.515275955200195,273660.0,46.363685607910156,161.74020385742188,67.0423583984375,4.224699974060059,22.999332427978516,30.588930130004883
2017-09-26,35.73568344116211,46.93000030517578,18.653640747070312,272800.0,46.5200080871582,163.07090759277344,67.0423583984375,4.248417854309082,23.016666412353516,30.646699905395508
2017-09-27,35.990020751953125,47.54349899291992,18.913864135742188,274940.0,47.63508224487305,166.51681518554688,67.5822982788086,4.341558456420898,22.731332778930664,30.73746109008789
2017-09-28,35.768341064453125,47.81999969482422,19.09940528869629,274770.0,47.878746032714844,167.55953979492188,67.60060119628906,4.340324401855469,22.639999389648438,30.57242774963379
2017-09-29,35.964359283447266,48.067501068115234,19.067956924438477,274740.0,48.320899963378906,169.68470764160156,68.16797637939453,4.416664123535156,22.739999771118164,30.985017776489258
2017-10-02,35.892005920410156,47.95949935913086,18.90522575378418,278010.0,48.010746002197266,168.29443359375,68.27781677246094,4.422347068786621,22.768667221069336,31.463613510131836
2017-10-03,36.04836654663086,47.85499954223633,18.82895851135254,278700.0,48.23951721191406,168.781005859375,67.95751190185547,4.43148946762085,23.209333419799805,31.719409942626953
2017-10-04,35.81501770019531,48.272499084472656,19.025501251220703,278670.0,47.97650146484375,167.25169372558594,68.35099792480469,4.468546390533447,23.667333602905273,31.579133987426758
2017-10-05,36.26071548461914,49.04249954223633,19.156795501708984,280360.0,48.89010238647461,170.05213928222656,69.52238464355469,4.466075420379639,23.68866729736328,31.73590850830078
2017-10-06,36.239715576171875,49.479000091552734,19.319534301757812,281000.0,49.30943298339844,171.0352783203125,69.54984283447266,4.479170799255371,23.79199981689453,31.73590850830078
2017-10-09,36.36572265625,49.54949951171875,19.372997283935547,281089.0,49.243431091308594,171.30337524414062,69.81521606445312,4.580216884613037,22.862667083740234,31.991718292236328
2017-10-10,36.37972640991211,49.36000061035156,19.339183807373047,281950.0,49.01961898803711,170.3997039794922,69.81521606445312,4.66767692565918,23.70599937438965,32.15675354003906
2017-10-11,36.53140640258789,49.75,19.68589210510254,281085.0,49.905426025390625,171.54171752929688,69.93416595458984,4.717334747314453,23.639999389648438,33.29548645019531
2017-10-12,36.4030647277832,50.04650115966797,19.555391311645508,279383.0,49.905426025390625,171.3530731201172,70.57474517822266,4.7195587158203125,23.711999893188477,33.369754791259766
2017-10-13,36.63408279418945,50.14699935913086,19.49406623840332,280850.0,50.015594482421875,172.53480529785156,70.91337585449219,4.807510852813721,23.704666137695312,33.68331527709961
2017-10-16,37.308467864990234,50.31700134277344,19.39264678955078,281960.0,50.08903884887695,173.30938720703125,71.05977630615234,4.890028476715088,23.373332977294922,33.74107360839844
2017-10-17,37.44615173339844,50.45650100708008,19.07424545288086,281050.0,50.17092514038086,174.8883514404297,71.00489044189453,4.885582447052002,23.71666717529297,34.03813934326172
2017-10-18,37.28047561645508,49.849998474121094,19.182735443115234,281290.0,50.257266998291016,174.8088836669922,71.023193359375,4.881382942199707,23.976667404174805,34.24441909790039
2017-10-19,36.39838790893555,49.330501556396484,19.20553970336914,280815.0,49.71635437011719,173.34910583496094,71.29774475097656,4.88681697845459,23.45400047302246,33.88960266113281
2017-10-20,36.46139907836914,49.14550018310547,19.201610565185547,283353.0,49.87664794921875,173.76620483398438,72.121337890625,4.86458158493042,23.00666618347168,33.93085479736328
2017-10-23,36.44273376464844,48.314998626708984,19.2039737701416,284198.0,48.907466888427734,170.08192443847656,72.13963317871094,4.857664585113525,22.468000411987305,34.005123138427734
2017-10-24,36.65974426269531,48.79499816894531,19.472049713134766,284570.0,49.05385971069336,170.6082305908203,72.1670913696289,4.908559322357178,22.48933219909668,34.095890045166016
2017-10-25,36.49874496459961,48.64550018310547,19.325822830200195,283035.0,49.201255798339844,169.41656494140625,71.95660400390625,4.7845354080200195,21.722667694091797,33.9638671875
2017-10-26,36.732093811035156,48.621498107910156,19.163867950439453,282810.0,49.19926452636719,169.44638061523438,72.07557678222656,4.834688186645508,21.744667053222656,33.99686050415039
2017-10-27,38.04821014404297,55.04750061035156,19.88243865966797,281600.0,51.29591751098633,176.6460723876953,76.69700622558594,4.987122058868408,21.391332626342773,34.78078842163086
2017-10-30,38.90460968017578,55.54249954223633,20.53731918334961,281940.0,51.26912307739258,178.6222686767578,76.77017974853516,5.036040306091309,21.338666915893555,34.764278411865234
2017-10-31,39.445987701416016,55.263999938964844,20.748022079467773,280470.0,51.2646598815918,178.81092834472656,76.12045288085938,5.109416961669922,22.101999282836914,34.92931365966797
2017-11-01,38.94427490234375,55.183998107910156,20.384809494018555,280000.0,51.73907470703125,181.39292907714844,76.12045288085938,5.119051933288574,21.405332565307617,34.73952102661133
2017-11-02,39.22897720336914,54.71099853515625,20.40131187438965,283434.0,51.7574348449707,177.6788330078125,76.91661071777344,5.087923049926758,19.950666427612305,34.78078842163086
2017-11-03,40.25339126586914,55.58000183105469,21.51218605041504,280470.0,52.10580062866211,177.6788330078125,76.99896240234375,5.155864238739014,20.4060001373291,34.81378936767578
2017-11-06,40.661766052246094,56.03300094604492,21.818008422851562,280170.0,51.743045806884766,178.92019653320312,77.30098724365234,5.179085731506348,20.185333251953125,35.01182556152344
2017-11-07,40.79243469238281,56.15850067138672,21.330581665039062,279361.0,52.22490310668945,178.99961853027344,77.11796569824219,5.238380432128906,20.40333366394043,35.077842712402344
2017-11-08,41.126129150390625,56.64400100708008,21.415481567382812,276676.0,52.5176887512207,178.31442260742188,77.3833236694336,5.16747522354126,20.292667388916016,35.01182556152344
2017-11-09,41.0421257019043,56.45650100708008,20.884023666381836,276556.0,51.99315643310547,178.05621337890625,76.9532241821289,5.072605133056641,20.19933319091797,34.35994338989258
2017-11-10,40.90629577636719,56.26750183105469,20.830570220947266,275660.0,51.81599044799805,177.2220458984375,76.75191497802734,5.339921474456787,20.19933319091797,34.42595291137695
2017-11-13,40.74235916137695,56.458499908447266,20.83449935913086,276347.0,51.66959762573242,177.52989196777344,76.80680084228516,5.253204822540283,21.02666664123535,34.665252685546875
2017-11-14,40.12643051147461,56.84199905395508,20.69692039489746,274810.0,51.69144058227539,176.8347625732422,76.91661071777344,5.291499137878418,20.579999923706055,34.5414924621582
2017-11-15,39.59716033935547,56.33449935913086,20.88088607788086,272730.0,51.43189239501953,176.715576171875,76.31880950927734,5.187734127044678,20.753332138061523,34.277435302734375
2017-11-16,40.070228576660156,56.864498138427734,21.392684936523438,272700.0,52.030372619628906,178.34420776367188,76.5211410522461,5.228004455566406,20.833332061767578,34.73952102661133
2017-11-17,39.84774398803711,56.49399948120117,21.37303352355957,271410.0,51.40608596801758,177.75830078125,75.78534698486328,5.221828937530518,21.003332138061523,34.71476745605469
2017-11-20,39.80792236328125,56.31549835205078,21.610456466674805,272005.0,51.34505081176758,177.5001220703125,75.90491485595703,5.289028167724609,20.582666397094727,34.830284118652344
2017-11-21,40.54798889160156,56.9744987487793,21.744890213012695,275000.0,52.12118911743164,180.59848022460938,76.9993896484375,5.337698936462402,21.187332153320312,35.13560485839844
2017-11-22,40.974205017089844,57.80799865722656,21.64897346496582,275000.0,52.20158004760742,179.6153106689453,76.43839263916016,5.313718318939209,20.84000015258789,34.99533462524414
2017-11-24,40.9765510559082,59.29999923706055,22.200090408325195,274417.0,52.42985916137695,181.51206970214844,76.57630920410156,5.363905429840088,21.036666870117188,35.47392272949219
2017-11-27,40.77046203613281,59.791500091552734,22.376192092895508,276230.0,53.19854736328125,181.76034545898438,77.13735961914062,5.294185638427734,21.12066650390625,33.906105041503906
2017-11-28,40.531585693359375,59.68000030517578,21.80857276916504,280440.0,52.76581573486328,181.15457153320312,78.0662612915039,5.209386348724365,21.170000076293945,33.774085998535156
2017-11-29,39.69083786010742,58.063499450683594,21.344728469848633,284900.0,51.48003005981445,173.91514587402344,76.64990997314453,4.856094837188721,20.502666473388672,32.51982116699219
2017-11-30,40.24586868286133,58.837501525878906,21.851028442382812,291500.0,51.41998291015625,175.950927734375,77.41326904296875,4.962157249450684,20.59000015258789,32.67660903930664
2017-12-01,40.05852127075195,58.11750030517578,21.349443435668945,291000.0,50.86914825439453,173.88534545898438,77.49605560302734,4.887246608734131,20.435333251953125,32.75912094116211
2017-12-04,39.765777587890625,56.6974983215332,20.724435806274414,295490.0,50.21409225463867,170.28053283691406,74.57130432128906,4.614797592163086,20.34666633605957,32.50333023071289
2017-12-05,39.72831344604492,57.07849884033203,20.57034683227539,294105.0,50.597694396972656,171.631103515625,75.04036712646484,4.641499042510986,20.246667861938477,32.346534729003906
2017-12-06,39.58076477050781,57.61750030517578,20.746448516845703,294146.0,51.248775482177734,174.8386993408203,76.13484191894531,4.679078578948975,20.884000778198242,31.917455673217773
2017-12-07,39.65336227416992,57.989498138427734,20.746448516845703,294100.0,51.83684158325195,178.89039611816406,75.8681411743164,4.746571063995361,20.749332427978516,32.18974304199219
2017-12-08,39.66508102416992,58.099998474121094,20.43354606628418,294385.0,52.07553482055664,177.75830078125,77.40406799316406,4.73421049118042,21.0086669921875,32.1815071105957
2017-12-11,40.43791198730469,58.44599914550781,20.43669319152832,295480.0,52.20405960083008,177.79800415039062,78.38818359375,4.812582015991211,21.92733383178711,32.48681640625
2017-12-12,40.21073532104492,58.25400161743164,20.338422775268555,298630.0,52.045257568359375,175.73248291015625,78.71009826660156,4.718140602111816,22.735332489013672,32.429046630859375
2017-12-13,40.34423828125,58.20650100708008,20.600221633911133,296180.0,52.17527770996094,177.06314086914062,78.49855041503906,4.602931022644043,22.601999282836914,32.420806884765625
2017-12-14,40.3325309753418,58.7130012512207,20.38873863220215,295815.0,52.47699737548828,177.1525421142578,77.89153289794922,4.61010217666626,22.525999069213867,32.51157760620117
2017-12-15,40.74235916137695,58.957000732421875,20.891103744506836,296280.0,53.19804763793945,178.9300994873047,79.87810516357422,4.735941410064697,22.89666748046875,32.59408187866211
2017-12-18,41.316139221191406,59.52899932861328,20.923547744750977,299360.0,53.84764862060547,179.565673828125,79.44586944580078,4.892685413360596,22.591333389282227,32.51157760620117
2017-12-19,40.87584686279297,59.36899948120117,20.86894989013672,296992.0,53.584129333496094,178.2647705078125,78.94003295898438,4.848430633544922,22.073333740234375,32.462059020996094
2017-12-20,40.83134841918945,58.88100051879883,21.022470474243164,296500.0,53.27546310424805,176.656005859375,78.65489196777344,4.8654890060424805,21.93199920654297,32.54458236694336
2017-12-21,40.98591995239258,58.737998962402344,20.69721031188965,298200.0,53.1409797668457,176.21905517578125,78.63650512695312,4.842990875244141,22.110666275024414,32.37128829956055
2017-12-22,40.98591995239258,58.417999267578125,20.762107849121094,296400.0,53.042232513427734,175.9707794189453,78.64571380615234,4.827663898468018,21.68000030517578,32.70136642456055
2017-12-26,39.946102142333984,58.8380012512207,20.425765991210938,296370.0,52.89285659790039,174.76918029785156,78.54454040527344,4.881313800811768,21.152666091918945,32.1402473449707
2017-12-27,39.953128814697266,59.112998962402344,20.506486892700195,298120.0,52.61246871948242,176.38787841796875,78.82963562011719,4.874636650085449,20.775999069213867,32.24752426147461
2017-12-28,40.0655517578125,59.30500030517578,20.6093692779541,299210.0,52.40156555175781,176.68580627441406,78.83885955810547,4.88032341003418,21.02400016784668,32.79212951660156
2017-12-29,39.632286071777344,58.4734992980957,20.330801010131836,297600.0,52.275020599365234,175.23593139648438,78.67330169677734,4.7839035987854,20.75666618347168,32.717872619628906
2018-01-02,40.341896057128906,59.45050048828125,21.130895614624023,295755.0,53.25809860229492,180.1614990234375,79.05036926269531,4.928533554077148,21.368667602539062,33.84834289550781
2018-01-03,40.33486557006836,60.209999084472656,21.361980438232422,299905.0,54.16673278808594,183.3889617919922,79.41828155517578,5.252899646759033,21.149999618530273,34.41771697998047
2018-01-04,40.522216796875,60.47949981689453,21.36910629272461,300516.0,54.37713623046875,183.05133056640625,80.11724853515625,5.280589580535889,20.974666595458984,34.236167907714844
2018-01-05,40.98357009887695,61.457000732421875,21.4957275390625,301525.0,55.09819030761719,185.55386352539062,81.1105728149414,5.325337886810303,21.10533332824707,35.03657913208008
2018-01-08,40.83134841918945,62.34349822998047,21.547168731689453,304180.0,55.292728424072266,186.97393798828125,81.19332885742188,5.4885077476501465,22.42733383178711,35.020076751708984
2018-01-09,40.826663970947266,62.6349983215332,21.248811721801758,304500.0,55.222251892089844,186.5667724609375,81.1381607055664,5.487025260925293,22.246000289916992,34.80552673339844
2018-01-10,40.81729507446289,62.71649932861328,20.800094604492188,308350.0,55.09075164794922,186.5369415283203,80.77025604248047,5.530043601989746,22.31999969482422,34.07939910888672
2018-01-11,41.04914093017578,63.83399963378906,20.853118896484375,309950.0,55.1855354309082,186.46746826171875,81.0094223022461,5.539933204650879,22.530000686645508,33.85661315917969
2018-01-12,41.47303771972656,65.26000213623047,20.91564178466797,315225.0,56.10855484008789,178.125732421875,82.4073715209961,5.512738227844238,22.4146671295166,33.988624572753906
2018-01-16,41.26225662231445,65.24299621582031,20.833335876464844,315261.0,56.11104965209961,177.1525421142578,81.2577133178711,5.441782474517822,22.67066764831543,34.846797943115234
2018-01-17,41.94375991821289,64.75,21.035924911499023,321469.0,56.527889251708984,176.3680419921875,82.90402221679688,5.555755138397217,23.143999099731445,35.58945083618164
2018-01-18,41.981224060058594,64.66600036621094,21.35169219970703,320000.0,56.372562408447266,178.552734375,82.86723327636719,5.548833847045898,22.971332550048828,36.777687072753906
2018-01-19,41.79386901855469,64.72899627685547,21.081829071044922,320238.0,56.74624252319336,180.0324249267578,82.77527618408203,5.689013481140137,23.334667205810547,36.86020278930664
2018-01-22,41.45195770263672,66.3655014038086,20.743118286132812,324064.0,57.7714958190918,184.0841064453125,84.25602722167969,5.777520656585693,23.437332153320312,38.27124786376953
2018-01-23,41.461326599121094,68.12699890136719,20.80562973022461,322885.0,58.36749267578125,188.0364990234375,84.52276611328125,5.906577110290527,23.519332885742188,38.188724517822266
2018-01-24,40.800907135009766,67.87550354003906,20.327638626098633,323480.0,58.12531661987305,185.2559356689453,84.44917297363281,5.82968807220459,23.05933380126953,37.40481948852539
2018-01-25,40.072574615478516,68.89749908447266,19.57027816772461,322850.0,58.66374969482422,186.17945861816406,84.9182357788086,5.843283653259277,22.50933265686035,37.21502685546875
2018-01-26,40.16624450683594,70.10250091552734,19.847261428833008,325915.0,58.93272018432617,188.68199157714844,86.50935363769531,6.015850067138672,22.856666564941406,37.72663879394531
2018-01-29,39.33485794067383,70.88400268554688,19.426246643066406,323500.0,58.879127502441406,184.68988037109375,86.38060760498047,6.102875709533691,23.302000045776367,37.462581634521484
2018-01-30,39.103004455566406,71.89099884033203,19.070911407470703,323000.0,58.427040100097656,185.8219757080078,85.29533386230469,6.000770092010498,23.05466651916504,37.03349304199219
2018-01-31,39.210731506347656,72.54450225830078,19.62883758544922,323375.0,58.667720794677734,185.5935516357422,87.38310241699219,6.07691764831543,23.62066650390625,37.38831329345703
2018-02-01,39.29271697998047,69.5,18.897592544555664,325900.0,58.63645935058594,191.75054931640625,86.69332885742188,5.945884704589844,23.28333282470703,37.503849029541016
2018-02-02,37.58778381347656,71.49749755859375,18.635643005371094,314340.0,55.54035186767578,188.9600372314453,84.41236877441406,5.773317813873291,22.916667938232422,36.72816848754883
2018-02-05,36.6486930847168,69.5,18.051599502563477,295600.0,52.72115707397461,180.00259399414062,80.93579864501953,5.283308506011963,22.208667755126953,35.44091796875
2018-02-06,38.180294036865234,72.14199829101562,19.02342987060547,303000.0,53.81489181518555,184.02452087402344,83.99851989746094,5.5770182609558105,22.264667510986328,35.96902084350586
2018-02-07,37.36295700073242,70.83899688720703,18.7860107421875,301000.0,52.37477493286133,178.9300994873047,82.41657257080078,5.656626224517822,23.0,34.557987213134766
2018-02-08,36.33486557006836,67.5250015258789,18.167932510375977,288000.0,50.00765609741211,170.3897705078125,78.18584442138672,5.377749919891357,21.01533317565918,33.30373764038086
2018-02-09,36.779293060302734,66.9800033569336,18.637231826782227,294140.0,51.92119598388672,174.8883514404297,81.10137176513672,5.737717151641846,20.69466781616211,34.21966552734375
2018-02-12,38.26072311401367,69.3115005493164,19.34156036376953,298940.0,52.33258819580078,175.18626403808594,81.97510528564453,5.637588977813721,21.048667907714844,35.09434127807617
2018-02-13,38.644012451171875,70.72550201416016,19.457101821899414,297500.0,52.31174850463867,171.94888305664062,82.61891174316406,5.751315116882324,21.577333450317383,34.97057342529297
2018-02-14,39.35649871826172,72.55249786376953,19.599559783935547,301005.0,53.232784271240234,178.27468872070312,83.91255950927734,5.968631267547607,21.487333297729492,35.523433685302734
2018-02-15,40.67803192138672,73.08799743652344,19.9295654296875,305999.0,54.158790588378906,178.71163940429688,85.6220474243164,6.094223499298096,22.271333694458008,35.91126251220703
2018-02-16,40.54633331298828,72.43450164794922,19.696895599365234,306000.0,54.3642463684082,176.12969970703125,85.01217651367188,6.028459548950195,22.365999221801758,35.87825393676758
2018-02-20,40.40996170043945,73.4175033569336,19.754667282104492,304904.0,54.76571273803711,174.78904724121094,85.6775131225586,6.158008098602295,22.31800079345703,36.0927848815918
2018-02-21,40.22654724121094,74.14600372314453,19.67552947998047,301530.0,55.2698974609375,176.6758575439453,84.54094696044922,5.970856189727783,22.219999313354492,35.391414642333984
2018-02-22,40.562801361083984,74.26699829101562,19.733299255371094,301404.0,55.078834533691406,177.74838256835938,84.7626953125,5.990398406982422,23.077999114990234,34.978824615478516
2018-02-23,41.26823806762695,75.0,20.078346252441406,304020.0,55.98152160644531,182.0185546875,86.91571044921875,6.0839104652404785,23.469999313354492,36.224830627441406
2018-02-26,42.08420181274414,76.09750366210938,20.01820182800293,316126.0,56.756168365478516,183.64715576171875,88.17242431640625,6.099989414215088,23.827999114990234,36.64565658569336
2018-02-27,41.94780349731445,75.5989990234375,19.9279842376709,314345.0,55.456485748291016,180.2012481689453,87.04510498046875,6.087126731872559,23.39933204650879,35.993778228759766
2018-02-28,41.88432312011719,75.62249755859375,19.50459098815918,310250.0,54.78208541870117,177.0830078125,86.64775085449219,5.986688613891602,22.87066650390625,35.77098083496094
2018-03-01,41.15066146850586,74.67250061035156,19.255298614501953,302946.0,53.16876983642578,174.71954345703125,85.79761505126953,5.744500160217285,22.062000274658203,35.25112533569336
2018-03-02,41.43519973754883,75.01249694824219,19.853591918945312,303100.0,53.80050277709961,175.3948211669922,85.98243713378906,5.851615905761719,22.341333389282227,35.49042892456055
2018-03-05,41.5786247253418,76.18049621582031,19.545747756958008,304500.0,54.3275146484375,179.1485595703125,86.52762603759766,5.829599380493164,22.22333335876465,35.88651657104492
2018-03-06,41.54336929321289,76.88200378417969,19.8607120513916,307005.0,54.6322135925293,178.5328826904297,86.23194122314453,5.9906463623046875,21.8799991607666,35.927772521972656
2018-03-07,41.15773010253906,77.25,19.551286697387695,306756.0,55.33391189575195,182.43560791015625,86.73090362548828,5.982728004455566,22.15333366394043,36.47237014770508
2018-03-08,41.606849670410156,77.59300231933594,19.543371200561523,307700.0,56.0455322265625,181.0751495361328,87.25762939453125,5.966401100158691,21.940000534057617,36.142303466796875
2018-03-09,42.32170486450195,78.94450378417969,20.08388900756836,319600.0,57.60673904418945,183.94509887695312,89.20733642578125,6.06906795501709,21.81133270263672,36.794185638427734
2018-03-12,42.73086166381836,79.91950225830078,20.800886154174805,317746.0,57.85933303833008,183.47833251953125,89.41987609863281,6.178657054901123,23.034000396728516,37.314048767089844
2018-03-13,42.31935119628906,79.40899658203125,20.672677993774414,314039.0,56.568084716796875,180.61831665039062,87.23914337158203,6.12794303894043,22.78933334350586,37.1242561340332
2018-03-14,41.959571838378906,79.55000305175781,20.622819900512695,310655.0,57.01372146606445,182.91229248046875,86.72168731689453,6.153424263000488,21.775333404541016,37.25627899169922
2018-03-15,42.00894546508789,79.11599731445312,21.19025230407715,311601.0,57.09907531738281,182.5845947265625,87.02660369873047,6.168266773223877,21.706666946411133,37.38831329345703
2018-03-16,41.86082077026367,78.58399963378906,20.170146942138672,310630.0,56.29564666748047,183.80606079101562,87.4146957397461,6.196469306945801,21.42333221435547,37.107757568359375
2018-03-19,41.221214294433594,77.24649810791016,19.385086059570312,305980.0,54.59102249145508,171.3629608154297,85.83460235595703,5.961948871612549,20.90399932861328,36.80244064331055
2018-03-20,41.20711135864258,79.32550048828125,19.180116653442383,307100.0,54.379119873046875,166.98355102539062,86.05635070800781,6.174205780029297,20.703332901000977,36.99223327636719
2018-03-21,40.27356719970703,79.09300231933594,19.753456115722656,307600.0,54.289798736572266,168.2149658203125,85.45573425292969,6.148972988128662,21.101999282836914,36.88496017456055
2018-03-22,39.70452880859375,77.24600219726562,19.558326721191406,296949.0,52.26261520385742,163.74618530273438,82.97005462646484,5.982974529266357,20.606666564941406,36.051536560058594
2018-03-23,38.785091400146484,74.77799987792969,19.470806121826172,288755.0,50.942596435546875,158.28433227539062,80.55830383300781,5.763301849365234,20.1026668548584,35.13560485839844
2018-03-26,40.62628936767578,77.79299926757812,19.892366409301758,299500.0,52.309261322021484,158.94967651367188,86.65699768066406,6.048038482666016,20.278667449951172,36.53013229370117
2018-03-27,39.584590911865234,74.85250091552734,19.6225643157959,294650.0,49.969444274902344,151.16407775878906,82.67436218261719,5.5789995193481445,18.61199951171875,35.72146987915039
2018-03-28,39.14722442626953,71.57099914550781,19.00506591796875,295041.0,49.882102966308594,151.96847534179688,82.60044860839844,5.475841045379639,17.185333251953125,35.226375579833984
2018-03-29,39.452911376953125,72.36699676513672,18.9223575592041,299100.0,51.468116760253906,158.68154907226562,84.3376235961914,5.729161739349365,17.742000579833984,36.10929489135742
2018-04-02,39.194252014160156,68.59950256347656,18.282381057739258,293410.0,50.25181198120117,154.3120574951172,81.7965087890625,5.468420028686523,16.832000732421875,35.06959533691406
2018-04-03,39.59635543823242,69.60250091552734,19.013097763061523,296850.0,50.55204391479492,155.02708435058594,82.89614868164062,5.574793815612793,17.8353328704834,35.87825393676758
2018-04-04,40.353511810302734,70.52850341796875,19.02996253967285,299850.0,51.09941482543945,154.0240936279297,85.31713104248047,5.596810817718506,19.12933349609375,36.257835388183594
2018-04-05,40.63335037231445,72.5875015258789,18.975358963012695,301750.0,51.24481201171875,158.23468017578125,85.36331176757812,5.476583003997803,20.381332397460938,35.74623107910156
2018-04-06,39.5940055847168,70.2614974975586,18.3779354095459,294000.0,50.11881637573242,156.10951232910156,83.37663269042969,5.300197601318359,19.953332901000977,35.003578186035156
2018-04-09,39.986698150634766,70.30400085449219,18.849292755126953,292671.0,50.622013092041016,156.83445739746094,83.87561798095703,5.32889461517334,19.310667037963867,35.53993606567383
2018-04-10,40.739166259765625,71.81099700927734,19.2515811920166,296556.0,51.436363220214844,163.89512634277344,85.82534790039062,5.638124465942383,20.31333351135254,35.96077346801758
2018-04-11,40.54868698120117,71.35250091552734,19.297351837158203,293249.0,50.86864471435547,165.16629028320312,84.88282012939453,5.596810817718506,20.062000274658203,35.795738220214844
2018-04-12,40.94844436645508,72.42500305175781,19.225889205932617,297021.0,51.47556686401367,162.73324584960938,86.47219848632812,5.803623676300049,19.60533332824707,36.18355941772461
2018-04-13,41.08718490600586,71.53949737548828,19.828935623168945,295891.0,51.41352844238281,163.37875366210938,86.01016998291016,5.72693395614624,20.022666931152344,35.19337463378906
2018-04-16,41.3434944152832,72.07499694824219,20.0240535736084,297181.0,51.91276550292969,163.68661499023438,87.01737976074219,5.726687908172607,19.413999557495117,35.37489700317383
2018-04-17,41.912540435791016,75.19149780273438,20.214370727539062,298701.0,53.563289642333984,167.4900360107422,88.77306365966797,5.876354217529297,19.179332733154297,34.912803649902344
2018-04-18,41.8184928894043,76.39199829101562,20.041723251342773,299205.0,53.36627960205078,165.20596313476562,89.11495208740234,5.847411155700684,19.55666732788086,34.59099578857422
2018-04-19,40.63335037231445,77.84549713134766,19.501314163208008,300300.0,54.06400680541992,166.93394470214844,88.81001281738281,5.666077613830566,20.005332946777344,32.61884307861328
2018-04-20,38.968509674072266,76.37449645996094,19.040401458740234,300140.0,53.46205520629883,165.1265411376953,87.78433227539062,5.657916069030762,19.349332809448242,32.1402473449707
2018-04-23,38.85564422607422,75.89299774169922,18.745708465576172,298821.0,53.287872314453125,164.6895751953125,88.10773468017578,5.53842830657959,18.891332626342773,31.97521209716797
2018-04-24,38.314796447753906,73.00450134277344,18.339391708374023,295734.0,50.748558044433594,158.5822296142578,86.04712677001953,5.472129821777344,18.8973331451416,31.97521209716797
2018-04-25,38.481754302978516,73.00849914550781,18.38837432861328,295279.0,50.76593017578125,158.5822296142578,85.29862976074219,5.3598175048828125,18.71266746520996,31.49661636352539
2018-04-26,38.61578369140625,75.89800262451172,18.502399444580078,295769.0,51.7743034362793,172.95187377929688,87.1005630493164,5.571578502655029,19.031999588012695,31.49661636352539
2018-04-27,38.16901397705078,78.63099670410156,18.69190216064453,295995.0,51.18575668334961,172.3858184814453,88.54203796386719,5.59903621673584,19.60533332824707,31.49661636352539
2018-04-30,38.86033248901367,78.30650329589844,18.42209815979004,290650.0,50.54708480834961,170.80685424804688,86.416748046875,5.563662052154541,19.593332290649414,31.727659225463867
2018-05-01,39.763301849365234,79.11299896240234,18.499187469482422,292730.0,51.64726638793945,172.65396118164062,87.78433227539062,5.619075775146484,19.994667053222656,32.12374496459961
2018-05-02,41.51984786987305,78.48400115966797,18.367494583129883,290450.0,50.917781829833984,174.84861755371094,86.40751647949219,5.5985426902771,20.07666778564453,31.150043487548828
2018-05-03,41.59510040283203,78.60399627685547,18.08725929260254,287051.0,50.9301872253418,172.81285095214844,86.92497253417969,5.763794898986816,18.963333129882812,31.438861846923828
2018-05-04,43.22701644897461,79.04750061035156,18.510435104370117,292600.0,52.15592575073242,175.38487243652344,87.93216705322266,5.913956642150879,19.606000900268555,31.84318733215332
2018-05-07,43.539772033691406,80.00700378417969,18.948057174682617,295600.0,52.57575225830078,176.73545837402344,88.91165924072266,6.151940822601318,20.184667587280273,31.727659225463867
2018-05-08,43.74903869628906,79.61949920654297,19.1793212890625,295700.0,52.53257751464844,177.6788330078125,88.53280639648438,6.194489479064941,20.131332397460938,32.33003616333008
2018-05-09,44.05707550048828,80.4000015258789,19.115079879760742,299991.0,54.0391960144043,181.39292907714844,89.57698059082031,6.327582836151123,20.456666946411133,32.470314025878906
2018-05-10,44.68728256225586,80.4540023803711,19.553510665893555,301630.0,54.85900115966797,184.24298095703125,90.47330474853516,6.435195446014404,20.334667205810547,32.816890716552734
2018-05-11,44.51730728149414,80.14550018310547,19.543062210083008,298770.0,54.75528335571289,185.69288635253906,90.27924346923828,6.296658992767334,20.070667266845703,32.93241882324219
2018-05-14,44.41344451904297,80.0770034790039,19.653881072998047,298200.0,54.91508102416992,185.34530639648438,90.58419799804688,6.317192554473877,19.46466636657715,32.965415954589844
2018-05-15,44.00979995727539,78.80599975585938,19.39853286743164,296200.0,53.83672332763672,183.04141235351562,89.92810821533203,6.074754238128662,18.94533348083496,32.429046630859375
2018-05-16,44.4205207824707,79.36399841308594,19.312610626220703,296300.0,53.79801559448242,181.92916870117188,90.16011047363281,6.085887908935547,19.09866714477539,32.83338928222656
2018-05-17,44.13963317871094,79.08799743652344,19.22749900817871,296440.0,53.65757751464844,182.4852752685547,89.25992584228516,6.12794303894043,18.96933364868164,32.148494720458984
2018-05-18,43.97911071777344,78.71849822998047,18.94966697692871,294380.0,53.0809326171875,181.41278076171875,89.42696380615234,6.0841569900512695,18.454666137695312,31.702911376953125
2018-05-21,44.290706634521484,79.27300262451172,19.19537353515625,296620.0,53.79404830932617,183.21022033691406,90.5777587890625,6.042102336883545,18.965999603271484,32.5693359375
2018-05-22,44.17975616455078,79.06999969482422,19.15041160583496,296991.0,53.3623046875,182.5250244140625,90.48497009277344,6.004005432128906,18.333999633789062,32.70961380004883
2018-05-23,44.46302032470703,80.09300231933594,19.316627502441406,294400.0,53.89081954956055,185.60348510742188,91.56149291992188,6.127525329589844,18.60466766357422,32.717872619628906
2018-05-24,44.41344451904297,80.15350341796875,19.55512237548828,291850.0,53.86550521850586,184.6402130126953,91.23665618896484,6.13123893737793,18.523332595825195,32.404300689697266
2018-05-25,44.514957427978516,80.50749969482422,20.07705307006836,290886.0,53.79751968383789,183.63722229003906,91.28307342529297,6.170597553253174,18.59000015258789,32.429046630859375
2018-05-29,44.35444641113281,80.64350128173828,20.049755096435547,286000.0,53.00302505493164,184.45155334472656,90.95824432373047,6.153517246246338,18.917333602905273,31.488365173339844
2018-05-30,44.2600212097168,81.24449920654297,20.026466369628906,292000.0,53.469505310058594,186.36813354492188,91.83060455322266,6.262434482574463,19.447999954223633,31.636903762817383
2018-05-31,44.11130142211914,81.48100280761719,20.240861892700195,287200.0,54.587547302246094,190.44964599609375,91.72854614257812,6.2426300048828125,18.98200035095215,31.933958053588867
2018-06-01,44.90681076049805,82.0770034790039,20.583740234375,289200.0,56.324424743652344,192.64431762695312,93.5382308959961,6.377041816711426,19.454666137695312,32.346534729003906
2018-06-04,45.28213119506836,83.26349639892578,20.746747970581055,288000.0,57.219661712646484,191.93923950195312,94.35491943359375,6.55601167678833,19.78266716003418,32.98191833496094
2018-06-05,45.63148498535156,84.81749725341797,20.818208694458008,286700.0,57.11941909790039,191.6016082763672,94.83748626708984,6.561456680297852,19.408666610717773,32.62709045410156
2018-06-06,45.78963851928711,84.7874984741211,21.160287857055664,290722.0,56.917442321777344,190.01268005371094,95.11592864990234,6.563438415527344,21.299999237060547,32.64359664916992
2018-06-07,45.66689682006836,84.46499633789062,21.253433227539062,292900.0,56.29564666748047,186.8745880126953,93.62174987792969,6.507742404937744,21.07266616821289,32.610591888427734
2018-06-08,45.251441955566406,84.19950103759766,20.714628219604492,294055.0,56.21078872680664,187.7882537841797,94.31780242919922,6.492394924163818,21.17733383178711,32.12374496459961
2018-06-11,45.14048767089844,84.45600128173828,20.94428062438965,292770.0,56.61721420288086,190.2113037109375,93.77952575683594,6.451303958892822,22.139999389648438,31.983474731445312
2018-06-12,45.388343811035156,84.9375,20.99245834350586,293005.0,56.97898483276367,191.0653533935547,94.02082061767578,6.499820709228516,22.851333618164062,32.346534729003906
2018-06-13,45.015380859375,85.24299621582031,21.16510009765625,292769.0,56.7824592590332,191.0752716064453,93.59393310546875,6.49536657333374,22.985332489013672,32.22276306152344
2018-06-14,45.038997650146484,86.19300079345703,21.55695915222168,289670.0,57.57051467895508,195.4447479248047,94.12290954589844,6.607004642486572,23.847999572753906,31.851438522338867
2018-06-15,44.57633590698242,85.79850006103516,21.699085235595703,287626.0,57.52882766723633,194.49143981933594,92.92572784423828,6.566160202026367,23.878000259399414,31.925687789916992
2018-06-18,44.55272674560547,86.18949890136719,21.238977432250977,287600.0,58.73521423339844,196.93435668945312,93.60317993164062,6.561953544616699,24.722000122070312,31.562641143798828
2018-06-19,43.832767486572266,86.73899841308594,21.23491096496582,286700.0,58.492549896240234,196.1200408935547,93.60317993164062,6.440164089202881,23.503332138061523,30.993261337280273
2018-06-20,44.02397155761719,87.50399780273438,21.256874084472656,285000.0,58.75952911376953,200.59873962402344,94.54052734375,6.493137836456299,24.148000717163086,31.6451473236084
2018-06-21,43.778472900390625,86.51100158691406,21.129121780395508,285000.0,58.03351593017578,200.1022186279297,93.863037109375,6.364419937133789,23.167333602905273,31.04277801513672
2018-06-22,43.6510009765625,85.78350067138672,21.134002685546875,286541.0,58.02606964111328,200.34056091308594,93.18558502197266,6.211936950683594,22.242000579833984,31.455354690551758
2018-06-25,43.00185012817383,83.15750122070312,20.540773391723633,284640.0,56.53682327270508,194.9879608154297,91.3109130859375,5.9190993309021,22.200666427612305,31.228696823120117
2018-06-26,43.53533172607422,84.55449676513672,20.469167709350586,284500.0,56.206321716308594,197.6195831298828,91.9512710571289,5.990143299102783,22.799999237060547,31.185930252075195
2018-06-27,43.47161102294922,83.02549743652344,20.10866928100586,281600.0,55.42820358276367,194.48147583007812,90.5220947265625,5.83493709564209,22.96666717529297,30.37334442138672
2018-06-28,43.78791046142578,85.07250213623047,19.9288330078125,284920.0,55.91650390625,194.8687744140625,91.53364562988281,5.962169170379639,23.32866668701172,30.74114990234375
2018-06-29,43.69585418701172,84.98999786376953,19.744924545288086,282040.0,56.036102294921875,192.97203063964844,91.51509094238281,5.864145755767822,22.863332748413086,31.271465301513672
2018-07-02,44.18447494506836,85.68900299072266,19.69691276550293,283800.0,56.67726516723633,195.99093627929688,92.8143310546875,5.996331691741943,22.33799934387207,31.25435447692871
2018-07-03,43.414947509765625,84.697998046875,19.472314834594727,282000.0,55.395450592041016,191.39303588867188,91.92341613769531,5.862661361694336,20.724000930786133,31.12605094909668
2018-07-05,43.764312744140625,84.98650360107422,19.96952247619629,283635.0,56.636573791503906,197.07339477539062,92.58234405517578,6.008460998535156,20.610666275024414,31.297122955322266
2018-07-06,44.3709602355957,85.53150177001953,20.15505599975586,283700.0,57.32090377807617,201.82020568847656,93.88160705566406,6.122326850891113,20.593332290649414,31.878753662109375
2018-07-09,44.987060546875,86.95099639892578,20.13471794128418,286720.0,57.92632293701172,203.31976318359375,94.52195739746094,6.16985559463501,21.233999252319336,32.357757568359375
2018-07-10,44.93277359008789,87.15350341796875,20.389415740966797,286385.0,57.919376373291016,202.12806701660156,94.77254486083984,6.268869400024414,21.49799919128418,32.44328689575195
2018-07-11,44.3497200012207,87.75,19.810028076171875,288481.0,58.133758544921875,201.13499450683594,94.64260864257812,6.127280235290527,21.263999938964844,31.622156143188477
2018-07-12,45.093292236328125,89.83100128173828,17.087209701538086,288000.0,59.612579345703125,205.484619140625,96.693603515625,6.218867301940918,21.11400032043457,31.91297721862793
2018-07-13,45.16411209106445,90.65149688720703,16.475261688232422,290000.0,59.7693977355957,205.8818359375,97.84439086914062,6.171586990356445,21.257999420166016,32.30644607543945
2018-07-16,45.06495666503906,91.12449645996094,16.539546966552734,289000.0,59.376869201660156,205.79248046875,97.3617935180664,6.143863677978516,20.67333221435547,32.32352828979492
2018-07-17,45.192420959472656,92.19650268554688,16.95130729675293,288500.0,60.19915008544922,208.53334045410156,98.32697296142578,6.279759883880615,21.512666702270508,32.53737258911133
2018-07-18,44.94457244873047,92.14600372314453,16.98955726623535,303210.0,60.19071578979492,207.90771484375,97.55670166015625,6.2305006980896,21.59000015258789,32.853858947753906
2018-07-19,45.29393005371094,90.64849853515625,17.11894416809082,299000.0,59.505401611328125,206.64651489257812,96.88848876953125,6.2386698722839355,21.34866714477539,34.05133819580078
2018-07-20,45.1900749206543,90.68499755859375,17.11568260192871,299380.0,59.44485092163086,208.48367309570312,98.62394714355469,6.210451126098633,20.905332565307617,34.838260650634766
2018-07-23,45.23020935058594,90.0999984741211,17.635669708251953,300230.0,60.095924377441406,209.4469451904297,100.20164489746094,6.173813819885254,20.213333129882812,34.84680938720703
2018-07-24,45.558319091796875,91.46199798583984,17.686128616333008,300400.0,62.435752868652344,213.18084716796875,99.91394805908203,6.156487941741943,19.82866668701172,34.547428131103516
2018-07-25,45.987937927246094,93.18049621582031,18.388391494750977,299816.0,63.31858444213867,215.99124145507812,102.85587310791016,6.234708786010742,20.582666397094727,34.97511291503906
2018-07-26,45.84394073486328,90.4000015258789,18.161361694335938,300501.0,63.79299545288086,175.0373077392578,101.73291778564453,6.308226585388184,20.44333267211914,34.91522979736328
2018-07-27,45.08148956298828,90.8635025024414,17.988027572631836,302000.0,62.17472457885742,173.6768035888672,99.93252563476562,6.23842191696167,19.812000274658203,35.4541015625
2018-07-30,44.82891082763672,88.96099853515625,18.324922561645508,303432.0,61.04079055786133,169.87338256835938,97.7887191772461,6.043116092681885,19.344667434692383,35.146183013916016
2018-07-31,44.91859436035156,88.87200164794922,18.046621322631836,301550.0,60.900848388671875,171.38284301757812,98.44762420654297,6.061185836791992,19.875999450683594,35.24882125854492
2018-08-01,47.56476974487305,89.8584976196289,17.642183303833008,301200.0,61.187191009521484,170.4592742919922,98.63323211669922,6.101038932800293,20.055999755859375,35.67649841308594
2018-08-02,48.95512008666992,91.71649932861328,17.605562210083008,301160.0,61.59113311767578,175.14654541015625,99.83042907714844,6.203768253326416,23.30266761779785,35.53963851928711
2018-08-03,49.09675598144531,91.16449737548828,17.724374771118164,304671.0,61.443748474121094,176.54678344726562,100.2666015625,6.240401744842529,23.211332321166992,35.659385681152344
2018-08-06,49.351688385009766,92.38749694824219,17.654388427734375,311806.0,61.41943359375,184.40188598632812,100.35011291503906,6.288177490234375,22.799333572387695,35.12906265258789
2018-08-07,48.8890266418457,93.1240005493164,17.927812576293945,315600.0,62.32111740112305,182.534912109375,101.0461654663086,6.360457420349121,25.30466651916504,35.27448654174805
2018-08-08,48.92207717895508,94.32599639892578,17.858642578125,315300.0,62.59355926513672,183.8954315185547,101.61225128173828,6.396844863891602,24.689332962036133,35.898887634277344
2018-08-09,49.30683898925781,94.9260025024414,17.624277114868164,315100.0,62.74888610839844,181.81993103027344,101.7793197631836,6.348328590393066,23.496667861938477,35.78770065307617
2018-08-10,49.15996170043945,94.31500244140625,17.27029800415039,312000.0,62.1558723449707,179.0095672607422,101.15752410888672,6.306990146636963,23.69933319091797,35.09485626220703
2018-08-13,49.477394104003906,94.80999755859375,17.17671775817871,310230.0,61.96382141113281,178.801025390625,100.42437744140625,6.339911460876465,23.76066780090332,34.82115173339844
2018-08-14,49.68585205078125,95.98249816894531,16.869121551513672,310815.0,62.43525314331055,179.85366821289062,101.67723846435547,6.471353530883789,23.176000595092773,34.99221420288086
2018-08-15,49.801918029785156,94.13099670410156,16.81052589416504,309050.0,61.14897918701172,178.28463745117188,100.2984390258789,6.413183689117432,22.57933235168457,34.598758697509766
2018-08-16,50.53152084350586,94.32599639892578,16.982229232788086,313000.0,60.74403762817383,173.4881134033203,100.2798080444336,6.372586250305176,22.363332748413086,34.56454086303711
2018-08-17,51.54063415527344,94.11100006103516,17.029430389404297,313465.0,60.336612701416016,172.59437561035156,100.22390747070312,6.060196876525879,20.366666793823242,34.325050354003906
2018-08-20,51.03844451904297,93.83550262451172,16.821916580200195,314060.0,60.63932800292969,171.30337524414062,99.56246948242188,6.134951591491699,20.562667846679688,34.29938888549805
2018-08-21,50.9389533996582,94.1709976196289,17.13033676147461,313725.0,60.41402053833008,171.4225311279297,98.73330688476562,6.270602703094482,21.459999084472656,34.97511291503906
2018-08-22,50.941322326660156,95.24500274658203,16.888648986816406,312400.0,60.629398345947266,172.4354705810547,99.73945617675781,6.505761623382568,21.44266700744629,34.98366165161133
2018-08-23,51.045562744140625,95.1449966430664,16.72996711730957,311983.0,60.60011672973633,171.7006072998047,100.20527648925781,6.605271339416504,21.34000015258789,34.79549026489258
2018-08-24,51.204254150390625,95.26950073242188,17.007455825805664,312850.0,61.373779296875,173.43846130371094,100.98783874511719,6.7384467124938965,21.521333694458008,35.27448654174805
2018-08-27,51.62592315673828,96.38400268554688,17.330516815185547,316200.0,62.34245681762695,176.22898864746094,102.10578918457031,6.829540252685547,21.284666061401367,35.52252960205078
2018-08-28,52.04281234741211,96.64099884033203,17.449325561523438,317124.0,61.82585906982422,175.0373077392578,102.72065734863281,6.79191255569458,20.790666580200195,36.22392272949219
2018-08-29,52.819793701171875,99.90499877929688,17.494890213012695,317505.0,62.75831985473633,174.67979431152344,104.36032104492188,6.897422790527344,20.333999633789062,37.74642562866211
2018-08-30,53.305397033691406,100.11900329589844,17.62998390197754,317000.0,62.251644134521484,176.40774536132812,104.29508972167969,6.880580902099609,20.209999084472656,37.173343658447266
2018-08-31,53.92129135131836,100.635498046875,17.82364845275879,315800.0,61.128135681152344,174.51097106933594,104.64912414550781,6.951662063598633,20.110666275024414,37.2931022644043
2018-09-04,54.09420394897461,101.97550201416016,17.856203079223633,317250.0,60.11132049560547,169.97268676757812,104.07150268554688,7.026459693908691,19.26333236694336,37.72932434082031
2018-09-05,53.74124526977539,99.74099731445312,18.01813507080078,319920.0,59.505401611328125,166.02029418945312,101.07169342041016,6.895687580108643,18.715999603271484,37.82341766357422
2018-09-06,52.84822082519531,97.91549682617188,17.57463836669922,320035.0,58.75556182861328,161.40257263183594,101.30457305908203,6.754514694213867,18.729999542236328,37.67801284790039
2018-09-07,52.42182540893555,97.60350036621094,18.926288604736328,321700.0,58.43796157836914,161.90899658203125,100.81084442138672,6.733216285705566,17.549333572387695,38.387943267822266
2018-09-10,51.718299865722656,96.95050048828125,19.579730987548828,322560.0,58.312408447265625,163.04110717773438,101.90084075927734,6.804298400878906,19.03333282470703,38.16554641723633
2018-09-11,53.02587890625,99.35749816894531,18.923845291137695,323242.0,59.05331039428711,164.78890991210938,103.63363647460938,6.756497859954834,18.62933349609375,38.10568618774414
2018-09-12,52.367340087890625,99.5,18.707387924194336,322340.0,58.14071273803711,160.876220703125,104.07150268554688,6.642567157745361,19.369333267211914,37.58391571044922
2018-09-13,53.63228988647461,99.49349975585938,19.157390594482422,321575.0,58.66374969482422,160.2406768798828,105.18944549560547,6.720336437225342,19.297332763671875,37.14769744873047
2018-09-14,53.02350997924805,98.5094985961914,19.232261657714844,324999.0,58.45730972290039,161.1940155029297,105.6180191040039,6.846402168273926,19.68000030517578,37.985931396484375
2018-09-17,51.61170196533203,95.40149688720703,19.1093807220459,324575.0,57.556617736816406,159.46607971191406,104.47212219238281,6.784484386444092,19.6560001373291,37.42995071411133
2018-09-18,51.69697570800781,97.05249786376953,19.65458869934082,327436.0,57.91788864135742,159.1880340576172,105.46893310546875,6.7124104499816895,18.997333526611328,37.25888442993164
2018-09-19,51.7277717590332,96.32099914550781,19.823482513427734,332000.0,58.2732048034668,161.9288787841797,104.06219482421875,6.736189365386963,19.934667587280273,37.6523323059082
2018-09-20,52.12098693847656,97.21499633789062,20.080923080444336,333415.0,59.131717681884766,164.86834716796875,105.80433654785156,6.595014572143555,19.8886661529541,37.78064727783203
2018-09-21,51.55958557128906,95.75050354003906,20.340816497802734,331336.0,58.16651153564453,161.79977416992188,106.44715118408203,6.524923801422119,19.940000534057617,37.686561584472656
2018-09-24,52.301025390625,96.71800231933594,20.451499938964844,327840.0,58.53571701049805,164.26255798339844,106.8291015625,6.5806498527526855,19.978666305541992,38.39650344848633
2018-09-25,52.63265609741211,98.72750091552734,20.30392837524414,328500.0,59.246849060058594,163.7660369873047,106.62416076660156,6.647768974304199,20.06599998474121,37.78064727783203
2018-09-26,52.2133674621582,98.74250030517578,20.121910095214844,324286.0,59.25528335571289,165.79190063476562,106.186279296875,6.610865116119385,20.6386661529541,37.86617660522461
2018-09-27,53.286434173583984,100.64900207519531,20.205537796020508,324731.0,59.91529846191406,167.66879272460938,106.5868911743164,6.622753620147705,20.501333236694336,38.28530502319336
2018-09-28,53.47358322143555,100.1500015258789,20.228500366210938,320000.0,59.90140151977539,163.31918334960938,106.54963684082031,6.960083484649658,17.65133285522461,37.77208709716797
2018-10-01,53.833648681640625,100.21800231933594,20.456418991088867,321930.0,59.973350524902344,161.3131866455078,107.70484161376953,7.166642189025879,20.713333129882812,38.19977569580078
2018-10-02,54.3121452331543,98.56549835205078,20.340816497802734,322900.0,59.92919158935547,158.22476196289062,107.27629852294922,7.095310688018799,20.06800079345703,37.31020736694336
2018-10-03,54.97304153442383,97.63800048828125,20.449039459228516,323878.0,60.12223434448242,161.30325317382812,107.2949447631836,7.101504325866699,19.65333366394043,37.60102462768555
2018-10-04,54.0065803527832,95.47100067138672,20.346555709838867,327900.0,58.41215133666992,157.74807739257812,105.07766723632812,6.917236804962158,18.788667678833008,36.29234313964844
2018-10-05,53.130096435546875,94.48249816894531,20.02353286743164,329500.0,57.953617095947266,156.23861694335938,104.4627914428711,6.683681964874268,17.463333129882812,35.60805892944336
2018-10-08,53.006927490234375,93.22100067138672,19.78905487060547,333337.0,57.362586975097656,156.1591796875,103.27030944824219,6.58238410949707,16.70400047302246,35.03498840332031
2018-10-09,53.74124526977539,93.51599884033203,20.06206512451172,335630.0,56.82910919189453,156.8046875,104.58389282226562,6.576686859130859,17.520000457763672,34.98366165161133
2018-10-10,51.25164031982422,87.76249694824219,19.006898880004883,319100.0,54.198490142822266,150.3299102783203,98.9010009765625,6.085057735443115,17.125333786010742,33.65787887573242
2018-10-11,50.799198150634766,85.96800231933594,18.766679763793945,308000.0,54.128021240234375,152.2862548828125,98.66810607910156,5.823516368865967,16.815332412719727,33.30718994140625
2018-10-12,52.61370086669922,89.43049621582031,19.09872817993164,310000.0,55.60685348510742,152.67352294921875,102.07781982421875,6.106110095977783,17.25200080871582,33.923038482666016
2018-10-15,51.488521575927734,88.04750061035156,19.059368133544922,308000.0,54.708641052246094,152.45506286621094,100.24252319335938,5.829708099365234,17.305999755859375,33.144676208496094
2018-10-16,52.62317657470703,90.99800109863281,19.538991928100586,314750.0,56.229148864746094,157.67855834960938,103.41004943847656,6.088526248931885,18.439332962036133,34.22240447998047
2018-10-17,52.39577102661133,91.58650207519531,19.4447021484375,315200.0,55.95670700073242,158.31411743164062,103.13987731933594,6.019920825958252,18.118667602539062,33.8460578918457
2018-10-18,51.171104431152344,88.53600311279297,18.694530487060547,313200.0,54.48384094238281,153.8453369140625,101.08099365234375,5.932491779327393,17.5939998626709,32.96504592895508
2018-10-19,51.950439453125,88.20149993896484,18.715845108032227,314477.0,54.84461212158203,152.9813690185547,101.23007202148438,5.675902843475342,17.333332061767578,32.8880615234375
2018-10-22,52.267852783203125,89.46499633789062,18.743722915649414,309080.0,55.15178680419922,153.706298828125,102.13373565673828,5.726675987243652,17.39666748046875,33.11899948120117
2018-10-23,52.76057434082031,88.43499755859375,18.778976440429688,305100.0,55.32746124267578,153.3190155029297,100.70833587646484,5.475040435791016,19.609333038330078,32.5031623840332
2018-10-24,50.9508056640625,83.20999908447266,17.93123435974121,299995.0,52.45962905883789,145.0269317626953,95.32356262207031,4.938831806182861,19.233333587646484,31.20302391052246
2018-10-25,52.06651306152344,89.1084976196289,18.220653533935547,302231.0,54.76571273803711,149.9028778076172,100.89466857910156,5.147618293762207,20.99066734313965,31.981395721435547
2018-10-26,51.237422943115234,82.1405029296875,17.475400924682617,296805.0,53.78114700317383,144.36160278320312,99.64630126953125,4.9110918045043945,22.059999465942383,31.36554718017578
2018-10-29,50.27568817138672,76.94400024414062,17.340112686157227,300000.0,51.34852600097656,141.10435485839844,96.74896240234375,4.597290992736816,22.323333740234375,31.074726104736328
2018-10-30,50.52678680419922,76.52100372314453,18.11980628967285,305579.0,52.08198165893555,145.20570373535156,96.63716888427734,5.027744770050049,21.99333381652832,32.314979553222656
2018-10-31,51.84384536743164,79.90049743652344,18.323137283325195,307705.0,54.12009048461914,150.73703002929688,99.50655364990234,5.221673011779785,22.488000869750977,32.58869171142578
2018-11-01,52.6397590637207,83.27649688720703,18.847026824951172,308366.0,53.891807556152344,150.6973419189453,98.67739868164062,5.401976585388184,22.95199966430664,33.401268005371094
2018-11-02,49.148128509521484,83.27649688720703,18.100128173828125,308411.0,53.1727409362793,149.30703735351562,98.9010009765625,5.322971343994141,23.0939998626709,33.17033004760742
2018-11-05,47.752899169921875,81.38999938964844,18.04438018798828,323935.0,52.39065170288086,147.64862060546875,100.15869903564453,5.2449541091918945,22.760000228881836,32.91372299194336
2018-11-06,48.26930236816406,82.1405029296875,18.713390350341797,327050.0,53.077457427978516,148.89988708496094,100.3543472290039,5.227368354797363,22.737333297729492,33.127559661865234
2018-11-07,49.73322677612305,87.77449798583984,19.217607498168945,331391.0,54.996463775634766,150.47885131835938,104.30442810058594,5.294984817504883,23.21066665649414,33.512474060058594
2018-11-08,49.55970764160156,87.74549865722656,19.69722557067871,333200.0,54.32106399536133,146.84420776367188,104.10877227783203,5.101800441741943,23.426666259765625,33.101898193359375
2018-11-09,48.60410690307617,85.62149810791016,19.593923568725586,329665.0,53.447166442871094,143.9544219970703,102.07781982421875,5.093873977661133,23.367332458496094,32.56303405761719
2018-11-12,46.15571975708008,81.84249877929688,18.334606170654297,323040.0,52.07453918457031,140.56809997558594,99.56246948242188,4.6943793296813965,22.0853328704834,31.69913673400879
2018-11-13,45.6945686340332,81.55850219726562,18.43299674987793,326700.0,52.00556564331055,141.17384338378906,99.6276626586914,4.9363555908203125,22.582000732421875,31.989959716796875
2018-11-14,44.40382385253906,79.95050048828125,18.545316696166992,323700.0,52.33358383178711,143.2195587158203,98.21482849121094,4.883847236633301,22.933332443237305,32.366302490234375
2018-11-15,45.49964141845703,80.97200012207031,19.376659393310547,326300.0,53.15090560913086,142.8521270751953,100.37620544433594,5.012638092041016,23.229333877563477,32.94794464111328
2018-11-16,46.003597259521484,79.67050170898438,19.48078727722168,328350.0,53.01295471191406,138.5620880126953,101.32119750976562,4.072474002838135,23.62066650390625,31.536623001098633
2018-11-19,44.18037033081055,75.614501953125,18.785539627075195,326706.0,50.98576354980469,130.63746643066406,97.88736724853516,3.5838167667388916,23.564666748046875,30.835233688354492
2018-11-20,42.06953048706055,74.77300262451172,18.669113159179688,315970.0,51.136131286621094,131.51133728027344,95.16463470458984,3.6922969818115234,23.166000366210938,30.48454475402832
2018-11-21,42.02198791503906,75.83650207519531,18.85686492919922,316301.0,51.78026580810547,133.88478088378906,96.47454833984375,3.584064483642578,22.54599952697754,30.93787956237793
2018-11-23,40.954673767089844,75.10299682617188,18.84866714477539,310340.0,51.1187629699707,130.8162078857422,96.43711853027344,3.5912463665008545,21.722000122070312,30.758249282836914
2018-11-26,41.5085334777832,79.06649780273438,19.292213439941406,316040.0,52.40107345581055,135.43392944335938,99.61832427978516,3.7906224727630615,23.066667556762695,31.510963439941406
2018-11-27,41.41820526123047,79.07099914550781,19.334840774536133,318696.0,52.21944046020508,134.06350708007812,100.24520874023438,3.807464361190796,22.92799949645996,31.476741790771484
2018-11-28,43.010860443115234,83.88749694824219,19.284832000732422,325000.0,54.18012619018555,135.81130981445312,103.96908569335938,3.964488983154297,23.191333770751953,32.51171112060547
2018-11-29,42.6804313659668,83.67849731445312,19.330747604370117,326481.0,54.3185920715332,137.71798706054688,103.09892272949219,3.9012694358825684,22.744667053222656,32.44328689575195
2018-11-30,42.44986343383789,84.50849914550781,19.464384078979492,326000.0,55.06643295288086,139.63462829589844,103.75386810302734,4.051755905151367,23.365333557128906,32.15247344970703
2018-12-03,43.933170318603516,88.61799621582031,19.8464412689209,330921.0,55.39942169189453,140.1112518310547,104.87666320800781,4.215632438659668,23.89933204650879,33.127559661865234
2018-12-04,42.00058364868164,83.41999816894531,19.02411651611328,315000.0,52.72512435913086,136.9731903076172,101.53638458251953,3.895071029663086,23.979999542236328,32.02416229248047
2018-12-06,41.532310485839844,84.95950317382812,18.630578994750977,312000.0,53.4997673034668,138.66140747070312,102.16326141357422,3.924325942993164,24.20400047302246,31.52806282043457
2018-12-07,40.0513916015625,81.45649719238281,18.738805770874023,307674.0,51.93657684326172,136.4667510986328,98.07447814941406,3.6595468521118164,23.864667892456055,31.23724937438965
2018-12-10,40.31523895263672,82.05149841308594,19.615236282348633,304600.0,52.26411056518555,140.86599731445312,100.6662368774414,3.7649128437042236,24.343332290649414,31.160259246826172
2018-12-11,40.084686279296875,82.16200256347656,20.237510681152344,303226.0,52.68442916870117,141.0944061279297,101.60188293457031,3.6739273071289062,24.450666427612305,31.391210556030273
2018-12-12,40.19638442993164,83.177001953125,20.904876708984375,303600.0,53.283905029296875,143.49761962890625,102.06036376953125,3.691528558731079,24.440000534057617,31.972837448120117
2018-12-13,40.63615798950195,82.91899871826172,21.177080154418945,303750.0,53.27447509765625,144.00408935546875,102.40654754638672,3.6912803649902344,25.119333267211914,31.93007469177246
2018-12-14,39.33588790893555,79.59549713134766,20.892589569091797,300320.0,52.191158294677734,143.0606689453125,99.20661926269531,3.630788803100586,24.380666732788086,31.24579429626465
2018-12-17,38.969818115234375,76.04550170898438,20.83519172668457,297000.0,50.89793014526367,139.217529296875,96.2686996459961,3.5596354007720947,23.22800064086914,30.98064422607422
2018-12-18,39.47614669799805,77.5739974975586,20.68523406982422,294500.0,51.779273986816406,142.66346740722656,97.27919006347656,3.6429362297058105,22.468666076660156,31.442523956298828
2018-12-19,38.24480056762695,74.75399780273438,20.20635986328125,293040.0,51.384742736816406,132.31573486328125,97.0172119140625,3.4339396953582764,22.197999954223633,30.989206314086914
2018-12-20,37.279720306396484,73.04149627685547,20.040658950805664,290100.0,50.795204162597656,132.474609375,94.97750854492188,3.3493993282318115,21.025333404541016,30.689830780029297
2018-12-21,35.8297004699707,68.87249755859375,20.290870666503906,288000.0,49.190826416015625,124.08324432373047,91.90858459472656,3.2123000621795654,21.31800079345703,30.544416427612305
2018-12-24,34.902645111083984,67.197998046875,19.37040138244629,282640.0,48.86429214477539,123.19940948486328,88.07242584228516,3.1505672931671143,19.69266700744629,30.185171127319336
2018-12-26,37.360530853271484,73.54499816894531,20.558473587036133,294850.0,51.99960708618164,133.24920654296875,94.08863830566406,3.2998149394989014,21.73933219909668,31.442523956298828
2018-12-27,37.118072509765625,73.08200073242188,20.78299903869629,298500.0,52.25020980834961,133.5868682861328,94.66874694824219,3.2519664764404297,21.075332641601562,31.45963478088379
2018-12-28,37.137088775634766,73.9010009765625,21.010007858276367,302600.0,51.94154357910156,132.2760009765625,93.92957305908203,3.313450574874878,22.257999420166016,31.767568588256836
2018-12-31,37.49602508544922,75.09850311279297,21.067176818847656,306000.0,51.8561897277832,130.18064880371094,95.03363800048828,3.309732437133789,22.18666648864746,31.57084083557129
2019-01-02,37.538818359375,76.95649719238281,21.003379821777344,304057.0,52.33854293823242,134.73880004882812,94.61260986328125,3.3771655559539795,20.674667358398438,31.23724937438965
2019-01-03,33.7996711730957,75.01399993896484,19.13511085510254,287000.0,50.88899612426758,130.82614135742188,91.13200378417969,3.1731271743774414,20.02400016784668,29.38970184326172
2019-01-04,35.2425651550293,78.76950073242188,19.32318115234375,292500.0,53.49927520751953,136.9930419921875,95.3704833984375,3.376422166824341,21.179332733154297,29.91147232055664
2019-01-07,35.164119720458984,81.47550201416016,19.716718673706055,295400.0,53.392578125,137.0923614501953,95.49213409423828,3.5551726818084717,22.33066749572754,30.13385009765625
2019-01-08,35.834449768066406,82.8290023803711,19.558467864990234,294300.0,53.861541748046875,141.5413055419922,96.18449401855469,3.466665506362915,22.356666564941406,29.88579750061035
2019-01-09,36.44298553466797,82.97100067138672,20.404375076293945,294560.0,53.67692947387695,143.22950744628906,97.55986785888672,3.534843683242798,22.568666458129883,30.458879470825195
2019-01-10,36.5594596862793,82.81099700927734,20.672807693481445,295160.0,53.5369873046875,143.19970703125,96.9330062866211,3.600541830062866,22.99799919128418,31.151718139648438
2019-01-11,36.200523376464844,82.02799987792969,20.759803771972656,293980.0,52.824378967285156,142.80247497558594,96.18449401855469,3.689793825149536,23.150667190551758,31.314226150512695
2019-01-14,35.65617370605469,80.8604965209961,20.784658432006836,292371.0,52.18123245239258,144.3814697265625,95.48274230957031,3.729708194732666,22.293333053588867,30.58718490600586
2019-01-15,36.38594055175781,83.72799682617188,21.250272750854492,295000.0,53.91810607910156,147.916748046875,98.25230407714844,3.7155773639678955,22.961999893188477,30.826675415039062
2019-01-16,36.830448150634766,84.18900299072266,20.853418350219727,295811.0,54.066986083984375,146.51654052734375,98.59847259521484,3.690042018890381,23.06999969482422,30.48454475402832
2019-01-17,37.049137115478516,84.66100311279297,21.154165267944336,297547.0,54.543888092041016,147.27127075195312,99.29084777832031,3.761442184448242,23.15399932861328,31.040517807006836
2019-01-18,37.277339935302734,84.80999755859375,21.609018325805664,306500.0,54.94981384277344,148.99917602539062,100.77850341796875,3.890608072280884,20.150667190551758,31.510963439941406
2019-01-22,36.440608978271484,81.6084976196289,21.39940643310547,300531.0,53.52706527709961,146.54632568359375,98.87915802001953,3.688305616378784,19.92799949645996,31.108949661254883
2019-01-23,36.58798599243164,82.0009994506836,21.335613250732422,301835.0,53.81389617919922,143.2989959716797,99.84284973144531,3.701197385787964,19.172666549682617,31.211591720581055
2019-01-24,36.29798889160156,82.74649810791016,21.83519744873047,301680.0,53.793556213378906,144.8184051513672,99.36569213867188,3.9131696224212646,19.43400001525879,32.19522476196289
2019-01-25,37.50078582763672,83.52850341796875,22.198909759521484,303531.0,54.66249084472656,147.976318359375,100.27327728271484,3.9704384803771973,19.80266761779785,32.62290573120117
2019-01-28,37.153724670410156,81.89450073242188,22.172401428222656,301000.0,53.58810043334961,146.447021484375,98.31777954101562,3.421544075012207,19.7586669921875,32.02416229248047
2019-01-29,36.768638610839844,79.69400024414062,22.0646915435791,303000.0,53.10177993774414,143.1897735595703,96.31548309326172,3.2626266479492188,19.83066749572754,31.074726104736328
2019-01-30,39.28121566772461,83.52149963378906,22.437524795532227,309180.0,54.48781204223633,149.37655639648438,99.53409576416016,3.406172275543213,20.584667205810547,31.972837448120117
2019-01-31,39.564090728759766,85.9365005493164,22.224594116210938,311500.0,55.872344970703125,165.53369140625,97.70960998535156,3.5638492107391357,20.468000411987305,32.17813491821289
2019-02-01,39.58311462402344,81.3115005493164,22.105287551879883,313875.0,55.511573791503906,164.5605010986328,96.16580200195312,3.588146448135376,20.81399917602539,32.13536834716797
2019-02-04,40.70746612548828,81.66549682617188,22.545225143432617,312000.0,56.64301681518555,168.075927734375,98.93529510498047,3.6984710693359375,20.859333038330078,32.451839447021484
2019-02-05,41.40393829345703,82.94049835205078,22.369579315185547,310700.0,57.16160202026367,169.97268676757812,100.32003784179688,3.717560291290283,21.42333221435547,32.71699523925781
2019-02-06,41.41820526123047,82.01300048828125,22.884084701538086,308810.0,55.72347640991211,169.3073272705078,99.20661926269531,3.7931764125823975,21.148000717163086,33.13612365722656
2019-02-07,40.633766174316406,80.71849822998047,22.294187545776367,302813.0,54.880836486816406,165.22584533691406,98.49552154541016,3.654836893081665,20.500667572021484,32.60580062866211
2019-02-08,40.6815299987793,79.41100311279297,22.70595932006836,300771.0,54.70566177368164,166.16928100585938,98.86978149414062,3.6734306812286377,20.386667251586914,32.32352828979492
2019-02-11,40.44755554199219,79.55000305175781,22.84348487854004,304884.0,54.69275665283203,164.63990783691406,98.4768295288086,3.630788803100586,20.856000900268555,32.7512092590332
2019-02-12,40.79610061645508,81.90049743652344,23.147544860839844,309260.0,55.956214904785156,163.89512634277344,100.01128387451172,3.7478058338165283,20.78733253479004,33.05058288574219
2019-02-13,40.62660598754883,82.0,23.307443618774414,308320.0,56.00831985473633,162.931884765625,99.93645477294922,3.790201187133789,20.544666290283203,32.61435317993164
2019-02-14,40.77462387084961,81.13249969482422,23.322359085083008,303890.0,56.03660202026367,162.8126983642578,100.02063751220703,3.8311076164245605,20.251333236694336,32.554481506347656
2019-02-15,40.68391036987305,80.39749908447266,23.357988357543945,308139.0,55.56169128417969,161.3727569580078,101.25569915771484,3.900773525238037,20.525333404541016,32.58013153076172
2019-02-19,40.805641174316406,81.37899780273438,23.33561134338379,307315.0,55.903114318847656,161.1642303466797,101.20892333984375,3.8834187984466553,20.375999450683594,32.896629333496094
2019-02-20,41.068260192871094,81.1050033569336,23.481435775756836,309500.0,55.60932540893555,161.43234252929688,100.68270874023438,3.930771827697754,20.17066764831543,33.358497619628906
2019-02-21,40.8366813659668,80.97200012207031,23.275970458984375,307925.0,54.79646682739258,158.92982482910156,102.80630493164062,3.8618502616882324,19.415332794189453,33.34139633178711
2019-02-22,41.292659759521484,81.5780029296875,22.908113479614258,302000.0,55.409339904785156,160.7670135498047,104.27215576171875,3.9466381072998047,19.6473331451416,33.69208908081055
2019-02-25,41.59345245361328,81.6500015258789,23.08209800720215,303300.0,55.44755172729492,163.47804260253906,104.85472869873047,3.934242010116577,19.917999267578125,33.85460662841797
2019-02-26,41.617340087890625,81.81999969482422,22.783832550048828,302500.0,55.6797981262207,162.991455078125,105.57823944091797,3.8948235511779785,19.857332229614258,33.871707916259766
2019-02-27,41.74623489379883,82.05449676513672,22.493030548095703,303000.0,55.72347640991211,161.6805877685547,105.39971923828125,3.8529253005981445,20.982667922973633,33.743412017822266
2019-02-28,41.335628509521484,81.99150085449219,22.813661575317383,302200.0,55.905094146728516,160.3300323486328,105.26817321777344,3.828354835510254,21.325332641601562,33.401268005371094
2019-03-01,41.770118713378906,83.58650207519531,22.59741973876953,304860.0,56.995361328125,161.15426635742188,105.73799133300781,3.8827056884765625,19.652666091918945,33.69208908081055
2019-03-04,41.98019027709961,84.80850219726562,22.774723052978516,303400.0,57.238521575927734,166.20895385742188,105.48429870605469,3.8908958435058594,19.02400016784668,33.48680877685547
2019-03-05,41.90380859375,84.62149810791016,22.950366973876953,302600.0,58.02111053466797,170.07196044921875,104.95808410644531,3.8844428062438965,18.43600082397461,33.375614166259766
2019-03-06,41.66267776489258,83.44750213623047,22.481422424316406,301375.0,57.810211181640625,171.31332397460938,105.00506591796875,3.773508071899414,18.416000366210938,33.17887496948242
2019-03-07,41.18045425415039,81.29750061035156,21.99758529663086,299050.0,57.11098861694336,167.956787109375,103.72715759277344,3.7042675018310547,18.439332962036133,33.04203414916992
2019-03-08,41.27834701538086,81.04000091552734,21.888219833374023,299000.0,57.06731414794922,168.42352294921875,103.83991241455078,3.738515615463257,18.94266700744629,32.67422866821289
2019-03-11,42.70830535888672,83.53099822998047,22.29170799255371,303279.0,58.520835876464844,170.8763885498047,106.0198745727539,3.9990999698638916,19.39466667175293,33.05058288574219
2019-03-12,43.18815612792969,83.65499877929688,22.338926315307617,304235.0,59.41358184814453,170.72740173339844,106.76221466064453,4.033348560333252,18.890666961669922,33.272979736328125
2019-03-13,43.37914276123047,84.54049682617188,22.469829559326172,306300.0,59.5034065246582,172.16737365722656,107.58908081054688,4.18473482131958,19.263999938964844,33.53813171386719
2019-03-14,43.861366271972656,84.31099700927734,22.220447540283203,305350.0,59.17935562133789,168.9895477294922,107.67364501953125,4.108794212341309,19.33066749572754,33.20454025268555
2019-03-15,44.43193054199219,85.61799621582031,24.050613403320312,307250.0,59.068695068359375,164.82861328125,108.91398620605469,4.214268207550049,18.36199951171875,33.91448974609375
2019-03-18,44.885498046875,87.10749816894531,24.344730377197266,309996.0,58.98185348510742,159.35684204101562,110.47379302978516,4.192924976348877,17.965999603271484,34.08554458618164
2019-03-19,44.5297966003418,88.09249877929688,24.797927856445312,307900.0,59.6721305847168,160.44920349121094,110.54896545410156,4.360692024230957,17.83133316040039,34.00857162475586
2019-03-20,44.9189338684082,89.8635025024414,24.32731056213379,305505.0,60.861637115478516,164.29237365722656,110.42681121826172,4.32818078994751,18.239999771118164,34.08554458618164
2019-03-21,46.57330322265625,90.96299743652344,24.80962562561035,307120.0,61.34300994873047,164.9279327392578,112.96385192871094,4.56494140625,18.26799964904785,35.103416442871094
2019-03-22,45.608856201171875,88.2385025024414,24.462726593017578,301225.0,59.9296875,163.20001220703125,109.98518371582031,4.40511417388916,17.635332107543945,34.58164978027344
2019-03-25,45.05739974975586,88.71299743652344,24.421770095825195,299380.0,59.4200439453125,165.136474609375,110.55835723876953,4.3127946853637695,17.3613338470459,34.14542007446289
2019-03-26,44.59186935424805,89.18800354003906,24.82884979248047,300961.0,59.04586410522461,166.51681518554688,110.79326629638672,4.3894805908203125,17.851333618164062,34.55598831176758
2019-03-27,44.99293899536133,88.28500366210938,24.740251541137695,299764.0,58.458805084228516,164.71939086914062,109.72206115722656,4.380298137664795,18.32200050354004,34.384918212890625
2019-03-28,45.05261993408203,88.6709976196289,24.99937629699707,301250.0,58.1739501953125,164.401611328125,109.87242889404297,4.398909568786621,18.57466697692871,34.50466537475586
2019-03-29,45.34625244140625,89.0374984741211,25.136465072631836,301215.0,58.403221130371094,165.53369140625,110.82147216796875,4.456239700317383,18.657333374023438,35.03498840332031
2019-04-01,45.654205322265625,90.70950317382812,25.561105728149414,307800.0,59.49943923950195,167.52976989746094,111.83629608154297,4.523742198944092,19.278667449951172,35.385684967041016
2019-04-02,46.31787109375,90.6989974975586,25.33206558227539,306000.0,59.824981689453125,172.99160766601562,111.99600982666016,4.541611671447754,19.058666229248047,35.30014419555664
2019-04-03,46.6353874206543,91.03500366210938,25.428197860717773,305750.0,60.08649826049805,172.33615112304688,112.72893524169922,4.681085586547852,19.45400047302246,35.74492263793945
2019-04-04,46.716552734375,90.94300079345703,25.24429702758789,306461.0,60.515262603759766,174.7989959716797,112.15575408935547,4.672152042388916,17.851999282836914,35.958770751953125
2019-04-05,47.02928161621094,91.86399841308594,25.434885025024414,307776.0,60.11825942993164,174.5010528564453,112.65376281738281,4.7389116287231445,18.33066749572754,36.12127685546875
2019-04-08,47.76932907104492,92.49299621582031,25.45160675048828,307461.0,59.9609489440918,173.7165069580078,112.69135284423828,4.759757995605469,18.213333129882812,36.25813293457031
2019-04-09,47.626094818115234,91.79199981689453,25.36550521850586,307380.0,59.68354415893555,176.34815979003906,112.08057403564453,4.696969509124756,18.15399932861328,36.10416793823242
2019-04-10,47.893470764160156,92.36650085449219,25.70488166809082,307000.0,59.87013626098633,176.58648681640625,112.9356460571289,4.76745080947876,18.40399932861328,36.241024017333984
2019-04-11,47.49479675292969,92.20349884033203,25.863704681396484,309875.0,60.025962829589844,176.27862548828125,113.06720733642578,4.75355339050293,17.89466667175293,36.010074615478516
2019-04-12,47.4756965637207,92.15299987792969,26.50066375732422,314250.0,60.678035736083984,177.8576202392578,113.64976501464844,4.715582370758057,17.84666633605957,36.42064666748047
2019-04-15,47.56163024902344,92.24349975585938,26.447998046875,314500.0,60.86661148071289,178.40379333496094,113.7437515258789,4.58380126953125,17.7586669921875,36.44629669189453
2019-04-16,47.5664176940918,93.1520004272461,26.623538970947266,317500.0,61.13359069824219,177.62921142578125,113.48065948486328,4.670910835266113,18.224000930786133,36.78844451904297
2019-04-17,48.49267578125,93.24099731445312,26.793230056762695,316040.0,61.54200744628906,177.53982543945312,114.42029571533203,4.648080348968506,18.082000732421875,37.96882629394531
2019-04-18,48.666954040527344,93.08450317382812,26.63356590270996,315330.0,61.608009338378906,177.0432891845703,115.92371368408203,4.623509883880615,18.21733283996582,38.83272171020508
2019-04-22,48.82689666748047,94.3655014038086,26.330970764160156,314100.0,62.2178955078125,180.18138122558594,116.2901611328125,4.677363872528076,17.516666412353516,38.6188850402832
2019-04-23,49.531131744384766,96.1884994506836,26.384471893310547,317684.0,63.05308532714844,182.50514221191406,117.8687744140625,4.731963157653809,17.593332290649414,38.84981918334961
2019-04-24,49.454750061035156,95.0875015258789,26.27496337890625,316000.0,62.5300407409668,181.3134765625,117.46471405029297,4.744370937347412,17.243999481201172,38.84128189086914
2019-04-25,49.00593948364258,95.11250305175781,26.065155029296875,318500.0,62.89180374145508,191.9193878173828,121.35487365722656,4.638648986816406,16.5086669921875,38.045806884765625
2019-04-26,48.77198791503906,97.53150177001953,25.94729232788086,321000.0,63.392024993896484,190.1616668701172,122.05018615722656,4.4197587966918945,15.675999641418457,37.58391571044922
2019-04-29,48.84598922729492,96.92150115966797,26.14038848876953,324921.0,64.32398223876953,193.42884826660156,121.93743896484375,4.45053243637085,16.097999572753906,37.489830017089844
2019-04-30,47.9054069519043,96.32599639892578,26.615175247192383,325080.0,59.49844741821289,192.0584259033203,122.71733856201172,4.491976737976074,15.912667274475098,37.48126983642578
2019-05-01,50.25687026977539,95.57599639892578,26.656970977783203,325900.0,58.2260627746582,191.69097900390625,120.1614990234375,4.478824615478516,15.600666999816895,37.48126983642578
2019-05-02,49.92981719970703,95.04100036621094,26.39951515197754,324214.0,57.88811492919922,191.19444274902344,118.59229278564453,4.546326637268066,16.273332595825195,37.977378845214844
2019-05-03,50.550498962402344,98.12300109863281,26.390321731567383,327766.0,59.03147506713867,194.11404418945312,121.11993408203125,4.541860103607178,17.00200080871582,38.24253463745117
2019-05-06,49.76986312866211,97.52749633789062,26.04425621032715,320000.0,59.22550964355469,192.5350799560547,120.41519165039062,4.463436126708984,17.022666931152344,37.42995071411133
2019-05-07,48.428218841552734,96.05000305175781,25.686494827270508,315120.0,58.5009880065918,188.45358276367188,117.94393920898438,4.2961649894714355,16.470666885375977,37.42995071411133
2019-05-08,48.43777084350586,95.88849639892578,25.36049461364746,314750.0,58.10001754760742,188.2251739501953,117.9345474243164,4.316269874572754,16.32266616821289,37.37863540649414
2019-05-09,47.91734313964844,94.99349975585938,25.416494369506836,314400.0,57.960567474365234,187.34133911132812,117.9251480102539,4.223700523376465,16.131999969482422,36.99372863769531
2019-05-10,47.25352478027344,94.4990005493164,25.408132553100586,315500.0,57.944190979003906,187.03350830078125,119.45677947998047,4.189699172973633,15.968000411987305,36.634490966796875
2019-05-13,44.507171630859375,91.13400268554688,24.523746490478516,308360.0,56.40333557128906,180.28065490722656,115.90491485595703,3.9323415756225586,15.133999824523926,35.0606575012207
2019-05-14,45.21172332763672,92.00599670410156,25.24429702758789,306850.0,55.821231842041016,179.47630310058594,117.2016372680664,4.021435737609863,15.487333297729492,35.898887634277344
2019-05-15,45.753334045410156,93.55750274658203,25.442401885986328,305580.0,58.101009368896484,184.9778594970703,118.85209655761719,3.9603848457336426,15.463333129882812,35.898887634277344
2019-05-16,45.552024841308594,95.37850189208984,24.850584030151367,307936.0,58.78086853027344,185.69288635253906,121.5965805053711,3.9755239486694336,15.222000122070312,35.52252960205078
2019-05-17,45.293209075927734,93.44999694824219,24.23202133178711,306355.0,58.00076675415039,184.01458740234375,120.78550720214844,3.884690523147583,14.0686674118042,34.42768859863281
2019-05-20,43.87690353393555,92.94850158691406,22.785903930664062,305362.0,56.80380630493164,181.4525146484375,119.04071807861328,3.766064167022705,13.690667152404785,33.067691802978516
2019-05-21,44.718055725097656,92.8759994506836,23.01494598388672,306225.0,57.28913879394531,183.53793334960938,119.68204498291016,3.8482096195220947,13.67199993133545,33.615116119384766
2019-05-22,43.802608489990234,92.98400115966797,22.50420570373535,304300.0,57.359107971191406,184.03448486328125,120.40826416015625,3.777231454849243,12.84866714477539,33.272979736328125
2019-05-23,43.0549201965332,90.77400207519531,21.741024017333984,304115.0,56.83755111694336,179.6153106689453,119.00299072265625,3.6561219692230225,13.03266716003418,32.56303405761719
2019-05-24,42.889556884765625,91.16400146484375,21.394121170043945,303000.0,56.50357437133789,179.80398559570312,119.05955505371094,3.6022675037384033,12.708666801452637,32.67422866821289
2019-05-28,42.712223052978516,91.82150268554688,21.272077560424805,301050.0,56.55072021484375,183.03147888183594,118.98413848876953,3.557098865509033,12.579999923706055,32.20378875732422
2019-05-29,42.508514404296875,90.95950317382812,21.241987228393555,299860.0,55.57707977294922,180.92617797851562,117.83350372314453,3.4828948974609375,12.657333374023438,32.23799514770508
2019-05-30,42.72898483276367,90.81600189208984,21.45096778869629,300877.0,55.650020599365234,181.74046325683594,118.57859802246094,3.456310510635376,12.54800033569336,32.53737258911133
2019-05-31,41.9549446105957,88.75350189208984,21.034679412841797,297060.0,54.91011428833008,176.23892211914062,116.64519500732422,3.3656225204467773,12.343999862670898,32.80253601074219
2019-06-03,41.53076171875,84.6344985961914,21.163415908813477,299742.0,51.54751968383789,163.01133728027344,113.02362060546875,3.3238818645477295,11.9313325881958,33.20454025268555
2019-06-04,43.05011749267578,86.47799682617188,22.209962844848633,304000.0,52.3291130065918,166.33807373046875,116.15477752685547,3.5529603958129883,12.90666675567627,33.409828186035156
2019-06-05,43.74509811401367,86.92500305175781,22.211637496948242,306400.0,51.84030532836914,167.00343322753906,118.67288970947266,3.510225772857666,13.105999946594238,32.69989013671875
2019-06-06,44.38735580444336,87.71800231933594,22.8026180267334,307900.0,51.995140075683594,167.16233825683594,120.54973602294922,3.572340965270996,13.729999542236328,32.8795051574707
2019-06-07,45.568817138671875,90.20149993896484,22.97648811340332,309265.0,53.017906188964844,172.14749145507812,123.92606353759766,3.6150755882263184,13.633333206176758,33.20454025268555
2019-06-10,46.151153564453125,93.03150177001953,23.42286491394043,311524.0,53.73201370239258,173.60731506347656,125.05786895751953,3.687873601913452,14.192000389099121,33.888816833496094
2019-06-11,46.6855583190918,93.18499755859375,23.696203231811523,310238.0,53.64665603637695,176.86456298828125,124.58629608154297,3.745516538619995,14.473333358764648,34.17963790893555
2019-06-12,46.53699493408203,92.76599884033203,23.38273811340332,307196.0,53.55038833618164,173.8257598876953,124.01094818115234,3.6324667930603027,13.950667381286621,33.75196838378906
2019-06-13,46.52739334106445,93.51499938964844,23.539884567260742,307445.0,54.14141845703125,176.23892211914062,124.79381561279297,3.683650255203247,14.260666847229004,33.743412017822266
2019-06-14,46.18949890136719,93.4834976196289,22.22919464111328,308206.0,53.907691955566406,180.07215881347656,124.91632080078125,3.5937082767486572,14.32800006866455,32.366302490234375
2019-06-17,46.465087890625,94.30149841308594,22.2325382232666,305480.0,54.284339904785156,187.69888305664062,125.29359436035156,3.603397846221924,15.001999855041504,32.21234130859375
2019-06-18,47.55788040161133,95.06849670410156,23.242307662963867,308885.0,54.84758758544922,187.16262817382812,127.47224426269531,3.79843807220459,14.982666969299316,33.53813171386719
2019-06-19,47.418880462646484,95.43949890136719,23.195493698120117,310966.0,54.81135940551758,186.17945861816406,127.9720687866211,3.8044004440307617,15.095333099365234,33.70064926147461
2019-06-20,47.7999153137207,95.90950012207031,23.325897216796875,312900.0,55.24259948730469,188.21527099609375,129.16041564941406,3.828749179840088,14.641332626342773,34.65007781982422
2019-06-21,47.63695526123047,95.56500244140625,23.122516632080078,309000.0,55.8465461730957,189.81407165527344,129.1792755126953,3.7706105709075928,14.790666580200195,34.658634185791016
2019-06-24,47.58903121948242,95.69499969482422,23.56219482421875,310650.0,55.416290283203125,191.26397705078125,129.9431915283203,3.7929718494415283,14.909333229064941,35.308631896972656
2019-06-25,46.86769485473633,93.91349792480469,23.335176467895508,312700.0,53.97121047973633,187.530029296875,125.84060668945312,3.763653516769409,14.650667190551758,34.37248992919922
2019-06-26,47.88139343261719,94.8915023803711,23.75122833251953,312705.0,53.61092758178711,186.35824584960938,126.31219482421875,3.95695424079895,14.618000030517578,34.513797760009766
2019-06-27,47.86701583862305,95.21399688720703,24.111587524414062,318285.0,53.42781448364258,188.18548583984375,126.51966094970703,4.055592060089111,14.855999946594238,34.964210510253906
2019-06-28,47.43085861206055,94.68150329589844,24.29302978515625,318350.0,53.73400115966797,191.66119384765625,126.34048461914062,4.080438137054443,14.897333145141602,34.59328079223633
2019-07-01,48.300777435302734,96.1094970703125,25.34708023071289,321891.0,54.587547302246094,191.66119384765625,127.96260070800781,4.128639221191406,15.14466667175293,36.54505920410156
2019-07-02,48.58356475830078,96.71549987792969,24.923437118530273,321515.0,55.212833404541016,193.64730834960938,128.8114776611328,4.030747413635254,14.970000267028809,36.03281784057617
2019-07-03,48.986167907714844,96.94999694824219,24.042383193969727,322900.0,55.728431701660156,195.83204650878906,129.64141845703125,4.043666362762451,15.65999984741211,35.61775207519531
2019-07-05,48.94302749633789,97.14550018310547,23.854190826416016,323149.0,56.208797454833984,195.03759765625,129.2641143798828,3.981055498123169,15.539999961853027,35.26448059082031
2019-07-08,47.93411636352539,97.61599731445312,23.204370498657227,322451.0,55.42075729370117,194.40203857421875,129.16986083984375,3.9060206413269043,15.355999946594238,34.72574996948242
2019-07-09,48.226497650146484,99.41500091552734,23.252473831176758,322200.0,55.79294967651367,197.82814025878906,128.6982421875,3.9085042476654053,15.337332725524902,35.034854888916016
2019-07-10,48.7033805847168,100.87049865722656,23.165552139282227,320591.0,56.61771774291992,201.32369995117188,130.0092010498047,3.9768314361572266,15.928000450134277,35.95335006713867
2019-07-11,48.34871292114258,100.05349731445312,23.297203063964844,319837.0,56.7750244140625,199.83409118652344,130.52789306640625,4.131373405456543,15.90666675567627,36.12114334106445
2019-07-12,48.72016143798828,100.55000305175781,24.08458137512207,321093.0,56.83755111694336,203.44883728027344,130.9994659423828,4.164417743682861,16.338666915893555,36.4125862121582
2019-07-15,49.17789077758789,101.04949951171875,24.333538055419922,320300.0,57.0941162109375,202.49549865722656,130.9994659423828,4.155969619750977,16.899999618530273,36.93364715576172
2019-07-16,49.00774002075195,100.49500274658203,23.97824478149414,319273.0,57.24051284790039,202.4259796142578,129.28305053710938,4.151249885559082,16.825332641601562,36.889495849609375
2019-07-17,48.732139587402344,99.60150146484375,24.05841636657715,311600.0,56.90703201293945,200.40013122558594,128.51910400390625,4.216594696044922,16.99066734313965,36.76583480834961
2019-07-18,49.285728454589844,98.8949966430664,24.45505714416504,312003.0,56.93183898925781,199.38723754882812,128.66055297851562,4.228272914886475,16.902666091918945,38.14356994628906
2019-07-19,48.55000686645508,98.22599792480469,24.473623275756836,309218.0,56.15322494506836,196.98402404785156,128.84915161132812,4.185039043426514,17.211999893188477,38.708805084228516
2019-07-22,49.659584045410156,99.28150177001953,24.992631912231445,307135.0,56.53334426879883,200.9165496826172,130.55621337890625,4.256595611572266,17.045333862304688,39.38882827758789
2019-07-23,50.04780197143555,99.72450256347656,25.38336753845215,309340.0,56.9720344543457,200.9562530517578,131.3673095703125,4.364426612854004,17.344667434692383,39.22985076904297
2019-07-24,50.00706100463867,100.04049682617188,25.635705947875977,312000.0,56.55915451049805,203.2403106689453,132.71595764160156,4.438963413238525,17.658666610717773,39.33583450317383
2019-07-25,49.61164855957031,98.69100189208984,25.35045623779297,310750.0,56.37107467651367,199.31768798828125,132.21612548828125,4.3077778816223145,15.254667282104492,38.52333068847656
2019-07-26,49.78418731689453,97.15249633789062,25.395179748535156,315000.0,61.79410171508789,198.3643798828125,133.30067443847656,4.349767684936523,15.202667236328125,38.382022857666016
2019-07-29,50.249107360839844,95.62249755859375,25.464385986328125,313529.0,61.626365661621094,194.58079528808594,133.0083465576172,4.343557357788086,15.718000411987305,38.80595016479492
2019-07-30,50.03342056274414,94.92649841308594,25.280406951904297,312430.0,60.93955993652344,195.6731414794922,132.3669891357422,4.3592095375061035,16.150667190551758,38.07292175292969
2019-07-31,51.054317474365234,93.33899688720703,24.4727783203125,308666.0,60.45323944091797,192.88265991210938,128.51910400390625,4.1919965744018555,16.107332229614258,37.64900588989258
2019-08-01,49.949554443359375,92.76599884033203,24.08035659790039,303660.0,60.1346435546875,191.39303588867188,130.20726013183594,4.097580909729004,15.59000015258789,36.97780227661133
2019-08-02,48.8927116394043,91.16200256347656,23.505657196044922,306000.0,59.367435455322266,187.70880126953125,129.11325073242188,4.0049052238464355,15.62266731262207,36.78350830078125
2019-08-05,46.3332633972168,88.25650024414062,22.58831787109375,297785.0,57.30451965332031,180.4693603515625,124.69002532958984,3.7465097904205322,15.221332550048828,35.211490631103516
2019-08-06,47.210384368896484,89.3915023803711,22.485355377197266,302325.0,58.11490249633789,183.23008728027344,127.0289306640625,3.7852694988250732,15.383333206176758,36.4390754699707
2019-08-07,47.69926834106445,89.66999816894531,22.790010452270508,299182.0,58.354591369628906,183.86561584472656,127.58541107177734,3.823532819747925,15.561332702636719,36.4390754699707
2019-08-08,48.751312255859375,91.64450073242188,22.868497848510742,301905.0,59.85723114013672,188.84088134765625,130.99008178710938,3.9321086406707764,15.886667251586914,37.004295349121094
2019-08-09,48.349578857421875,90.37899780273438,23.269351959228516,300435.0,58.99922180175781,186.54693603515625,129.87716674804688,3.8307371139526367,15.667332649230957,36.57154846191406
2019-08-12,48.226898193359375,89.24600219726562,23.261754989624023,298001.0,58.28461837768555,184.0841064453125,128.06637573242188,3.7629077434539795,15.267333030700684,36.17412185668945
2019-08-13,50.26924133300781,91.21700286865234,23.94195556640625,299510.0,59.38777542114258,187.1427459716797,130.716552734375,3.8771989345550537,15.666666984558105,36.9513053894043
2019-08-14,48.77296447753906,88.14800262451172,22.917444229125977,295000.0,57.775962829589844,178.46339416503906,126.78009796142578,3.728621482849121,14.641332626342773,35.706058502197266
2019-08-15,48.529998779296875,88.80599975585938,22.671016693115234,298067.0,58.027557373046875,181.3234100341797,126.49626159667969,3.6963210105895996,14.37600040435791,36.08582305908203
2019-08-16,49.67505645751953,89.62850189208984,23.104787826538086,300555.0,58.51835250854492,182.4257049560547,128.81454467773438,3.964409112930298,14.662667274475098,36.68635940551758
2019-08-19,50.6011962890625,90.80599975585938,23.526744842529297,301414.0,59.57189178466797,184.8785400390625,130.97203063964844,4.243179798126221,15.121999740600586,36.8983154296875
2019-08-20,50.60359573364258,90.06900024414062,23.660926818847656,297505.0,58.732730865478516,182.534912109375,129.88381958007812,4.170878887176514,15.057332992553711,37.03962707519531
2019-08-21,51.15208053588867,91.177001953125,24.262649536132812,299305.0,59.1322135925293,182.27671813964844,131.33160400390625,4.254359722137451,14.722000122070312,37.6048469543457
2019-08-22,51.10877227783203,90.23300170898438,24.27277183532715,302260.0,59.129234313964844,180.7772216796875,130.3759002685547,4.260570526123047,14.8100004196167,37.20741653442383
2019-08-23,48.74651336669922,87.48100280761719,22.965545654296875,296922.0,57.24646759033203,176.51695251464844,126.22183227539062,4.035964012145996,14.09333324432373,36.16530990600586
2019-08-26,49.67265319824219,88.44349670410156,23.395099639892578,300899.0,58.1198616027832,179.10885620117188,128.17111206054688,4.1107497215271,14.333333015441895,36.50973129272461
2019-08-27,49.11214065551758,88.09149932861328,23.255855560302734,298420.0,58.101993560791016,180.04234313964844,128.44552612304688,4.0200629234313965,14.272000312805176,36.518558502197266
2019-08-28,49.44172286987305,88.2125015258789,23.297203063964844,300990.0,58.247398376464844,180.4991455078125,128.2751922607422,4.009616851806641,14.37266731262207,36.78350830078125
2019-08-29,50.278846740722656,89.31999969482422,23.914112091064453,305040.0,59.264217376708984,184.28273010253906,130.69760131835938,4.153369426727295,14.780667304992676,37.33990478515625
2019-08-30,50.21390914916992,88.81449890136719,23.852497100830078,303078.0,59.08010482788086,184.38201904296875,130.4516143798828,4.166051387786865,15.040666580200195,37.64900588989258
2019-09-03,49.48261260986328,89.49199676513672,23.12757682800293,301356.0,58.038970947265625,181.12478637695312,128.7294158935547,4.082984924316406,15.000666618347168,36.845340728759766
2019-09-04,50.32215118408203,90.03099822998047,23.884563446044922,303300.0,58.670204162597656,185.84185791015625,130.23399353027344,4.197141647338867,14.711999893188477,38.10824966430664
2019-09-05,51.3060417175293,92.03600311279297,24.559701919555664,306066.0,60.154991149902344,189.5757598876953,132.52392578125,4.470218658447266,15.305333137512207,39.07088851928711
2019-09-06,51.30122375488281,91.67549896240234,24.634817123413086,307260.0,59.863685607910156,186.1894073486328,131.6249542236328,4.443109512329102,15.16333293914795,38.602821350097656
2019-09-09,51.52012634277344,91.56749725341797,24.693885803222656,309701.0,59.81157684326172,187.4506072998047,130.12985229492188,4.489120960235596,15.452667236328125,38.7264518737793
2019-09-10,52.12873077392578,91.02749633789062,24.84832763671875,311950.0,59.83292007446289,184.8785400390625,128.76727294921875,4.555773735046387,15.702667236328125,38.947242736816406
2019-09-11,53.786170959472656,91.14949798583984,25.149606704711914,316230.0,60.54256057739258,187.18247985839844,128.80514526367188,4.584374904632568,16.47333335876465,39.05322265625
2019-09-12,53.66590118408203,92.17749786376953,25.366493225097656,317182.0,61.285438537597656,186.16954040527344,130.12985229492188,4.582882404327393,16.391332626342773,38.920753479003906
2019-09-13,52.62187576293945,91.96700286865234,24.50063133239746,320850.0,61.53654861450195,185.89149475097656,129.94061279296875,4.524935245513916,16.34666633605957,39.51247024536133
2019-09-16,52.898521423339844,90.39199829101562,24.36054229736328,315807.0,61.119693756103516,184.92823791503906,129.00381469726562,4.481908321380615,16.187332153320312,39.38882827758789
2019-09-17,53.090965270996094,91.12750244140625,24.3748836517334,315744.0,61.03285598754883,186.77529907226562,130.00686645507812,4.503296375274658,16.319332122802734,39.85690689086914
2019-09-18,53.58890914916992,90.87300109863281,24.28290367126465,317030.0,61.17031478881836,186.83489990234375,131.0761260986328,4.476186275482178,16.232667922973633,39.77741241455078
2019-09-19,53.15351104736328,91.07499694824219,24.52763557434082,315000.0,61.473026275634766,188.82102966308594,133.48910522460938,4.400581359863281,16.440000534057617,39.93930435180664
2019-09-20,52.37650680541992,89.70800018310547,24.209957122802734,313700.0,61.030860900878906,188.61248779296875,131.9467315673828,4.2948808670043945,16.041332244873047,39.023109436035156
2019-09-23,52.61465835571289,89.26499938964844,24.312158584594727,313225.0,61.27155303955078,185.52407836914062,131.662841796875,4.348353385925293,16.082000732421875,39.20100784301758
2019-09-24,52.36448287963867,87.08049774169922,24.043880462646484,310356.0,60.459686279296875,180.02247619628906,129.9973602294922,4.290903091430664,14.880666732788086,39.245487213134766
2019-09-25,53.17034912109375,88.41649627685547,23.48687744140625,311906.0,61.829837799072266,181.5319366455078,131.87100219726562,4.432664394378662,15.24666690826416,40.03715515136719
2019-09-26,52.89611053466797,86.99199676513672,23.58397102355957,310250.0,61.64870071411133,178.86061096191406,132.04132080078125,4.410529613494873,16.17066764831543,41.32695388793945
2019-09-27,52.63872528076172,86.27249908447266,23.348052978515625,311450.0,60.83782958984375,175.87149047851562,130.3285675048828,4.27175235748291,16.142000198364258,40.48190689086914
2019-09-30,53.87758255004883,86.79550170898438,23.512426376342773,311832.0,60.59913635253906,176.84469604492188,131.55873107910156,4.329203128814697,16.058000564575195,41.3447380065918
2019-10-01,54.02674102783203,86.78250122070312,23.40852165222168,310005.0,59.84780502319336,174.5904083251953,129.70407104492188,4.327460765838623,16.312667846679688,41.97629928588867
2019-10-02,52.672401428222656,85.6614990234375,23.00141716003418,305090.0,58.454341888427734,173.38882446289062,127.41411590576172,4.303585052490234,16.208667755126953,41.30027389526367
2019-10-03,53.119834899902344,86.22100067138672,23.372756958007812,307250.0,59.02552032470703,178.13568115234375,128.95652770996094,4.509265899658203,15.535332679748535,41.92292404174805
2019-10-04,54.608890533447266,86.98249816894531,23.96893310546875,312524.0,60.09395217895508,179.19827270507812,130.69760131835938,4.525679588317871,15.428667068481445,42.1808967590332
2019-10-07,54.620906829833984,86.63300323486328,23.51327896118164,310720.0,59.95946502685547,178.43356323242188,129.75137329101562,4.584374904632568,15.847999572753906,42.65234375
2019-10-08,53.98102569580078,85.27549743652344,23.023563385009766,306539.0,59.06025314331055,176.51695251464844,128.3792724609375,4.407793998718262,16.003332138061523,42.5722770690918
2019-10-09,54.61369705200195,86.09950256347656,23.263742446899414,310000.0,59.66915512084961,178.6024169921875,130.81117248535156,4.494343280792236,16.302000045776367,43.301673889160156
2019-10-10,55.349796295166016,86.01300048828125,23.374452590942383,309974.0,60.02000427246094,178.78115844726562,131.6249542236328,4.5520429611206055,16.31599998474121,43.52405548095703
2019-10-11,56.82199478149414,86.59600067138672,23.924644470214844,312500.0,60.32966613769531,182.91229248046875,132.17381286621094,4.6256585121154785,16.525999069213867,43.95991897583008
2019-10-14,56.74021530151367,86.82150268554688,23.988527297973633,311640.0,60.43189239501953,182.00860595703125,132.05076599121094,4.639089107513428,17.130666732788086,44.395790100097656
2019-10-15,56.60791015625,88.36900329589844,24.72607421875,314250.0,61.646217346191406,187.57969665527344,133.9622344970703,4.883814811706543,17.19266700744629,44.82274627685547
2019-10-16,56.37937545776367,88.87149810791016,24.569372177124023,313850.0,61.68393325805664,188.23512268066406,132.86456298828125,4.8300957679748535,17.316667556762695,44.59148406982422
2019-10-17,56.59828567504883,89.3740005493164,24.650278091430664,313200.0,62.170257568359375,189.06930541992188,132.18325805664062,4.832083225250244,17.46466636657715,44.25347137451172
2019-10-18,56.8701171875,87.87550354003906,24.420324325561523,313270.0,61.75390625,184.56077575683594,130.02577209472656,4.737576484680176,17.1299991607666,43.835384368896484
2019-10-21,57.85640335083008,89.28299713134766,24.66219711303711,317040.0,61.74745178222656,188.4436798095703,130.99095153808594,4.874860763549805,16.899999618530273,44.47583770751953
2019-10-22,57.72410202026367,88.2864990234375,24.482494354248047,316180.0,61.594608306884766,181.0751495361328,129.04165649414062,4.864913463592529,17.038667678833008,45.045135498046875
2019-10-23,58.498695373535156,88.1084976196289,23.874393463134766,316560.0,62.40994644165039,184.85867309570312,129.86492919921875,4.851980686187744,16.978666305541992,44.62704849243164
2019-10-24,58.59491729736328,89.03900146484375,24.043880462646484,315027.0,62.4833984375,185.08709716796875,132.41981506347656,4.896002292633057,19.978666305541992,45.32087707519531
2019-10-25,59.31658935546875,88.06649780273438,24.683494567871094,317495.0,62.74094772338867,186.58663940429688,133.16732788085938,5.087005615234375,21.875333786010742,45.480995178222656
2019-10-28,59.910762786865234,88.85399627685547,24.83083724975586,319055.0,63.96568298339844,188.08615112304688,136.44146728515625,5.142965316772461,21.847333908081055,45.641117095947266
2019-10-29,58.525142669677734,88.135498046875,24.542110443115234,319423.0,62.5603141784668,187.99679565429688,135.15457153320312,5.046717166900635,21.08133316040039,45.78343200683594
2019-10-30,58.51793670654297,88.99949645996094,24.71926498413086,320000.0,62.56229782104492,186.9441375732422,136.83888244628906,5.048705577850342,21.000667572021484,46.17481994628906
2019-10-31,59.840999603271484,88.83300018310547,24.941558837890625,318939.0,62.4680061340332,190.320556640625,135.66551208496094,4.999461650848389,20.994667053222656,45.925750732421875
2019-11-01,61.53934097290039,89.5719985961914,25.260086059570312,323400.0,63.135467529296875,192.27688598632812,135.99668884277344,5.038510322570801,20.887332916259766,46.34382247924805
2019-11-04,61.943477630615234,90.23300170898438,25.976348876953125,326800.0,63.99696731567383,193.3692626953125,136.78207397460938,5.23523473739624,21.1646671295166,47.58025360107422
2019-11-05,61.854469299316406,90.08550262451172,26.74627113342285,331500.0,64.0877685546875,192.97203063964844,136.69691467285156,5.213099956512451,21.148000717163086,47.63363265991211
2019-11-06,61.88092041015625,89.78849792480469,26.67132568359375,332855.0,64.0664291381836,190.22125244140625,136.3184051513672,5.1638569831848145,21.77199935913086,47.71367645263672
2019-11-07,62.59511947631836,89.41000366210938,26.55038070678711,333860.0,64.85696411132812,189.09909057617188,136.50765991210938,5.181513786315918,22.369333267211914,47.74037170410156
2019-11-08,62.76641082763672,89.29399871826172,26.69261932373047,331526.0,64.95917510986328,189.51617431640625,138.11630249023438,5.167586803436279,22.47599983215332,46.99317932128906
2019-11-11,63.263458251953125,88.5824966430664,26.636404037475586,330986.0,64.42720794677734,188.29470825195312,138.25827026367188,5.177535057067871,23.006000518798828,46.7885856628418
2019-11-12,63.20555114746094,88.9000015258789,26.873172760009766,331106.0,64.37409973144531,193.12098693847656,139.1666259765625,5.213099956512451,23.32866668701172,46.3883056640625
2019-11-13,63.81117248535156,87.65550231933594,26.714759826660156,329402.0,64.32299041748047,191.84986877441406,139.39378356933594,5.187234878540039,23.073999404907227,47.037654876708984
2019-11-14,63.36962127685547,87.7300033569336,26.314464569091797,329302.0,64.96661376953125,191.81015014648438,140.10348510742188,5.21757698059082,23.290000915527344,46.681846618652344
2019-11-15,64.12240600585938,86.97450256347656,26.650035858154297,329405.0,66.1769790649414,193.74661254882812,141.91082763671875,5.078302383422852,23.47800064086914,47.4023551940918
2019-11-18,64.44573974609375,87.62650299072266,26.493324279785156,329225.0,65.49711608886719,196.0306396484375,142.2609405517578,5.27950382232666,23.332666397094727,47.51799392700195
2019-11-19,64.25027465820312,87.6395034790039,27.057985305786133,328601.0,65.13733673095703,197.93736267089844,142.3082733154297,5.172809600830078,23.968000411987305,47.820430755615234
2019-11-20,63.50231170654297,87.27649688720703,26.5444278717041,326712.0,64.60487365722656,196.13987731933594,142.0614013671875,5.2521467208862305,23.481332778930664,47.58915328979492
2019-11-21,63.21762466430664,86.7354965209961,26.849323272705078,325102.0,64.5195083618164,196.55699157714844,141.92843627929688,5.227275371551514,23.655332565307617,47.12660598754883
2019-11-22,63.1621208190918,87.28600311279297,26.821218490600586,326962.0,64.19844055175781,197.44081115722656,142.03294372558594,5.244935512542725,22.202667236328125,46.95759201049805
2019-11-25,64.26958465576172,88.69200134277344,27.22150993347168,328301.0,64.79244232177734,198.4040985107422,143.59010314941406,5.5015974044799805,22.422666549682617,47.820430755615234
2019-11-26,63.767730712890625,89.84700012207031,26.93619728088379,328402.0,65.1576919555664,197.5897674560547,144.34962463378906,5.39689302444458,21.92799949645996,47.70479202270508
2019-11-27,64.624267578125,90.92549896240234,27.121004104614258,330685.0,65.11451721191406,200.59873962402344,144.625,5.431735992431641,22.086000442504883,47.936065673828125
2019-11-29,64.48191833496094,90.04000091552734,26.931087493896484,330495.0,64.71552276611328,200.24124145507812,143.73248291015625,5.394404411315918,21.996000289916992,47.224456787109375
2019-12-02,63.73636245727539,89.08000183105469,26.463510513305664,330609.0,63.95973205566406,198.314697265625,141.9949493408203,5.207986354827881,22.32466697692871,47.12660598754883
2019-12-03,62.59994125366211,88.49800109863281,26.105810165405273,327539.0,64.25153350830078,197.44081115722656,141.76702880859375,5.168413162231445,22.413333892822266,46.94870376586914
2019-12-04,63.1524772644043,88.03450012207031,26.37834358215332,327501.0,65.45246124267578,197.3315887451172,142.2797393798828,5.212216854095459,22.20199966430664,47.30450439453125
2019-12-05,64.07897186279297,87.02400207519531,26.503541946411133,329799.0,65.85045623779297,197.97708129882812,142.3557586669922,5.195292949676514,22.024667739868164,48.389713287353516
2019-12-06,65.31674194335938,87.58000183105469,26.917463302612305,333640.0,66.46727752685547,199.65533447265625,144.0837860107422,5.280661582946777,22.392667770385742,48.87006759643555
2019-12-09,64.40228271484375,87.47550201416016,26.775230407714844,331904.0,66.64593505859375,199.94332885742188,143.7135009765625,5.280661582946777,22.635332107543945,48.44308853149414
2019-12-10,64.77869415283203,86.96050262451172,26.83314323425293,332120.0,66.64097595214844,199.47659301757812,143.49505615234375,5.325711250305176,23.256000518798828,48.496463775634766
2019-12-11,65.33120727539062,87.43599700927734,27.23002815246582,333600.0,66.70848083496094,200.85696411132812,144.0363311767578,5.409336566925049,23.51333236694336,49.723995208740234
2019-12-12,65.49771118164062,88.0165023803711,27.918184280395508,338800.0,66.91887664794922,195.3851776123047,145.49850463867188,5.576837062835693,23.978666305541992,52.134578704833984
2019-12-13,66.38803100585938,88.0469970703125,26.863800048828125,338080.0,66.8384780883789,192.7635040283203,146.72335815429688,5.57484769821167,23.892667770385742,51.814353942871094
2019-12-16,67.5244369506836,88.46050262451172,27.520450592041016,340380.0,67.52479553222656,196.54702758789062,147.6728515625,5.603717803955078,25.433332443237305,52.07231903076172
2019-12-17,67.65716552734375,89.53299713134766,27.577516555786133,339000.0,67.2364730834961,197.0137939453125,146.87527465820312,5.681869029998779,25.266000747680664,52.68608856201172
2019-12-18,67.49549102783203,89.20149993896484,27.887529373168945,337500.0,67.08859252929688,201.0952911376953,146.5714569091797,5.712233066558838,26.209999084472656,52.57044219970703
2019-12-19,67.56305694580078,89.61399841308594,27.603071212768555,337491.0,67.31340026855469,204.63059997558594,147.84375,5.860323429107666,26.93600082397461,51.91655731201172
2019-12-20,67.42310333251953,89.32499694824219,27.443904876708984,339850.0,67.05435943603516,204.86891174316406,149.45787048339844,5.957638263702393,27.03933334350586,51.889686584472656
2019-12-23,68.52336120605469,89.6500015258789,27.489503860473633,338045.0,67.02507019042969,204.749755859375,149.45787048339844,5.9439496994018555,27.947999954223633,52.14944839477539
2019-12-24,68.5885009765625,89.46050262451172,27.572952270507812,338390.0,66.71739959716797,203.69711303710938,149.42935180664062,5.938970565795898,28.350000381469727,51.73740768432617
2019-12-26,69.94930267333984,93.4384994506836,27.356155395507812,339650.0,67.61264038085938,206.34860229492188,150.6542205810547,5.953158378601074,28.729333877563477,52.176326751708984
2019-12-27,69.92277526855469,93.48999786376953,27.23141098022461,338920.0,67.22407531738281,206.65643310546875,150.92958068847656,5.895415782928467,28.691999435424805,52.36442184448242
2019-12-30,70.33776092529297,92.34449768066406,26.967300415039062,338750.0,66.4831771850586,202.99203491210938,149.62875366210938,5.782172203063965,27.64666748046875,51.81803894042969
2019-12-31,70.85169982910156,92.39199829101562,27.18753433227539,339590.0,66.46727752685547,203.82623291015625,149.7332000732422,5.85634183883667,27.8886661529541,52.04196548461914
2020-01-02,72.46826934814453,94.90049743652344,27.735549926757812,342261.0,67.92080688476562,208.32476806640625,152.50570678710938,5.9710774421691895,28.68400001525879,53.779693603515625
2020-01-03,71.76373291015625,93.74849700927734,27.030099868774414,339155.0,67.56549835205078,207.22250366210938,150.60671997070312,5.875504970550537,29.534000396728516,52.00614547729492
2020-01-06,72.33555603027344,95.14399719238281,26.989662170410156,340210.0,69.36640167236328,211.12522888183594,150.9960174560547,5.900144100189209,30.1026668548584,51.40599822998047
2020-01-07,71.99535369873047,95.34300231933594,26.896751403808594,338901.0,69.2323989868164,211.58203125,149.6193084716797,5.9715752601623535,31.270666122436523,52.23902893066406
2020-01-08,73.15351104736328,94.59850311279297,26.561229705810547,339188.0,69.72518157958984,213.72703552246094,152.00247192382812,5.98277473449707,32.80933380126953,52.624183654785156
2020-01-09,74.70735168457031,95.05249786376953,26.34787368774414,343263.0,70.45714569091797,216.78567504882812,153.90142822265625,6.0484819412231445,32.089332580566406,53.05413818359375
2020-01-10,74.8762435913086,94.15799713134766,25.742216110229492,340185.0,70.91220092773438,216.54733276367188,153.18934631347656,6.080836772918701,31.876667022705078,52.72270965576172
2020-01-13,76.47592163085938,94.56500244140625,25.910831451416016,342855.0,71.4615707397461,220.37063598632812,155.0313262939453,6.271486282348633,34.990665435791016,53.797603607177734
2020-01-14,75.44322204589844,93.47200012207031,26.513050079345703,340706.0,70.99309539794922,217.5404052734375,153.93943786621094,6.1545090675354,35.861331939697266,54.030487060546875
2020-01-15,75.11991882324219,93.10099792480469,26.079450607299805,342550.0,71.42037200927734,219.6159210205078,154.93634033203125,6.111948013305664,34.56666564941406,52.30172348022461
2020-01-16,76.06090545654297,93.89700317382812,26.415830612182617,344505.0,71.96427154541016,220.2316131591797,157.77529907226562,6.195573806762695,34.232666015625,52.624183654785156
2020-01-17,76.90298461914062,93.23600006103516,26.565532684326172,344970.0,73.42124938964844,220.59902954101562,158.6583251953125,6.204286098480225,34.03333282470703,52.47191619873047
2020-01-21,76.3818130493164,94.5999984741211,26.503585815429688,342650.0,73.55672454833984,219.90390014648438,158.08865356445312,6.170936107635498,36.47999954223633,52.16737365722656
2020-01-22,76.65445709228516,94.37300109863281,26.92514419555664,344700.0,73.6371078491211,219.7847442626953,157.3290557861328,6.224943161010742,37.97066879272461,52.265899658203125
2020-01-23,77.02364349365234,94.22899627685547,27.499826431274414,344414.0,73.67781066894531,218.23556518554688,158.29750061035156,6.293387413024902,38.14666748046875,51.486610412597656
2020-01-24,76.80166625976562,93.08200073242188,27.874069213867188,340199.0,72.7587661743164,216.4281768798828,156.70242309570312,6.234151363372803,37.654666900634766,51.710548400878906
2020-01-27,74.54328155517578,91.41699981689453,26.586177825927734,333621.0,71.04966735839844,213.3794708251953,154.0818328857422,5.978295803070068,37.201332092285156,49.498085021972656
2020-01-28,76.65205383300781,92.6624984741211,27.384540557861328,336000.0,71.98113250732422,216.27920532226562,157.10121154785156,6.171682834625244,37.793331146240234,51.137271881103516
2020-01-29,78.2565689086914,92.9000015258789,27.315723419189453,336476.0,72.28880310058594,221.68148803710938,159.5508575439453,6.111201763153076,38.732666015625,51.22684860229492
2020-01-30,78.14315795898438,93.53399658203125,27.116992950439453,342000.0,72.167236328125,208.0765380859375,164.05140686035156,6.117921829223633,42.72066879272461,49.981773376464844
2020-01-31,74.67838287353516,100.43599700927734,26.25323486328125,335996.0,71.10177612304688,200.50938415527344,161.6301727294922,5.884464263916016,43.371334075927734,48.31571960449219
2020-02-03,74.47329711914062,100.20999908447266,26.259258270263672,334860.0,73.5740966796875,202.77357482910156,165.57052612304688,5.981529712677002,52.0,49.05918502807617
2020-02-04,76.93193054199219,102.4834976196289,26.80727767944336,337421.0,71.72853088378906,208.37445068359375,171.0205535888672,6.1507744789123535,59.137332916259766,51.52244567871094
2020-02-05,77.55923461914062,101.99349975585938,27.304536819458008,342615.0,71.76029968261719,208.65248107910156,170.81167602539062,6.241121768951416,48.97999954223633,51.8807258605957
2020-02-06,78.46646881103516,102.5114974975586,27.503271102905273,344081.0,73.24507141113281,209.38734436035156,174.35325622558594,6.327982425689697,49.930667877197266,51.970306396484375
2020-02-07,77.39991760253906,103.96399688720703,27.11957359313965,340900.0,73.40091705322266,210.85708618164062,174.60012817382812,6.261778831481934,49.871334075927734,50.34006881713867
2020-02-10,77.76750946044922,106.69550323486328,27.030954360961914,340361.0,74.86732482910156,211.58203125,179.16712951660156,6.545014381408691,51.41866683959961,51.074581146240234
2020-02-11,77.2983169555664,107.54000091552734,27.543704986572266,340780.0,74.93680572509766,205.7527618408203,175.12234497070312,6.6674675941467285,51.62533187866211,52.5435676574707
2020-02-12,79.13399505615234,108.0,27.934289932250977,341000.0,75.36209869384766,209.29798889160156,175.3787078857422,6.783199310302734,51.15266799926758,53.412437438964844
2020-02-13,78.5704574584961,107.49349975585938,27.87148666381836,338500.0,75.10204315185547,211.6614990234375,174.42921447753906,6.7393951416015625,53.599998474121094,53.14371871948242
2020-02-14,78.58980560302734,106.74349975585938,27.338092803955078,340224.0,75.3670425415039,212.69427490234375,175.9864044189453,7.212532043457031,53.33533477783203,52.12256622314453
2020-02-18,77.15080261230469,107.78350067138672,26.73415184020996,339745.0,75.40229034423828,216.28915405273438,177.77137756347656,7.3812785148620605,57.22666549682617,50.322166442871094
2020-02-19,78.26815032958984,108.51100158691406,27.15914535522461,344000.0,75.67174530029297,215.98130798339844,178.30458068847656,7.832511901855469,61.16133117675781,51.62993621826172
2020-02-20,77.4651870727539,107.65499877929688,26.604244232177734,342122.0,75.28070068359375,213.09149169921875,175.58164978027344,7.683180809020996,59.96066665649414,50.59087371826172
2020-02-21,75.71177673339844,104.79850006103516,26.196460723876953,343449.0,73.61676025390625,208.72201538085938,170.03103637695312,7.319056510925293,60.06666564941406,49.79368209838867
2020-02-24,72.11543273925781,100.4645004272461,25.08665657043457,333190.0,70.46061706542969,199.32765197753906,162.70004272460938,6.80161714553833,55.58599853515625,48.4769401550293
2020-02-25,69.6727294921875,98.63700103759766,24.31925392150879,328000.0,68.79619598388672,195.40505981445312,160.01519775390625,6.522116184234619,53.32733154296875,48.24406433105469
2020-02-26,70.77799987792969,98.97949981689453,24.59455680847168,324301.0,69.00212860107422,195.83204650878906,162.01454162597656,6.661492824554443,51.91999816894531,49.29206466674805
2020-02-27,66.1513671875,94.21499633789062,23.568208694458008,312619.0,65.25446319580078,188.43370056152344,150.5991668701172,6.29067850112915,45.266666412353516,47.733489990234375
2020-02-28,66.11266326904297,94.1875,23.45378303527832,309096.0,66.46034240722656,191.13485717773438,154.24560546875,6.725745677947998,44.53266525268555,48.22615432739258
2020-03-02,72.26779174804688,97.69750213623047,24.51626968383789,324500.0,68.79619598388672,195.07730102539062,164.50900268554688,6.884131908416748,49.574668884277344,50.14302062988281
2020-03-03,69.97264862060547,95.44950103759766,23.594017028808594,313914.0,66.38441467285156,184.60049438476562,156.6258087158203,6.621647357940674,49.70066833496094,49.15771484375
2020-03-04,73.21826171875,98.79149627685547,24.557565689086914,326125.0,68.56195831298828,190.4297637939453,162.37631225585938,7.085355758666992,49.96666717529297,51.128326416015625
2020-03-05,70.84329223632812,96.20149993896484,23.575952529907227,315000.0,65.2450180053711,183.885498046875,158.30145263671875,6.805933952331543,48.30266571044922,49.91908264160156
2020-03-06,69.90247344970703,95.05449676513672,23.18107032775879,310894.0,64.30116271972656,179.83380126953125,153.82672119140625,6.625383377075195,46.89866638183594,49.32789611816406
2020-03-09,64.37374114990234,90.03050231933594,21.31161117553711,290005.0,60.33363723754883,168.32421875,143.40150451660156,6.112367153167725,40.53333282470703,46.42573547363281
2020-03-10,69.01004791259766,94.59100341796875,22.61756134033203,303561.0,63.280372619628906,176.9539337158203,153.20785522460938,6.501860618591309,43.02199935913086,48.82627868652344
2020-03-11,66.6133041381836,91.04299926757812,21.161062240600586,292130.0,60.09096908569336,169.05908203125,146.26727294921875,6.138016700744629,42.28200149536133,46.79298400878906
2020-03-12,60.03492736816406,83.83049774169922,18.821874618530273,272000.0,55.16072082519531,153.39846801757812,132.3955078125,5.386921405792236,37.369998931884766,43.61314392089844
2020-03-13,67.22760009765625,89.25,20.150192260742188,289000.0,60.25820541381836,169.09877014160156,151.21803283691406,5.997809886932373,36.44133377075195,46.784027099609375
2020-03-16,58.5789794921875,84.4574966430664,16.137706756591797,268000.0,53.247676849365234,144.9971466064453,128.92999267578125,4.891088962554932,29.67133331298828,40.21831130981445
2020-03-17,61.154701232910156,90.39199829101562,17.164058685302734,280248.0,55.48377990722656,148.3834991455078,139.5455780029297,5.410828113555908,28.68000030517578,43.478782653808594
2020-03-18,59.65763854980469,91.5,14.442034721374512,256300.0,54.15034866333008,145.94058227539062,133.67127990722656,5.05096960067749,24.08133316040039,39.74358367919922
2020-03-19,59.200538635253906,94.04650115966797,16.72873878479004,261690.0,55.166683197021484,152.06777954101562,135.87059020996094,5.3037428855896,28.50933265686035,39.686607360839844
2020-03-20,55.4421501159668,92.30449676513672,16.817981719970703,257346.0,53.009979248046875,148.6913299560547,130.76748657226562,5.12393856048584,28.50200080871582,40.265316009521484
2020-03-23,54.26433563232422,95.1415023803711,16.927350997924805,240000.0,52.31125259399414,147.0726776123047,129.46310424804688,5.296771049499512,28.952667236328125,40.92539978027344
2020-03-24,59.70841979980469,97.00499725341797,18.615095138549805,267090.0,56.07679748535156,159.86331176757812,141.2307586669922,6.205506801605225,33.66666793823242,44.18967056274414
2020-03-25,59.379493713378906,94.29199981689453,19.034191131591797,270759.0,54.66794204711914,155.1263885498047,139.8787841796875,6.116849899291992,35.95000076293945,44.30721664428711
2020-03-26,62.50423049926758,97.77449798583984,21.275772094726562,276095.0,57.7099609375,162.20692443847656,148.6283721923828,6.40623140335083,35.21066665649414,45.09389114379883
2020-03-27,59.91641616821289,95.00499725341797,20.183853149414062,268126.0,55.09670639038086,155.70236206054688,142.52557373046875,6.293915271759033,34.29066848754883,42.417388916015625
2020-03-30,61.62630844116211,98.19750213623047,21.00804328918457,274021.0,56.885684967041016,164.79879760742188,152.55091857910156,6.6141767501831055,33.47533416748047,43.240230560302734
2020-03-31,61.500553131103516,97.48600006103516,20.74468994140625,272000.0,57.66182327270508,165.6429443359375,150.1517333984375,6.5646185874938965,34.93333435058594,43.21310043334961
2020-04-01,58.26456832885742,95.38500213623047,19.566152572631836,261250.0,54.6917610168457,158.4928741455078,144.82009887695312,6.0533447265625,32.104000091552734,42.055694580078125
2020-04-02,59.23680877685547,95.94149780273438,20.74118423461914,271475.0,55.43266677856445,157.0926513671875,147.81910705566406,6.362151145935059,30.29800033569336,43.520545959472656
2020-04-03,58.38549041748047,95.32949829101562,20.49620819091797,267954.0,54.22529220581055,153.11044311523438,146.45770263671875,6.0742645263671875,32.000667572021484,42.55302047729492
2020-04-06,63.4788932800293,99.87950134277344,22.086835861206055,277260.0,58.71586227416992,164.401611328125,157.34939575195312,6.684155464172363,34.41600036621094,45.184326171875
2020-04-07,62.743675231933594,100.58000183105469,22.159456253051758,276700.0,58.684593200683594,167.6588592529297,155.65469360351562,6.450807571411133,36.36333465576172,44.95825958251953
2020-04-08,64.34957122802734,102.1500015258789,22.84453010559082,286999.0,59.89742660522461,173.07102966308594,157.2161102294922,6.648044586181641,36.589332580566406,45.455596923828125
2020-04-09,64.81391143798828,102.13800048828125,22.249576568603516,290500.0,59.876094818115234,173.97471618652344,157.2256317138672,6.548429489135742,38.20000076293945,43.70138931274414
2020-04-13,66.08605194091797,108.44349670410156,22.741287231445312,282800.0,60.066650390625,173.57749938964844,157.57785034179688,6.720267295837402,43.39666748046875,44.081172943115234
2020-04-14,69.42361450195312,114.16600036621094,23.415863037109375,289730.0,62.7870979309082,176.93405151367188,165.37538146972656,7.071409225463867,47.32600021362305,45.7811164855957
2020-04-15,68.78997039794922,115.38400268554688,22.524307250976562,283750.0,62.39357376098633,175.74237060546875,163.64256286621094,6.993957996368408,48.65533447265625,44.90401077270508
2020-04-16,69.3365478515625,120.40950012207031,22.598669052124023,282282.0,62.400020599365234,175.0273895263672,168.55531311035156,7.339122772216797,49.680667877197266,47.381595611572266
2020-04-17,68.39575958251953,118.75,23.26274871826172,284400.0,63.470436096191406,177.99664306640625,170.04058837890625,7.279853820800781,50.259334564208984,48.548057556152344
2020-04-20,66.97607421875,119.68049621582031,22.597797393798828,282800.0,62.584625244140625,177.00357055664062,166.67018127441406,7.148609638214111,49.75733184814453,47.553401947021484
2020-04-21,64.90583038330078,116.40599822998047,21.667743682861328,275750.0,60.153499603271484,169.61517333984375,159.77719116210938,6.711799144744873,45.781333923339844,46.45024108886719
2020-04-22,66.77534484863281,118.17449951171875,22.745662689208984,279660.0,62.44865417480469,181.01553344726562,165.20401000976562,7.126197338104248,48.807334899902344,47.87892150878906
2020-04-23,66.51656341552734,119.97250366210938,22.6546688079834,278750.0,63.08186721801758,183.8457794189453,163.2046356201172,7.072901725769043,47.04199981689453,47.598609924316406
2020-04-24,68.4368667602539,120.51100158691406,23.169132232666016,279460.0,63.35133743286133,188.75152587890625,166.18463134765625,7.211864948272705,48.34333419799805,47.68000030517578
2020-04-27,68.48522186279297,118.80000305175781,23.487606048583984,281264.0,63.06648635864258,186.1993408203125,165.70858764648438,7.398395538330078,53.25,48.38529586791992
2020-04-28,67.37511444091797,115.7040023803711,23.16213035583496,280600.0,61.16733932495117,181.6411590576172,161.6717987060547,7.255944728851318,51.27466583251953,47.70711898803711
2020-04-29,69.58808135986328,118.635498046875,24.149927139282227,284749.0,66.60574340820312,192.84291076660156,168.92660522460938,7.432760715484619,53.367332458496094,49.26239776611328
2020-04-30,71.05610656738281,123.69999694824219,23.76496124267578,281700.0,66.83003997802734,203.2899627685547,170.62130737304688,7.27885627746582,52.12533187866211,48.04169464111328
2020-05-01,69.91215515136719,114.302001953125,22.722036361694336,273975.0,65.37206268310547,200.86688232421875,166.20372009277344,7.042271614074707,46.75466537475586,46.20610427856445
2020-05-04,70.9013442993164,115.79949951171875,22.946020126342773,267080.0,65.64897155761719,203.83615112304688,170.26905822753906,7.254201889038086,50.74599838256836,47.15555191040039
2020-05-05,71.96546936035156,115.88999938964844,23.174379348754883,264280.0,66.94517517089844,205.63357543945312,172.09703063964844,7.315215587615967,51.2140007019043,46.757686614990234
2020-05-06,72.70797729492188,117.56300354003906,23.114011764526367,259100.0,66.76702880859375,207.02389526367188,173.79176330566406,7.416075229644775,52.172000885009766,47.13745880126953
2020-05-07,73.46012115478516,118.38050079345703,23.426359176635742,260750.0,67.9505844116211,209.7945098876953,174.80093383789062,7.59239387512207,52.00266647338867,47.31830596923828
2020-05-08,75.20860290527344,118.98049926757812,24.063312530517578,265280.0,68.69793701171875,210.87696838378906,175.8291473388672,7.78240966796875,54.62799835205078,47.842750549316406
2020-05-11,76.39204406738281,120.44999694824219,24.095685958862305,261601.0,69.65321350097656,211.70120239257812,177.79042053222656,8.03443717956543,54.08599853515625,47.381595611572266
2020-05-12,75.5190200805664,117.84750366210938,23.487606048583984,260000.0,68.24337768554688,208.64256286621094,173.76315307617188,7.77244758605957,53.96066665649414,46.20610427856445
2020-05-13,74.60718536376953,118.39600372314453,23.023889541625977,255715.0,66.91093444824219,203.67726135253906,171.13543701171875,7.750034332275391,52.73066711425781,46.043338775634766
2020-05-14,75.06551361083984,119.44249725341797,23.32574462890625,256230.0,67.33424377441406,205.37539672851562,171.8780517578125,7.999570846557617,53.55533218383789,47.110328674316406
2020-05-15,74.62174224853516,120.48899841308594,22.784156799316406,253501.0,68.13817596435547,209.41714477539062,174.38198852539062,8.458048820495605,53.27799987792969,45.030601501464844
2020-05-18,76.37992095947266,121.31300354003906,23.932069778442383,262900.0,68.7396240234375,211.7111053466797,176.0481414794922,8.716547966003418,54.242000579833984,46.9023551940918
2020-05-19,75.93856048583984,122.46649932861328,23.79383087158203,258700.0,68.20466613769531,215.3755340576172,174.8294677734375,8.771583557128906,53.867332458496094,45.94387435913086
2020-05-20,77.41542053222656,124.89700317382812,24.382661819458008,264100.0,69.92964172363281,228.3747100830078,177.25448608398438,8.935452461242676,54.37066650390625,46.87522506713867
2020-05-21,76.83824157714844,122.33699798583984,24.043188095092773,261906.0,69.81005096435547,229.78488159179688,175.12542724609375,8.74145221710205,55.17333221435547,45.889617919921875
2020-05-22,77.33297729492188,121.84400177001953,24.20505142211914,263094.0,70.1321029663086,233.28045654296875,175.2018585205078,8.991483688354492,54.45866775512695,45.030601501464844
2020-05-26,76.80915832519531,121.09300231933594,24.674888610839844,270330.0,70.5355453491211,230.58926391601562,173.34962463378906,8.684171676635742,54.591331481933594,45.95291519165039
2020-05-27,77.14381408691406,120.51950073242188,25.162227630615234,278495.0,70.4814453125,227.5504913330078,173.57876586914062,8.492414474487305,54.68199920654297,46.78481674194336
2020-05-28,77.17774963378906,120.05500030517578,24.772884368896484,277035.0,70.3802261352539,223.89601135253906,173.1873321533203,8.454313278198242,53.72066879272461,45.46463394165039
2020-05-29,77.10258483886719,122.11849975585938,25.484203338623047,278640.0,71.13849639892578,223.52859497070312,174.95362854003906,8.841313362121582,55.66666793823242,45.50985336303711
2020-06-01,78.05079650878906,123.552001953125,25.372209548950195,275600.0,71.20549011230469,230.30126953125,174.55259704589844,8.772332191467285,59.87333297729492,46.14281463623047
2020-06-02,78.41212463378906,123.62049865722656,26.07828712463379,278560.0,71.57469940185547,231.10568237304688,176.5384521484375,8.791258811950684,58.770668029785156,47.028953552246094
2020-06-03,78.84378051757812,123.91999816894531,27.081830978393555,286090.0,71.42284393310547,228.56341552734375,176.96804809570312,8.735724449157715,58.86399841308594,47.97840118408203
2020-06-04,78.16476440429688,123.02999877929688,27.025835037231445,287878.0,70.18470001220703,224.72024536132812,174.63856506347656,8.736721992492676,57.62533187866211,49.08156204223633
2020-06-05,80.3909912109375,124.1500015258789,27.742408752441406,300920.0,71.46107482910156,229.16917419433594,178.7247772216797,8.889698028564453,59.04399871826172,49.91344451904297
2020-06-08,80.86627960205078,126.2030029296875,27.78090476989746,302235.0,71.85905456542969,229.79478454589844,179.83226013183594,8.775087356567383,63.327999114990234,50.24800491333008
2020-06-09,83.41986846923828,130.04299926757812,27.58841896057129,293955.0,72.05952453613281,237.01437377929688,181.2070770263672,9.01526927947998,62.711334228515625,51.188411712646484
2020-06-10,85.56607055664062,132.37249755859375,27.56392478942871,287200.0,72.68580627441406,235.0878448486328,187.92832946777344,9.334932327270508,68.336669921875,52.03837585449219
2020-06-11,81.4579849243164,127.89800262451172,25.701187133789062,267729.0,69.56934356689453,222.8731689453125,177.8368377685547,8.76637077331543,64.85600280761719,49.768760681152344
2020-06-12,82.16127014160156,127.2509994506836,26.269893646240234,271515.0,70.11621856689453,226.99435424804688,179.2403564453125,8.902155876159668,62.35200119018555,50.63682174682617
2020-06-15,83.1773681640625,128.63400268554688,26.60586929321289,271956.0,70.5042953491211,230.88717651367188,180.385986328125,9.142586708068848,66.05999755859375,50.6549072265625
2020-06-16,85.3817367553711,130.7635040283203,27.18595314025879,273480.0,71.78114318847656,234.0153350830078,184.80636596679688,9.037693977355957,65.47533416748047,50.45597839355469
2020-06-17,85.26293182373047,132.0489959716797,27.423933029174805,275000.0,72.08236694335938,233.89614868164062,185.44606018066406,9.204626083374023,66.11933135986328,51.17936325073242
2020-06-18,85.29688262939453,132.69900512695312,27.885025024414062,273000.0,71.16827392578125,234.30331420898438,187.43186950683594,9.186686515808105,66.9306640625,51.15203094482422
2020-06-19,84.80943298339844,133.75050354003906,26.763294219970703,271600.0,70.69783020019531,237.13352966308594,186.3148193359375,9.229790687561035,66.72666931152344,50.38680648803711
2020-06-22,87.02838134765625,135.6909942626953,27.715301513671875,272000.0,71.98907470703125,237.560546875,191.4894561767578,9.49438762664795,66.28800201416016,51.01538848876953
2020-06-23,88.88597869873047,138.2205047607422,27.517303466796875,272700.0,72.65007019042969,240.55960083007812,192.76878356933594,9.41789722442627,66.78533172607422,51.70772933959961
2020-06-24,87.31695556640625,136.72000122070312,27.134550094604492,266440.0,71.0978012084961,232.39662170410156,188.88307189941406,9.204127311706543,64.0566635131836,51.54376220703125
2020-06-25,88.47615814208984,137.72900390625,27.300731658935547,267840.0,71.51465606689453,234.04510498046875,191.26988220214844,9.457761764526367,65.73200225830078,51.962806701660156
2020-06-26,85.75762176513672,134.64349365234375,27.17344856262207,263400.0,67.61611938476562,214.58108520507812,187.44140625,9.123899459838867,63.982666015625,51.31601333618164
2020-06-29,87.73408508300781,134.0189971923828,27.3829402923584,265219.0,69.33463287353516,219.1094512939453,189.45587158203125,9.16874885559082,67.29000091552734,51.37066650390625
2020-06-30,88.46644592285156,137.9409942626953,27.898283004760742,267300.0,70.37079620361328,225.494873046875,194.2963104248047,9.465485572814941,71.98733520507812,51.71683883666992
2020-07-01,88.29908752441406,143.93499755859375,27.64370346069336,267020.0,71.55931854248047,235.9021453857422,195.4324493408203,9.497626304626465,74.64199829101562,51.76240158081055
2020-07-02,88.29908752441406,144.51499938964844,27.885906219482422,267551.0,72.94535064697266,231.80079650878906,196.92181396484375,9.57960033416748,80.57733154296875,53.40216827392578
2020-07-06,90.66112518310547,152.8520050048828,28.179378509521484,274050.0,74.42020416259766,238.61318969726562,201.16082763671875,9.805827140808105,91.43866729736328,56.37199783325195
2020-07-07,90.37981414794922,150.00599670410156,27.678176879882812,271640.0,73.9373550415039,239.189208984375,198.82179260253906,9.838213920593262,92.65733337402344,55.30614471435547
2020-07-08,92.48477172851562,154.0554962158203,28.248332977294922,271770.0,74.61622619628906,241.89031982421875,203.19439697265625,10.181295394897461,91.05867004394531,57.018795013427734
2020-07-09,92.88247680664062,159.13150024414062,28.418930053710938,268780.0,75.36357116699219,242.80392456054688,204.61697387695312,10.473299980163574,92.9520034790039,59.01386260986328
2020-07-10,93.04499816894531,160.0,28.236833572387695,273900.0,76.3734359741211,243.36997985839844,203.99635314941406,10.443652153015137,102.97666931152344,58.1666374206543
2020-07-13,92.61573791503906,155.1999969482422,27.5181827545166,276015.0,75.04449462890625,237.34210205078125,197.69520568847656,10.018101692199707,99.80400085449219,59.27806091308594
2020-07-14,94.14836120605469,154.1999969482422,27.8514347076416,284780.0,75.47273254394531,238.0670166015625,198.917236328125,10.341750144958496,101.12000274658203,60.99983215332031
2020-07-15,94.79586791992188,150.44349670410156,27.736522674560547,285520.0,75.2752456665039,238.61318969726562,198.62124633789062,10.192505836486816,103.06732940673828,60.179935455322266
2020-07-16,93.62940216064453,149.9949951171875,27.520835876464844,286271.0,75.17798614501953,239.25869750976562,194.68775939941406,10.100321769714355,100.04266357421875,60.662750244140625
2020-07-17,93.44026947021484,148.09849548339844,27.641937255859375,286140.0,75.27375030517578,240.35108947753906,193.6948699951172,10.166845321655273,100.05599975585938,60.48966598510742
2020-07-20,95.40940856933594,159.8419952392578,28.032644271850586,285590.0,77.60563659667969,243.7175750732422,202.0200958251953,10.475044250488281,109.53333282470703,60.93605041503906
2020-07-21,94.09260559082031,156.9145050048828,27.7860164642334,288201.0,77.21260070800781,240.07301330566406,199.29908752441406,10.293413162231445,104.55733489990234,61.7741584777832
2020-07-22,94.35690307617188,154.99549865722656,27.73828887939453,287961.0,77.65576171875,238.20603942871094,202.16329956054688,10.403290748596191,106.15533447265625,62.43007278442383
2020-07-23,90.06214141845703,149.32749938964844,27.37321662902832,289436.0,75.268798828125,230.98651123046875,193.37025451660156,10.095341682434082,100.87133026123047,61.37332534790039
2020-07-24,89.83903503417969,150.44549560546875,27.030241012573242,291621.0,74.8449935913086,229.10960388183594,192.1864013671875,10.159870147705078,94.46666717529297,67.32208251953125
2020-07-27,91.96823120117188,152.760498046875,27.639284133911133,288107.0,75.89803314208984,231.88021850585938,194.62095642089844,10.386099815368652,102.63999938964844,75.83983612060547
2020-07-28,90.45741271972656,150.01649475097656,27.168140411376953,290940.0,74.61869812011719,228.52371215820312,192.87380981445312,10.180795669555664,98.43267059326172,70.07325744628906
2020-07-29,92.19133758544922,151.67649841308594,27.300731658935547,294496.0,75.604248046875,231.67169189453125,194.8214874267578,10.429946899414062,99.94066619873047,75.31146240234375
2020-07-30,93.306884765625,152.593994140625,27.588016510009766,291362.0,76.34169006347656,232.873291015625,194.66867065429688,10.5779447555542,99.16600036621094,72.81535339355469
2020-07-31,103.07504272460938,158.23399353027344,27.999052047729492,293631.0,73.83959197998047,251.91030883789062,195.72845458984375,10.578691482543945,95.38400268554688,71.86791229248047
2020-08-03,105.67227172851562,155.59449768066406,28.395063400268555,298800.0,73.58203887939453,250.21217346191406,206.73641967773438,10.972848892211914,99.0,71.92257690429688
2020-08-04,106.37799072265625,156.94149780273438,29.027965545654297,300330.0,73.1125717163086,248.09695434570312,203.63356018066406,11.18960952758789,99.13333129882812,73.05220794677734
2020-08-05,106.76358795166016,160.25149536132812,29.129619598388672,305200.0,73.39991760253906,247.39187622070312,203.2993927001953,11.248409271240234,99.00133514404297,74.3640365600586
2020-08-06,110.48847198486328,161.25,29.096036911010742,307455.0,74.68321228027344,263.4397888183594,206.55503845214844,11.296995162963867,99.30533599853516,73.35282897949219
2020-08-07,107.97643280029297,158.3730010986328,28.81051254272461,314334.0,74.35668182373047,266.5778503417969,202.8602294921875,11.161455154418945,96.84733581542969,72.90644836425781
2020-08-10,109.54586791992188,157.4080047607422,28.936922073364258,318830.0,74.2797622680664,261.1756591796875,198.82179260253906,11.12707233428955,94.57133483886719,72.76069641113281
2020-08-11,106.28797912597656,154.0334930419922,28.64256477355957,319380.0,73.47187042236328,254.35325622558594,194.17225646972656,10.813143730163574,91.6259994506836,71.00247955322266
2020-08-12,109.82039642333984,158.11199951171875,29.492029190063477,320000.0,74.7968521118164,258.08721923828125,199.7191619873047,11.401389122009277,103.65066528320312,72.32342529296875
2020-08-13,111.7639389038086,158.05099487304688,29.119016647338867,318114.0,75.26383209228516,259.48736572265625,199.2513885498047,11.404126167297363,108.06666564941406,71.3304443359375
2020-08-14,111.66432189941406,157.4010009765625,28.97758674621582,316251.0,74.66734313964844,259.4278259277344,199.4423065185547,11.5247163772583,110.04733276367188,71.43065643310547
2020-08-17,111.37278747558594,159.12049865722656,29.198570251464844,310220.0,75.24348449707031,259.348388671875,200.75982666015625,12.295088768005371,122.3759994506836,73.05220794677734
2020-08-18,112.30084228515625,165.62449645996094,29.05006980895996,313419.0,77.20565032958984,260.5201721191406,201.9150848388672,12.219101905822754,125.80599975585938,72.34164428710938
2020-08-19,112.4417495727539,163.0240020751953,29.100454330444336,310800.0,76.65133666992188,260.76849365234375,200.69004821777344,12.097267150878906,125.23533630371094,71.54907989501953
2020-08-20,114.93677520751953,164.86849975585938,29.066864013671875,309300.0,78.22148132324219,267.1439208984375,205.36038208007812,12.099759101867676,133.45533752441406,69.97307586669922
2020-08-21,120.8597412109375,164.23599243164062,29.172046661376953,311126.0,78.18773651123047,265.1578063964844,203.86741638183594,12.640414237976074,136.6653289794922,71.36688232421875
2020-08-24,122.3052749633789,165.3730010986328,29.523868560791016,318800.0,78.66314697265625,269.5074157714844,204.50868225097656,12.677042007446289,134.27999877929688,71.87703704833984
2020-08-25,121.30192565917969,167.32449340820312,29.713029861450195,319970.0,79.69037628173828,278.8719787597656,207.169189453125,12.706686973571777,134.8893280029297,72.91557312011719
2020-08-26,122.95149993896484,172.09249877929688,30.025060653686523,322301.0,81.59003448486328,301.80181884765625,211.64810180664062,12.729610443115234,143.54466247558594,74.47335815429688
2020-08-27,121.481689453125,170.0,29.97821617126465,325659.0,80.81539154052734,291.18597412109375,216.84478759765625,12.585350036621094,149.25,73.42571258544922
2020-08-28,121.284912109375,170.08999633789062,30.48029327392578,327431.0,81.35679626464844,291.6228942871094,219.07467651367188,13.103082656860352,147.55999755859375,73.27995300292969
2020-08-31,125.39795684814453,172.54800415039062,30.68625831604004,327560.0,80.8655014038086,291.1661071777344,215.8399200439453,13.329066276550293,166.10667419433594,72.19588470458984
2020-09-01,130.3928680419922,174.95599365234375,31.781463623046875,327440.0,82.13341522216797,293.39056396484375,217.50515747070312,13.778170585632324,158.35000610351562,74.2911605834961
2020-09-02,127.69132995605469,176.57249450683594,33.1489372253418,332840.0,85.2255630493164,300.401611328125,221.69696044921875,14.302043914794922,149.1233367919922,74.85594940185547
2020-09-03,117.46822357177734,168.39999389648438,31.1229190826416,327360.0,80.86450958251953,289.1004943847656,207.9635467529297,12.975166320800781,135.6666717529297,73.95409393310547
2020-09-04,117.5459976196289,164.7310028076172,32.08289337158203,327401.0,78.46762084960938,280.7687072753906,205.04458618164062,12.58338737487793,139.44000244140625,71.88615417480469
2020-09-08,109.6357421875,157.49200439453125,30.98591423034668,327200.0,75.60872650146484,269.27899169921875,193.95257568359375,11.876086235046387,110.06999969482422,70.43768310546875
2020-09-09,114.00872802734375,163.4304962158203,31.82477569580078,329760.0,76.78136444091797,271.82122802734375,202.21173095703125,12.67559814453125,122.09333038330078,72.33255004882812
2020-09-10,110.28682708740234,158.7554931640625,31.564008712768555,327214.0,75.73029327392578,266.2303466796875,196.5460968017578,12.273599624633789,123.77999877929688,71.87703704833984
2020-09-11,108.83888244628906,155.81100463867188,31.795612335205078,327115.0,75.21965026855469,264.76055908203125,195.26370239257812,12.126805305480957,124.23999786376953,71.80414581298828
2020-09-14,112.10404968261719,155.14849853515625,32.01658630371094,329725.0,74.87574768066406,264.3038024902344,196.58441162109375,12.832362174987793,139.8733367919922,73.33463287353516
2020-09-15,112.27898406982422,157.80650329589844,32.43294143676758,328804.0,76.18038940429688,270.5302734375,199.80958557128906,12.950743675231934,149.9199981689453,78.2083969116211
2020-09-16,108.96521759033203,153.90499877929688,32.444427490234375,329801.0,75.03754425048828,261.6920166015625,196.23985290527344,12.475720405578613,147.25332641601562,75.73050689697266
2020-09-17,107.22572326660156,150.43649291992188,32.34542465209961,326401.0,73.79442596435547,253.05235290527344,194.19183349609375,12.42487907409668,141.14332580566406,75.0043716430664
2020-09-18,103.82450103759766,147.74549865722656,31.798255920410156,327601.0,72.01040649414062,250.77822875976562,191.78009033203125,12.151477813720703,147.38333129882812,73.46601867675781
2020-09-21,106.97309112548828,148.02349853515625,31.379915237426758,319534.0,70.97077178955078,246.42861938476562,193.8376922607422,12.478463172912598,149.79666137695312,73.79566955566406
2020-09-22,108.65425109863281,156.44949340820312,32.25407028198242,320601.0,72.4436264038086,252.9828643798828,198.50807189941406,12.59858512878418,141.41000366210938,73.69493865966797
2020-09-23,104.09663391113281,149.9929962158203,31.362064361572266,314840.0,69.9410400390625,247.29258728027344,191.97146606445312,12.086181640625,126.78666687011719,71.35074615478516
2020-09-24,105.16556549072266,150.989501953125,31.445018768310547,313780.0,70.60948944091797,247.79904174804688,194.4597930908203,12.309734344482422,129.26333618164062,71.77197265625
2020-09-25,109.11099243164062,154.75650024414062,31.82680320739746,315156.0,71.4134292602539,253.05235290527344,198.89083862304688,12.833854675292969,135.77999877929688,72.22981262207031
2020-09-28,111.71533966064453,158.70249938964844,32.76341247558594,320061.0,72.38607025146484,255.03846740722656,200.44126892089844,12.994607925415039,140.39999389648438,73.04478454589844
2020-09-29,110.86988067626953,157.24400329589844,32.49224090576172,315891.0,72.75132751464844,259.9739990234375,198.35491943359375,13.184765815734863,139.69000244140625,73.72239685058594
2020-09-30,112.54133605957031,157.43649291992188,32.49760055541992,320001.0,72.73046112060547,260.083251953125,201.2930145263672,13.488570213317871,143.00332641601562,74.23519897460938
2020-10-01,113.49371337890625,161.06300354003906,32.87937545776367,318600.0,73.83709716796875,264.7804260253906,203.3314971923828,13.572309494018555,149.3866729736328,75.65452575683594
2020-10-02,109.83008575439453,156.25,31.82947540283203,317480.0,72.23422241210938,258.1368103027344,197.3308563232422,13.021771430969238,138.3633270263672,73.98795318603516
2020-10-05,113.21186828613281,159.9600067138672,32.656375885009766,319000.0,73.58551025390625,262.81414794921875,201.3408203125,13.600223541259766,141.89332580566406,77.41262817382812
2020-10-06,109.96614837646484,154.9980010986328,32.46725845336914,315350.0,72.0069351196289,256.8657531738281,197.0629119873047,13.693933486938477,137.9933319091797,76.11235809326172
2020-10-07,111.83195495605469,159.7845001220703,32.71345520019531,319571.0,72.40988159179688,256.3294372558594,200.81451416015625,13.92072868347168,141.76666259765625,79.59200286865234
2020-10-08,111.72506713867188,159.52749633789062,33.30129623413086,323275.0,73.61528015136719,261.9303283691406,201.5322723388672,13.795869827270508,141.97332763671875,80.39779663085938
2020-10-09,113.66861724853516,164.33250427246094,33.601898193359375,323470.0,74.95614624023438,262.61553955078125,206.53756713867188,13.720098495483398,144.6666717529297,81.295166015625
2020-10-12,120.888916015625,172.14649963378906,34.11301803588867,324560.0,77.64285278320312,273.837158203125,211.88735961914062,14.181916236877441,147.43333435058594,83.2456283569336
2020-10-13,117.68206024169922,172.18150329589844,34.029170989990234,318969.0,77.76592254638672,274.22442626953125,213.2846221923828,14.204096794128418,148.88333129882812,82.08268737792969
2020-10-14,117.76950073242188,168.1855010986328,33.923011779785156,316080.0,77.58578491210938,269.9344482421875,211.37059020996094,14.051573753356934,153.76666259765625,81.13035583496094
2020-10-15,117.30307006835938,166.9324951171875,33.890018463134766,317540.0,77.19027709960938,264.8697814941406,210.22213745117188,13.926711082458496,149.6266632080078,80.71829223632812
2020-10-16,115.66075897216797,163.635498046875,33.775848388671875,318504.0,77.79718780517578,264.08526611328125,210.22213745117188,13.768698692321777,146.55667114257812,79.39054107666016
2020-10-19,112.70654296875,160.36050415039062,33.518943786621094,313500.0,75.92384338378906,259.5867004394531,205.01585388183594,13.45592212677002,143.61000061035156,80.17803192138672
2020-10-20,114.193359375,160.85049438476562,33.62777328491211,315375.0,76.972412109375,265.7039794921875,205.4274139404297,13.603216171264648,140.64666748046875,80.81902313232422
2020-10-21,113.5714340209961,159.2469940185547,33.18711853027344,315206.0,78.70482635498047,276.7965087890625,205.57095336914062,13.482839584350586,140.8800048828125,80.25128173828125
2020-10-22,112.4830551147461,158.82000732421875,33.30487060546875,317180.0,79.73057556152344,276.19073486328125,205.6571044921875,13.319598197937012,141.92999267578125,80.77323150634766
2020-10-23,111.7930908203125,160.22000122070312,33.246883392333984,319344.0,81.0367202758789,282.8144836425781,206.9394989013672,13.548136711120605,140.2100067138672,80.86480712890625
2020-10-26,111.80279541015625,160.3520050048828,32.3834228515625,312735.0,78.62046813964844,275.1877136230469,201.05377197265625,13.100528717041016,140.0933380126953,79.41803741455078
2020-10-27,113.30905151367188,164.31649780273438,32.07656478881836,310540.0,79.34449768066406,281.3248291015625,204.0875701904297,13.35523509979248,141.55999755859375,79.39969635009766
2020-10-28,108.06146240234375,158.13900756835938,30.97137451171875,301740.0,74.97351837158203,265.813232421875,193.97166442871094,12.587870597839355,135.33999633789062,76.78082275390625
2020-10-29,112.06517028808594,160.55050659179688,31.667131423950195,303000.0,77.26026153564453,278.88189697265625,195.9240264892578,12.983641624450684,136.94332885742188,77.7331314086914
2020-10-30,105.78752136230469,151.8074951171875,31.187238693237305,302500.0,80.19953155517578,261.2848205566406,193.7707061767578,12.495161056518555,129.34666442871094,76.79911804199219
2020-11-02,105.70001983642578,150.2239990234375,31.331735610961914,306375.0,80.60697174072266,259.54693603515625,193.63670349121094,12.541765213012695,133.50332641601562,78.4840087890625
2020-11-03,107.32292175292969,152.42050170898438,31.555633544921875,310659.0,81.66595458984375,263.4596252441406,197.56056213378906,12.979151725769043,141.3000030517578,80.2970962524414
2020-11-04,111.70562744140625,162.05799865722656,32.52524948120117,309503.0,86.63790130615234,285.386474609375,207.0926513671875,13.75150203704834,140.32666015625,81.90869903564453
2020-11-05,115.67047882080078,166.10000610351562,33.97386169433594,311934.0,87.46414184570312,292.63580322265625,213.69613647460938,14.116122245788574,146.02999877929688,82.80606079101562
2020-11-06,115.5390396118164,165.56849670410156,33.951560974121094,313885.0,87.32669067382812,291.3746643066406,214.1077117919922,14.516876220703125,143.31666564941406,83.7034683227539
2020-11-09,113.23197937011719,157.18699645996094,33.49842071533203,330600.0,87.4105453491211,276.8361511230469,209.00669860839844,13.58851146697998,140.4199981689453,81.52410888671875
2020-11-10,112.89126586914062,151.75100708007812,32.39144515991211,343000.0,86.23442840576172,270.5401916503906,201.94378662109375,12.730428695678711,136.7866668701172,80.26961517333984
2020-11-11,116.31781768798828,156.8695068359375,33.532318115234375,341260.0,86.70637512207031,274.5621032714844,207.24575805664062,13.376420974731445,139.0433349609375,83.21812438964844
2020-11-12,116.04524230957031,155.51400756835938,33.0220947265625,336811.0,86.4875259399414,273.1717834472656,206.18345642089844,13.415051460266113,137.25332641601562,82.24749755859375
2020-11-13,116.09393310546875,156.4405059814453,33.31645584106445,341754.0,87.948486328125,275.0288391113281,207.20750427246094,13.255793571472168,136.1666717529297,85.36088562011719
2020-11-16,117.10631561279297,156.55299377441406,33.96851348876953,349540.0,88.03632354736328,277.02490234375,207.8965606689453,13.473368644714355,136.02999877929688,90.90079498291016
2020-11-17,116.22045135498047,156.7830047607422,33.94978713989258,349546.0,87.42245483398438,273.0923767089844,205.2455596923828,13.380658149719238,147.20333862304688,87.64091491699219
2020-11-18,114.89657592773438,155.2729949951172,33.951560974121094,345592.0,86.37934112548828,270.0833740234375,202.53965759277344,13.38713550567627,162.2133331298828,88.7580795288086
2020-11-19,115.49037170410156,155.8509979248047,34.28249740600586,345000.0,87.26911926269531,271.04669189453125,203.82540893554688,13.398602485656738,166.42333984375,88.46505737304688
2020-11-20,114.22489166259766,154.97000122070312,34.193302154541016,341339.0,86.16793823242188,267.82916259765625,201.8775634765625,13.04719352722168,163.20333862304688,87.29298400878906
2020-11-23,110.82755279541016,154.91949462890625,34.520668029785156,344415.0,85.73025512695312,266.5679626464844,201.60890197753906,13.099282264709473,173.9499969482422,89.85690307617188
2020-11-24,112.11251831054688,155.9029998779297,34.9871826171875,351101.0,87.53362274169922,274.9990234375,205.2071533203125,12.917596817016602,185.1266632080078,88.4925308227539
2020-11-25,112.94965362548828,159.2534942626953,34.86231231689453,350395.0,87.5450439453125,273.6782531738281,205.216796875,13.193737030029297,191.3333282470703,89.2708511352539
2020-11-27,113.49480438232422,159.76699829101562,35.22980499267578,347401.0,88.68094635009766,275.8828430175781,206.52174377441406,13.220154762268066,195.25332641601562,90.41546630859375
2020-11-30,115.8895034790039,158.40199279785156,35.82121276855469,343688.0,87.06218719482422,275.0487060546875,205.40867614746094,13.359971046447754,189.1999969482422,88.8404769897461
2020-12-01,119.4620590209961,161.00399780273438,36.087921142578125,344735.0,89.09481811523438,284.56219482421875,207.46212768554688,13.348506927490234,194.9199981689453,92.35673522949219
2020-12-02,119.8125228881836,160.17649841308594,36.01300048828125,345880.0,90.56421661376953,285.5255126953125,206.6560516357422,13.50252914428711,189.60667419433594,91.14802551269531
2020-12-03,119.67623901367188,159.3365020751953,35.66243362426758,346690.0,90.40889739990234,279.89483642578125,205.57179260253906,13.35843563079834,197.7933349609375,91.11140441894531
2020-12-04,119.00454711914062,158.12899780273438,36.72214126586914,347000.0,90.50418853759766,277.7597351074219,205.68692016601562,13.520230293273926,199.67999267578125,94.98479461669922
2020-12-07,120.4647216796875,157.89999389648438,37.54367446899414,343539.0,90.17020416259766,283.5989685058594,205.61978149414062,13.568591117858887,213.9199981689453,97.4205322265625
2020-12-08,121.07798767089844,158.864501953125,37.76846694946289,342281.0,89.8873291015625,281.4340515136719,207.27017211914062,13.312562942504883,216.6266632080078,96.73375701904297
2020-12-09,118.54702758789062,155.2100067138672,37.127113342285156,340501.0,88.22637939453125,275.9921569824219,203.2305145263672,12.894490242004395,201.4933319091797,95.61660766601562
2020-12-10,119.96826171875,155.07449340820312,36.57585525512695,340500.0,87.71971893310547,275.1976623535156,202.00230407714844,12.935872077941895,209.02333068847656,95.4426498413086
2020-12-11,119.16028594970703,155.8209991455078,36.199424743652344,340064.0,88.07453155517578,271.65240478515625,204.63140869140625,12.97675609588623,203.3300018310547,95.25948333740234
2020-12-14,118.54702758789062,157.84849548339844,36.73283767700195,335400.0,86.95597839355469,272.28802490234375,205.5334014892578,13.271427154541016,213.27667236328125,94.82911682128906
2020-12-15,124.48505401611328,158.25599670410156,37.29124069213867,337154.0,87.39368438720703,273.6385803222656,205.46624755859375,13.323034286499023,211.0833282470703,96.23014068603516
2020-12-16,124.41693878173828,162.04800415039062,37.901371002197266,338500.0,87.20063018798828,273.75775146484375,210.40786743164062,13.205366134643555,207.58999633789062,96.33085632324219
2020-12-17,125.28329467773438,161.8040008544922,38.0084114074707,339804.0,86.37288665771484,272.57598876953125,210.542236328125,13.30383586883545,218.63333129882812,95.5418701171875
2020-12-18,123.29747009277344,160.08250427246094,39.09333801269531,337900.0,85.66375732421875,274.48260498046875,209.7457733154297,13.234783172607422,231.6666717529297,95.89130401611328
2020-12-21,124.82576751708984,160.3090057373047,38.582359313964844,338419.0,86.0776138305664,270.897705078125,213.5839385986328,13.294862747192383,216.6199951171875,96.39705657958984
2020-12-22,128.37889099121094,160.3260040283203,38.961997985839844,335779.0,85.36601257324219,265.23724365234375,214.8793487548828,13.241013526916504,213.44667053222656,95.57865905761719
2020-12-23,127.48334503173828,159.2635040283203,38.274696350097656,336700.0,85.76350402832031,266.2501220703125,212.07749938964844,12.97276782989502,215.32666015625,95.41311645507812
2020-12-24,128.46652221679688,158.63450622558594,38.81446075439453,340262.0,86.05776977539062,265.5450439453125,213.7374725341797,12.957310676574707,220.58999633789062,97.44535064697266
2020-12-28,133.06121826171875,164.197998046875,38.85224914550781,342601.0,88.03284454345703,275.0784606933594,215.8580780029297,12.863821983337402,221.22999572753906,97.61087799072266
2020-12-29,131.28955078125,166.10000610351562,38.59674835205078,344820.0,87.22892761230469,274.8599853515625,215.08079528808594,12.906952857971191,221.99667358398438,97.06832122802734
2020-12-30,130.17005920410156,164.29249572753906,39.11763381958008,345095.0,86.16149139404297,269.98406982421875,212.7107696533203,13.10888385772705,231.5933380126953,100.13966369628906
2020-12-31,129.1674041748047,162.84649658203125,39.389312744140625,347815.0,86.97484588623047,271.26513671875,213.42083740234375,13.018390655517578,235.22332763671875,100.26839447021484
2021-01-04,125.97447967529297,159.3314971923828,38.25311279296875,343525.0,85.65927124023438,267.0743713378906,208.88223266601562,13.0767240524292,243.2566680908203,102.71440124511719
2021-01-05,127.53193664550781,160.92550659179688,38.5121955871582,341820.0,86.35006713867188,269.09033203125,209.0836944580078,13.367158889770508,245.0366668701172,103.69831848144531
2021-01-06,123.23905944824219,156.91900634765625,38.274696350097656,346189.0,85.49800872802734,261.48345947265625,203.6622772216797,12.579126358032227,251.9933319091797,106.30987548828125
2021-01-07,127.44441223144531,158.10800170898438,39.8876953125,350089.0,88.05169677734375,266.8758239746094,209.45794677734375,13.306580543518066,272.0133361816406,111.66168212890625
2021-01-08,128.54440307617188,159.13499450683594,40.09010314941406,352039.0,89.21739959716797,265.7138977050781,210.734130859375,13.239517211914062,293.3399963378906,109.1421127319336
2021-01-11,125.55587005615234,155.7104949951172,40.10089874267578,350050.0,87.15596771240234,255.058349609375,208.6903076171875,13.58329963684082,270.39666748046875,112.7375717163086
2021-01-12,125.3806381225586,156.04150390625,40.427459716796875,350460.0,86.22005462646484,249.34823608398438,206.23388671875,13.446934700012207,283.14666748046875,113.10540771484375
2021-01-13,127.41515350341797,158.29449462890625,40.591182708740234,353194.0,86.7073745727539,249.89439392089844,207.5868682861328,13.493803977966309,284.8033447265625,109.63866424560547
2021-01-14,125.48776245117188,156.37350463867188,40.668548583984375,352801.0,85.89697265625,243.93601989746094,204.4011688232422,13.16323184967041,281.6666564941406,116.27786254882812
2021-01-15,123.76473236083984,155.21249389648438,40.10899353027344,350320.0,85.73322296142578,249.61636352539062,204.04615783691406,12.823437690734863,275.38665771484375,115.15599822998047
2021-01-19,124.43639373779297,156.03799438476562,41.31626510620117,352474.0,88.55441284179688,259.2887268066406,207.68275451660156,12.988724708557129,281.51666259765625,120.73771667480469
2021-01-20,128.52490234375,163.16900634765625,41.55106735229492,352801.0,93.29856872558594,265.62451171875,215.26315307617188,13.328269958496094,283.48333740234375,120.13079833984375
2021-01-21,133.23641967773438,165.34950256347656,41.99546813964844,354000.0,93.50102996826172,270.97711181640625,215.86764526367188,13.828611373901367,281.663330078125,123.36766815185547
2021-01-22,135.37802124023438,164.6114959716797,41.83354568481445,350620.0,93.91838073730469,272.5958251953125,216.80799865722656,13.674043655395508,282.21331787109375,118.75147247314453
2021-01-25,139.1258087158203,164.6999969482422,41.81284713745117,351900.0,94.00373840332031,276.08154296875,220.2431640625,13.614960670471191,293.6000061035156,120.02046203613281
2021-01-26,139.35943603515625,166.30650329589844,41.73008728027344,349200.0,94.6821060180664,280.0934143066406,222.92987060546875,13.397574424743652,294.36334228515625,116.4617691040039
2021-01-27,138.2886199951172,161.62899780273438,40.00554275512695,343450.0,90.26498413085938,270.2522277832031,223.476806640625,12.881526947021484,288.0533447265625,111.9467544555664
2021-01-28,133.4505615234375,161.88099670410156,40.63887023925781,348220.0,91.96514129638672,263.1617126464844,229.26283264160156,13.014399528503418,278.4766540527344,115.7077407836914
2021-01-29,128.45677185058594,160.30999755859375,40.52730941772461,344100.0,90.68283081054688,256.5379333496094,222.5748748779297,12.953324317932129,264.510009765625,111.74444580078125
2021-02-01,130.578857421875,167.1439971923828,41.988277435302734,346175.0,93.94368743896484,260.19244384765625,229.9536895751953,13.199878692626953,279.9366760253906,116.4709701538086
2021-02-02,131.40634155273438,169.0,42.90047836303711,350201.0,95.2364273071289,265.22723388671875,229.8193817138672,13.518732070922852,290.92999267578125,118.10777282714844
2021-02-03,130.38418579101562,165.62649536132812,41.84883499145508,350701.0,102.17202758789062,264.80029296875,233.16818237304688,13.492557525634766,284.89666748046875,117.2433853149414
2021-02-04,133.7425994873047,166.5500030517578,42.33822250366211,354760.0,101.9114761352539,264.6413879394531,232.2181854248047,13.625930786132812,283.3299865722656,117.84110260009766
2021-02-05,133.32826232910156,167.6074981689453,41.92261505126953,354401.0,103.65828704833984,266.2402038574219,232.4005126953125,13.552886962890625,284.07666015625,117.50086212158203
2021-02-08,133.47450256347656,166.14700317382812,42.52444076538086,357100.0,103.44440460205078,264.7308044433594,232.65960693359375,14.398259162902832,287.8066711425781,121.88713073730469
2021-02-09,132.59707641601562,165.25,42.69807052612305,362200.0,102.99132537841797,267.58087158203125,233.90701293945312,14.223252296447754,283.1533203125,122.0066909790039
2021-02-10,131.99266052246094,164.32899475097656,42.28605270385742,361290.0,103.54166412353516,269.98406982421875,232.99551391601562,14.722846031188965,268.2733459472656,122.93544006347656
2021-02-11,131.7391815185547,163.10650634765625,43.036319732666016,361650.0,103.65431213378906,268.51434326171875,234.597900390625,15.207982063293457,270.5533447265625,127.96540069580078
2021-02-12,131.97312927246094,163.885498046875,43.74971008300781,365000.0,103.96595764160156,268.62359619140625,235.07765197753906,14.919294357299805,272.0400085449219,126.95390319824219
2021-02-16,129.84783935546875,163.44749450683594,44.00249481201172,369333.0,104.74359130859375,272.06951904296875,233.83982849121094,15.287259101867676,265.40667724609375,128.78382873535156
2021-02-17,127.5568618774414,165.4320068359375,43.404258728027344,370500.0,105.1366195678711,271.6723327636719,234.85928344726562,14.864197731018066,266.04998779296875,125.30789947509766
2021-02-18,126.45519256591797,166.4114990234375,43.47443389892578,367400.0,104.50091552734375,267.5212707519531,234.46495056152344,14.787415504455566,262.4599914550781,123.79981231689453
2021-02-19,126.61115264892578,162.4949951171875,44.07716751098633,364400.0,103.65728759765625,259.7455749511719,231.75282287597656,14.884644508361816,260.4333190917969,125.66653442382812
2021-02-22,122.83827209472656,159.03700256347656,42.85369873046875,369250.0,101.9427490234375,258.5240783691406,225.5399169921875,14.315492630004883,238.1666717529297,122.8250961303711
2021-02-23,122.7017822265625,159.72500610351562,42.45246887207031,371055.0,102.2335433959961,264.0157775878906,224.3473663330078,14.102341651916504,232.94667053222656,118.71468353271484
2021-02-24,122.20459747314453,157.97650146484375,43.26032257080078,375000.0,103.40917205810547,262.4765319824219,225.57839965820312,14.458341598510742,247.33999633789062,121.65727996826172
2021-02-25,117.95398712158203,152.85800170898438,41.1264533996582,367800.0,100.0416030883789,252.92324829101562,220.23106384277344,13.270180702209473,227.4066619873047,115.86408233642578
2021-02-26,118.21723175048828,154.64649963378906,42.269859313964844,364580.0,100.3373794555664,255.83291625976562,223.49142456054688,13.676041603088379,225.1666717529297,115.80889129638672
2021-03-01,124.58334350585938,157.3070068359375,44.04298782348633,377755.0,102.70697784423828,263.0723876953125,227.87698364257812,13.802932739257812,239.47666931152344,118.74227905273438
2021-03-02,121.98037719726562,154.72650146484375,43.22703170776367,377835.0,102.44992065429688,257.2033996582031,224.92442321777344,13.368657112121582,228.81333923339844,115.86408233642578
2021-03-03,118.99713897705078,150.25,41.65721893310547,381680.0,99.81631469726562,253.63827514648438,218.85577392578125,12.768842697143555,217.73333740234375,113.00425720214844
2021-03-04,117.11557006835938,148.8784942626953,39.90569305419922,370240.0,100.93388366699219,255.8528289794922,218.05752563476562,12.335559844970703,207.14666748046875,106.2914810180664
2021-03-05,118.37319946289062,150.0229949951172,40.494930267333984,381600.0,104.06719970703125,262.44671630859375,222.74124145507812,12.426554679870605,199.31666564941406,111.08236694335938
2021-03-08,113.44017791748047,147.59750366210938,37.895965576171875,388560.0,99.62228393554688,253.53895568847656,218.69229125976562,11.560737609863281,187.6666717529297,104.76500701904297
2021-03-09,118.05147552490234,153.1425018310547,39.906593322753906,391460.0,101.25296020507812,263.8966369628906,224.83787536621094,12.489448547363281,224.52667236328125,107.0179214477539
2021-03-10,116.9693374633789,152.8820037841797,39.36592102050781,398840.0,101.04603576660156,263.0624084472656,223.5298614501953,12.437576293945312,222.68666076660156,104.67305755615234
2021-03-11,118.89965057373047,155.67950439453125,40.81428909301758,396399.0,104.2394027709961,271.98016357421875,228.05972290039062,12.96153450012207,233.1999969482422,110.88008880615234
2021-03-12,117.99297332763672,154.47450256347656,40.58758544921875,394701.0,101.7313461303711,266.5381774902344,226.7324981689453,12.824372291564941,231.2433319091797,108.78347778320312
2021-03-15,120.87871551513672,154.08399963378906,42.35081481933594,386400.0,101.9516830444336,271.8510437011719,225.82847595214844,13.158795356750488,235.97999572753906,109.500732421875
2021-03-16,122.4190673828125,154.59300231933594,43.01742935180664,382720.0,103.41313934326172,277.3426818847656,228.61753845214844,13.258552551269531,225.6266632080078,109.7490234375
2021-03-17,121.62937927246094,156.7864990234375,43.504119873046875,381501.0,103.33026123046875,282.0398254394531,227.97312927246094,13.308427810668945,233.93666076660156,109.61795043945312
2021-03-18,117.5055160522461,151.39950561523438,41.75527572631836,383525.0,100.30908966064453,276.687255859375,221.8948974609375,12.691200256347656,217.72000122070312,105.68586730957031
2021-03-19,116.97908020019531,153.7480010986328,43.01641082763672,382698.0,100.5879898071289,288.09747314453125,221.53907775878906,12.814146995544434,218.2899932861328,104.88286590576172
2021-03-22,120.29376983642578,155.5435028076172,43.090763092041016,380403.0,100.77308654785156,291.5037841796875,226.96331787109375,13.153813362121582,223.3333282470703,108.15957641601562
2021-03-23,119.46509552001953,156.875,42.07350540161133,377440.0,101.30107879638672,288.6139221191406,228.49249267578125,13.038596153259277,220.72000122070312,106.04586791992188
2021-03-24,117.07656860351562,154.35350036621094,41.45789337158203,378000.0,100.86439514160156,280.182861328125,226.45362854003906,12.611895561218262,210.08999633789062,100.57234954833984
2021-03-25,117.56403350830078,152.31300354003906,41.85953903198242,378700.0,100.86092376708984,276.8063659667969,223.45291137695312,12.504411697387695,213.4633331298828,101.94764709472656
2021-03-26,118.1684799194336,152.60150146484375,43.703636169433594,387995.0,100.47732543945312,281.05670166015625,227.43460083007812,12.807663917541504,206.23666381835938,107.58731079101562
2021-03-29,118.34394073486328,153.7864990234375,42.84958267211914,391540.0,101.52242279052734,288.8026123046875,226.24200439453125,12.916394233703613,203.76333618164062,105.58433532714844
2021-03-30,116.89134216308594,152.76449584960938,41.357276916503906,390360.0,101.5561752319336,286.002197265625,222.98167419433594,12.840084075927734,211.8733367919922,106.21200561523438
2021-03-31,119.08488464355469,154.70399475097656,42.0372428894043,385702.0,102.3526382446289,292.48687744140625,226.7517547607422,13.315411567687988,222.64332580566406,109.17489624023438
2021-04-01,119.91355895996094,158.0500030517578,43.15150833129883,390360.0,105.69042205810547,296.5882568359375,233.08006286621094,13.777774810791016,220.5833282470703,115.1929702758789
2021-04-05,122.74077606201172,161.3365020751953,44.28751754760742,395535.0,110.1159896850586,306.7671203613281,239.54302978515625,13.953089714050293,230.35000610351562,114.91608428955078
2021-04-06,123.04302978515625,161.1909942626953,43.869564056396484,396900.0,109.63463592529297,304.13555908203125,238.37930297851562,13.827401161193848,230.5399932861328,113.0146484375
2021-04-07,124.69060516357422,163.96949768066406,43.741722106933594,395888.0,111.11196899414062,310.9181213378906,240.34124755859375,14.108705520629883,223.6566619873047,110.66095733642578
2021-04-08,127.08885955810547,164.96499633789062,44.015533447265625,396001.0,111.67769622802734,310.84857177734375,243.5631561279297,14.281778335571289,227.93333435058594,113.92845153808594
2021-04-09,129.66262817382812,168.61000061035156,43.98017883300781,400000.0,112.68209075927734,310.29248046875,246.06369018554688,14.364574432373047,225.67333984375,113.3469467163086
2021-04-12,127.94680786132812,168.96949768066406,43.8514289855957,402620.0,111.38937377929688,309.3788757324219,246.1213836669922,15.171585083007812,233.9933319091797,111.59320068359375
2021-04-13,131.0567169189453,170.0,43.96839141845703,402500.0,111.87619018554688,307.61126708984375,248.60267639160156,15.6409273147583,254.10667419433594,111.93473052978516
2021-04-14,128.71697998046875,166.64999389648438,43.273902893066406,403000.0,111.25489044189453,300.7193908691406,245.81358337402344,15.23941707611084,244.07666015625,111.53782653808594
2021-04-15,131.12498474121094,168.95449829101562,43.51869201660156,404789.0,113.40563201904297,305.6846923828125,249.5740509033203,16.097549438476562,246.28334045410156,109.23950958251953
2021-04-16,130.7935333251953,169.9720001220703,43.40899658203125,409250.0,113.28157806396484,304.05609130859375,250.7665557861328,15.873353958129883,246.5933380126953,109.69178009033203
2021-04-19,131.4564666748047,168.60049438476562,41.88673782348633,406505.0,113.62944793701172,300.1434326171875,248.84317016601562,15.323958396911621,238.2100067138672,106.51659393310547
2021-04-20,129.76986694335938,166.7344970703125,41.457000732421875,403089.0,113.09598541259766,300.5505676269531,248.38148498535156,15.133926391601562,239.663330078125,106.10123443603516
2021-04-21,130.15008544921875,168.1009979248047,41.68637466430664,410153.0,113.063232421875,299.3787536621094,250.61276245117188,15.322713851928711,248.0399932861328,108.36266326904297
2021-04-22,128.6292266845703,165.45199584960938,41.26206588745117,405901.0,111.78141021728516,294.4631042480469,247.33316040039062,14.81371784210205,239.89666748046875,106.4427490234375
2021-04-23,130.94952392578125,167.04400634765625,42.26117706298828,408840.0,114.13412475585938,299.04107666015625,251.1609649658203,15.227696418762207,243.13333129882812,109.5071792602539
2021-04-26,131.33946228027344,170.4499969482422,42.77977752685547,407527.0,114.63037872314453,300.9378356933594,251.545654296875,15.439921379089355,246.06666564941406,112.16546630859375
2021-04-27,131.01776123046875,170.8715057373047,42.281131744384766,411400.0,113.68998718261719,301.4642028808594,251.94955444335938,15.343908309936523,234.913330078125,111.93473052978516
2021-04-28,130.2281036376953,172.9250030517578,41.632877349853516,410988.0,117.0674819946289,304.9696960449219,244.82298278808594,15.239167213439941,231.46665954589844,110.44866180419922
2021-04-29,130.1305694580078,173.5655059814453,42.27568435668945,417905.0,118.7408218383789,327.2242431640625,242.85140991210938,15.287050247192383,225.6666717529297,109.9317626953125
2021-04-30,128.1613006591797,173.37100219726562,41.36089324951172,412500.0,116.79254913330078,322.8249206542969,242.5340576171875,14.972572326660156,236.47999572753906,107.7534408569336
2021-05-03,129.2141876220703,169.32449340820312,40.81147384643555,420000.0,116.27545166015625,320.3423156738281,242.22633361816406,14.800251007080078,228.3000030517578,107.0150375366211
2021-05-04,124.64186096191406,165.593505859375,40.303749084472656,421420.0,114.47655487060547,316.15155029296875,238.31198120117188,14.315945625305176,224.53334045410156,106.47966766357422
2021-05-05,124.8855972290039,163.52699279785156,40.239376068115234,424840.0,114.87057495117188,312.834716796875,237.04244995117188,14.422929763793945,223.64666748046875,106.49813842773438
2021-05-06,126.48445129394531,165.31849670410156,40.670040130615234,435120.0,115.99110412597656,317.800048828125,240.17774963378906,14.487271308898926,221.17999267578125,107.9934310913086
2021-05-07,127.15827178955078,164.58050537109375,41.032684326171875,437131.0,116.71463012695312,316.8665466308594,242.80340576171875,14.775812149047852,224.1233367919922,107.83650970458984
2021-05-10,123.87700653076172,159.52450561523438,39.53854751586914,439460.0,113.72820281982422,303.8475036621094,237.7252960205078,14.230655670166016,209.67999267578125,103.66444396972656
2021-05-11,122.95903015136719,161.19549560546875,39.89848327636719,430258.0,112.65184020996094,304.4035949707031,236.81163024902344,14.271055221557617,205.73333740234375,104.16288757324219
2021-05-12,119.89263153076172,157.5970001220703,38.294639587402344,425308.0,109.1875228881836,300.45123291015625,229.85821533203125,13.724650382995605,196.6300048828125,99.88005828857422
2021-05-13,122.04106903076172,158.07350158691406,39.03989791870117,430640.0,110.61621856689453,303.1424865722656,233.73402404785156,13.631630897521973,190.56333923339844,100.37850189208984
2021-05-14,124.46295928955078,161.14500427246094,40.03900909423828,437260.0,113.0647201538086,313.7483825683594,238.65817260742188,14.207959175109863,196.5800018310547,103.80290222167969
2021-05-17,123.31059265136719,163.51950073242188,39.88669204711914,434324.0,113.58776092529297,313.271728515625,235.8017578125,14.130651473999023,192.27667236328125,101.34769439697266
2021-05-18,121.92388153076172,161.61399841308594,39.32457733154297,431767.0,112.27517700195312,307.8098449707031,233.78213500976562,13.981269836425781,192.6233367919922,102.3076171875
2021-05-19,121.76763153076172,161.58999633789062,40.0480842590332,430720.0,112.72329711914062,311.4146728515625,234.36048889160156,14.031147956848145,187.82000732421875,103.74755096435547
2021-05-20,124.32620239257812,162.38400268554688,41.252098083496094,431422.0,114.48250579833984,316.3997802734375,237.5994415283203,14.576552391052246,195.5933380126953,104.5597915649414
2021-05-21,122.49027252197266,160.1540069580078,40.911190032958984,432469.0,113.84629821777344,314.036376953125,236.33665466308594,14.954867362976074,193.6266632080078,103.2398681640625
2021-05-24,124.12114715576172,162.24949645996094,41.63197708129883,435431.0,117.16673278808594,322.3780517578125,241.74453735351562,15.573593139648438,202.14666748046875,104.88286590576172
2021-05-25,123.92581176757812,162.95249938964844,41.6637077331543,432274.0,117.25753784179688,325.5161437988281,242.65066528320312,15.609253883361816,201.56333923339844,105.4828109741211
2021-05-26,123.87700653076172,163.25799560546875,41.74984359741211,432800.0,118.12300109863281,325.3871154785156,242.42893981933594,15.661376953125,206.3766632080078,107.07041931152344
2021-05-27,122.34380340576172,161.5054931640625,42.40171432495117,435420.0,117.24811553955078,330.4417419433594,240.3274688720703,15.449898719787598,210.28334045410156,106.85810089111328
2021-05-28,121.68951416015625,161.15350341796875,42.823307037353516,436000.0,116.95878601074219,326.4496765136719,240.68417358398438,16.20453453063965,208.4066619873047,108.32571411132812
2021-06-01,121.36722564697266,160.9324951171875,42.458831787109375,435304.0,118.1661605834961,326.84686279296875,238.486328125,16.224485397338867,207.96665954589844,109.38719177246094
2021-06-02,122.12895965576172,161.69949340820312,42.950233459472656,435639.0,117.6406478881836,326.86669921875,238.38992309570312,16.73697280883789,201.7066650390625,109.79331970214844
2021-06-03,120.64456939697266,159.35049438476562,42.14059066772461,438745.0,116.49877166748047,323.7782897949219,236.85720825195312,16.928003311157227,190.94667053222656,107.82730102539062
2021-06-04,122.93951416015625,160.31100463867188,43.065372467041016,439016.0,118.78102111816406,328.05841064453125,241.75418090820312,17.535009384155273,199.68333435058594,110.31021881103516
2021-06-07,122.94925689697266,159.90049743652344,42.04812240600586,434611.0,119.2142562866211,334.24517822265625,244.6653594970703,17.575654983520508,201.7100067138672,109.11951446533203
2021-06-08,123.76956939697266,163.20550537109375,42.02546310424805,434510.0,119.02269744873047,331.3652648925781,243.4700469970703,17.4140567779541,201.19667053222656,106.99656677246094
2021-06-09,124.15045166015625,164.0574951171875,42.06172561645508,433125.0,119.49414825439453,327.9591064453125,244.4532928466797,17.31951332092285,199.5933380126953,108.1134033203125
2021-06-10,123.15434265136719,167.4824981689453,42.4914665222168,427156.0,120.84343719482422,330.15374755859375,247.9717559814453,17.386112213134766,203.3733367919922,109.13794708251953
2021-06-11,124.36528778076172,167.3415069580078,42.67552185058594,430282.0,120.59878540039062,328.96209716796875,248.59835815429688,17.78547477722168,203.29666137695312,109.14720153808594
2021-06-14,127.42192840576172,169.19349670410156,43.14061737060547,425880.0,121.52727508544922,334.4338684082031,250.52630615234375,17.97854232788086,205.89666748046875,111.6762924194336
2021-06-15,126.60162353515625,169.156494140625,42.67913818359375,426045.0,120.50897979736328,334.4140319824219,249.05140686035156,17.748804092407227,199.7866668701172,110.25482940673828
2021-06-16,127.09968566894531,170.7624969482422,42.22673034667969,425645.0,119.8668212890625,328.7833251953125,248.10671997070312,17.770509719848633,201.6233367919922,108.93489074707031
2021-06-17,128.7012176513672,174.46200561523438,42.718135833740234,420359.0,120.83053588867188,334.1756591796875,251.49990844726562,18.615617752075195,205.53334045410156,110.37200927734375
2021-06-18,127.40239715576172,174.34500122070312,42.022743225097656,412729.0,119.21028137207031,327.37322998046875,250.0828399658203,18.597158432006836,207.77000427246094,107.28656005859375
2021-06-21,129.1992645263672,172.697998046875,42.45310592651367,417780.0,120.8990249633789,329.9849853515625,253.16758728027344,18.386127471923828,206.94332885742188,105.75772094726562
2021-06-22,130.83990478515625,175.27200317382812,42.43848419189453,418875.0,121.41312408447266,336.67822265625,255.94383239746094,18.8446044921875,207.90333557128906,105.93378448486328
2021-06-23,130.5664825439453,175.1909942626953,42.64042282104492,413890.0,121.21116638183594,338.2274169921875,255.71243286132812,19.014726638793945,218.85667419433594,107.52745819091797
2021-06-24,130.28326416015625,172.45399475097656,42.95109176635742,415000.0,121.58137512207031,340.7994079589844,257.0813293457031,19.162643432617188,226.60667419433594,108.63006591796875
2021-06-25,129.99029541015625,170.072998046875,42.23289489746094,419134.0,121.58979034423828,339.001953125,255.47145080566406,18.9885311126709,223.9566650390625,107.97220611572266
2021-06-28,131.6211395263672,172.1945037841797,43.20145034790039,416304.0,121.61709594726562,353.1729736328125,259.0381164550781,19.940401077270508,229.57333374023438,110.82601928710938
2021-06-29,133.1348114013672,172.40699768066406,43.59893035888672,417000.0,121.35557556152344,349.448974609375,261.6215515136719,19.98206329345703,226.9199981689453,111.40050506591797
2021-06-30,133.75006103515625,172.00799560546875,43.57060241699219,418601.0,121.17393493652344,345.2980041503906,261.1396789550781,19.957862854003906,226.56666564941406,111.33563995361328
2021-07-01,134.05279541015625,171.64849853515625,42.91271209716797,421005.0,121.52627563476562,351.93170166015625,261.81439208984375,20.166900634765625,225.97332763671875,109.7234115600586
2021-07-02,136.6797637939453,175.5489959716797,42.77839660644531,420000.0,124.31819152832031,352.239501953125,267.6463623046875,20.441286087036133,226.3000030517578,110.17743682861328
2021-07-06,138.6914520263672,183.78700256347656,43.24531555175781,416930.0,125.24369049072266,350.3327941894531,267.65606689453125,20.65230941772461,219.86000061035156,111.23371124267578
2021-07-07,141.18167114257812,184.82899475097656,42.9035758972168,419401.0,125.52555847167969,348.0586853027344,269.84429931640625,20.326290130615234,214.88333129882812,109.56590270996094
2021-07-08,139.8828582763672,186.57049560546875,42.99128723144531,411840.0,124.10629272460938,343.2522888183594,267.42474365234375,19.858335494995117,217.60333251953125,109.21379852294922
2021-07-09,141.7090301513672,185.9669952392578,43.87579345703125,422000.0,124.57723999023438,347.9891662597656,267.9259338378906,20.00550651550293,218.98333740234375,111.70624542236328
2021-07-12,141.11334228515625,185.92750549316406,44.38474655151367,420937.0,126.02330017089844,350.7101745605469,267.3283386230469,20.46672821044922,228.56666564941406,113.6242446899414
2021-07-13,142.2266082763672,183.8679962158203,44.22575759887695,419820.0,126.38655090332031,349.6475830078125,270.8564758300781,20.20481300354004,222.84666442871094,114.80097961425781
2021-07-14,145.6543731689453,184.08399963378906,44.004634857177734,418500.0,127.27534484863281,345.2185363769531,272.331298828125,19.797225952148438,217.7933349609375,115.25497436523438
2021-07-15,145.0000762939453,181.55999755859375,43.61629867553711,421350.0,126.05258178710938,342.070556640625,270.9046630859375,18.923927307128906,216.86666870117188,108.89875793457031
2021-07-16,142.9590301513672,178.68150329589844,42.76926040649414,417601.0,126.0178451538086,338.7934265136719,270.6347351074219,18.120473861694336,214.74000549316406,107.24022674560547
2021-07-19,139.1113739013672,177.47950744628906,42.54995346069336,410450.0,123.64378356933594,334.6126708984375,267.02947998046875,18.737844467163086,215.4066619873047,106.87886810302734
2021-07-20,142.7246856689453,178.6595001220703,42.8167724609375,416244.0,125.26305389404297,339.2899475097656,269.2563171386719,18.570466995239258,220.1666717529297,107.85177612304688
2021-07-21,141.99227905273438,179.25999450683594,43.769798278808594,420055.0,126.5925064086914,343.8282775878906,271.2613220214844,19.366689682006836,218.42999267578125,109.21379852294922
2021-07-22,143.35948181152344,181.90150451660156,43.524009704589844,417800.0,127.45844268798828,348.7538757324219,275.8305358886719,19.550275802612305,216.4199981689453,108.00000762939453
2021-07-23,145.0782012939453,182.83200073242188,44.14717102050781,419000.0,132.01751708984375,367.2248229980469,279.2333068847656,19.514354705810547,214.4600067138672,108.21311950683594
2021-07-26,145.49813842773438,184.99099731445312,44.064029693603516,419500.0,133.02987670898438,369.8763122558594,278.6357421875,19.250946044921875,219.2066650390625,107.1568374633789
2021-07-27,143.33010864257812,181.3195037841797,43.43537521362305,422309.0,130.91087341308594,365.2585754394531,276.216064453125,19.165138244628906,214.92666625976562,105.20178985595703
2021-07-28,141.58206176757812,181.51600646972656,43.64461898803711,418975.0,135.07342529296875,370.69061279296875,275.9076232910156,19.459476470947266,215.66000366210938,106.61943054199219
2021-07-29,142.2266082763672,179.99600219726562,44.23488998413086,420676.0,134.75929260253906,355.8343811035156,276.17755126953125,19.61812400817871,225.78334045410156,107.62010955810547
2021-07-30,142.4414520263672,166.37950134277344,44.35276794433594,418900.0,133.71617126464844,353.828369140625,274.6448059082031,19.455486297607422,229.06666564941406,108.07413482666016
2021-08-02,142.10946655273438,166.57400512695312,44.28696823120117,418695.0,133.84323120117188,349.5085754394531,274.55810546875,19.705930709838867,236.55667114257812,108.2779769897461
2021-08-03,143.90631103515625,168.31199645996094,44.47977828979492,423706.0,134.61289978027344,348.80352783203125,276.7751770019531,19.77078628540039,236.5800018310547,109.71415710449219
2021-08-04,143.5059356689453,167.73599243164062,44.572059631347656,419962.0,134.11221313476562,356.4302062988281,276.18719482421875,20.228757858276367,236.97332763671875,110.0199203491211
2021-08-05,143.61334228515625,168.79949951171875,44.5601806640625,421306.0,135.22975158691406,360.4521179199219,279.0887145996094,20.590946197509766,238.2100067138672,110.46466064453125
2021-08-06,142.9287109375,167.2469940185547,44.355499267578125,430160.0,134.7205810546875,360.9883728027344,279.03094482421875,20.320552825927734,233.03334045410156,109.52882385253906
2021-08-09,142.87982177734375,167.093505859375,44.28696823120117,431881.0,135.8862762451172,359.1015625,277.9416198730469,20.249713897705078,237.9199981689453,109.53810119628906
2021-08-10,142.40060424804688,166.03399658203125,44.065853118896484,434610.0,135.7810821533203,358.6249084472656,276.1197204589844,19.89151382446289,236.663330078125,107.81470489501953
2021-08-11,142.65487670898438,164.60549926757812,44.1837158203125,438160.0,135.25704956054688,357.4630126953125,276.6113586425781,19.655040740966797,235.94000244140625,107.47188568115234
2021-08-12,145.61830139160156,165.1750030517578,44.24859619140625,436545.0,136.16517639160156,360.13433837890625,279.3683166503906,19.860586166381836,240.75,107.20316314697266
2021-08-13,145.8236846923828,164.69850158691406,44.422210693359375,433124.0,136.69467163085938,360.66064453125,282.2987976074219,20.14295196533203,239.05667114257812,107.01785278320312
2021-08-16,147.79928588867188,164.94949340820312,44.60312271118164,435370.0,137.27230834960938,364.0172119140625,283.9857177734375,19.905487060546875,228.72332763671875,106.21173858642578
2021-08-17,146.8897247314453,162.09800720214844,43.73965072631836,435610.0,135.63665771484375,355.9635009765625,282.5204772949219,19.414575576782227,221.90333557128906,102.95024871826172
2021-08-18,143.14389038085938,160.06100463867188,42.85149383544922,430651.0,134.4332733154297,352.98431396484375,280.7916259765625,18.997514724731445,229.663330078125,102.33870697021484
2021-08-19,143.47642517089844,159.3874969482422,43.268165588378906,428994.0,134.66253662109375,352.65655517578125,286.6251525878906,19.753820419311523,224.49000549316406,102.403564453125
2021-08-20,144.93368530273438,159.99749755859375,43.41801071166992,430007.0,136.39891052246094,356.8770751953125,293.9557189941406,20.76955223083496,226.75332641601562,100.1798324584961
2021-08-23,146.4202423095703,163.2935028076172,44.08320999145508,425000.0,138.99131774902344,360.8294982910156,294.23583984375,21.908998489379883,235.43333435058594,102.81126403808594
2021-08-24,146.33226013183594,165.28900146484375,43.99000930786133,430700.0,140.2021942138672,362.9745178222656,292.2752380371094,21.74437141418457,236.163330078125,103.87680053710938
2021-08-25,145.0999755859375,164.95899963378906,44.17092514038086,432354.0,141.01351928710938,365.8345642089844,291.68609619140625,22.163433074951172,237.06666564941406,108.43549346923828
2021-08-26,144.29795837402344,165.8000030517578,44.38383102416992,429715.0,140.37982177734375,361.85235595703125,288.8658752441406,22.018754959106445,233.72000122070312,109.42691802978516
2021-08-27,145.33465576171875,167.48150634765625,45.31584930419922,430901.0,142.9241180419922,370.0451354980469,289.4743347167969,22.585487365722656,237.30667114257812,109.78827667236328
2021-08-30,149.75535583496094,171.07850646972656,45.58538818359375,429720.0,143.50619506835938,378.0194091796875,293.2120361328125,22.637374877929688,243.6366729736328,110.25154113769531
2021-08-31,148.49371337890625,173.5395050048828,45.43187713623047,429900.0,143.61241149902344,376.74835205078125,291.56048583984375,22.3389892578125,245.24000549316406,110.27007293701172
2021-09-01,149.15875244140625,173.9499969482422,45.06181716918945,430000.0,144.1265411376953,379.3997497558594,291.51226806640625,22.39487075805664,244.69667053222656,111.61360168457031
2021-09-02,150.27369689941406,173.156005859375,44.946693420410156,428640.0,142.21249389648438,372.6767272949219,290.85552978515625,22.34996223449707,244.1300048828125,111.91935729980469
2021-09-03,150.909423828125,173.90249633789062,45.47483444213867,424201.0,142.6615753173828,373.6499328613281,290.8458251953125,22.796043395996094,244.52333068847656,114.86582946777344
2021-09-07,153.2469024658203,175.46449279785156,45.37522888183594,419851.0,143.1985626220703,379.5289001464844,289.9186096191406,22.61541748046875,250.97332763671875,115.5422134399414
2021-09-08,151.70162963867188,176.27499389648438,45.17330551147461,420719.0,142.6134490966797,374.9508361816406,289.9476623535156,22.293081283569336,251.2899932861328,112.9385757446289
2021-09-09,150.6844482421875,174.20799255371094,45.09197235107422,420285.0,142.46458435058594,375.3778381347656,287.0887756347656,22.131412506103516,251.6199951171875,113.6705551147461
2021-09-10,145.69656372070312,173.45750427246094,45.51777267456055,417954.0,139.819580078125,376.0631103515625,285.6014404296875,22.43179702758789,245.42333984375,113.93927001953125
2021-09-13,146.26376342773438,172.85850524902344,45.59178924560547,420801.0,141.26513671875,373.89825439453125,286.8376770019531,22.106468200683594,247.6666717529297,114.54154205322266
2021-09-14,144.86521911621094,172.5,45.85768508911133,416996.0,141.47555541992188,373.9180603027344,289.5419616699219,22.19628143310547,248.163330078125,114.05044555664062
2021-09-15,145.75523376464844,173.7895050048828,46.57679748535156,419785.0,143.34642028808594,371.3262023925781,294.4000549316406,22.295076370239258,251.94332885742188,112.57720947265625
2021-09-16,145.52047729492188,174.41200256347656,46.35841751098633,419120.0,142.53306579589844,370.4720764160156,294.78631591796875,22.19628143310547,252.3300018310547,112.3790512084961
2021-09-17,142.8504638671875,173.12600708007812,46.23505783081055,416400.0,139.74411010742188,362.19000244140625,289.6192321777344,21.85498046875,253.163330078125,109.55073547363281
2021-09-20,139.79905700683594,167.7864990234375,45.21349334716797,416000.0,137.67921447753906,353.2325744628906,284.2396545410156,21.06960105895996,243.38999938964844,106.71310424804688
2021-09-21,140.27828979492188,167.18150329589844,45.19233322143555,412802.0,137.9904022216797,355.000244140625,284.7225036621094,21.202327728271484,246.4600067138672,106.95501708984375
2021-09-22,142.64508056640625,169.00250244140625,46.07595443725586,412081.0,139.2314910888672,340.8291931152344,288.3733215332031,21.895898818969727,250.64666748046875,107.80165100097656
2021-09-23,143.6035614013672,170.8000030517578,46.41743469238281,418390.0,140.15701293945312,343.56011962890625,289.31982421875,22.435787200927734,251.2133331298828,108.09935760498047
2021-09-24,143.6916046142578,171.2760009765625,46.47450256347656,418101.0,141.1485137939453,350.51153564453125,289.1170654296875,22.03561019897461,258.1300048828125,107.58767700195312
2021-09-27,142.17564392089844,170.2899932861328,46.468048095703125,420791.0,140.01409912109375,351.12725830078125,284.11407470703125,21.615476608276367,263.78668212890625,108.0621337890625
2021-09-28,138.7917022705078,165.79800415039062,45.19510269165039,416580.0,134.8114013671875,338.2869567871094,273.8281555175781,20.656450271606445,259.1866760253906,104.10809326171875
2021-09-29,139.6914520263672,165.05599975585938,45.05335235595703,417165.0,133.34596252441406,337.2541809082031,274.291748046875,20.474822998046875,260.4366760253906,103.84758758544922
2021-09-30,138.39068603515625,164.2519989013672,44.63455581665039,411379.0,132.67356872558594,337.0357360839844,272.28277587890625,20.673419952392578,258.49334716796875,103.87549591064453
2021-10-01,139.51536560058594,164.16299438476562,44.85729217529297,414878.0,135.51905822753906,340.6305847167969,279.2173767089844,20.699365615844727,258.40667724609375,103.79176330566406
2021-10-04,136.08255004882812,159.48899841308594,43.808013916015625,412540.0,132.65716552734375,323.96697998046875,273.43212890625,19.691438674926758,260.510009765625,101.42861938476562
2021-10-05,138.00926208496094,161.0500030517578,44.67964553833008,418539.0,135.00294494628906,330.6502990722656,278.8890380859375,20.408964157104492,260.1966552734375,101.65192413330078
2021-10-06,138.8796844482422,163.10049438476562,44.98891830444336,421900.0,136.53338623046875,331.32562255859375,283.09033203125,20.657451629638672,260.9166564941406,101.72635650634766
2021-10-07,140.1413116455078,165.1215057373047,45.46201705932617,425431.0,138.1809539794922,326.93621826171875,284.7708435058594,21.031679153442383,264.53668212890625,103.11259460449219
2021-10-08,139.75990295410156,164.43099975585938,45.36353302001953,427765.0,138.7372283935547,327.7604675292969,284.7708435058594,20.788179397583008,261.8299865722656,102.37759399414062
2021-10-11,139.67190551757812,162.31500244140625,45.31660079956055,423000.0,137.87228393554688,323.1923828125,284.1720275878906,20.652462005615234,263.9800109863281,102.5822982788086
2021-10-12,138.4004669189453,162.3665008544922,44.6667594909668,419596.0,135.42575073242188,321.5240173339844,282.8681945800781,20.628511428833008,268.5733337402344,101.5960922241211
2021-10-13,137.8136749267578,164.21400451660156,44.641910552978516,418402.0,136.55027770996094,322.28875732421875,286.1809387207031,20.895954132080078,270.3599853515625,102.32177734375
2021-10-14,140.60101318359375,164.9929962158203,45.80073928833008,423648.0,140.09249877929688,326.2510070800781,292.40081787109375,21.70130157470703,272.7733459472656,104.72213745117188
2021-10-15,141.65728759765625,170.4510040283203,46.32078552246094,427701.0,140.30787658691406,322.5071716308594,293.8108215332031,21.817058563232422,281.010009765625,106.86197662353516
2021-10-18,143.32968139648438,172.33700561523438,46.33091354370117,426189.0,141.70730590820312,333.0137939453125,296.78558349609375,22.176319122314453,290.03668212890625,107.30854034423828
2021-10-19,145.4911651611328,172.20750427246094,46.97798156738281,428105.0,142.16285705566406,337.6315612792969,297.6935119628906,22.244182586669922,288.0899963378906,108.81574249267578
2021-10-20,145.9801788330078,170.7530059814453,46.885921478271484,432495.0,140.7058868408203,338.416015625,296.9014892578125,22.057567596435547,288.6000061035156,107.54115295410156
2021-10-21,146.1953582763672,171.75050354003906,47.32405471801758,431680.0,140.82200622558594,339.5083923339844,300.13702392578125,22.645357131958008,298.0,108.19239807128906
2021-10-22,145.42269897460938,166.77749633789062,47.44002914428711,435722.0,136.5348663330078,322.3582458496094,298.5917053222656,22.679283142089844,303.2266540527344,106.27586364746094
2021-10-25,145.37379455566406,166.01849365234375,48.05303955078125,436401.0,136.4163055419922,326.409912109375,297.5968933105469,23.11838150024414,341.6199951171875,105.72692108154297
2021-10-26,146.03887939453125,168.80349731445312,49.13916015625,437890.0,138.26382446289062,313.6192626953125,299.5091552734375,24.66619110107422,339.4766540527344,106.22930908203125
2021-10-27,145.5791778564453,169.62449645996094,48.14876174926758,433050.0,145.1210174560547,310.0541687011719,312.1227111816406,24.40074348449707,345.9533386230469,105.8292465209961
2021-10-28,149.2174530029297,172.32850646972656,48.74336624145508,436250.0,144.75526428222656,314.7215576171875,313.262451171875,24.88973045349121,359.0133361816406,107.93190002441406
2021-10-29,146.50833129882812,168.6215057373047,48.9366569519043,432902.0,146.93580627441406,321.3254089355469,320.28387451171875,25.514446258544922,371.3333435058594,105.78274536132812
2021-11-01,145.6867218017578,165.90550231933594,48.603458404541016,430944.0,142.42088317871094,327.6910095214844,318.1108703613281,25.773908615112305,402.86334228515625,106.17350006103516
2021-11-02,146.7234344482422,165.6374969482422,49.433685302734375,434245.0,144.34188842773438,325.8041076660156,321.74224853515625,26.346729278564453,390.6666564941406,106.1642074584961
2021-11-03,148.1611785888672,169.1999969482422,49.9215202331543,435020.0,145.4986572265625,329.3196105957031,322.58258056640625,26.54332733154297,404.6199951171875,106.07115936279297
2021-11-04,147.642822265625,173.85000610351562,50.496795654296875,433102.0,147.1556396484375,333.520263671875,324.9391174316406,29.73974609375,409.9700012207031,109.58795928955078
2021-11-05,148.17172241210938,175.94949340820312,51.44483184814453,434000.0,147.73573303222656,338.763671875,324.5721435546875,29.69084358215332,407.36334228515625,109.59725189208984
2021-11-08,147.3489532470703,174.44900512695312,51.44759750366211,435200.0,147.9134063720703,336.27105712890625,325.4703674316406,30.74068260192871,387.64666748046875,112.49070739746094
2021-11-09,147.71136474609375,178.81149291992188,51.34175109863281,431680.0,147.80174255371094,333.0435485839844,324.4658508300781,30.593984603881836,341.1666564941406,113.30010986328125
2021-11-10,144.8807373046875,174.1024932861328,50.51059341430664,430602.0,144.7994384765625,325.3672180175781,319.4919128417969,29.39844512939453,355.98333740234375,109.96939849853516
2021-11-11,144.831787109375,173.625,51.120845794677734,429202.0,144.6733856201172,325.46649169921875,321.066162109375,30.32752799987793,354.5033264160156,109.96009826660156
2021-11-12,146.90823364257812,176.25750732421875,51.840614318847656,431575.0,147.5630340576172,338.5252990722656,325.20953369140625,30.32752799987793,344.47332763671875,110.42528533935547
2021-11-15,146.91802978515625,177.28399658203125,52.07533645629883,429302.0,147.3387451171875,345.1490478515625,324.5817565917969,29.963285446166992,337.7966613769531,109.89497375488281
2021-11-16,147.8974609375,177.03500366210938,52.35145950317383,427702.0,146.76705932617188,340.5809326171875,327.9041442871094,30.140914916992188,351.57666015625,109.85777282714844
2021-11-17,150.33628845214844,177.4499969482422,52.43153381347656,426198.0,146.93679809570312,338.4061279296875,328.1266784667969,29.20085334777832,363.0033264160156,110.76951599121094
2021-11-18,154.62632751464844,184.80299377441406,52.90740203857422,422702.0,148.71485900878906,336.3405456542969,330.2070007324219,31.60988998413086,365.4599914550781,114.79801177978516
2021-11-19,157.25125122070312,183.82850646972656,52.346866607666016,423374.0,147.8096923828125,342.90472412109375,331.98736572265625,32.917198181152344,379.0199890136719,115.60741424560547
2021-11-22,157.7115936279297,178.6284942626953,50.925716400146484,430100.0,145.20484924316406,338.6444091796875,328.8136901855469,31.89031219482422,385.6233215332031,116.06329345703125
2021-11-23,158.09359741210938,179.0019989013672,51.09507751464844,434921.0,144.6887664794922,334.9105224609375,326.7333679199219,31.680744171142578,369.6766662597656,112.90934753417969
2021-11-24,158.6127166748047,179.02049255371094,51.427345275878906,433333.0,145.02423095703125,338.6941223144531,326.9559326171875,32.60683059692383,372.0,112.30461120605469
2021-11-26,153.5880889892578,175.22799682617188,50.3099365234375,427833.0,141.1167449951172,330.8092041015625,318.99273681640625,31.43824577331543,360.6400146484375,108.93669891357422
2021-11-29,156.9476318359375,178.07850646972656,51.943702697753906,425260.0,144.4391326904297,335.6851501464844,325.7174072265625,33.307395935058594,378.9966735839844,110.97419738769531
2021-11-30,161.9036407470703,175.35350036621094,50.9625358581543,416876.0,140.83340454101562,322.2092590332031,319.8732604980469,32.608829498291016,381.586669921875,108.99252319335938
2021-12-01,161.38453674316406,172.18600463867188,51.06193161010742,415660.0,139.99374389648438,308.4454345703125,319.3797607421875,31.374225616455078,365.0,112.23018646240234
2021-12-02,160.395263671875,171.8679962158203,50.84931182861328,420566.0,141.89389038085938,308.23687744140625,318.8089294433594,32.06388473510742,361.5333251953125,113.22567749023438
2021-12-03,158.51475524902344,169.489501953125,51.37120056152344,418676.0,140.9365997314453,304.71148681640625,312.5389709472656,30.6336612701416,338.3233337402344,111.0207290649414
2021-12-06,161.9232635498047,171.36849975585938,52.002620697021484,426200.0,142.08148193359375,315.66497802734375,315.6158447265625,29.978927612304688,336.336669921875,110.84395599365234
2021-12-07,167.662841796875,176.1645050048828,54.34236145019531,429830.0,146.16513061523438,320.57073974609375,324.0628662109375,32.36430740356445,350.5833435058594,113.80252075195312
2021-12-08,171.48272705078125,176.1580047607422,54.173004150390625,427405.0,147.0752410888672,328.2669982910156,324.1112976074219,31.764469146728516,356.32000732421875,113.31873321533203
2021-12-09,170.97340393066406,174.17100524902344,53.69989776611328,428402.0,146.53134155273438,327.5320739746094,322.3018798828125,30.431053161621094,334.6000061035156,111.17887115478516
2021-12-10,175.762939453125,172.21200561523438,58.14189910888672,435000.0,146.89163208007812,327.46258544921875,331.43585205078125,30.13962173461914,339.010009765625,110.83464050292969
2021-12-13,172.129150390625,169.5675048828125,57.21963119506836,437730.0,144.7329559326172,332.169677734375,328.39764404296875,28.106555938720703,322.13665771484375,108.31334686279297
2021-12-14,170.74813842773438,169.0915069580078,56.59833908081055,446104.0,142.8278350830078,331.4248962402344,317.6961669921875,28.282215118408203,319.5033264160156,108.19239807128906
2021-12-15,175.6160125732422,173.31500244140625,58.894813537597656,443702.0,145.3428192138672,339.2899475097656,323.8016357421875,30.400108337402344,325.3299865722656,112.0162124633789
2021-12-16,168.7206268310547,168.87100219726562,57.129425048828125,454550.0,143.36180114746094,332.5768127441406,314.3676452636719,28.332115173339844,308.97332763671875,108.90153503417969
2021-12-17,167.62367248535156,170.0175018310547,58.44381332397461,443304.0,140.66220092773438,331.4745788574219,313.3033447265625,27.747255325317383,310.8566589355469,108.66798400878906
2021-12-20,166.26222229003906,167.07899475097656,59.37068176269531,437445.0,140.5450897216797,323.1923828125,309.53948974609375,27.66541290283203,299.9800109863281,107.37874603271484
2021-12-21,169.4356689453125,170.41700744628906,59.8625602722168,443000.0,142.3966064453125,331.8817138671875,316.68023681640625,29.018787384033203,312.84332275390625,109.71429443359375
2021-12-22,172.0312042236328,171.03700256347656,60.692543029785156,444588.0,145.31704711914062,328.15771484375,322.3985900878906,29.34316062927246,336.2900085449219,113.32037353515625
2021-12-23,172.65805053710938,171.06849670410156,61.58181381225586,444654.0,145.81475830078125,332.91448974609375,323.84033203125,29.58269500732422,355.6666564941406,112.74114990234375
2021-12-27,176.6248321533203,169.66949462890625,62.459957122802734,447110.0,146.79733276367188,343.778564453125,331.3487854003906,30.88517189025879,364.64666748046875,114.6282730102539
2021-12-28,175.60621643066406,170.66099548339844,61.97085952758789,449570.0,145.5869598388672,343.81829833984375,330.1876525878906,30.263378143310547,362.8233337402344,114.03036499023438
2021-12-29,175.6943359375,169.2010040283203,62.30527114868164,452102.0,145.55523681640625,340.5610656738281,330.864990234375,29.9429988861084,362.0633239746094,113.42314147949219
2021-12-30,174.5386199951172,168.64450073242188,61.607749938964844,452700.0,145.1041259765625,341.97119140625,328.32025146484375,29.5288028717041,356.7799987792969,112.49825286865234
2021-12-31,173.92156982421875,166.7169952392578,61.6383171081543,450662.0,143.7657470703125,334.0168151855469,325.41748046875,29.354135513305664,352.260009765625,112.39550018310547
2022-01-03,178.2703094482422,170.4044952392578,61.44470977783203,454300.0,143.90419006347656,336.1916198730469,323.8984069824219,30.062767028808594,399.9266662597656,120.3270034790039
2022-01-04,176.00779724121094,167.52200317382812,62.148719787597656,465725.0,143.316650390625,334.1955261230469,318.3445129394531,29.233373641967773,383.1966552734375,124.62437438964844
2022-01-05,171.32598876953125,164.35699462890625,59.56243133544922,467274.0,136.7418212890625,321.9212951660156,306.1239929199219,27.550626754760742,362.7066650390625,118.70145416259766
2022-01-06,168.46600341796875,163.25399780273438,59.009422302246094,473153.0,136.7145233154297,330.15374755859375,303.7049255371094,28.12352180480957,354.8999938964844,120.0186996459961
2022-01-07,168.63253784179688,162.5540008544922,57.3531494140625,480000.0,135.98948669433594,329.4884033203125,303.85980224609375,27.194318771362305,342.32000732421875,115.37565612792969
2022-01-10,168.65208435058594,161.48599243164062,57.53934860229492,477165.0,137.6295928955078,325.79425048828125,304.0823059082031,27.34702491760254,352.7066650390625,116.78630065917969
2022-01-11,171.48272705078125,165.36199951171875,57.621788024902344,480340.0,138.6881103515625,332.05047607421875,304.7693176269531,27.76321792602539,354.79998779296875,120.67265319824219
2022-01-12,171.9234619140625,165.20700073242188,57.61716079711914,481700.0,140.369873046875,330.9482421875,307.9525451660156,27.94487190246582,368.739990234375,123.5313491821289
2022-01-13,168.65208435058594,161.21400451660156,55.318965911865234,483872.0,137.5477294921875,324.21527099609375,294.9192810058594,26.523624420166016,343.85333251953125,130.0335235595703
2022-01-14,169.5140380859375,162.13800048828125,55.24300003051758,485379.0,138.4345245361328,329.59759521484375,300.1442565917969,26.889911651611328,349.8699951171875,131.4067840576172
2022-01-18,166.3112030029297,158.91749572753906,53.52188491821289,480081.0,134.9781494140625,315.9430236816406,292.8389587402344,25.852922439575195,343.5033264160156,125.0261001586914
2022-01-19,162.8145294189453,156.2989959716797,52.24171829223633,473440.0,134.10324096679688,317.37310791015625,293.4969177246094,25.018535614013672,331.8833312988281,122.3915786743164
2022-01-20,161.12985229492188,151.66749572753906,50.736446380615234,467390.0,132.3078155517578,314.3641052246094,291.8229675292969,24.103307723999023,332.0899963378906,119.88792419433594
2022-01-21,159.072998046875,142.64300537109375,49.39421463012695,458675.0,129.37400817871094,301.06695556640625,286.43353271484375,23.32880973815918,314.6333312988281,116.337890625
2022-01-24,158.29925537109375,144.54400634765625,50.16768264770508,456901.0,129.82310485839844,306.56854248046875,286.7625427246094,23.326814651489258,310.0,117.67381286621094
2022-01-25,156.4970703125,139.98599243164062,49.47850036621094,461919.0,125.98310089111328,298.0679016113281,279.1379699707031,22.28083610534668,306.1333312988281,114.42274475097656
2022-01-26,156.40890502929688,138.87249755859375,51.607181549072266,463652.0,128.2638702392578,292.5862121582031,287.091552734375,22.727970123291016,312.4700012207031,114.9832763671875
2022-01-27,155.9486083984375,139.6374969482422,50.23530578613281,461200.0,128.03758239746094,292.5961608886719,290.1200866699219,21.90157699584961,276.3666687011719,108.72400665283203
2022-01-28,166.83029174804688,143.97799682617188,51.88322448730469,469880.0,132.35096740722656,299.6170959472656,298.26715087890625,22.795839309692383,282.1166687011719,109.87310028076172
2022-01-31,171.18887329101562,149.57350158691406,54.27128982543945,469805.0,134.28884887695312,311.0870056152344,300.8989562988281,24.438663482666016,312.239990234375,114.56287384033203
2022-02-01,171.02236938476562,151.19349670410156,54.90489196777344,471184.0,136.61180114746094,316.78717041015625,298.75091552734375,24.59036636352539,310.4166564941406,114.95523071289062
2022-02-02,172.2270965576172,150.6125030517578,55.89698791503906,479500.0,146.89015197753906,320.7594299316406,303.29852294921875,25.19319725036621,301.88665771484375,115.9828872680664
2022-02-03,169.34751892089844,138.8455047607422,53.80535125732422,472536.0,142.0169677734375,236.1106719970703,291.4843444824219,23.90169906616211,297.0466613769531,111.95641326904297
2022-02-04,169.0630645751953,157.63949584960938,54.66775131225586,473364.0,142.21844482421875,235.4453582763672,296.0223388671875,24.271984100341797,307.7733459472656,113.05877685546875
2022-02-07,168.3472137451172,157.9355010986328,54.43339920043945,474900.0,138.15711975097656,223.34983825683594,291.1941223144531,24.680191040039062,302.4466552734375,114.26393127441406
2022-02-08,171.45602416992188,161.4134979248047,55.59962844848633,482030.0,138.35362243652344,218.65261840820312,294.6869812011719,25.0594539642334,307.3333435058594,115.57183837890625
2022-02-09,172.87803649902344,161.1894989013672,56.62969970703125,483900.0,140.5301971435547,230.3906707763672,301.1214904785156,26.653369903564453,310.6666564941406,117.26275634765625
2022-02-10,168.79827880859375,159.0034942626953,54.77890396118164,480105.0,137.58045959472656,226.4879150390625,292.57769775390625,25.774070739746094,301.51666259765625,116.50603485107422
2022-02-11,165.3854217529297,153.2935028076172,53.11709213256836,479370.0,133.27552795410156,218.0270233154297,285.4756774902344,23.902698516845703,286.6666564941406,113.04945373535156
2022-02-14,165.62086486816406,155.16700744628906,53.59507751464844,472410.0,134.5096893310547,216.18984985351562,285.4369201660156,24.220083236694336,291.9200134277344,111.89102172851562
2022-02-15,169.45538330078125,156.510498046875,55.835845947265625,473980.0,135.5840606689453,219.46693420410156,290.72967529296875,26.44377326965332,307.4766540527344,116.32855987548828
2022-02-16,169.22003173828125,158.10049438476562,55.3208122253418,474444.0,136.70510864257812,215.0378875732422,290.39031982421875,26.459747314453125,307.7966613769531,115.46905517578125
2022-02-17,165.62086486816406,154.65249633789062,53.633975982666016,470655.0,131.54505920410156,206.2691650390625,281.8869934082031,24.459617614746094,292.1166687011719,111.88168334960938
2022-02-18,164.07135009765625,152.60150146484375,53.725685119628906,472257.0,129.4250946044922,204.72991943359375,279.17218017578125,23.596296310424805,285.6600036621094,111.4612808227539
2022-02-22,161.14886474609375,150.19749450683594,53.49132537841797,471418.0,128.84002685546875,200.67819213867188,278.9686279296875,23.344778060913086,273.84332275390625,109.21916961669922
2022-02-23,156.98086547851562,144.82699584960938,52.354736328125,465515.0,126.6312026977539,197.07339477539062,271.74517822265625,22.343717575073242,254.67999267578125,108.27560424804688
2022-02-24,159.59933471679688,151.35800170898438,53.72661209106445,462110.0,131.6959228515625,206.159912109375,285.6296691894531,23.702085494995117,266.92333984375,104.52006530761719
2022-02-25,161.6686248779297,153.7884979248047,54.46859359741211,479345.0,133.451171875,209.01991271972656,288.26690673828125,24.110294342041016,269.9566650390625,103.9128189086914
2022-02-28,161.93341064453125,153.56300354003906,54.41579055786133,476205.0,134.04421997070312,209.56610107421875,289.70184326171875,24.33785629272461,290.1433410644531,99.97042846679688
2022-03-01,160.05047607421875,151.14199829101562,52.81140899658203,475879.0,133.05615234375,202.0784149169922,285.9786376953125,23.431610107421875,288.1233215332031,100.94200897216797
2022-03-02,163.34561157226562,152.05250549316406,54.26203155517578,486109.0,133.56234741210938,206.66639709472656,291.05926513671875,24.177289962768555,293.2966613769531,102.3993911743164
2022-03-03,163.02197265625,147.89849853515625,53.596923828125,491245.0,132.8953857421875,201.56202697753906,286.919189453125,23.672183990478516,279.7633361816406,101.6333236694336
2022-03-04,160.0210418701172,145.64100646972656,55.20779800415039,487440.0,130.9173126220703,198.6721954345703,281.0435485839844,22.895557403564453,279.42999267578125,98.1487045288086
2022-03-07,156.2257537841797,137.4530029296875,52.86512756347656,484527.0,125.4307861328125,186.16954040527344,270.426513671875,21.314348220825195,268.1933288574219,92.7582778930664
2022-03-08,154.40159606933594,136.01449584960938,53.35145568847656,478025.0,126.15133666992188,188.96998596191406,267.4596252441406,21.476062774658203,274.79998779296875,93.42157745361328
2022-03-09,159.80528259277344,139.2790069580078,55.30320358276367,488245.0,132.41946411132812,197.12303161621094,279.7248229980469,22.97342300415039,286.3233337402344,98.04592895507812
2022-03-10,155.46075439453125,146.8175048828125,54.442657470703125,487820.0,131.43643188476562,193.85586547851562,276.9034423828125,22.618051528930664,279.4333190917969,97.12109375
2022-03-11,151.74392700195312,145.52450561523438,53.52745819091797,489802.0,128.89659118652344,186.30857849121094,271.55133056640625,22.061031341552734,265.1166687011719,94.73881530761719
2022-03-14,147.71322631835938,141.85299682617188,52.59649658203125,493785.0,125.0064926147461,185.3353729248047,268.03167724609375,21.292388916015625,255.4566650390625,92.76762390136719
2022-03-15,152.0969696044922,147.3665008544922,54.90860366821289,498160.0,128.22914123535156,190.69793701171875,278.41595458984375,22.9324893951416,267.2966613769531,95.37408447265625
2022-03-16,156.51011657714844,153.10400390625,56.238792419433594,504036.0,132.28102111816406,202.21746826171875,285.43572998046875,24.452804565429688,280.07666015625,99.21343994140625
2022-03-17,157.52023315429688,157.23899841308594,55.82658004760742,518438.0,132.83534240722656,206.39822387695312,286.240478515625,24.722332000732422,290.5333251953125,99.96443939208984
2022-03-18,160.81539916992188,161.25050354003906,56.54354476928711,512991.0,135.1046905517578,214.9882354736328,291.2919921875,26.406354904174805,301.7966613769531,100.18034362792969
2022-03-21,162.18838500976562,161.4915008544922,56.07539749145508,525000.0,135.08087158203125,210.02291870117188,290.0606994628906,26.686857223510742,307.0533447265625,100.3680648803711
2022-03-22,165.56204223632812,164.88900756835938,57.01264572143555,525854.0,138.81910705566406,215.14710998535156,294.81158447265625,26.47722816467285,331.32666015625,100.48072814941406
2022-03-23,166.92518615722656,163.4080047607422,55.89726638793945,521781.0,137.23855590820312,211.9792938232422,290.38055419921875,25.588804244995117,333.03668212890625,98.894287109375
2022-03-24,170.71070861816406,163.64950561523438,58.419918060302734,528817.0,140.5103302001953,218.04685974121094,294.85040283203125,28.10036277770996,337.97332763671875,101.30680847167969
2022-03-25,171.34812927246094,164.77349853515625,58.6474609375,538949.0,140.61058044433594,220.28126525878906,294.4431457519531,27.643173217773438,336.8800048828125,100.18974304199219
2022-03-28,172.21115112304688,168.99049377441406,59.02142333984375,539180.0,140.39471435546875,222.0389862060547,301.2496032714844,28.169239044189453,363.9466552734375,99.81423950195312
2022-03-29,175.50631713867188,169.31500244140625,59.82252502441406,532011.0,141.43685913085938,228.2655029296875,305.81634521484375,28.605466842651367,366.5233459472656,102.55531311035156
2022-03-30,174.33929443359375,166.30099487304688,58.854496002197266,536440.0,140.8740997314453,226.26943969726562,304.3135681152344,27.641176223754883,364.663330078125,100.18974304199219
2022-03-31,171.240234375,162.99749755859375,58.722999572753906,528921.0,138.02462768554688,220.81752014160156,298.9322814941406,27.237886428833008,359.20001220703125,97.87106323242188
2022-04-01,170.946044921875,163.55999755859375,58.47121047973633,527760.0,139.0994873046875,223.29025268554688,300.00860595703125,26.664897918701172,361.5299987792969,96.49116516113281
2022-04-04,174.99635314941406,168.34649658203125,59.20515060424805,518714.0,141.89935302734375,232.26754760742188,305.3897705078125,27.311758041381836,381.8166809082031,98.36860656738281
2022-04-05,171.68157958984375,164.05499267578125,57.27189636230469,516000.0,139.53671264648438,230.2317657470703,301.4241638183594,25.885271072387695,363.7533264160156,96.21893310546875
2022-04-06,168.513916015625,158.75599670410156,56.1416130065918,517002.0,135.52401733398438,221.75099182128906,290.39031982421875,24.363964080810547,348.586669921875,94.97982025146484
2022-04-07,168.81796264648438,157.7845001220703,56.239524841308594,519760.0,134.8694610595703,221.4034423828125,292.2033996582031,24.16531753540039,352.4200134277344,94.3602523803711
2022-04-08,166.80751037597656,154.4604949951172,54.74272918701172,529000.0,132.2879638671875,220.7877197265625,287.9372863769531,23.078235626220703,341.8299865722656,93.20563507080078
2022-04-11,162.55125427246094,151.1219940185547,54.14680480957031,527590.0,127.8574447631836,214.9584503173828,276.58343505859375,21.87835121154785,325.30999755859375,91.59103393554688
2022-04-12,164.42437744140625,150.78750610351562,54.562744140625,524271.0,126.75675964355469,212.65455627441406,273.480712890625,21.466081619262695,328.98333740234375,91.468994140625
2022-04-13,167.11151123046875,155.54100036621094,55.25938034057617,519800.0,128.91990661621094,213.49862670898438,278.8716125488281,22.163848876953125,340.7900085449219,95.28022003173828
2022-04-14,162.10012817382812,151.7064971923828,53.51638412475586,516435.0,125.77964782714844,208.72201538085938,271.318603515625,21.220510482788086,328.3333435058594,92.33262634277344
2022-04-18,161.8843994140625,152.78500366210938,54.696102142333984,519499.0,126.71905517578125,209.30792236328125,271.9875793457031,21.744586944580078,334.7633361816406,92.7175064086914
2022-04-19,164.16940307617188,158.11549377441406,55.73313522338867,523260.0,129.03404235839844,215.8025665283203,276.6222229003906,22.158855438232422,342.7166748046875,93.3558349609375
2022-04-20,164.002685546875,153.9980010986328,55.742462158203125,522901.0,127.07980346679688,199.0297088623047,277.64990234375,21.444120407104492,325.73333740234375,92.94280242919922
2022-04-21,163.20831298828125,148.29600524902344,55.277103424072266,515815.0,123.87850189208984,186.76541137695312,272.26873779296875,20.14741325378418,336.260009765625,91.6755142211914
2022-04-22,158.6676483154297,144.35000610351562,54.73807144165039,505440.0,118.73834991455078,182.83285522460938,265.69500732421875,19.480588912963867,335.01666259765625,89.81684112548828
2022-04-25,159.7366180419922,146.07400512695312,54.824790954589844,506200.0,122.15106964111328,185.69288635253906,272.1814880371094,19.866907119750977,332.67333984375,90.34253692626953
2022-04-26,153.77395629882812,139.39100646972656,52.23127746582031,497777.0,117.76023864746094,179.6947784423828,262.0008850097656,18.754871368408203,292.1400146484375,87.08516693115234
2022-04-27,153.54844665527344,138.16700744628906,52.181854248046875,496800.0,113.43739318847656,173.73638916015625,274.6055603027344,18.382532119750977,293.836669921875,84.72900390625
2022-04-28,160.48196411132812,144.59649658203125,53.99106216430664,499000.0,117.6336898803711,204.30287170410156,280.8205261230469,19.747114181518555,292.5033264160156,89.3850326538086
2022-04-29,154.60755920410156,124.28150177001953,51.70157241821289,484340.0,113.2537841796875,199.07936096191406,269.0788269042969,18.514293670654297,290.2533264160156,87.2353744506836
2022-05-02,154.91159057617188,124.5,53.74953079223633,478150.0,115.708740234375,209.66542053222656,275.8174743652344,19.498559951782227,300.9800109863281,88.0145034790039
2022-05-03,156.40223693847656,124.25350189208984,54.19903564453125,481198.0,116.4541015625,210.55918884277344,273.2092590332031,19.56743621826172,303.0833435058594,87.8924789428711
2022-05-04,162.8160400390625,125.92849731445312,56.29641342163086,494343.0,121.34416198730469,221.86021423339844,281.1598205566406,20.298141479492188,317.5400085449219,90.10785675048828
2022-05-05,153.74456787109375,116.40699768066406,54.0889892578125,481400.0,115.63182067871094,206.835205078125,268.9140625,18.81077003479004,291.09332275390625,86.50318145751953
2022-05-06,154.47129821777344,114.77249908447266,54.099246978759766,479500.0,114.87850952148438,202.3564910888672,266.37371826171875,18.64206886291504,288.54998779296875,86.01502227783203
2022-05-09,149.34454345703125,108.78900146484375,52.497066497802734,471200.0,111.66726684570312,194.8489227294922,256.5323791503906,16.92011260986328,262.3699951171875,81.95037078857422
2022-05-10,151.7508087158203,108.85900115966797,54.219547271728516,469780.0,113.53713989257812,196.2789306640625,261.3027648925781,17.563974380493164,266.67999267578125,83.37722778320312
2022-05-11,143.88381958007812,105.37200164794922,52.887821197509766,468000.0,112.75059509277344,187.43072509765625,252.62501525878906,16.600677490234375,244.6666717529297,82.44789123535156
2022-05-12,140.01422119140625,106.93049621582031,53.30376052856445,461631.0,111.99777221679688,189.91342163085938,247.5831756591797,16.14647674560547,242.6666717529297,82.31647491455078
2022-05-13,144.48294067382812,113.05500030517578,54.85837173461914,465011.0,115.18022918701172,197.2421875,253.17764282226562,17.674774169921875,256.5299987792969,85.3860855102539
2022-05-16,142.94100952148438,110.81050109863281,54.33892059326172,464250.0,113.58678436279297,198.65234375,253.54612731933594,17.233558654785156,241.4566650390625,84.86980438232422
2022-05-17,146.5749053955078,115.36849975585938,56.71514892578125,471670.0,115.59956359863281,201.21444702148438,258.7043151855469,18.144947052001953,253.8699951171875,87.60147094726562
2022-05-18,138.30528259277344,107.11250305175781,53.21049499511719,461000.0,111.06035614013672,190.90646362304688,246.92555236816406,16.90813446044922,236.60333251953125,84.98243713378906
2022-05-19,134.89723205566406,107.31900024414062,50.938720703125,456031.0,109.55622100830078,189.9630584716797,246.01206970214844,17.093807220458984,236.47332763671875,84.68203735351562
2022-05-20,135.13296508789062,107.59100341796875,50.65707778930664,456500.0,108.0912857055664,192.19744873046875,245.4483642578125,16.66456413269043,221.3000030517578,85.2171401977539
2022-05-23,140.5543670654297,107.55699920654297,49.08753204345703,464510.0,110.65194702148438,194.8687744140625,253.31056213378906,16.86820411682129,224.96665954589844,85.89299774169922
2022-05-24,137.85345458984375,104.0999984741211,48.8860969543457,463606.0,105.1753158569336,180.02247619628906,252.30960083007812,16.12551498413086,209.3866729736328,83.28336334228516
2022-05-25,138.01063537597656,106.7750015258789,49.579010009765625,462890.0,105.0115737915039,182.55479431152344,255.12791442871094,16.945072174072266,219.60000610351562,84.86980438232422
2022-05-26,141.21241760253906,111.07749938964844,51.353721618652344,468805.0,106.98416900634766,190.30067443847656,258.41278076171875,17.819520950317383,235.91000366210938,85.42365264892578
2022-05-27,146.9677734375,115.14649963378906,54.395816802978516,478670.0,111.47422790527344,193.7764129638672,265.546142578125,18.777830123901367,253.2100067138672,88.02388763427734
2022-05-31,146.18203735351562,120.20950317382812,54.102046966552734,474050.0,112.90889739990234,192.29673767089844,264.2146301269531,18.639076232910156,252.75332641601562,89.46015167236328
2022-06-01,146.05435180664062,121.68399810791016,53.494937896728516,469620.0,113.03791046142578,187.33145141601562,264.7491760253906,18.287696838378906,246.7899932861328,88.94384765625
2022-06-02,148.50975036621094,125.51100158691406,53.78589630126953,472710.0,116.74043273925781,197.4805145263672,266.8482971191406,19.557451248168945,258.3333435058594,90.43639373779297
2022-06-03,142.7838592529297,122.3499984741211,52.53437423706055,467650.0,113.68205261230469,189.45657348632812,262.416748046875,18.686992645263672,234.51666259765625,88.02388763427734
2022-06-06,143.5302734375,124.79000091552734,52.339454650878906,468400.0,115.9444580078125,192.90249633789062,261.1824951171875,18.752872467041016,238.27999877929688,87.40433502197266
2022-06-07,146.05435180664062,123.0,53.436187744140625,471500.0,116.27098846435547,194.29278564453125,264.82684326171875,18.892629623413086,238.8866729736328,88.08960723876953
2022-06-08,145.31777954101562,121.18000030517578,52.724609375,463300.0,116.31515502929688,195.2759246826172,262.7957458496094,18.61905288696289,241.86666870117188,87.74227142333984
2022-06-09,140.0927734375,116.1500015258789,51.87223815917969,452260.0,113.97433471679688,182.72361755371094,257.3340148925781,18.019987106323242,239.7066650390625,85.28282928466797
2022-06-10,134.68116760253906,109.6500015258789,50.4780158996582,439780.0,110.32788848876953,174.3520965576172,245.8662567138672,16.94765281677246,232.22999572753906,83.24581146240234
2022-06-13,129.52493286132812,103.66999816894531,48.27245330810547,423700.0,105.59465789794922,163.1205596923828,235.4384002685547,15.622712135314941,215.73666381835938,80.3076171875
2022-06-14,130.3892059326172,102.30999755859375,48.51026916503906,415500.0,105.91522979736328,162.59423828125,237.60565185546875,15.811418533325195,220.88999938964844,81.84712219238281
2022-06-15,133.0115203857422,107.66999816894531,49.12017822265625,418600.0,108.94137573242188,168.17523193359375,244.67091369628906,16.5013484954834,233.0,83.66822052001953
2022-06-16,127.73741912841797,103.66000366210938,46.36625289916992,403971.0,105.23834991455078,159.7540740966797,238.0721435546875,15.576783180236816,213.10000610351562,79.75862884521484
2022-06-17,129.2106475830078,106.22000122070312,46.50334930419922,403150.0,106.34001922607422,162.60415649414062,240.67662048339844,15.855348587036133,216.75999450683594,80.21158599853516
2022-06-21,133.44366455078125,108.68000030517578,47.37031555175781,407800.0,110.70751953125,155.9605712890625,246.5951690673828,16.540285110473633,237.0366668701172,82.05175018310547
2022-06-22,132.9329376220703,108.94999694824219,46.64909362792969,405649.0,110.65145111083984,154.76890563964844,246.00234985351562,16.33460807800293,236.086669921875,80.12664031982422
2022-06-23,135.80081176757812,112.44000244140625,46.69422912597656,402300.0,111.40029907226562,157.64877319335938,251.57102966308594,16.199819564819336,235.07000732421875,79.38117218017578
2022-06-24,139.13026428222656,116.45999908447266,47.87056350708008,417401.0,117.09029388427734,168.97962951660156,260.1620788574219,17.099414825439453,245.7066650390625,81.07975769042969
2022-06-27,139.13026428222656,113.22000122070312,47.552734375,417700.0,114.96485900878906,168.3142547607422,257.43121337890625,16.842817306518555,244.9199981689453,81.02315521240234
2022-06-28,134.9856414794922,107.4000015258789,46.87006759643555,412170.0,111.16754913330078,159.5653839111328,249.25799560546875,15.957191467285156,232.663330078125,79.5887680053711
2022-06-29,136.74365234375,108.91999816894531,46.11404800415039,411050.0,110.86384582519531,162.80279541015625,252.93154907226562,15.517874717712402,228.49000549316406,78.9376449584961
2022-06-30,134.27847290039062,106.20999908447266,45.68151092529297,408950.0,108.14588165283203,160.1314239501953,249.59812927246094,15.135468482971191,224.47332763671875,77.14466094970703
2022-07-01,136.44900512695312,109.55999755859375,44.93207550048828,415850.0,107.92208099365234,158.91989135742188,252.27069091796875,14.500455856323242,227.26333618164062,72.66226196289062
2022-07-05,139.0320281982422,113.5,44.78726577758789,413844.0,112.41364288330078,167.02328491210938,255.4486541748047,14.940773010253906,233.06666564941406,71.82239532470703
2022-07-06,140.36776733398438,114.33000183105469,45.380611419677734,414148.0,113.71282196044922,168.59234619140625,258.7139587402344,15.106513977050781,231.73333740234375,71.30337524414062
2022-07-07,143.73651123046875,116.33000183105469,46.8785285949707,419200.0,117.89224243164062,170.9955291748047,260.84234619140625,15.833385467529297,244.5433349609375,76.10662841796875
2022-07-08,144.4141845703125,115.54000091552734,46.89263916015625,421800.0,118.45845794677734,169.6946258544922,260.1232604980469,15.81341552734375,250.76333618164062,76.91818237304688
2022-07-11,142.28294372558594,111.75,45.40411376953125,417900.0,114.80902862548828,161.7501220703125,257.0618896484375,15.12847900390625,234.3433380126953,74.65339660644531
2022-07-12,143.2552947998047,109.22000122070312,45.26401138305664,416449.0,113.16545104980469,162.13743591308594,246.527099609375,15.058588027954102,233.07000732421875,74.64395904541016
2022-07-13,142.89186096191406,110.4000015258789,45.29785919189453,417250.0,110.51846313476562,162.3559112548828,245.60386657714844,15.140460014343262,237.0399932861328,76.71060180664062
2022-07-14,145.8186798095703,110.62999725341797,45.571495056152344,412600.0,109.53984069824219,156.95364379882812,246.92555236816406,15.348137855529785,238.31333923339844,78.95649719238281
2022-07-15,147.48828125,113.55000305175781,46.49488067626953,418349.0,110.93926239013672,163.5574951171875,249.4912567138672,15.737533569335938,240.06666564941406,80.80607604980469
2022-07-18,144.44366455078125,113.76000213623047,46.1751708984375,414450.0,108.2123794555664,166.0699462890625,247.09080505371094,16.076007843017578,240.54666137695312,78.87158966064453
2022-07-19,148.30348205566406,118.20999908447266,47.86211013793945,425110.0,112.95653533935547,174.56063842773438,252.2220916748047,16.96562385559082,245.52999877929688,81.29680633544922
2022-07-20,150.30703735351562,122.7699966430664,48.1225700378418,429200.0,113.04586029052734,181.81993103027344,254.88497924804688,17.779356002807617,247.5,81.68370056152344
2022-07-21,152.57577514648438,124.62999725341797,48.67829895019531,430900.0,113.48255920410156,181.89935302734375,257.38262939453125,18.02198600769043,271.7066650390625,82.84442138671875
2022-07-22,151.33827209472656,122.41999816894531,48.19308853149414,429562.0,107.09085845947266,168.09580993652344,253.02874755859375,17.292118072509766,272.24334716796875,81.45722961425781
2022-07-25,150.21864318847656,121.13999938964844,48.248573303222656,432579.0,106.70378112792969,165.49395751953125,251.5418243408203,16.997573852539062,268.4333190917969,81.43836212158203
2022-07-26,148.8927459716797,114.80999755859375,48.05862808227539,428644.0,104.23245239257812,158.0459747314453,244.80697631835938,16.507339477539062,258.8599853515625,79.66424560546875
2022-07-27,153.9900665283203,120.97000122070312,49.62894821166992,436100.0,112.21215057373047,168.4036407470703,261.1728210449219,17.76238250732422,274.82000732421875,82.69342803955078
2022-07-28,154.54006958007812,122.27999877929688,50.17622375488281,442000.0,113.36346435546875,159.60508728027344,268.6268310546875,17.95608139038086,280.8999938964844,83.61820983886719
2022-07-29,159.60791015625,134.9499969482422,50.35205078125,451700.0,115.44770812988281,157.99635314941406,272.8348693847656,18.134807586669922,297.1499938964844,83.49553680419922
2022-08-01,158.62579345703125,135.38999938964844,50.43574905395508,444650.0,113.9986572265625,158.8206024169922,270.1817932128906,18.412376403808594,297.27667236328125,81.44778442382812
2022-08-02,157.152587890625,134.16000366210938,49.95054244995117,439180.0,114.2666244506836,159.07879638671875,267.08160400390625,18.49724006652832,300.586669921875,81.20243835449219
2022-08-03,163.1632843017578,139.52000427246094,51.41086196899414,443450.0,117.19451904296875,167.62904357910156,274.5162048339844,18.863672256469727,307.39666748046875,81.63652801513672
2022-08-04,162.84898376464844,142.57000732421875,51.98067855834961,442149.0,117.3036880493164,169.3867950439453,275.66290283203125,19.185171127319336,308.6333312988281,83.43891906738281
2022-08-05,162.622802734375,140.8000030517578,51.852806091308594,439529.0,116.58908081054688,165.95079040527344,274.9438171386719,18.95952796936035,288.1700134277344,84.7128677368164
2022-08-08,162.1507110595703,139.41000366210938,51.29707717895508,439167.0,116.42037200927734,169.06900024414062,272.4266662597656,17.765378952026367,290.42333984375,82.9859619140625
2022-08-09,162.19989013671875,137.8300018310547,50.100059509277344,440058.0,115.75538635253906,167.36093139648438,274.3509826660156,17.05947494506836,283.3333435058594,80.40975189208984
2022-08-10,166.44863891601562,142.69000244140625,51.755950927734375,442800.0,118.80235290527344,177.1028594970703,281.017822265625,18.068906784057617,294.3566589355469,83.67484283447266
2022-08-11,165.71099853515625,140.63999938964844,51.28767395019531,445302.0,117.94880676269531,176.25880432128906,278.93804931640625,17.91415023803711,286.6300048828125,84.47694396972656
2022-08-12,169.26145935058594,143.5500030517578,52.49127197265625,452697.0,120.76752471923828,179.24789428710938,283.6903991699219,18.679956436157227,300.0299987792969,85.74147033691406
2022-08-15,170.33348083496094,143.17999267578125,52.55992126464844,455170.0,121.1645278930664,179.6351776123047,285.2064514160156,19.002458572387695,309.32000732421875,86.41146087646484
2022-08-16,170.17613220214844,144.77999877929688,51.872554779052734,461300.0,120.78736877441406,178.22503662109375,284.4678649902344,18.849695205688477,306.5633239746094,84.88273620605469
2022-08-17,171.67103576660156,142.10000610351562,50.644493103027344,457277.0,118.65349578857422,173.6370849609375,283.7179260253906,18.306535720825195,303.9966735839844,84.17498016357422
2022-08-18,171.27764892578125,142.3000030517578,52.51197052001953,457400.0,119.26884460449219,173.44842529296875,282.5979309082031,18.743860244750977,302.8699951171875,84.24103546142578
2022-08-19,168.69107055664062,138.22999572753906,51.569759368896484,447155.0,116.3310317993164,166.79489135742188,278.6827697753906,17.82129669189453,296.6666564941406,82.28765106201172
2022-08-22,164.80616760253906,133.22000122070312,49.71923065185547,433650.0,113.38330841064453,161.9189453125,270.5020446777344,17.00756072998047,289.913330078125,80.43804931640625
2022-08-23,164.47177124023438,133.6199951171875,49.81608200073242,435730.0,113.00615692138672,159.99240112304688,269.2262268066406,17.154329299926758,296.4533386230469,81.18356323242188
2022-08-24,164.766845703125,133.8000030517578,49.91574478149414,442210.0,112.83743286132812,162.1274871826172,268.5931701660156,17.195270538330078,297.0966796875,80.7400131225586
2022-08-25,167.22561645507812,137.27999877929688,51.72962188720703,448000.0,115.77523040771484,167.6092071533203,271.5733337402344,17.885194778442383,296.07000732421875,82.63680267333984
2022-08-26,160.92132568359375,130.75,48.97731018066406,436201.0,109.5125503540039,160.6577606201172,261.0941162109375,16.23476219177246,288.0899963378906,79.96621704101562
2022-08-29,158.71827697753906,129.7899932861328,48.349185943603516,433300.0,108.59944152832031,158.06585693359375,258.30877685546875,15.776472091674805,284.82000732421875,78.18269348144531
2022-08-30,156.2889862060547,128.72999572753906,47.616676330566406,429700.0,108.12305450439453,156.06982421875,256.10772705078125,15.443989753723145,277.70001220703125,78.12609100341797
2022-08-31,154.6269073486328,126.7699966430664,46.932132720947266,421308.0,107.40845489501953,161.79977416992188,254.6467742919922,15.07056999206543,275.6099853515625,78.654541015625
2022-09-01,155.35470581054688,127.81999969482422,46.26450729370117,424290.0,108.91704559326172,164.21292114257812,253.60476684570312,13.91536808013916,277.1600036621094,77.04085540771484
2022-09-02,153.2401123046875,127.51000213623047,47.036502838134766,417940.0,107.04122924804688,159.2078857421875,249.37803649902344,13.62581729888916,270.2099914550781,76.34256744384766
2022-09-06,151.9812469482422,126.11000061035156,46.8465576171875,416860.0,106.00902557373047,157.44024658203125,246.64137268066406,13.444098472595215,274.4200134277344,75.52156066894531
2022-09-07,153.38766479492188,129.47999572753906,47.498191833496094,422047.0,108.62922668457031,159.27740478515625,251.3550567626953,13.696782112121582,283.70001220703125,75.4460678100586
2022-09-08,151.91241455078125,129.82000732421875,48.13761520385742,426850.0,107.56725311279297,160.93580627441406,251.77381896972656,13.972434997558594,289.260009765625,75.7197265625
2022-09-09,154.77439880371094,133.27000427246094,49.122127532958984,429819.0,109.82022857666016,167.97662353515625,257.5588684082031,14.368936538696289,299.67999267578125,76.93705749511719
2022-09-12,160.7344512939453,136.4499969482422,49.748374938964844,433062.0,110.0286636352539,167.78794860839844,259.691650390625,14.486787796020508,304.4200134277344,77.52214813232422
2022-09-13,151.30264282226562,126.81999969482422,47.35904312133789,418700.0,103.5376968383789,152.06777954101562,245.4142608642578,13.114513397216797,292.1300048828125,74.37029266357422
2022-09-14,152.7483673095703,128.5500030517578,48.02665710449219,420500.0,104.21260070800781,150.41928100585938,245.63824462890625,13.111515998840332,302.6099853515625,75.17241668701172
2022-09-15,149.8568572998047,126.27999877929688,47.02898025512695,417103.0,102.1382827758789,148.51260375976562,238.9767608642578,12.912768363952637,303.75,74.00323486328125
2022-09-16,148.21441650390625,123.52999877929688,47.25089645385742,414537.0,102.02910614013672,145.2751922607422,238.3534393310547,13.181428909301758,303.3500061035156,73.91783142089844
2022-09-19,151.9320831298828,124.66000366210938,47.1888313293457,421339.0,102.29707336425781,146.99322509765625,238.13917541503906,13.365198135375977,309.07000732421875,74.24048614501953
2022-09-20,154.31216430664062,122.19000244140625,46.36323547363281,419869.0,100.38154602050781,145.07659912109375,236.12319946289062,13.159457206726074,308.7300109863281,74.16455841064453
2022-09-21,151.1846160888672,118.54000091552734,45.716556549072266,407930.0,98.53550720214844,141.13412475585938,232.71450805664062,13.244351387023926,300.79998779296875,73.20606231689453
2022-09-22,150.22076416015625,117.30999755859375,45.28702926635742,405375.0,99.38904571533203,141.82928466796875,234.6915740966797,12.545228958129883,288.5899963378906,71.77308654785156
2022-09-23,147.9488525390625,113.77999877929688,44.440284729003906,404485.0,97.99954223632812,139.4359893798828,231.71141052246094,12.500284194946289,275.3299865722656,70.10282135009766
2022-09-26,148.2832794189453,115.1500015258789,43.83154296875,399128.0,97.43382263183594,135.42404174804688,231.25367736816406,12.212647438049316,276.010009765625,69.28668212890625
2022-09-27,149.2569580078125,114.41000366210938,44.06764221191406,401490.0,96.76883697509766,133.46768188476562,230.24078369140625,12.397416114807129,282.94000244140625,69.3056640625
2022-09-28,147.36859130859375,118.01000213623047,44.182376861572266,410705.0,99.29971313476562,140.62767028808594,234.7792205810547,12.720009803771973,287.80999755859375,68.45156860351562
2022-09-29,140.12998962402344,114.80000305175781,42.68136978149414,406700.0,96.68943786621094,135.4637451171875,231.30238342285156,12.204657554626465,268.2099914550781,65.74690246582031
2022-09-30,135.9205780029297,113.0,42.101078033447266,406470.0,94.9327163696289,134.73880004882812,226.8223876953125,12.123758316040039,265.25,65.06363677978516
2022-10-03,140.10049438476562,115.87999725341797,43.311927795410156,413300.0,97.9002914428711,137.6484832763672,234.45782470703125,12.496291160583496,242.39999389648438,65.71844482421875
2022-10-04,143.69032287597656,121.08999633789062,45.50037384033203,424180.0,100.8777847290039,139.306884765625,242.38539123535156,13.150465965270996,249.44000244140625,69.0969009399414
2022-10-05,143.98532104492188,120.94999694824219,45.968788146972656,420667.0,100.66937255859375,138.0159149169922,242.69705200195312,13.192414283752441,240.80999755859375,70.68173217773438
2022-10-06,143.0313262939453,120.30000305175781,45.46623992919922,416300.0,100.65943145751953,138.1053009033203,240.34991455078125,13.113515853881836,238.1300048828125,70.55834197998047
2022-10-07,137.77943420410156,114.55999755859375,43.66276168823242,406010.0,97.93998718261719,132.52427673339844,228.12744140625,12.06083869934082,223.07000732421875,66.19293975830078
2022-10-10,138.1039581298828,113.66999816894531,41.50276184082031,403000.0,97.12613677978516,132.86192321777344,223.26766967773438,11.655348777770996,222.9600067138672,64.0007553100586
2022-10-11,136.68772888183594,112.20999908447266,40.84471130371094,402836.0,96.45124053955078,127.64833068847656,219.52786254882812,11.571454048156738,216.5,60.21422576904297
2022-10-12,136.05828857421875,112.9000015258789,40.82669448852539,399251.0,96.82838439941406,126.61554718017578,219.85899353027344,11.485562324523926,217.24000549316406,60.84056854248047
2022-10-13,140.63160705566406,112.52999877929688,41.52836608886719,415222.0,98.31715393066406,129.38616943359375,228.12744140625,11.94498348236084,221.72000122070312,63.222572326660156
2022-10-14,136.09762573242188,106.9000015258789,40.4976692199707,412760.0,95.83588409423828,125.88068389892578,222.5956573486328,11.212903022766113,204.99000549316406,60.66025924682617
2022-10-17,140.06118774414062,113.79000091552734,41.281829833984375,419101.0,99.2203140258789,133.11016845703125,231.33160400390625,11.87307357788086,219.35000610351562,61.58079147338867
2022-10-18,141.37905883789062,116.36000061035156,41.230628967285156,428465.0,100.01432037353516,131.87876892089844,232.27627563476562,11.95197582244873,220.19000244140625,60.46097183227539
2022-10-19,141.48721313476562,115.06999969482422,41.27518844604492,421610.0,98.88286590576172,132.30580139160156,230.3089599609375,12.035869598388672,222.0399932861328,60.41351318359375
2022-10-20,141.02500915527344,115.25,40.801090240478516,413950.0,99.2203140258789,130.61758422851562,229.98757934570312,12.178689956665039,207.27999877929688,60.33759689331055
2022-10-21,144.84100341796875,119.31999969482422,42.6434440612793,427170.0,100.37162017822266,129.10813903808594,235.8018035888672,12.450347900390625,214.44000244140625,60.498924255371094
2022-10-24,146.98504638671875,119.81999969482422,43.28728103637695,432500.0,101.75119018554688,128.82015991210938,240.7979736328125,12.58318042755127,211.25,58.16438293457031
2022-10-25,149.82737731933594,120.5999984741211,43.6238899230957,436400.0,103.6965103149414,136.5561065673828,244.1189422607422,13.244351387023926,222.4199981689453,58.02203369140625
2022-10-26,146.88671875,115.66000366210938,43.72914505004883,435660.0,94.21810913085938,128.9194793701172,225.28359985351562,12.879807472229004,224.63999938964844,57.73731994628906
2022-10-27,142.41172790527344,110.95999908447266,43.18107986450195,437900.0,91.5284423828125,97.26061248779297,220.8328857421875,13.159457206726074,225.08999633789062,57.84171676635742
2022-10-28,153.17129516601562,103.41000366210938,44.840431213378906,451900.0,95.56791687011719,98.51185607910156,229.7148895263672,13.816631317138672,228.52000427246094,58.84765625
2022-10-31,150.8108673095703,102.44000244140625,44.57682418823242,445050.0,93.80126953125,92.5137710571289,226.07252502441406,13.480053901672363,227.5399932861328,58.41112518310547
2022-11-01,148.16522216796875,96.79000091552734,44.36632537841797,443004.0,89.79156494140625,94.53959655761719,222.2158660888672,13.525996208190918,227.82000732421875,58.43959045410156
2022-11-02,142.63792419433594,92.12000274658203,43.240814208984375,438700.0,86.31781768798828,89.91193389892578,214.35646057128906,13.20240306854248,214.97999572753906,57.43364715576172
2022-11-03,136.58937072753906,89.30000305175781,42.11149978637695,428800.0,82.8043441772461,88.29324340820312,208.6590576171875,13.404149055480957,215.30999755859375,57.20588302612305
2022-11-04,136.32339477539062,90.9800033569336,44.11979293823242,432000.0,85.93071746826172,90.16020202636719,215.61273193359375,14.138227462768555,207.47000122070312,59.293697357177734
2022-11-07,136.85536193847656,90.52999877929688,45.06040954589844,438575.0,87.82640838623047,96.04906463623047,221.9236602783203,14.28304386138916,197.0800018310547,59.55941390991211
2022-11-08,137.4267578125,89.9800033569336,45.713722229003906,442100.0,88.23333740234375,95.8008041381836,222.8975830078125,14.58366584777832,191.3000030517578,61.70415115356445
2022-11-09,132.86557006835938,86.13999938964844,44.515193939208984,435945.0,86.66517639160156,100.76612091064453,218.65135192871094,13.758702278137207,177.58999633789062,61.68518829345703
2022-11-10,144.6872100830078,96.62999725341797,48.033023834228516,457665.0,93.23554229736328,111.09398651123047,236.6393585205078,15.730224609375,190.72000122070312,67.22734832763672
2022-11-11,147.4751739501953,100.79000091552734,49.12534713745117,469047.0,95.68701934814453,112.23599243164062,240.6615753173828,16.306499481201172,195.97000122070312,70.06486511230469
2022-11-14,146.07623291015625,98.48999786376953,48.663570404052734,466600.0,94.98233795166016,113.42768096923828,235.24667358398438,16.27454376220703,190.9499969482422,69.08740234375
2022-11-15,147.81005859375,98.94000244140625,49.725555419921875,468233.0,97.70179748535156,116.267822265625,235.6556854248047,16.645076751708984,194.4199981689453,76.35676574707031
2022-11-16,146.57867431640625,97.12000274658203,48.52229690551758,465520.0,98.10871887207031,112.44453430175781,236.08543395996094,15.890024185180664,186.9199981689453,75.39826965332031
2022-11-17,148.47998046875,94.8499984741211,48.55832290649414,463695.0,97.62239074707031,110.6768798828125,236.03660583496094,15.657318115234375,183.1699981689453,77.32473754882812
2022-11-18,149.04153442382812,94.13999938964844,48.8475227355957,468290.0,96.69937133789062,111.27271270751953,235.58737182617188,15.389653205871582,180.19000244140625,78.074462890625
2022-11-21,145.81027221679688,92.45999908447266,49.063716888427734,468922.0,94.88308715820312,109.09791564941406,236.3979949951172,15.297769546508789,167.8699951171875,75.85379791259766
2022-11-22,147.9480438232422,93.19999694824219,50.259403228759766,476980.0,96.32221984863281,110.66694641113281,239.30838012695312,16.01786231994629,169.91000366210938,78.33069610595703
2022-11-23,148.8247833251953,94.12999725341797,50.59980392456055,477020.0,97.72164916992188,111.4614028930664,241.798828125,16.49825668334961,183.1999969482422,77.78976440429688
2022-11-25,145.9088134765625,93.41000366210938,50.246116638183594,478676.0,96.72914123535156,110.63717651367188,241.7109832763672,16.249570846557617,182.86000061035156,77.24882507324219
2022-11-28,142.07656860351562,93.94999694824219,49.51601028442383,472712.0,95.32972717285156,108.02539825439453,236.11473083496094,15.807126998901367,182.9199981689453,75.18000793457031
2022-11-29,139.0719451904297,92.41999816894531,49.43825149536133,475843.0,94.47616577148438,108.70069122314453,234.71810913085938,15.619364738464355,180.8300018310547,75.28438568115234
2022-11-30,145.8299560546875,96.54000091552734,52.24871826171875,480280.0,100.23267364501953,117.28075408935547,249.18228149414062,16.906076431274414,194.6999969482422,78.74826049804688
2022-12-01,146.10581970214844,95.5,52.22217559814453,477085.0,100.23267364501953,119.60453033447266,248.74281311035156,17.11786460876465,194.6999969482422,78.46354675292969
2022-12-02,145.6132354736328,94.12999725341797,51.278717041015625,477403.0,99.68680572509766,122.63335418701172,249.06509399414062,16.859121322631836,194.86000061035156,77.34371185302734
2022-12-05,144.4507598876953,91.01000213623047,50.315330505371094,468700.0,98.73400115966797,121.58070373535156,244.357666015625,16.5933895111084,182.4499969482422,77.4576187133789
2022-12-06,140.78607177734375,88.25,49.858314514160156,464838.0,96.25273895263672,113.328369140625,239.39627075195312,15.971013069152832,179.82000732421875,75.50264739990234
2022-12-07,138.84535217285156,88.45999908447266,49.16422653198242,461593.0,94.22804260253906,113.13967895507812,238.66380310058594,16.103879928588867,174.0399932861328,75.19898223876953
2022-12-08,140.52993774414062,90.3499984741211,50.3570671081543,462780.0,93.00725555419922,114.52996063232422,241.62303161621094,17.151830673217773,173.44000244140625,76.6794204711914
2022-12-09,140.04721069335938,89.08999633789062,51.65040588378906,463000.0,92.13387298583984,115.09602355957031,239.68927001953125,16.983999252319336,179.0500030517578,76.57502746582031
2022-12-12,142.3426055908203,90.55000305175781,52.77971649169922,471080.0,92.61026763916016,113.91426086425781,246.6137237548828,17.5174617767334,167.82000732421875,76.32829284667969
2022-12-13,143.3080291748047,92.48999786376953,54.14607238769531,472000.0,94.91285705566406,119.31654357910156,250.92074584960938,18.053926467895508,160.9499969482422,76.40420532226562
2022-12-14,141.08160400390625,91.58000183105469,54.46845626831055,468020.0,94.35706329345703,120.74654388427734,251.21372985839844,17.65632438659668,156.8000030517578,75.9391860961914
2022-12-15,134.47132873535156,88.44999694824219,52.90962600708008,457460.0,90.17864227294922,115.34429168701172,243.19544982910156,16.935043334960938,157.6699981689453,74.06956481933594
2022-12-16,132.51089477539062,87.86000061035156,52.7114372253418,454620.0,89.5831298828125,118.60153198242188,238.976318359375,16.55443000793457,150.22999572753906,72.81932067871094
2022-12-19,130.40269470214844,84.91999816894531,52.55082702636719,455280.0,87.77678680419922,113.68587493896484,234.83529663085938,16.23774528503418,149.8699951171875,72.62844848632812
2022-12-20,130.33377075195312,85.19000244140625,52.014434814453125,457400.0,88.35243225097656,116.27775573730469,236.15380859375,16.06891632080078,137.8000030517578,72.17036437988281
2022-12-21,133.4369354248047,86.7699966430664,53.659908294677734,467600.0,88.90823364257812,118.92923736572266,238.72238159179688,16.484498977661133,137.57000732421875,73.62100219726562
2022-12-22,130.26483154296875,83.79000091552734,52.881629943847656,458700.0,87.10189056396484,116.30754852294922,232.6280975341797,15.323659896850586,125.3499984741211,71.84586334228516
2022-12-23,129.9002685546875,85.25,52.81853485107422,463400.0,88.56085968017578,117.22117614746094,233.1554718017578,15.19079303741455,123.1500015258789,71.47364044189453
2022-12-27,128.0974578857422,83.04000091552734,52.92466354370117,461955.0,86.73464965820312,116.0692138671875,231.42681884765625,14.106878280639648,109.0999984741211,70.92965698242188
2022-12-28,124.16678619384766,81.81999969482422,52.09762191772461,459800.0,85.37491607666016,114.8179702758789,229.05357360839844,14.02196216583252,112.70999908447266,69.72711944580078
2022-12-29,127.6837158203125,84.18000030517578,53.33292007446289,468725.0,87.78670501708984,119.42578125,235.3822784423828,14.588396072387695,121.81999969482422,72.53300476074219
2022-12-30,127.99897766113281,84.0,53.45912170410156,468711.0,87.56836700439453,119.50521087646484,234.22006225585938,14.599386215209961,123.18000030517578,71.09190368652344
2023-01-03,123.2112045288086,85.81999969482422,52.918922424316406,469525.0,88.45169830322266,123.87469482421875,233.98565673828125,14.30068302154541,108.0999984741211,70.65289306640625
2023-01-04,124.4820327758789,85.13999938964844,53.56525421142578,476260.0,87.41949462890625,126.4864501953125,223.75033569335938,14.734248161315918,113.63999938964844,72.83840942382812
2023-01-05,123.16192626953125,83.12000274658203,53.066162109375,473660.0,85.55357360839844,126.05944061279297,217.11891174316406,14.250733375549316,110.33999633789062,72.27532958984375
2023-01-06,127.69357299804688,86.08000183105469,56.260536193847656,481955.0,86.68502807617188,129.1180877685547,219.6776885986328,14.844141006469727,113.05999755859375,74.50859069824219
2023-01-09,128.2156982421875,87.36000061035156,55.15718460083008,478385.0,87.35993194580078,128.57188415527344,221.81658935546875,15.612371444702148,119.7699966430664,76.64637756347656
2023-01-10,128.78709411621094,89.87000274658203,54.96977996826172,479420.0,87.7569351196289,132.06744384765625,223.50621032714844,15.893089294433594,118.8499984741211,77.5625991821289
2023-01-11,131.50607299804688,95.08999633789062,55.27669906616211,483990.0,90.83368682861328,131.9681854248047,230.2646026611328,15.984997749328613,123.22000122070312,78.04933166503906
2023-01-12,131.42726135253906,95.2699966430664,55.640010833740234,482860.0,90.44660949707031,135.76168823242188,232.9406280517578,16.494483947753906,123.55999755859375,83.03121185302734
2023-01-13,132.75718688964844,98.12000274658203,55.358924865722656,481021.0,91.42919158935547,136.02978515625,233.643798828125,16.882102966308594,122.4000015258789,82.84033203125
2023-01-17,133.91969299316406,96.05000305175781,55.38187026977539,476000.0,90.60541534423828,134.4210205078125,234.7376708984375,17.684295654296875,131.49000549316406,84.93043518066406
2023-01-18,133.20050048828125,95.45999908447266,54.908599853515625,466260.0,90.43669891357422,132.09725952148438,230.30368041992188,17.3596248626709,128.77999877929688,85.3885498046875
2023-01-19,133.25962829589844,93.68000030517578,53.85016632080078,461950.0,92.35222625732422,135.20555114746094,226.51426696777344,16.748233795166016,127.16999816894531,84.36736297607422
2023-01-20,135.82095336914062,97.25,54.57300567626953,469645.0,97.28492736816406,138.40318298339844,234.61070251464844,17.82115936279297,133.4199981689453,86.87737274169922
2023-01-23,139.0128173828125,97.5199966430664,55.61037826538086,469600.0,99.04165649414062,142.27618408203125,236.91555786132812,19.173805236816406,143.75,91.2961654663086
2023-01-24,140.41171264648438,96.31999969482422,55.93545150756836,471000.0,96.96733856201172,142.1470489501953,236.38819885253906,19.24573516845703,143.88999938964844,90.246337890625
2023-01-25,139.7516632080078,97.18000030517578,55.99760437011719,471657.0,94.50594329833984,140.51844787597656,234.99159240722656,19.303674697875977,144.42999267578125,88.19441986083984
2023-01-26,141.82044982910156,99.22000122070312,57.23099136352539,469960.0,96.78868103027344,146.27822875976562,242.20901489257812,19.782197952270508,160.27000427246094,89.18698120117188
2023-01-27,143.76113891601562,102.23999786376953,56.50529861450195,470000.0,98.62481689453125,150.68740844726562,242.3653106689453,20.344635009765625,177.89999389648438,89.0438232421875
2023-01-30,140.87472534179688,100.55000305175781,55.593170166015625,465040.0,96.21305084228516,146.03985595703125,237.0425567626953,19.142837524414062,166.66000366210938,88.8815689086914
2023-01-31,142.1455535888672,103.12999725341797,55.93354415893555,473000.0,98.09879302978516,147.9365997314453,242.02346801757812,19.517465591430664,173.22000122070312,88.49982452392578
2023-02-01,143.2686004638672,105.1500015258789,57.62969207763672,470606.0,99.67687225341797,152.05780029296875,246.8480987548828,20.92205810546875,181.41000366210938,90.41812133789062
2023-02-02,148.5784912109375,112.91000366210938,57.91844177246094,472115.0,106.93205261230469,187.4605255126953,258.42138671875,21.687286376953125,188.27000427246094,92.24099731445312
2023-02-03,152.20382690429688,103.38999938964844,57.13920211791992,466755.0,103.99425506591797,185.2360382080078,252.3173828125,21.078899383544922,189.97999572753906,90.34178924560547
2023-02-06,149.4749755859375,102.18000030517578,57.491058349609375,467000.0,102.12834930419922,184.7693328857422,250.77423095703125,21.067914962768555,194.75999450683594,87.64087677001953
2023-02-07,152.35159301757812,102.11000061035156,58.748348236083984,474555.0,106.83280944824219,190.290771484375,261.312255859375,22.150827407836914,196.80999755859375,90.23680877685547
2023-02-08,149.6621856689453,100.05000305175781,57.53025817871094,467999.0,98.62481689453125,182.15756225585938,260.5016784667969,22.182788848876953,201.2899932861328,89.97909545898438
2023-02-09,148.62777709960938,98.23999786376953,57.31034851074219,466020.0,94.2975082397461,176.68580627441406,257.4642639160156,22.314664840698242,207.32000732421875,92.2791748046875
2023-02-10,148.99281311035156,97.61000061035156,56.721378326416016,472250.0,93.86080932617188,172.94192504882812,256.9564208984375,21.243732452392578,196.88999938964844,91.01939392089844
2023-02-13,151.7948760986328,99.54000091552734,57.473838806152344,476500.0,93.90052032470703,178.185302734375,264.9844970703125,21.766206741333008,194.63999938964844,91.72562408447266
2023-02-14,151.15354919433594,99.69999694824219,57.58761978149414,472500.0,93.97000122070312,178.23497009277344,265.8146667480469,22.948028564453125,209.25,93.4912338256836
2023-02-15,153.255126953125,101.16000366210938,58.10200881958008,469045.0,96.21305084228516,175.9310760498047,263.6900634765625,22.741233825683594,214.24000549316406,88.52845764160156
2023-02-16,151.65675354003906,98.1500015258789,57.41838455200195,467295.0,94.79376220703125,171.24380493164062,256.6698913574219,21.979995727539062,202.0399932861328,86.67695617675781
2023-02-17,150.51226806640625,97.19999694824219,56.94511032104492,467373.0,93.64246368408203,171.68075561523438,252.66542053222656,21.36661148071289,208.30999755859375,85.98979187011719
2023-02-21,146.49659729003906,94.58000183105469,55.601776123046875,458495.0,91.1016616821289,170.88629150390625,247.38807678222656,20.63434600830078,197.3699951171875,83.64202117919922
2023-02-22,146.9208984375,95.79000091552734,55.088348388671875,460012.0,90.96270751953125,169.93295288085938,246.25228881835938,20.733245849609375,200.86000061035156,82.86898040771484
2023-02-23,147.40432739257812,95.81999969482422,55.8178596496582,459375.0,90.20841217041016,170.84657287597656,249.4441680908203,23.64033317565918,202.07000732421875,85.97071075439453
2023-02-24,144.75025939941406,93.5,55.23941421508789,461705.0,88.46160888671875,169.2080078125,244.0102081298828,23.262712478637695,196.8800048828125,84.090576171875
2023-02-27,145.94410705566406,93.76000213623047,55.975608825683594,461912.0,89.19605255126953,168.36390686035156,244.93052673339844,23.477495193481445,207.6300048828125,83.3175277709961
2023-02-28,145.44093322753906,94.2300033569336,56.82081604003906,463525.0,89.38462829589844,173.72650146484375,244.2060089111328,23.192785263061523,205.7100067138672,83.09803009033203
2023-03-01,143.3689422607422,92.16999816894531,56.7519645690918,462435.0,89.68238830566406,172.21701049804688,241.1218719482422,22.675296783447266,202.77000427246094,84.38644409179688
2023-03-02,143.96095275878906,92.12999725341797,57.23768615722656,466790.0,91.31008911132812,173.31930541992188,245.86070251464844,23.29068374633789,190.89999389648438,84.9686050415039
2023-03-03,149.0125732421875,94.9000015258789,60.498985290527344,473256.0,92.94771575927734,183.9649658203125,249.9532928466797,23.866107940673828,197.7899932861328,85.69392395019531
2023-03-06,151.77517700195312,93.75,60.5142707824707,480215.0,94.41661071777344,183.61737060546875,251.50027465820312,23.530445098876953,193.80999755859375,85.49352264404297
2023-03-07,149.574951171875,93.55000305175781,59.77137756347656,471500.0,93.15613555908203,183.23008728027344,248.8371124267578,23.268661499023438,187.7100067138672,84.79681396484375
2023-03-08,150.82797241210938,93.91999816894531,60.451175689697266,472002.0,93.543212890625,183.6868896484375,248.3965301513672,24.160921096801758,182.0,86.68649291992188
2023-03-09,148.5784454345703,92.25,59.51992416381836,461030.0,91.627685546875,180.4296417236328,247.04537963867188,23.41653823852539,172.9199981689453,84.825439453125
2023-03-10,146.516357421875,90.7300033569336,58.784671783447266,460462.0,89.95036315917969,178.2647705078125,243.39337158203125,22.94593048095703,173.44000244140625,83.26980590820312
2023-03-13,148.4600372314453,92.43000030517578,58.94147872924805,458050.0,90.42676544189453,179.64511108398438,248.61195373535156,22.946928024291992,174.47999572753906,83.73744201660156
2023-03-14,150.5517120361328,94.87999725341797,60.47029495239258,461805.0,93.26531219482422,192.67410278320312,255.33837890625,24.043018341064453,183.25999450683594,85.21674346923828
2023-03-15,150.94635009765625,96.19999694824219,59.856475830078125,448671.0,95.38927459716797,196.37823486328125,259.8911437988281,24.207883834838867,180.4499969482422,82.74490356445312
2023-03-16,153.76817321777344,100.04000091552734,60.856571197509766,455350.0,99.56770324707031,203.5084228515625,270.42626953125,25.519790649414062,184.1300048828125,85.66996765136719
2023-03-17,152.92955017089844,98.94999694824219,60.327842712402344,442765.0,100.85794830322266,194.2530975341797,273.58868408203125,25.703638076782227,180.1300048828125,85.83305358886719
2023-03-20,155.29745483398438,97.70999908447266,61.545928955078125,455917.0,100.46094512939453,196.4378204345703,266.5391845703125,25.878498077392578,183.25,86.37987518310547
2023-03-21,157.15235900878906,100.61000061035156,61.31865310668945,460515.0,104.1332015991211,200.7576446533203,268.0567932128906,26.177244186401367,197.5800018310547,88.7398681640625
2023-03-22,155.72171020507812,98.69999694824219,60.757232666015625,455660.0,102.5948257446289,198.4239501953125,266.5979309082031,26.44602394104004,191.14999389648438,88.85499572753906
2023-03-23,156.80703735351562,98.70999908447266,61.557472229003906,452750.0,104.80809783935547,202.8629608154297,271.8556823730469,27.168420791625977,192.22000122070312,90.74491119384766
2023-03-24,158.109375,98.12999725341797,61.26280212402344,453066.0,104.64930725097656,204.58091735839844,274.704833984375,26.75676155090332,190.41000366210938,89.0180892944336
2023-03-27,156.1657257080078,98.04000091552734,60.36433029174805,457820.0,101.69163513183594,201.4329376220703,270.6024169921875,26.508970260620117,191.80999755859375,86.97467041015625
2023-03-28,155.5441131591797,97.23999786376953,60.15825271606445,459000.0,100.27236938476562,199.28790283203125,269.4764709472656,26.3880672454834,189.19000244140625,87.11856842041016
2023-03-29,158.62246704101562,100.25,60.235286712646484,462100.0,100.62967681884766,203.925537109375,274.6461181640625,26.961591720581055,193.8800048828125,88.98930358886719
2023-03-30,160.19122314453125,102.0,61.02975845336914,461780.0,100.13341522216797,206.39822387695312,278.1120910644531,27.360260009765625,195.27999877929688,88.71109008789062
2023-03-31,162.697265625,103.29000091552734,61.779930114746094,465600.0,102.95213317871094,210.46978759765625,282.27325439453125,27.753931045532227,207.4600067138672,89.23872375488281
2023-04-03,163.9503173828125,102.41000366210938,61.8694953918457,469760.0,103.57740020751953,211.59197998046875,281.2256774902344,27.9417781829834,194.77000427246094,89.0660629272461
2023-04-04,163.4175262451172,103.94999694824219,61.09332275390625,467660.0,103.93470001220703,213.23049926757812,281.17669677734375,27.430204391479492,192.5800018310547,88.42327880859375
2023-04-05,161.572509765625,101.0999984741211,60.573299407958984,471500.0,103.68658447265625,210.0130157470703,278.3960266113281,26.858678817749023,185.52000427246094,86.53336334228516
2023-04-06,162.46047973632812,102.05999755859375,59.959877014160156,478005.0,107.60694885253906,214.60093688964844,285.5042724609375,27.014551162719727,185.05999755859375,86.57174682617188
2023-04-10,159.86563110351562,102.16999816894531,60.41729736328125,476500.0,105.64180755615234,213.26031494140625,283.3404541015625,27.55609893798828,184.50999450683594,85.40132904052734
2023-04-11,158.6520538330078,99.91999816894531,59.856842041015625,480800.0,104.55996704101562,212.3665313720703,276.9176025390625,27.146440505981445,186.7899932861328,85.61239624023438
2023-04-12,157.96144104003906,97.83000183105469,59.387847900390625,483500.0,103.85530090332031,212.5155029296875,277.5638122558594,26.472999572753906,180.5399932861328,83.33873748779297
2023-04-13,163.34848022460938,102.4000015258789,60.113948822021484,490760.0,106.62437438964844,218.8214569091797,283.781005859375,26.441024780273438,185.89999389648438,83.51141357421875
2023-04-14,163.00315856933594,102.51000213623047,59.66133499145508,496000.0,108.0535888671875,219.95358276367188,280.1584167480469,26.73577880859375,185.0,83.65531921386719
2023-04-17,163.02285766601562,102.73999786376953,60.414405822753906,497900.0,105.1753158569336,217.341796875,282.76275634765625,26.97957992553711,187.0399932861328,84.41320037841797
2023-04-18,164.2462921142578,102.30000305175781,60.89204788208008,496200.0,103.71634674072266,216.37852478027344,282.3418273925781,27.644023895263672,184.30999755859375,84.5571060180664
2023-04-19,165.39085388183594,104.30000305175781,61.10198211669922,494948.0,103.39874267578125,214.20370483398438,282.42010498046875,27.907806396484375,180.58999633789062,83.68409729003906
2023-04-20,164.42391967773438,103.80999755859375,60.95945739746094,496300.0,104.50041961669922,211.59197998046875,280.1289978027344,27.08149528503418,162.99000549316406,85.66036224365234
2023-04-21,162.81568908691406,106.95999908447266,60.94790267944336,496405.0,104.61952209472656,211.41322326660156,279.78631591796875,27.09648323059082,165.0800018310547,81.89971160888672
2023-04-24,163.1215362548828,106.20999908447266,61.1058349609375,498250.0,105.1753158569336,211.3138885498047,275.8797302246094,27.019542694091797,162.5500030517578,81.19937133789062
2023-04-25,161.5823516845703,102.56999969482422,59.90016555786133,495112.0,103.07122039794922,206.11024475097656,269.6625061035156,26.21920394897461,160.6699981689453,78.9449234008789
2023-04-26,161.572509765625,104.9800033569336,59.338741302490234,491500.0,102.93226623535156,207.94740295410156,289.1954650878906,26.933616638183594,153.75,78.90653991699219
2023-04-27,166.16036987304688,109.81999969482422,59.55252456665039,499700.0,106.7831802368164,236.90513610839844,298.45770263671875,27.203392028808594,160.19000244140625,80.26880645751953
2023-04-28,167.41343688964844,105.44999694824219,60.33159255981445,502880.0,106.53504943847656,238.6529541015625,300.8368835449219,27.7259578704834,164.30999755859375,80.87321472167969
2023-05-01,167.32460021972656,102.05000305175781,61.43421173095703,503400.0,106.3960952758789,241.4930877685547,299.1724548339844,28.885995864868164,161.8300018310547,80.56623077392578
2023-05-02,166.2886505126953,103.62999725341797,58.967987060546875,494100.0,104.53019714355469,237.58042907714844,299.02557373046875,28.186574935913086,160.30999755859375,79.58767700195312
2023-05-03,165.21322631835938,103.6500015258789,59.05080795288086,488606.0,104.61952209472656,235.38575744628906,298.0366516113281,27.778913497924805,160.61000061035156,79.33824157714844
2023-05-04,163.5753936767578,104.0,58.758052825927734,489540.0,103.90493774414062,231.9001007080078,299.02557373046875,27.539113998413086,161.1999969482422,80.09613037109375
2023-05-05,171.25144958496094,105.66000366210938,60.68019485473633,491840.0,104.7783203125,231.1652374267578,304.156005859375,28.656185150146484,170.05999755859375,81.51598358154297
2023-05-08,171.182373046875,105.83000183105469,60.5781135559082,497000.0,106.96182250976562,231.65185546875,302.19781494140625,29.12679100036621,171.7899932861328,82.06279754638672
2023-05-09,169.47552490234375,106.62000274658203,59.562156677246094,499000.0,106.54497528076172,231.7511444091797,300.58233642578125,28.54727554321289,169.14999389648438,81.60231018066406
2023-05-10,171.24160766601562,110.19000244140625,60.30944061279297,492000.0,110.91197967529297,231.46316528320312,305.7813415527344,28.861013412475586,168.5399932861328,81.44881439208984
2023-05-11,171.42906188964844,112.18000030517578,60.44425964355469,493000.0,115.69583892822266,234.15435791015625,303.62725830078125,28.55426788330078,172.0800018310547,80.03856658935547
2023-05-12,170.5003204345703,110.26000213623047,60.77938461303711,491182.0,116.6287841796875,232.18809509277344,302.5111389160156,28.316465377807617,167.97999572753906,80.03856658935547
2023-05-15,170.00633239746094,111.19999694824219,61.61237335205078,495900.0,115.63628387451172,237.20306396484375,302.99090576171875,28.928956985473633,166.35000610351562,82.17793273925781
2023-05-16,170.00633239746094,113.4000015258789,61.77029800415039,498620.0,118.61378479003906,237.16334533691406,305.2232666015625,29.188739776611328,166.52000427246094,82.38897705078125
2023-05-17,170.61891174316406,115.5,63.31398391723633,500600.0,119.93379974365234,240.80789184570312,308.10809326171875,30.15294075012207,173.86000061035156,87.18572998046875
2023-05-18,172.9506072998047,118.1500015258789,65.28137969970703,504360.0,121.90888977050781,245.13763427734375,312.54327392578125,31.65169334411621,176.88999938964844,88.8837661743164
2023-05-19,173.05929565429688,116.25,65.70027160644531,507161.0,121.83942413330078,243.93601989746094,312.36663818359375,31.238040924072266,180.13999938964844,88.81661224365234
2023-05-22,172.11077880859375,115.01000213623047,65.32665252685547,501148.0,124.11225891113281,246.59744262695312,315.1533203125,31.150115966796875,188.8699951171875,87.9915771484375
2023-05-23,169.50245666503906,114.98999786376953,66.10955047607422,491980.0,121.64091491699219,245.0283966064453,309.34442138671875,30.662517547607422,185.77000427246094,86.76361846923828
2023-05-24,169.77908325195312,116.75,65.43836212158203,486545.0,119.99336242675781,247.4812774658203,307.9609069824219,30.51263999938965,182.89999389648438,86.4662094116211
2023-05-25,170.91531372070312,115.0,70.18301391601562,484000.0,122.55401611328125,250.9371337890625,319.80438232421875,37.948455810546875,184.47000122070312,96.84638214111328
2023-05-26,173.32603454589844,120.11000061035156,78.26544189453125,486650.0,123.67554473876953,260.2222595214844,326.6436462402344,38.91366195678711,193.1699981689453,99.0145034790039
2023-05-30,175.1736297607422,121.66000366210938,77.3611831665039,489225.0,122.74258422851562,260.6989440917969,324.9951477050781,40.077693939208984,201.16000366210938,97.83451080322266
2023-05-31,175.1242218017578,120.58000183105469,77.80606842041016,488024.0,121.9485855102539,262.88372802734375,322.22808837890625,37.802581787109375,203.92999267578125,94.5822982788086
2023-06-01,177.93014526367188,122.7699966430664,76.07172393798828,492000.0,122.7922134399414,270.7189025878906,326.33941650390625,39.736976623535156,207.52000427246094,94.82215118408203
2023-06-02,178.7798309326172,124.25,78.19512176513672,503000.0,123.73509216308594,270.7189025878906,329.1064758300781,39.294342041015625,213.97000122070312,94.91808319091797
2023-06-05,177.42623901367188,125.30000305175781,77.26102447509766,498927.0,125.06504821777344,269.5074157714844,329.63641357421875,39.13847351074219,217.61000061035156,94.06426239013672
2023-06-06,177.0607147216797,126.61000061035156,76.0765380859375,508200.0,126.35529327392578,269.2392578125,327.4187927246094,38.62190246582031,221.30999755859375,95.76232147216797
2023-06-07,175.68739318847656,121.2300033569336,76.3298110961914,511795.0,121.58137512207031,261.7714538574219,317.3120422363281,37.447750091552734,224.57000732421875,96.21320343017578
2023-06-08,178.4044189453125,124.25,77.44400024414062,512514.0,121.22406005859375,262.7446594238281,319.1568298339844,38.48200607299805,234.86000061035156,95.87744140625
2023-06-09,178.78973388671875,123.43000030517578,77.48445129394531,510840.0,121.31339263916016,263.11212158203125,320.6580810546875,38.741817474365234,244.39999389648438,98.62118530273438
2023-06-12,181.58575439453125,126.56999969482422,82.37067413330078,509004.0,122.71282196044922,269.1697998046875,325.6231689453125,39.45330047607422,249.8300018310547,102.70800018310547
2023-06-13,181.11151123046875,126.66000366210938,81.96236419677734,513656.0,122.9013900756836,269.4378967285156,328.0173645019531,40.99217224121094,258.7099914550781,102.4585952758789
2023-06-14,181.74388122558594,126.41999816894531,85.33863067626953,510000.0,122.74258422851562,271.4538269042969,331.0101318359375,42.96574783325195,256.7900085449219,103.04376983642578
2023-06-15,183.77914428710938,127.11000061035156,85.07380676269531,516391.0,124.15193939208984,279.8749694824219,341.5682067871094,42.62199401855469,255.89999389648438,101.32706451416016
2023-06-16,182.7022247314453,125.48999786376953,83.5984878540039,514000.0,122.60364532470703,279.0507507324219,335.9065246582031,42.66096115112305,260.5400085449219,100.73941802978516
2023-06-20,182.79115295410156,125.77999877929688,83.59080505371094,515000.0,122.17686462402344,282.3576354980469,331.706787109375,43.776153564453125,274.45001220703125,100.17103576660156
2023-06-21,181.7537384033203,124.83000183105469,82.06405639648438,515515.0,119.64599609375,279.6863098144531,327.3010559082031,43.01370620727539,259.4599914550781,97.9167251586914
2023-06-22,184.75726318359375,130.14999389648438,81.55772399902344,511480.0,122.22647857666016,282.90380859375,333.3356018066406,42.993717193603516,264.6099853515625,99.35215759277344
2023-06-23,184.4410858154297,129.3300018310547,79.59436798095703,510000.0,121.42256927490234,286.7271423339844,328.733642578125,42.178314208984375,256.6000061035156,98.1768569946289
2023-06-26,183.0480499267578,127.33000183105469,79.54402160644531,507000.0,117.45256042480469,276.538330078125,322.4341735839844,40.60246276855469,241.0500030517578,96.44277954101562
2023-06-27,185.80455017089844,129.17999267578125,82.13568115234375,510580.0,117.44263458251953,285.05877685546875,328.2921142578125,41.84555435180664,250.2100067138672,98.34062194824219
2023-06-28,186.9802703857422,129.0399932861328,82.09115600585938,506650.0,119.27875518798828,283.31097412109375,329.548095703125,41.08710861206055,256.239990234375,97.22310638427734
2023-06-29,187.31619262695312,127.9000015258789,83.50752258300781,512260.0,118.20685577392578,279.5770568847656,328.7630615234375,40.792320251464844,257.5,96.953369140625
2023-06-30,191.64369201660156,130.36000061035156,83.97803497314453,517810.0,118.80235290527344,284.9892883300781,334.15008544921875,42.271244049072266,261.7699890136719,97.22310638427734
2023-07-03,190.15179443359375,130.22000122070312,84.8503189086914,519460.0,119.00086975097656,284.03594970703125,331.64794921875,42.38216018676758,279.82000732421875,99.37142181396484
2023-07-05,189.03533935546875,130.3800048828125,83.43879699707031,521000.0,120.83699035644531,292.3280334472656,331.8049621582031,42.286231994628906,282.4800109863281,97.29054260253906
2023-07-06,189.50958251953125,128.36000061035156,82.09696197509766,519800.0,119.20929718017578,289.9644470214844,334.86639404296875,42.07239532470703,276.5400085449219,95.76842498779297
2023-07-07,188.3931427001953,129.77999877929688,81.9759521484375,521620.0,118.58401489257812,288.5146484375,330.8923645019531,42.472103118896484,274.42999267578125,96.55838775634766
2023-07-10,186.3479766845703,127.12999725341797,84.97521209716797,517136.0,115.57673645019531,292.05987548828125,325.6034851074219,42.14933395385742,269.6099853515625,96.1152572631836
2023-07-11,185.82435607910156,128.77999877929688,85.39344024658203,521385.0,116.26155853271484,296.2207946777344,326.23150634765625,42.37416458129883,269.7900085449219,97.55066680908203
2023-07-12,187.4940643310547,130.8000030517578,86.15825653076172,525400.0,118.03814697265625,307.1941223144531,330.872802734375,43.87008285522461,271.989990234375,100.09395599365234
2023-07-13,188.2548065185547,134.3000030517578,86.19794464111328,521833.0,123.60606384277344,311.2359619140625,336.2302551269531,45.94357681274414,277.8999938964844,101.70278930664062
2023-07-14,188.40306091308594,134.67999267578125,86.025634765625,517408.0,124.47946166992188,306.7274169921875,338.7618713378906,45.43593978881836,281.3800048828125,101.28853607177734
2023-07-17,191.6634521484375,133.55999755859375,88.13321685791016,523500.0,123.71524810791016,308.4652404785156,339.2427062988281,46.42721939086914,290.3800048828125,100.95134735107422
2023-07-18,191.40655517578125,132.8300018310547,87.46329498291016,524750.0,122.83192443847656,309.8853759765625,352.7444763183594,47.45947265625,293.3399963378906,99.37142181396484
2023-07-19,192.76011657714844,135.36000061035156,87.26386260986328,520500.0,121.11488342285156,313.81787109375,348.417236328125,47.04277420043945,291.260009765625,99.28471374511719
2023-07-20,190.8137664794922,129.9600067138672,86.00239562988281,526240.0,118.30610656738281,300.4214172363281,340.3612976074219,45.48690414428711,262.8999938964844,94.27521514892578
2023-07-21,189.63804626464844,130.0,86.81658935546875,527750.0,119.11995697021484,292.21875,337.3194580078125,44.27678298950195,260.0199890136719,93.68754577636719
2023-07-24,190.43832397460938,128.8000030517578,87.28515625,532647.0,120.61863708496094,289.58709716796875,338.63427734375,44.579566955566406,269.05999755859375,94.65092468261719
2023-07-25,191.2978973388672,129.1300048828125,88.87287902832031,528453.0,121.29352569580078,292.42730712890625,344.39422607421875,45.64579391479492,265.2799987792969,96.64509582519531
2023-07-26,192.16734313964844,128.14999389648438,86.46224212646484,531900.0,128.30059814453125,296.4988708496094,331.4320373535156,45.4189567565918,264.3500061035156,95.76842498779297
2023-07-27,190.90269470214844,128.25,86.50483703613281,531650.0,128.4296112060547,309.5476989746094,324.51434326171875,45.866634368896484,255.7100067138672,95.71061706542969
2023-07-28,193.4813690185547,132.2100067138672,87.11088562011719,533113.0,131.5857696533203,323.2221984863281,332.020751953125,46.71601867675781,266.44000244140625,97.16532135009766
2023-07-31,194.0939178466797,133.67999267578125,87.00051879882812,535400.0,131.7247314453125,316.38995361328125,329.6167297363281,46.69502639770508,267.42999267578125,95.51795196533203
2023-08-01,193.26400756835938,131.69000244140625,89.06746673583984,534400.0,130.56349182128906,320.4714050292969,330.0289001464844,46.47318649291992,261.07000732421875,94.79542541503906
2023-08-02,190.2703399658203,128.2100067138672,86.38575744628906,533800.0,127.41728210449219,312.1296691894531,321.354736328125,44.23681640625,254.11000061035156,92.1943359375
2023-08-03,188.87725830078125,128.91000366210938,85.6771011352539,541000.0,127.48674011230469,311.0174560546875,320.5305480957031,44.482635498046875,259.32000732421875,91.5007095336914
2023-08-04,179.80735778808594,139.57000732421875,85.3547134399414,533600.0,127.1492919921875,308.57452392578125,321.6295166015625,44.64751434326172,253.86000061035156,92.6374740600586
2023-08-07,176.7050323486328,142.22000122070312,86.8465805053711,551920.0,130.54364013671875,314.3641052246094,323.9158020019531,45.38398361206055,251.4499969482422,92.82051849365234
2023-08-08,177.64364624023438,139.94000244140625,85.50090789794922,553101.0,130.4146270751953,310.47125244140625,319.93194580078125,44.631534576416016,249.6999969482422,91.02865600585938
2023-08-09,176.0529327392578,137.85000610351562,82.36125946044922,545280.0,128.68765258789062,303.0927734375,316.18365478515625,42.523067474365234,242.19000244140625,90.53734588623047
2023-08-10,175.83555603027344,138.55999755859375,81.60323333740234,543680.0,128.7174530029297,303.6191101074219,316.8704528808594,42.35719299316406,245.33999633789062,91.32731628417969
2023-08-11,175.89492797851562,138.41000366210938,80.33111572265625,542900.0,128.58840942382812,299.5475769042969,314.986572265625,40.82530212402344,242.64999389648438,88.6202392578125
2023-08-14,177.54713439941406,140.57000732421875,82.68751525878906,543150.0,130.34515380859375,304.0659484863281,317.9596252441406,43.721187591552734,239.75999450683594,89.66067504882812
2023-08-15,175.55856323242188,137.6699981689453,81.56644439697266,538107.0,128.8067626953125,299.85540771484375,315.8205871582031,43.908058166503906,232.9600067138672,88.32159423828125
2023-08-16,174.68797302246094,135.07000732421875,80.6438217163086,537497.0,127.73487854003906,292.2485656738281,315.0535888671875,43.454383850097656,225.60000610351562,88.41792297363281
2023-08-17,172.14532470703125,133.97999572753906,80.0735855102539,535821.0,128.94573974609375,283.1123962402344,311.5923767089844,43.31248474121094,219.22000122070312,88.28305053710938
2023-08-18,172.630126953125,133.22000122070312,79.95159912109375,535817.0,126.5041732788086,281.28509521484375,311.1990661621094,43.267520904541016,215.49000549316406,87.7628402709961
2023-08-21,173.96575927734375,134.67999267578125,83.75633239746094,534700.0,127.4073257446289,287.8890075683594,316.5089416503906,46.932857513427734,231.27999877929688,89.16935729980469
2023-08-22,175.34091186523438,134.25,82.85112762451172,531840.0,128.11203002929688,285.6049499511719,317.0792236328125,45.63479995727539,233.19000244140625,88.86107635498047
2023-08-23,179.18943786621094,135.52000427246094,84.86386108398438,537150.0,131.37733459472656,292.1988830566406,321.5434875488281,47.08175277709961,236.86000061035156,90.76853942871094
2023-08-24,174.49998474121094,131.83999633789062,82.72238159179688,537780.0,128.8067626953125,284.7608642578125,314.6307678222656,47.12871551513672,230.0399932861328,89.14044952392578
2023-08-25,176.70619201660156,133.25999450683594,82.466796875,540000.0,128.90603637695312,283.5195617675781,317.5905456542969,45.98454284667969,238.58999633789062,89.68956756591797
2023-08-28,178.2693634033203,133.13999938964844,83.3632583618164,539605.0,130.0275421142578,288.24652099609375,318.298583984375,46.80094909667969,238.82000732421875,90.55661010742188
2023-08-29,182.157470703125,134.91000366210938,86.15631866455078,543593.0,133.56085205078125,295.9228515625,322.929931640625,48.74853515625,257.17999267578125,91.5970458984375
2023-08-30,185.6498565673828,135.07000732421875,86.38381958007812,547348.0,134.8610382080078,293.05291748046875,323.3035583496094,49.22818374633789,256.8999938964844,91.30803680419922
2023-08-31,185.86749267578125,138.00999450683594,89.3472671508789,546725.0,135.1488494873047,293.83746337890625,322.29083251953125,49.319122314453125,258.0799865722656,90.1423568725586
2023-09-01,187.4405517578125,138.1199951171875,84.47080993652344,550000.0,134.64266967773438,294.3240661621094,323.17578125,48.47373580932617,245.00999450683594,89.77628326416016
2023-09-05,187.67799377441406,137.27000427246094,84.43693542480469,546627.0,134.75186157226562,298.0679016113281,327.984130859375,48.5127067565918,256.489990234375,91.13462829589844
2023-09-06,180.96038818359375,135.36000061035156,84.44661712646484,548660.0,133.45167541503906,297.0946960449219,327.32537841796875,47.030662536621094,251.9199981689453,88.8803482055664
2023-09-07,175.66737365722656,137.85000610351562,82.97118377685547,548930.0,134.24566650390625,296.59814453125,324.4049072265625,46.21119689941406,251.49000549316406,86.75129699707031
2023-09-08,176.28079223632812,138.22999572753906,83.02151489257812,551405.0,135.35728454589844,295.8235778808594,328.6921691894531,45.54261779785156,248.5,86.35633087158203
2023-09-11,177.44818115234375,143.10000610351562,83.17546844482422,555309.0,135.8932342529297,305.4264831542969,332.3009338378906,45.14887237548828,273.5799865722656,86.31778717041016
2023-09-12,174.42083740234375,141.22999572753906,81.76007080078125,557415.0,134.3250732421875,299.56744384765625,326.23388671875,44.8410758972168,267.4800109863281,87.16554260253906
2023-09-13,172.35313415527344,144.85000610351562,82.57426452636719,557955.0,135.684814453125,302.94384765625,330.45233154296875,45.4556770324707,271.29998779296875,87.87845611572266
2023-09-14,173.86679077148438,144.72000122070312,84.3856201171875,561740.0,137.06439208984375,309.5576477050781,333.0482177734375,45.55162048339844,276.0400085449219,88.5766372680664
2023-09-15,173.14454650878906,140.38999938964844,82.45323944091797,559500.0,136.36964416503906,298.2267761230469,324.709716796875,43.87169647216797,274.3900146484375,86.4268569946289
2023-09-18,176.07302856445312,139.97999572753906,82.29060363769531,562800.0,137.17355346679688,300.45123291015625,323.56915283203125,43.937652587890625,265.2799987792969,86.0201416015625
2023-09-19,177.1613006591797,137.6300048828125,82.21315002441406,563073.0,137.00482177734375,302.95379638671875,323.1658935546875,43.491939544677734,266.5,85.38101959228516
2023-09-20,173.61949157714844,135.2899932861328,80.84746551513672,556580.0,132.73709106445312,297.59124755859375,315.4173889160156,42.21177291870117,262.5899963378906,84.52886962890625
2023-09-21,172.07608032226562,129.3300018310547,78.68556213378906,551030.0,129.4618377685547,293.6786193847656,314.1981201171875,40.99055480957031,255.6999969482422,82.65990447998047
2023-09-22,172.9269256591797,129.1199951171875,80.70242309570312,546215.0,129.2732391357422,297.0052795410156,311.7201843261719,41.58317565917969,244.8800048828125,82.93103790283203
2023-09-25,174.2031707763672,131.27000427246094,81.17064666748047,548360.0,130.12680053710938,298.7431640625,312.2413330078125,42.19477844238281,246.99000549316406,83.5120620727539
2023-09-26,170.1270751953125,125.9800033569336,79.44772338867188,545870.0,127.60586547851562,296.8861389160156,306.9314270019531,41.883975982666016,244.1199951171875,81.62374877929688
2023-09-27,168.61338806152344,125.9800033569336,79.50807189941406,542495.0,129.56103515625,295.67462158203125,307.5706481933594,42.44062042236328,240.5,82.73737335205078
2023-09-28,168.87060546875,125.9800033569336,80.9866714477539,541105.0,131.3177947998047,301.8514404296875,308.4064025878906,43.06121826171875,246.3800048828125,83.67669677734375
2023-09-29,169.38510131835938,127.12000274658203,80.84843444824219,531477.0,129.87867736816406,298.12744140625,310.481201171875,43.47096252441406,250.22000122070312,84.15119934082031
2023-10-02,171.89801025390625,129.4600067138672,81.27381896972656,527960.0,133.16384887695312,304.691650390625,316.4302673339844,44.75313186645508,251.60000610351562,84.87747192382812
2023-10-03,170.5623779296875,124.72000122070312,79.31533813476562,521919.0,131.43690490722656,298.8523864746094,308.1606140136719,43.48893737792969,246.52999877929688,82.70832824707031
2023-10-04,171.8089599609375,127.0,80.18944549560547,521675.0,134.22586059570312,303.46026611328125,313.63763427734375,44.012611389160156,261.1600036621094,83.928466796875
2023-10-05,173.045654296875,125.95999908447266,80.19432830810547,523545.0,134.05709838867188,302.67578125,314.03094482421875,44.6591911315918,260.04998779296875,84.27708435058594
2023-10-06,175.59811401367188,127.95999908447266,82.27739715576172,525425.0,136.54827880859375,313.24188232421875,321.79913330078125,45.73250198364258,260.5299987792969,86.46558380126953
2023-10-09,177.08216857910156,128.25999450683594,83.3111343383789,523690.0,137.38198852539062,316.15155029296875,324.31640625,45.24380874633789,259.6700134277344,86.17508697509766
2023-10-10,176.48854064941406,129.47999572753906,83.55741119384766,528530.0,137.02467346191406,319.607421875,322.91033935546875,45.76847457885742,263.6199951171875,87.74384307861328
2023-10-11,177.88352966308594,131.8300018310547,85.12944793701172,528820.0,139.49600219726562,325.54595947265625,326.873046875,46.77582550048828,262.989990234375,89.0898666381836
2023-10-12,178.7838134765625,132.3300018310547,88.15087890625,524517.0,137.9278564453125,321.9113464355469,325.6340637207031,46.914730072021484,258.8699951171875,89.49658966064453
2023-10-13,176.94363403320312,129.7899932861328,85.96851348876953,522700.0,136.32992553710938,312.5070495605469,322.2613220214844,45.43169021606445,251.1199951171875,87.59857177734375
2023-10-16,176.81503295898438,132.5500030517578,87.85594177246094,527475.0,138.05690002441406,318.9222106933594,327.08941650390625,46.065284729003906,253.9199981689453,88.33455657958984
2023-10-17,175.26173400878906,131.47000122070312,86.08726501464844,527750.0,138.67221069335938,321.75244140625,326.5190124511719,43.9096794128418,254.85000610351562,88.12150573730469
2023-10-18,173.96575927734375,128.1300048828125,86.34326934814453,518145.0,136.92543029785156,314.7712097167969,324.6015930175781,42.168792724609375,242.67999267578125,86.76578521728516
2023-10-19,173.5897674560547,128.39999389648438,84.47433471679688,515550.0,136.71702575683594,310.64013671875,325.7913818359375,42.0738639831543,220.11000061035156,89.97107696533203
2023-10-20,171.0372772216797,125.16999816894531,83.09213256835938,511000.0,134.58314514160156,306.5089416503906,321.218994140625,41.36031723022461,211.99000549316406,88.42169189453125
2023-10-23,171.15597534179688,126.55999755859375,83.92827606201172,512500.0,135.47637939453125,311.8318176269531,323.8247985839844,42.94729232788086,212.0800018310547,88.22801971435547
2023-10-24,171.59132385253906,128.55999755859375,85.76702117919922,516250.0,137.76905822753906,310.3818664550781,325.0145568847656,43.63485336303711,216.52000427246094,88.74125671386719
2023-10-25,169.27626037597656,121.38999938964844,82.70276641845703,512400.0,124.66804504394531,297.4521179199219,334.9853820800781,41.75206756591797,212.4199981689453,84.86779022216797
2023-10-26,165.11114501953125,119.56999969482422,80.47563171386719,510125.0,121.3630142211914,286.3497314453125,322.4186706542969,40.30000305175781,205.75999450683594,84.68378448486328
2023-10-27,166.42694091796875,127.73999786376953,81.60575103759766,503375.0,121.25383758544922,294.671630859375,324.3066101074219,40.4738883972168,207.3000030517578,83.26997375488281
2023-10-30,168.47488403320312,132.7100067138672,81.88705444335938,513065.0,123.52667236328125,300.5605163574219,331.6814270019531,41.134464263916016,197.36000061035156,83.3377685546875
2023-10-31,168.9497528076172,133.08999633789062,81.89874267578125,517825.0,123.14952087402344,299.18011474609375,332.46807861328125,40.75370788574219,200.83999633789062,83.57984161376953
2023-11-01,172.1156463623047,137.0,83.02495574951172,523749.0,125.50173950195312,309.6867370605469,340.2952880859375,42.29771423339844,205.66000366210938,85.0227279663086
2023-11-02,175.67727661132812,138.07000732421875,84.81211853027344,530340.0,126.53394317626953,308.7134704589844,342.5076904296875,43.47795104980469,218.50999450683594,87.6179428100586
2023-11-03,174.76708984375,138.60000610351562,85.91983795166016,533815.0,128.13189697265625,312.4176330566406,346.9129333496094,44.975982666015625,219.9600067138672,88.88651275634766
2023-11-06,177.31959533691406,139.74000549316406,85.7397689819336,526450.0,129.2732391357422,313.609375,350.5806884765625,45.72150421142578,219.27000427246094,89.6708755493164
2023-11-07,179.88198852539062,142.7100067138672,87.39356231689453,525280.0,129.9878387451172,316.6083984375,354.51397705078125,45.925376892089844,222.17999267578125,89.48690032958984
2023-11-08,180.94056701660156,142.0800018310547,88.68917083740234,526660.0,130.85133361816406,317.5617370605469,357.1394348144531,46.54397964477539,222.11000061035156,89.0898666381836
2023-11-09,180.4656982421875,140.60000610351562,88.7135009765625,528225.0,129.26333618164062,318.3263854980469,354.6712951660156,46.91973114013672,209.97999572753906,88.72189331054688
2023-11-10,184.6561279296875,143.55999755859375,93.20476531982422,531886.0,131.59568786621094,326.4893493652344,363.5014343261719,48.303836822509766,214.64999389648438,94.3577880859375
2023-11-13,183.0710906982422,142.58999633789062,92.17391967773438,531288.0,131.09942626953125,326.9064636230469,360.56134033203125,48.58864974975586,223.7100067138672,93.37005615234375
2023-11-14,185.68638610839844,145.8000030517578,94.70767974853516,537400.0,132.6179656982422,333.97711181640625,364.0914611816406,49.623985290527344,237.41000366210938,95.78128814697266
2023-11-15,186.25106811523438,143.1999969482422,94.94517517089844,542500.0,133.61044311523438,330.40203857421875,364.2392883300781,48.85648727416992,242.83999633789062,95.67477416992188
2023-11-16,187.93515014648438,142.8300018310547,93.40234375,546635.0,135.9031524658203,331.87176513671875,370.643798828125,49.4481086730957,233.58999633789062,95.42300415039062
2023-11-17,187.91537475585938,145.17999267578125,95.17198181152344,544190.0,134.29530334472656,332.7159118652344,364.4165954589844,49.26622009277344,234.3000030517578,96.43010711669922
2023-11-20,189.6588592529297,146.1300048828125,96.92215728759766,547836.0,135.22825622558594,337.6116638183594,371.89508056640625,50.376502990722656,235.60000610351562,96.7980728149414
2023-11-21,188.8564453125,143.89999389648438,95.50975799560547,547625.0,135.94285583496094,334.6424255371094,367.5893249511719,49.91179656982422,241.1999969482422,95.29711151123047
2023-11-22,189.5201873779297,146.7100067138672,94.61421966552734,549520.0,137.45147705078125,339.12109375,372.2990417480469,48.684593200683594,234.2100067138672,95.52952575683594
2023-11-24,188.19273376464844,146.74000549316406,95.28295135498047,549500.0,135.66494750976562,335.88372802734375,371.88531494140625,47.74520492553711,235.4499969482422,94.73545837402344
2023-11-27,188.01438903808594,147.72999572753906,92.49612426757812,547445.0,135.38705444335938,332.3782653808594,373.04791259765625,48.21089553833008,236.0800018310547,94.13507080078125
2023-11-28,188.61868286132812,147.02999877929688,92.11746978759766,546869.0,136.17112731933594,336.6384582519531,377.07781982421875,47.79016876220703,246.72000122070312,94.88069915771484
2023-11-29,187.5983428955078,146.32000732421875,91.58014678955078,543905.0,133.97769165039062,329.8955993652344,373.2843933105469,48.108970642089844,244.13999938964844,95.75223541259766
2023-11-30,188.17291259765625,146.08999633789062,90.11031341552734,545900.0,131.5361328125,324.8805847167969,373.3434753417969,46.739845275878906,240.0800018310547,94.23189544677734
2023-12-01,189.4508514404297,147.02999877929688,90.52595520019531,542414.0,130.8711700439453,322.5667724609375,369.0081481933594,46.7348518371582,238.8300018310547,95.43268585205078
2023-12-04,187.65774536132812,144.83999633789062,89.93901062011719,542395.0,128.30059814453125,317.800048828125,363.7170715332031,45.48065948486328,235.5800018310547,93.94139862060547
2023-12-05,191.61044311523438,146.8800048828125,88.88285827636719,539250.0,130.00770568847656,316.0820617675781,367.04736328125,46.540077209472656,238.72000122070312,93.63151550292969
2023-12-06,190.52073669433594,144.52000427246094,87.96009063720703,535220.0,129.0449676513672,315.2479248046875,363.38201904296875,45.4776611328125,239.3699951171875,94.75482940673828
2023-12-07,192.45249938964844,146.8800048828125,89.7725601196289,537780.0,135.9031524658203,324.324462890625,365.50042724609375,46.57005310058594,242.63999938964844,96.14928436279297
2023-12-08,193.8790283203125,147.4199981689453,91.91792297363281,540000.0,133.97769165039062,330.4417419433594,368.73223876953125,47.479549407958984,243.83999633789062,97.17573547363281
2023-12-11,191.37269592285156,145.88999938964844,100.18595886230469,546907.0,132.29043579101562,323.0235595703125,365.8453369140625,46.60103988647461,239.74000549316406,97.75675201416016
2023-12-12,192.88836669921875,147.47999572753906,104.37545776367188,549240.0,131.52622985839844,331.9015808105469,368.88006591796875,47.630462646484375,237.00999450683594,98.38619995117188
2023-12-13,196.1079864501953,148.83999633789062,106.07014465332031,555800.0,131.5758514404297,332.41790771484375,368.8702087402344,48.06122589111328,239.2899932861328,98.88976287841797
2023-12-14,196.25656127929688,147.4199981689453,107.70545196533203,549760.0,130.95057678222656,330.8588562011719,360.55419921875,48.32307434082031,251.0500030517578,100.64978790283203
2023-12-15,195.72161865234375,149.97000122070312,109.96859741210938,544478.0,131.60565185546875,332.59674072265625,365.28369140625,48.86277770996094,253.5,99.76441192626953
2023-12-18,194.05735778808594,154.07000732421875,111.648681640625,551182.0,134.78163146972656,342.2294006347656,367.1754455566406,50.04911804199219,252.0800018310547,100.14387512207031
2023-12-19,195.09751892089844,153.7899932861328,111.43648529052734,554650.0,135.625244140625,347.9295959472656,367.7765197753906,49.57637405395508,257.2200012207031,101.05842590332031
2023-12-20,193.00726318359375,152.1199951171875,108.58109283447266,543740.0,137.3025665283203,346.8570861816406,365.17529296875,48.08420944213867,247.13999938964844,97.33209991455078
2023-12-21,192.85865783691406,153.83999633789062,110.23467254638672,541000.0,139.36700439453125,351.6336669921875,368.0523986816406,48.96272277832031,254.5,99.7741470336914
2023-12-22,191.78875732421875,153.4199981689453,109.71542358398438,542600.0,140.42898559570312,350.9385986328125,369.0771484375,48.80281066894531,252.5399932861328,100.35791778564453
2023-12-26,191.24391174316406,153.41000366210938,110.68450164794922,543635.0,140.45872497558594,352.36859130859375,369.1559143066406,49.251556396484375,256.6099853515625,101.62271881103516
2023-12-27,191.3429718017578,153.33999633789062,110.1251449584961,543750.0,139.31736755371094,355.34783935546875,368.5746154785156,49.389488220214844,261.44000244140625,101.81731414794922
2023-12-28,191.76895141601562,153.3800048828125,109.7574691772461,545000.0,139.17840576171875,355.8343811035156,369.7668151855469,49.494422912597656,253.17999267578125,101.86595916748047
2023-12-29,190.72877502441406,151.94000244140625,109.15510559082031,542625.0,138.64247131347656,351.5046081542969,370.51568603515625,49.494422912597656,248.47999572753906,101.18489837646484
2024-01-02,183.90321350097656,149.92999267578125,106.13641357421875,549787.0,137.13385009765625,343.8878173828125,365.421630859375,48.141178131103516,248.4199981689453,98.7817611694336
2024-01-03,182.52622985839844,148.47000122070312,103.51570892333984,556050.0,137.87820434570312,342.0804443359375,365.1555480957031,47.542510986328125,238.4499969482422,97.45857238769531
2024-01-04,180.20814514160156,144.57000732421875,102.57988739013672,551550.0,135.36720275878906,344.7120666503906,362.53466796875,47.97127914428711,237.92999267578125,96.44672393798828
2024-01-05,179.48495483398438,145.24000549316406,102.60629272460938,554300.0,134.71214294433594,349.5085754394531,362.34747314453125,49.069664001464844,237.49000549316406,96.91372680664062
2024-01-08,183.82398986816406,149.10000610351562,105.1067123413086,558780.0,137.79881286621094,356.17205810546875,369.1854553222656,52.223899841308594,240.4499969482422,99.4725341796875
2024-01-09,183.40792846679688,151.3699951171875,105.85380554199219,556500.0,139.89300537109375,354.9505310058594,370.26934814453125,53.11041259765625,234.9600067138672,99.13201141357422
2024-01-10,184.44810485839844,153.72999572753906,105.66604614257812,557590.0,141.21304321289062,367.900146484375,377.14678955078125,54.31973648071289,233.94000244140625,98.07151794433594
2024-01-11,183.85369873046875,155.17999267578125,107.56410217285156,551695.0,141.0145263671875,367.10565185546875,378.9794921875,54.79147720336914,227.22000122070312,98.48015594482422
2024-01-12,184.1806182861328,154.6199951171875,108.31708526611328,551800.0,141.5802459716797,371.8922119140625,382.7630920410156,54.679534912109375,218.88999938964844,98.49960327148438
2024-01-16,181.91204833984375,153.16000366210938,109.02896118164062,547520.0,141.4214630126953,364.91094970703125,384.53662109375,56.35060501098633,219.91000366210938,98.91797637939453
2024-01-17,180.97091674804688,151.7100067138672,107.92494201660156,545250.0,140.4091033935547,365.8146667480469,383.74835205078125,56.02178955078125,215.5500030517578,100.163330078125
2024-01-18,186.8652801513672,153.5,111.85990142822266,549477.0,142.40403747558594,373.52081298828125,388.0837097167969,57.0752067565918,211.8800048828125,109.9704818725586
2024-01-19,189.76783752441406,155.33999633789062,118.44001770019531,556710.0,145.2822723388672,380.7900695800781,392.8132019042969,59.45787811279297,212.19000244140625,111.10881042480469
2024-01-22,192.07603454589844,154.77999877929688,119.34944915771484,558316.0,144.89523315429688,379.1316833496094,390.6849365234375,59.62078094482422,208.8000030517578,109.9704818725586
2024-01-23,193.35397338867188,156.02000427246094,119.9175796508789,564133.0,145.9373321533203,382.5279541015625,393.0398254394531,59.839664459228516,209.13999938964844,111.04068756103516
2024-01-24,192.68035888671875,156.8699951171875,122.61259460449219,570977.0,147.5848846435547,387.9897766113281,396.64605712890625,61.32783508300781,207.8300018310547,113.36601257324219
2024-01-25,192.35340881347656,157.75,120.27841186523438,576211.0,150.73110961914062,390.45257568359375,398.9221496582031,61.58269119262695,182.6300048828125,113.40492248535156
2024-01-26,190.61978149414062,159.1199951171875,117.82201385498047,582300.0,151.04869079589844,391.4059143066406,397.99591064453125,60.99701690673828,183.25,114.08599090576172
2024-01-29,189.93624877929688,161.25999450683594,119.08248138427734,578800.0,152.3588104248047,398.2381591796875,403.70086669921875,62.430213928222656,190.92999267578125,113.81356811523438
2024-01-30,186.28076171875,159.0,118.14273071289062,584680.0,150.32418823242188,397.28485107421875,402.5874938964844,62.73904037475586,191.58999633789062,112.91845703125
2024-01-31,182.67481994628906,155.1999969482422,115.38905334472656,578020.0,139.04937744140625,387.4336242675781,391.73919677734375,61.49274444580078,187.2899932861328,109.9023666381836
2024-02-01,185.11181640625,159.27999877929688,117.34577178955078,581600.0,140.1014404296875,392.0414733886719,397.8481140136719,62.991905212402344,188.86000061035156,110.32073211669922
2024-02-02,184.1112823486328,171.80999755859375,119.72494506835938,589498.0,141.3123016357422,471.695068359375,405.1788330078125,66.12316131591797,187.91000366210938,112.6168441772461
2024-02-05,185.9241180419922,170.30999755859375,121.55943298339844,589404.0,142.6025390625,456.22314453125,399.690673828125,69.29340362548828,181.05999755859375,115.57456970214844
2024-02-06,187.52899169921875,169.14999389648438,119.55967712402344,592370.0,143.01937866210938,451.5657043457031,399.5329895019531,68.18501281738281,185.10000610351562,116.14859008789062
2024-02-07,187.63796997070312,170.52999877929688,122.92455291748047,599300.0,144.44859313964844,466.33251953125,407.96728515625,70.0599594116211,187.5800018310547,121.59700775146484
2024-02-08,186.55816650390625,169.83999633789062,124.6553726196289,597000.0,144.81582641601562,466.7396545410156,408.0263977050781,69.60221099853516,189.55999755859375,130.1101837158203
2024-02-09,187.32192993164062,174.4499969482422,125.50415802001953,599090.0,147.88262939453125,464.86279296875,414.37176513671875,72.09284973144531,193.57000732421875,129.50694274902344
2024-02-12,185.6356658935547,172.33999633789062,123.70097351074219,597092.0,146.42364501953125,465.6473083496094,409.1595153808594,72.20777130126953,188.1300048828125,126.92868041992188
2024-02-13,183.54273986816406,168.63999938964844,122.39552307128906,593850.0,144.05157470703125,456.92816162109375,400.3507995605469,72.08784484863281,184.02000427246094,124.09745788574219
2024-02-14,182.65994262695312,170.97999572753906,123.42911529541016,601000.0,144.84556579589844,469.9969177246094,404.22039794921875,73.8588638305664,188.7100067138672,125.7708969116211
2024-02-15,182.37228393554688,169.8000030517578,123.70782470703125,607000.0,141.69935607910156,480.6723327636719,401.32806396484375,72.6175308227539,200.4499969482422,125.53739929199219
2024-02-16,180.8348388671875,169.50999450683594,121.79214477539062,610086.0,139.46621704101562,470.0366516113281,398.86029052734375,72.57255554199219,199.9499969482422,123.2607192993164
2024-02-20,180.09091186523438,167.0800018310547,119.94105529785156,613140.0,140.0617218017578,468.4775390625,397.6065979003906,69.41332244873047,193.75999450683594,121.93753814697266
2024-02-21,180.8447723388672,168.58999633789062,120.029052734375,617011.0,141.4810028076172,465.2764587402344,397.00439453125,67.43443298339844,194.77000427246094,121.94725799560547
2024-02-22,182.878173828125,174.5800018310547,127.60270690917969,625510.0,143.00946044921875,483.26995849609375,406.35260009765625,78.49427795410156,197.41000366210938,125.57630920410156
2024-02-23,181.04315185546875,174.99000549316406,126.7685546875,628930.0,142.88043212890625,481.1823425292969,405.0594177246094,78.77311706542969,191.97000122070312,126.02384948730469
2024-02-26,179.6941680908203,174.72999572753906,128.01632690429688,615356.0,136.53836059570312,478.9057922363281,402.29547119140625,79.04796600341797,199.39999389648438,127.10380554199219
2024-02-27,181.1522674560547,173.5399932861328,126.75486755371094,617300.0,137.83853149414062,484.1846008300781,402.2362365722656,78.65717315673828,199.72999572753906,125.10929870605469
2024-02-28,179.95204162597656,173.16000366210938,126.08895874023438,621055.0,135.35728454589844,481.17242431640625,402.47320556640625,77.6197509765625,202.0399932861328,123.93204498291016
2024-02-29,179.28746032714844,176.75999450683594,127.17144775390625,616561.0,137.4216766357422,487.24652099609375,408.3170166015625,79.06794738769531,201.8800048828125,125.18714141845703
2024-03-01,178.206298828125,178.22000122070312,136.8211212158203,613965.0,136.11158752441406,499.3448791503906,410.15301513671875,82.2331771850586,202.63999938964844,130.2755584716797
2024-03-04,173.6831817626953,177.5800018310547,137.1232452392578,608140.0,132.3500213623047,495.2590637207031,409.58050537109375,85.18953704833984,188.13999938964844,134.51754760742188
2024-03-05,168.74346923828125,174.1199951171875,131.30393981933594,604619.0,131.67510986328125,487.3359680175781,397.46844482421875,85.920166015625,180.74000549316406,131.31658935546875
2024-03-06,167.7515411376953,173.50999450683594,132.01290893554688,607453.0,130.4146270751953,493.17138671875,396.9156188964844,88.65476989746094,176.5399932861328,137.7379608154297
2024-03-07,167.63253784179688,176.82000732421875,137.58775329589844,605560.0,133.37225341796875,509.17669677734375,403.8748779296875,92.62174224853516,178.64999389648438,145.1614227294922
2024-03-08,169.34854125976562,175.35000610351562,127.97623443603516,609748.0,134.39456176757812,502.973388671875,400.9924621582031,87.48336791992188,175.33999633789062,142.40802001953125
2024-03-11,171.35218811035156,171.9600067138672,126.45073699951172,607756.0,136.6376190185547,480.74493408203125,399.3143310546875,85.73026275634766,177.77000427246094,135.25697326660156
2024-03-12,171.8283233642578,175.38999938964844,126.32949829101562,609710.0,137.46139526367188,496.80987548828125,409.9359130859375,91.86613464355469,177.5399932861328,140.49134826660156
2024-03-13,169.7453155517578,176.55999755859375,123.00375366210938,613900.0,138.74169921875,492.6544189453125,409.7581481933594,90.8416519165039,169.47999572753906,138.29251098632812
2024-03-14,171.6001434326172,178.75,123.43400573730469,612500.0,142.0269012451172,488.9364318847656,419.7479553222656,87.8991470336914,162.5,135.8407440185547
2024-03-15,171.22323608398438,174.4199981689453,120.81624603271484,618134.0,140.12127685546875,481.25189208984375,411.0611877441406,87.7922134399414,163.57000732421875,133.27218627929688
2024-03-18,172.31434631347656,174.47999572753906,120.98639678955078,617880.0,146.57252502441406,494.05615234375,411.94964599609375,88.4098892211914,173.8000030517578,133.4812469482422
2024-03-19,174.6552276611328,175.89999389648438,121.06168365478516,622777.0,145.92742919921875,493.32049560546875,415.9870300292969,89.35242462158203,171.32000732421875,131.7521514892578
2024-03-20,177.2242889404297,178.14999389648438,125.30802154541016,628390.0,147.6245880126953,502.5458984375,419.75787353515625,90.32592010498047,175.66000366210938,133.5886993408203
2024-03-21,169.98333740234375,178.14999389648438,132.3787078857422,625095.0,146.49313354492188,504.77276611328125,423.8445129394531,91.38836669921875,172.82000732421875,136.22628784179688
2024-03-22,170.88601684570312,178.8699951171875,132.9158935546875,623040.0,149.63938903808594,506.5820007324219,423.22265625,94.24092102050781,170.8300018310547,137.2910919189453
2024-03-25,169.46759033203125,179.7100067138672,132.73025512695312,619500.0,148.94461059570312,500.06060791015625,417.4183044433594,94.95355224609375,172.6300048828125,136.9882354736328
2024-03-26,168.33680725097656,178.3000030517578,130.7573699951172,622380.0,149.54010009765625,492.9725646972656,416.2239074707031,92.51380157470703,177.6699981689453,135.6304168701172
2024-03-27,171.9076690673828,179.8300018310547,129.50428771972656,629610.0,149.7386016845703,490.9544982910156,416.0067443847656,90.2039794921875,179.8300018310547,133.53009033203125
2024-03-28,170.0924530029297,180.3800048828125,130.16026306152344,634440.0,149.7981719970703,482.72320556640625,415.3058776855469,90.30992126464844,175.7899932861328,132.9049072265625
2024-04-01,168.65420532226562,180.97000122070312,132.6006317138672,634030.0,154.323974609375,488.45928955078125,419.1063232421875,90.3169174194336,175.22000122070312,138.2191162109375
2024-04-02,167.47381591796875,180.69000244140625,131.4713134765625,630289.0,153.40093994140625,494.44384765625,416.0166320800781,89.40637969970703,166.6300048828125,136.97848510742188
2024-04-03,168.2772674560547,182.41000366210938,133.87237548828125,633899.0,153.7582244873047,503.7587585449219,415.039306640625,88.91864013671875,168.3800048828125,138.7173309326172
2024-04-04,167.45401000976562,180.0,129.3834686279297,628420.0,149.40118408203125,507.9141845703125,412.5024108886719,85.8611831665039,171.11000061035156,136.4314422607422
2024-04-05,168.2078399658203,185.07000732421875,131.53709411621094,631255.0,151.35638427734375,524.237548828125,420.0440979003906,87.96311950683594,164.89999389648438,138.09214782714844
2024-04-08,167.08702087402344,185.19000244140625,131.21006774902344,628640.0,153.68878173828125,516.1951293945312,419.1260681152344,87.08856201171875,172.97999572753906,139.48907470703125
2024-04-09,168.29713439941406,185.6699981689453,131.01170349121094,626900.0,155.4256591796875,513.8590087890625,420.7943115234375,85.31045532226562,176.8800048828125,142.0387420654297
2024-04-10,166.4224090576172,185.9499969482422,129.8617401123047,618950.0,154.96910095214844,516.771728515625,417.8132019042969,86.99461364746094,171.75999450683594,142.83978271484375
2024-04-11,173.62364196777344,189.0500030517578,135.76280212402344,616670.0,158.21458435058594,520.0821533203125,422.4230651855469,90.56979370117188,174.60000610351562,143.79713439941406
2024-04-12,175.1214599609375,186.1300048828125,131.9927520751953,608091.0,156.54718017578125,508.8883972167969,416.470703125,88.14102935791016,171.0500030517578,139.22532653808594
2024-04-15,171.29266357421875,183.6199951171875,128.7147216796875,604500.0,153.69869995117188,497.2870788574219,408.3170166015625,85.9571533203125,161.47999572753906,136.90032958984375
2024-04-16,168.0094757080078,183.32000732421875,130.51873779296875,598160.0,153.2421417236328,496.81982421875,409.2448425292969,87.37042999267578,157.11000061035156,136.5681915283203
2024-04-17,166.640625,181.27999877929688,125.95911407470703,600300.0,154.30413818359375,491.26275634765625,406.5401611328125,83.99214172363281,155.4499969482422,135.8159942626953
2024-04-18,165.68838500976562,179.22000122070312,123.63758850097656,604144.0,154.84007263183594,498.8477478027344,399.0675354003906,84.6278305053711,149.92999267578125,129.2122802734375
2024-04-19,163.66490173339844,174.6300048828125,118.30707550048828,611244.0,152.93446350097656,478.23974609375,393.9838562011719,76.16114807128906,147.0500030517578,124.74791717529297
2024-04-22,164.49810791015625,177.22999572753906,120.24658966064453,617284.0,155.1080322265625,478.8959045410156,395.80010986328125,79.47745513916016,142.0500030517578,126.75051879882812
2024-04-23,165.54953002929688,179.5399932861328,122.67517852783203,615175.0,157.07321166992188,493.1813659667969,402.32513427734375,82.38097381591797,144.67999267578125,130.34544372558594
2024-04-24,167.6523895263672,176.58999633789062,123.42448425292969,613420.0,157.93667602539062,490.5966491699219,403.7959289550781,79.6363754272461,162.1300048828125,129.89610290527344
2024-04-25,168.5153350830078,173.6699981689453,127.116943359375,611560.0,154.83013916015625,438.7833251953125,393.9048767089844,82.5898666381836,170.17999267578125,133.42263793945312
2024-04-26,167.93011474609375,179.6199951171875,131.9927520751953,606920.0,170.66053771972656,440.68206787109375,401.0911865234375,87.69026947021484,168.2899932861328,135.10289001464844
2024-04-29,172.09613037109375,180.9600067138672,131.45755004882812,605500.0,164.90402221679688,430.07476806640625,397.07354736328125,87.7122573852539,194.0500030517578,135.2982635498047
2024-04-30,168.95176696777344,175.0,127.6914291381836,599500.0,161.55929565429688,427.63922119140625,384.3197937011719,86.35794830322266,183.27999877929688,134.16505432128906
2024-05-01,167.93011474609375,179.0,122.05355834960938,602100.0,162.63121032714844,436.606201171875,389.8576354980469,82.99864959716797,179.99000549316406,131.82054138183594
2024-05-02,171.62991333007812,184.72000122070312,121.63226318359375,606413.0,165.37049865722656,439.08148193359375,392.72027587890625,85.77323913574219,180.00999450683594,133.0807342529297
2024-05-03,181.8961944580078,186.2100067138672,125.5152359008789,603000.0,165.98587036132812,449.3009948730469,401.4267883300781,88.74372100830078,181.19000244140625,138.28749084472656
2024-05-06,180.2397003173828,188.6999969482422,128.67739868164062,608795.0,166.83941650390625,462.9402770996094,408.21826171875,92.093017578125,184.75999450683594,139.52816772460938
2024-05-07,180.92408752441406,188.75999450683594,127.97032165527344,611258.0,169.9657745361328,465.4852600097656,404.07232666015625,90.50782012939453,177.80999755859375,137.84788513183594
2024-05-08,181.26138305664062,188.0,130.15634155273438,612100.0,168.10980224609375,469.8196105957031,405.25689697265625,90.36589050292969,174.72000122070312,140.2803497314453
2024-05-09,183.07656860351562,189.5,128.2217254638672,615835.0,168.6854705810547,472.6230163574219,407.0140075683594,88.70175170898438,171.97000122070312,139.48907470703125
2024-05-10,181.8151397705078,187.47999572753906,130.885986328125,622000.0,167.38526916503906,473.3984069824219,409.4028015136719,89.83216857910156,168.47000122070312,145.8094940185547
2024-05-13,185.0233154296875,186.57000732421875,131.34854125976562,621000.0,167.87159729003906,465.2566223144531,408.3959045410156,90.35291290283203,171.88999938964844,143.025390625
2024-05-14,186.1655731201172,187.07000732421875,135.52418518066406,619250.0,169.06260681152344,469.073974609375,411.19940185546875,91.30941772460938,177.5500030517578,148.43731689453125
2024-05-15,188.44015502929688,185.99000549316406,141.03733825683594,622815.0,171.21630859375,478.7070007324219,418.3887634277344,94.58174896240234,173.99000549316406,151.9833984375
2024-05-16,188.55931091308594,183.6300048828125,138.67649841308594,625100.0,172.8738250732422,470.44586181640625,416.32196044921875,94.3108901977539,174.83999633789062,148.71083068847656
2024-05-17,188.589111328125,184.6999969482422,137.02276611328125,629375.0,174.73971557617188,469.1336975097656,415.5506286621094,92.43184661865234,177.4600067138672,148.17356872558594
2024-05-20,189.751220703125,183.5399932861328,138.86309814453125,623250.0,175.59327697753906,466.08172607421875,420.62371826171875,94.7316665649414,174.9499969482422,150.00033569335938
2024-05-21,191.05238342285156,183.14999389648438,137.40672302246094,625150.0,176.5162811279297,461.8964538574219,424.28271484375,95.33736419677734,186.60000610351562,150.11756896972656
2024-05-22,189.61216735839844,183.1300048828125,136.7232208251953,625100.0,175.0573272705078,465.0279541015625,425.7463073730469,94.90158081054688,180.11000061035156,152.5402374267578
2024-05-23,185.6192626953125,181.0500030517578,136.8263397216797,612320.0,172.24851989746094,463.03973388671875,422.2653503417969,103.74607849121094,173.74000549316406,153.45849609375
2024-05-24,188.69834899902344,180.75,138.25521850585938,615900.0,173.677734375,475.4065246582031,425.3902893066406,106.41470336914062,179.24000549316406,156.30120849609375
2024-05-28,188.70831298828125,182.14999389648438,138.70791625976562,609000.0,175.07717895507812,477.0965270996094,425.54852294921875,113.8429183959961,176.75,155.72486877441406
2024-05-29,189.0062713623047,182.02000427246094,136.56907653808594,608816.0,174.58090209960938,471.5691833496094,424.4112854003906,114.76643371582031,176.19000244140625,150.77206420898438
2024-05-30,189.99952697753906,179.32000732421875,133.9578399658203,617690.0,170.8193359375,464.30224609375,410.0720520019531,110.44364929199219,178.7899932861328,149.42396545410156
2024-05-31,190.95306396484375,176.44000244140625,130.46864318847656,627400.0,171.2064208984375,464.0835266113281,410.5269470214844,109.57710266113281,178.0800018310547,147.54835510253906
2024-06-03,192.72103881835938,178.33999633789062,129.8155975341797,631110.0,171.87139892578125,474.6808166503906,408.93475341796875,114.94136047363281,176.2899932861328,151.36798095703125
2024-06-04,193.03887939453125,179.33999633789062,130.69154357910156,617435.0,172.48672485351562,474.1837463378906,411.45654296875,116.37763214111328,174.77000427246094,148.9453125
2024-06-05,194.5486297607422,181.27999877929688,138.77078247070312,618000.0,174.09458923339844,492.1474304199219,419.3084716796875,122.37757110595703,175.0,159.15371704101562
2024-06-06,193.16799926757812,185.0,137.61001586914062,620000.0,175.40467834472656,490.85516357421875,419.81280517578125,120.9363021850586,177.94000244140625,158.32339477539062
2024-06-07,195.561767578125,184.3000030517578,138.13735961914062,622291.0,173.1517333984375,490.059814453125,419.1502990722656,120.82636260986328,177.47999572753906,160.58973693847656
2024-06-10,191.81716918945312,187.05999755859375,141.45957946777344,617700.0,173.89694213867188,499.6430969238281,423.12567138671875,121.72789001464844,173.7899932861328,164.2725830078125
2024-06-11,205.75254821777344,187.22999572753906,143.47865295410156,615769.0,175.49668884277344,504.4844970703125,427.8823547363281,120.8582763671875,170.66000366210938,161.87924194335938
2024-06-12,211.6326141357422,186.88999938964844,146.86473083496094,615592.0,176.6592559814453,505.84637451171875,436.1694030761719,125.14643859863281,177.2899932861328,168.98117065429688
2024-06-13,212.7947235107422,183.8300018310547,164.88316345214844,611500.0,174.04598999023438,501.1343078613281,436.68365478515625,129.55453491210938,182.47000122070312,169.44569396972656
2024-06-14,211.05653381347656,183.66000366210938,170.3874969482422,610900.0,175.66561889648438,501.6914978027344,437.66265869140625,131.82359313964844,178.00999450683594,169.05368041992188
2024-06-17,215.2083282470703,184.05999755859375,179.60195922851562,613860.0,176.11276245117188,504.1494140625,443.39837646484375,130.92396545410156,187.44000244140625,173.6889190673828
2024-06-18,212.8443603515625,182.80999755859375,177.0142822265625,615000.0,173.97642517089844,497.0444030761719,441.390869140625,135.52198791503906,184.86000061035156,176.08982849121094
2024-06-20,208.26547241210938,186.10000610351562,170.34034729003906,617250.0,175.17874145507812,499.24359130859375,440.75799560546875,130.72406005859375,181.57000732421875,171.86618041992188
2024-06-21,206.0902557373047,189.0800018310547,162.88375854492188,615001.0,178.48756408691406,492.35748291015625,444.7927551269531,126.51585388183594,183.00999450683594,170.4746551513672
2024-06-24,206.73587036132812,185.57000732421875,156.85751342773438,624082.0,178.0801544189453,496.4672546386719,442.7061767578125,118.0594711303711,182.5800018310547,164.44784545898438
2024-06-25,207.65960693359375,186.33999633789062,155.73248291015625,620800.0,182.8595733642578,508.10003662109375,445.9497985839844,126.03604125976562,187.35000610351562,169.14187622070312
2024-06-26,211.81138610839844,193.61000061035156,156.8368377685547,617071.0,182.7105255126953,510.607666015625,447.1463928222656,126.34593200683594,196.3699951171875,168.6225128173828
2024-06-27,212.65567016601562,197.85000610351562,156.310791015625,615000.0,184.23080444335938,517.0161743164062,447.8287048339844,123.93695068359375,197.4199981689453,168.19129943847656
2024-06-28,209.19912719726562,193.25,158.16976928710938,612241.0,180.9915313720703,501.751220703125,441.9941711425781,123.48714447021484,197.8800048828125,170.32765197753906
2024-07-01,215.28778076171875,197.1999969482422,161.6444091796875,610460.0,181.82620239257812,502.2089538574219,451.66571044921875,124.24681854248047,209.86000061035156,168.87728881835938
2024-07-02,218.78404235839844,200.0,163.2876434326172,610668.0,184.0618896484375,507.0054016113281,454.1873779296875,122.61752319335938,231.25999450683594,172.17974853515625
2024-07-03,220.05538940429688,197.58999633789062,170.3551483154297,611375.0,184.63819885253906,507.463134765625,455.6608581542969,128.22511291503906,246.38999938964844,178.833740234375
2024-07-05,224.81307983398438,200.0,167.8026123046875,618545.0,189.3877716064453,537.2664184570312,462.3755798339844,125.77616882324219,251.52000427246094,180.30369567871094
2024-07-08,226.28309631347656,199.2899932861328,171.99444580078125,614425.0,187.8277587890625,526.728271484375,461.0702209472656,128.1451416015625,252.94000244140625,182.8907928466797
2024-07-09,227.13726806640625,199.33999633789062,170.75807189941406,619000.0,187.77810668945312,527.405029296875,454.44451904296875,131.3238067626953,262.3299865722656,180.8230743408203
2024-07-10,231.40829467773438,199.7899932861328,171.87918090820312,622506.0,189.96409606933594,532.0720825195312,461.08013916015625,134.852294921875,263.260009765625,187.22222900390625
2024-07-11,226.0347900390625,195.0500030517578,168.0626983642578,629080.0,184.38978576660156,510.1897277832031,449.658203125,127.34550476074219,241.02999877929688,180.80348205566406
2024-07-12,228.98475646972656,194.49000549316406,167.54254150390625,639500.0,183.89295959472656,496.42742919921875,448.5209045410156,129.18472290039062,248.22999572753906,183.5963592529297
2024-07-15,232.81869506835938,192.72000122070312,168.87545776367188,652997.0,185.34365844726562,493.730712890625,448.9263916015625,128.38504028320312,252.63999938964844,181.50901794433594
2024-07-16,233.2358856201172,193.02000427246094,166.86575317382812,660388.0,182.75025939941406,487.3919372558594,444.53564453125,126.3059310913086,256.55999755859375,182.31259155273438
2024-07-17,227.33595275878906,187.92999267578125,153.66464233398438,671280.0,179.86871337890625,459.72796630859375,438.6021423339844,117.93951416015625,248.5,167.76991271972656
2024-07-18,222.66763305664062,183.75,158.1372528076172,662820.0,176.55990600585938,473.5201416015625,435.4870910644531,121.0381851196289,249.22999572753906,168.42648315429688
2024-07-19,222.79678344726562,183.1300048828125,155.0143280029297,652040.0,176.53009033203125,474.45556640625,432.26324462890625,117.87955474853516,239.1999969482422,162.44871520996094
2024-07-22,222.44915771484375,182.5500030517578,158.6692352294922,655260.0,180.51458740234375,485.0135803222656,438.028564453125,123.48714447021484,251.50999450683594,165.95701599121094
2024-07-23,223.49208068847656,186.41000366210938,161.33901977539062,651580.0,180.63380432128906,486.29730224609375,439.91741943359375,122.53755950927734,246.3800048828125,166.41757202148438
2024-07-24,217.06568908691406,180.8300018310547,149.09352111816406,650080.0,171.53207397460938,459.0115051269531,424.1442565917969,114.20111846923828,215.99000549316406,156.59832763671875
2024-07-25,216.02279663085938,179.85000610351562,147.0443878173828,649950.0,166.21609497070312,451.19000244140625,413.7606506347656,112.2319564819336,220.25,157.06871032714844
2024-07-26,216.4896240234375,182.5,149.3792266845703,657180.0,165.9378662109375,463.41986083984375,420.5544738769531,113.0116195678711,219.8000030517578,158.69544982910156
2024-07-29,216.76771545410156,183.1999969482422,147.99014282226562,658060.0,168.45179748535156,463.4298095703125,421.9983215332031,111.54225158691406,232.10000610351562,156.80413818359375
2024-07-30,217.32395935058594,181.7100067138672,141.3896026611328,662125.0,169.2069549560547,460.9221496582031,418.2305908203125,103.68561553955078,222.6199951171875,151.44371032714844
2024-07-31,220.58180236816406,186.97999572753906,158.29489135742188,659211.0,170.44898986816406,472.5051574707031,413.71124267578125,116.96992492675781,232.07000732421875,162.47813415527344
2024-08-01,216.8869171142578,184.07000732421875,144.837646484375,647000.0,169.67396545410156,495.302978515625,412.4849548339844,109.16327667236328,216.86000061035156,155.01080322265625
2024-08-02,218.37680053710938,167.89999389648438,141.68516540527344,641435.0,165.6000518798828,485.75,403.9605712890625,107.22409057617188,207.6699981689453,146.85748291015625
2024-08-05,207.85824584960938,161.02000427246094,139.97097778320312,620040.0,158.2371826171875,473.4007568359375,390.7684631347656,100.40702056884766,198.8800048828125,144.98574829101562
2024-08-06,205.8319854736328,161.92999267578125,141.7836456298828,633175.0,157.2832794189453,491.67083740234375,395.1790466308594,104.20540618896484,200.63999938964844,152.2766876220703
2024-08-07,208.404541015625,162.77000427246094,134.24722290039062,641000.0,157.9291534423828,486.52618408203125,394.0120849609375,98.86768341064453,191.75999450683594,151.93368530273438
2024-08-08,211.87100219726562,165.8000030517578,143.57666015625,648888.0,160.99949645996094,507.134765625,398.2248840332031,104.92508697509766,198.83999633789062,161.25315856933594
2024-08-09,214.78123474121094,166.94000244140625,146.05923461914062,647523.0,162.62905883789062,515.2349243164062,401.5179443359375,104.70519256591797,200.0,163.77166748046875
2024-08-12,216.31259155273438,166.8000030517578,146.41387939453125,646450.0,161.25782775878906,513.423828125,402.2991638183594,108.97335815429688,197.49000549316406,164.27145385742188
2024-08-13,220.0316925048828,170.22999572753906,153.84197998046875,649105.0,163.11593627929688,525.9521484375,409.41937255859375,116.0903091430664,207.8300018310547,168.88706970214844
2024-08-14,220.47915649414062,170.10000610351562,155.34925842285156,657122.0,159.3500518798828,524.180908203125,412.23779296875,118.02947998046875,201.3800048828125,166.5645751953125
2024-08-15,223.4623565673828,177.58999633789062,163.6639862060547,661145.0,160.27415466308594,534.69921875,417.1119689941406,122.80744171142578,214.13999938964844,170.4746551513672
2024-08-16,224.78494262695312,177.05999755859375,163.26007080078125,667130.0,161.92356872558594,524.8375854492188,414.5758056640625,124.52670288085938,216.1199951171875,171.04299926757812
2024-08-19,224.6258087158203,178.22000122070312,165.2205352783203,672940.0,165.60997009277344,526.6885986328125,417.6072692871094,129.94439697265625,222.72000122070312,171.9347686767578
2024-08-20,225.24234008789062,178.8800048828125,163.48666381835938,672400.0,166.1167449951172,524.1510009765625,420.846923828125,127.195556640625,221.10000610351562,168.5930938720703
2024-08-21,225.1329803466797,180.11000061035156,163.31918334960938,669500.0,164.79518127441406,532.5397338867188,420.19305419921875,128.4450225830078,223.27000427246094,168.005126953125
2024-08-22,223.27342224121094,176.1300048828125,159.9302215576172,674000.0,162.7582244873047,529.32568359375,411.6829528808594,123.68706512451172,210.66000366210938,163.10528564453125
2024-08-23,225.5705108642578,177.0399932861328,163.89056396484375,680330.0,164.56666564941406,525.4148559570312,412.9114074707031,129.31463623046875,220.32000732421875,167.8483123779297
2024-08-26,225.90858459472656,175.5,157.2506103515625,682200.0,165.10321044921875,518.5685424804688,409.64215087890625,126.40589141845703,213.2100067138672,165.6826171875
2024-08-27,226.75384521484375,173.1199951171875,158.9943389892578,691350.0,163.63262939453125,516.558349609375,409.9889221191406,128.2451171875,209.2100067138672,167.13296508789062
2024-08-28,225.22247314453125,170.8000030517578,155.8319549560547,696502.0,161.8142852783203,514.2498168945312,406.7790222167969,125.55626678466797,205.75,165.80999755859375
2024-08-29,228.50399780273438,172.1199951171875,154.6005401611328,702320.0,160.7510986328125,515.6826782226562,409.2756042480469,117.53968811035156,206.27999877929688,165.76100158691406
2024-08-30,227.71841430664062,178.5,160.4031219482422,715300.0,162.34091186523438,518.7575073242188,413.2582092285156,119.31893157958984,214.11000061035156,168.25990295410156
2024-09-03,221.52330017089844,176.25,150.52200317382812,715910.0,156.3591766357422,509.25433349609375,405.6298522949219,107.95378875732422,210.60000610351562,157.27450561523438
2024-09-04,219.614013671875,173.3300018310547,151.83224487304688,715778.0,155.45497131347656,510.2295227050781,405.0948791503906,106.16455841064453,219.41000366210938,157.6468963623047
2024-09-05,221.13548278808594,177.88999938964844,150.55157470703125,696160.0,156.23997497558594,514.329345703125,404.5896301269531,107.16413879394531,230.1699981689453,160.42019653320312
2024-09-06,219.58419799804688,171.38999938964844,134.9663848876953,689287.0,149.9601593017578,497.8205871582031,397.96185302734375,102.7860107421875,210.72999572753906,153.6780548095703
2024-09-09,219.67369079589844,175.39999389648438,138.72970581054688,689280.0,147.9602813720703,502.3184509277344,401.9444580078125,106.42444610595703,216.27000427246094,159.5186309814453
2024-09-10,218.87815856933594,179.5500030517578,146.00999450683594,688076.0,147.91053771972656,502.3184509277344,410.3455505371094,108.05374145507812,226.1699981689453,159.17564392089844
2024-09-11,221.41390991210938,184.52000427246094,155.92066955566406,680040.0,150.39794921875,509.323974609375,419.1033020019531,116.85997772216797,228.1300048828125,166.8193817138672
2024-09-12,221.52330017089844,187.0,162.11727905273438,675380.0,153.91014099121094,523.0264892578125,423.02642822265625,119.0992202758789,229.80999755859375,168.61538696289062
2024-09-13,221.25479125976562,186.49000549316406,165.20082092285156,671750.0,156.66616821289062,522.05126953125,426.5829772949219,119.0592269897461,230.2899932861328,169.6678009033203
2024-09-16,215.10939025878906,184.88999938964844,161.58531188964844,677731.0,157.26315307617188,531.1752319335938,427.3260498046875,116.74002075195312,226.77999877929688,166.303955078125
2024-09-17,215.5767364501953,186.8800048828125,160.0583038330078,685250.0,158.51681518554688,534.2032470703125,431.1005859375,115.55043029785156,227.8699951171875,164.6023712158203
2024-09-18,219.4549102783203,186.42999267578125,159.27017211914062,686859.0,159.0043182373047,535.8267822265625,426.80096435546875,113.33119201660156,227.1999969482422,164.5335235595703
2024-09-19,227.58912658691406,189.8699951171875,165.47731018066406,687840.0,161.3225860595703,556.893310546875,434.607666015625,117.82965087890625,243.9199981689453,173.3267364501953
2024-09-20,226.9228973388672,191.60000610351562,169.11460876464844,685490.0,162.76527404785156,559.1343994140625,431.21942138671875,115.96029663085938,238.25,171.22186279296875
2024-09-23,225.2025604248047,193.8800048828125,170.93325805664062,685320.0,161.03404235839844,562.1823120117188,429.475830078125,116.22020721435547,250.0,171.8907012939453
2024-09-24,226.09754943847656,193.9600067138672,172.8112030029297,683913.0,161.47181701660156,561.1066284179688,425.1762390136719,120.82862854003906,254.27000427246094,178.98233032226562
2024-09-25,225.10313415527344,192.52999877929688,173.4833221435547,679850.0,160.67587280273438,566.06689453125,428.0888366699219,123.46772003173828,257.0199890136719,179.35610961914062
2024-09-26,226.2467041015625,191.16000366210938,176.02349853515625,683340.0,161.9095916748047,565.598876953125,427.2962646484375,123.9975357055664,254.22000122070312,183.76254272460938
2024-09-27,226.5151824951172,187.97000122070312,170.68617248535156,686182.0,163.1234588623047,565.1207275390625,424.0368957519531,121.35844421386719,260.4599914550781,175.04800415039062
2024-09-30,231.69602966308594,186.3300018310547,170.49835205078125,691180.0,165.01385498046875,570.1806640625,426.29571533203125,121.39842987060547,261.6300048828125,170.818603515625
2024-10-01,224.9440460205078,185.1300048828125,165.5267333984375,685000.0,166.1481475830078,574.1947021484375,416.775146484375,116.9599380493164,258.0199890136719,169.24488830566406
2024-10-02,225.51083374023438,184.75999450683594,168.67971801757812,685000.0,165.02381896972656,570.5491943359375,413.248291015625,118.809326171875,249.02000427246094,172.91363525390625
2024-10-03,224.4070587158203,181.9600067138672,169.89544677734375,678640.0,165.02381896972656,580.4698486328125,412.6637878417969,122.80794525146484,240.66000366210938,176.533203125
2024-10-04,225.53073120117188,186.50999450683594,174.59033203125,693839.0,166.2177734375,593.5879516601562,412.1882629394531,124.87722778320312,250.0800018310547,178.18563842773438
2024-10-07,220.4493408203125,180.8000030517578,173.04843139648438,680000.0,162.15834045410156,582.4719848632812,405.7289123535156,127.67628479003906,240.8300018310547,181.48062133789062
2024-10-08,224.50650024414062,182.72000122070312,178.63284301757812,678000.0,163.55128479003906,590.5499267578125,410.85076904296875,132.84449768066406,244.5,182.99534606933594
2024-10-09,228.25540161132812,185.1699981689453,183.79229736328125,683400.0,161.0439910888672,588.1793212890625,413.5751953125,132.60459899902344,241.0500030517578,184.0674591064453
2024-10-10,227.75819396972656,186.64999389648438,183.53530883789062,682470.0,161.26287841796875,581.525634765625,411.9702453613281,134.76385498046875,238.77000427246094,182.7297821044922
2024-10-11,226.2765350341797,188.82000732421875,179.3741455078125,691500.0,162.41702270507812,587.62158203125,412.4458312988281,134.7538604736328,217.8000030517578,187.6772003173828
2024-10-14,230.0055389404297,187.5399932861328,180.19451904296875,685000.0,164.1283721923828,588.089599609375,415.2395935058594,138.0227508544922,219.16000366210938,189.05421447753906
2024-10-15,232.54127502441406,187.69000244140625,173.93798828125,693614.0,164.62583923339844,583.9560546875,414.84326171875,131.55496215820312,219.57000732421875,184.0576171875
2024-10-16,230.48284912109375,186.88999938964844,174.76824951171875,699413.0,164.32736206054688,574.5134887695312,412.2476501464844,135.67355346679688,221.3300018310547,184.40187072753906
2024-10-17,230.85079956054688,187.52999877929688,179.423583984375,697640.0,162.1085662841797,574.6529541015625,412.84210205078125,136.88311767578125,220.88999938964844,202.46041870117188
2024-10-18,233.68484497070312,188.99000549316406,177.80259704589844,698500.0,162.59613037109375,574.1947021484375,414.2687072753906,137.9527587890625,220.6999969482422,197.48350524902344
2024-10-21,235.1565399169922,189.07000732421875,177.9014434814453,698000.0,163.2428741455078,572.889892578125,414.8829040527344,143.6608123779297,218.85000610351562,198.63429260253906
2024-10-22,234.5400390625,189.6999969482422,177.2985382080078,692600.0,164.3074493408203,579.7129516601562,423.5317077636719,143.5408477783203,217.97000122070312,195.22125244140625
2024-10-23,229.4685821533203,184.7100067138672,171.49664306640625,691220.0,161.95936584472656,561.4651489257812,420.6487731933594,139.51222229003906,213.64999389648438,197.5621795654297
2024-10-24,229.27963256835938,186.3800048828125,169.36170959472656,687000.0,161.89964294433594,565.5390625,420.7775573730469,140.3619384765625,260.4800109863281,194.68028259277344
2024-10-25,230.11492919921875,187.8300018310547,170.99256896972656,681999.0,164.43679809570312,570.9874267578125,424.16571044921875,141.49154663085938,269.19000244140625,200.09983825683594
2024-10-28,232.09378051757812,188.38999938964844,170.02392578125,688354.0,165.8794708251953,575.8780517578125,422.6202392578125,140.47190856933594,262.510009765625,191.48365783691406
2024-10-29,232.36227416992188,190.8300018310547,177.16015625,682920.0,168.82455444335938,590.9384155273438,427.93035888671875,141.20164489746094,259.5199890136719,193.70654296875
2024-10-30,228.812255859375,192.72999572753906,174.59033203125,682600.0,173.58047485351562,589.4642333984375,428.50494384765625,139.29229736328125,257.54998779296875,191.28692626953125
2024-10-31,224.64572143554688,186.39999389648438,167.800048828125,676960.0,170.24734497070312,565.3397827148438,402.568603515625,132.7145538330078,249.85000610351562,187.41162109375
2024-11-01,221.6625213623047,197.92999267578125,166.95989990234375,678000.0,170.42645263671875,564.9215698242188,406.5511779785156,135.35365295410156,248.97999572753906,189.78204345703125
2024-11-04,220.76751708984375,195.77999877929688,166.5941925048828,664750.0,168.3867950439453,558.467041015625,404.6589660644531,136.00343322753906,242.83999633789062,188.4148712158203
2024-11-05,222.19947814941406,199.5,171.8821258544922,666684.0,168.88427734375,570.170654296875,407.6310119628906,139.8621063232422,251.44000244140625,192.54591369628906
2024-11-06,221.4735565185547,207.08999633789062,177.46656799316406,703000.0,175.62013244628906,569.7921142578125,416.2698669433594,145.5601806640625,288.5299987792969,190.04762268066406
2024-11-07,226.2069091796875,210.0500030517578,181.6771240234375,688252.0,179.8387451171875,589.3646850585938,421.47100830078125,148.8290557861328,296.9100036621094,197.8867645263672
2024-11-08,225.93814086914062,208.17999267578125,181.50909423828125,695878.0,177.4508514404297,587.0140380859375,418.60791015625,147.57943725585938,321.2200012207031,197.89659118652344
2024-11-11,223.22042846679688,206.83999633789062,176.83399963378906,700224.0,179.44078063964844,580.8682861328125,414.1200866699219,145.21026611328125,350.0,190.86399841308594
2024-11-12,223.22042846679688,208.91000366210938,174.17520141601562,700700.0,180.70436096191406,582.5117797851562,419.0933532714844,148.2392120361328,328.489990234375,188.62142944335938
2024-11-13,224.10643005371094,214.10000610351562,171.5658416748047,702250.0,177.97817993164062,577.7108154296875,421.2431945800781,146.21995544433594,330.239990234375,183.5953369140625
2024-11-14,227.1924591064453,211.47999572753906,168.4029541015625,700600.0,174.69482421875,574.8820190429688,422.91748046875,146.7097625732422,311.17999267578125,185.40512084960938
2024-11-15,223.9869384765625,202.61000061035156,162.92724609375,705999.0,171.62042236328125,551.8931274414062,411.1380920410156,141.93138122558594,320.7200012207031,182.9559783935547
2024-11-18,226.9933624267578,201.6999969482422,163.7476043701172,708000.0,174.41622924804688,552.2119140625,411.89105224609375,140.1020050048828,338.739990234375,184.40187072753906
2024-11-19,227.252197265625,204.61000061035156,163.43133544921875,703960.0,177.22201538085938,558.8755493164062,413.90216064453125,146.9596710205078,346.0,186.55589294433594
2024-11-20,227.9689483642578,202.8800048828125,161.35568237304688,703300.0,175.0927734375,563.2879638671875,411.6235046386719,145.84005737304688,342.0299987792969,185.26742553710938
2024-11-21,227.49110412597656,198.3800048828125,162.03768920898438,707250.0,166.78489685058594,560.8676147460938,409.84661865234375,146.6197967529297,339.6400146484375,188.1001434326172
2024-11-22,228.8350372314453,197.1199951171875,162.32432556152344,714280.0,163.92935180664062,556.9331665039062,413.9464111328125,141.90139770507812,352.55999755859375,186.9591827392578
2024-11-25,231.82151794433594,201.4499969482422,162.90748596191406,716399.0,166.8048095703125,562.8795776367188,415.7232971191406,135.9734344482422,338.5899963378906,182.04127502441406
2024-11-26,234.0016632080078,207.86000061035156,162.8284149169922,718520.0,168.26739501953125,571.2763061523438,424.8559265136719,136.8731231689453,338.2300109863281,180.82162475585938
2024-11-27,233.8722686767578,205.74000549316406,157.81723022460938,723549.0,168.37681579589844,566.9534301757812,419.89251708984375,135.2936553955078,332.8900146484375,178.2151336669922
2024-11-29,236.26145935058594,207.88999938964844,160.1992645263672,724040.0,168.09823608398438,572.05322265625,420.3591003417969,138.2026824951172,345.1600036621094,181.62815856933594
2024-12-02,238.51126098632812,210.7100067138672,164.57785034179688,715880.0,170.6254425048828,590.4901733398438,427.82403564453125,138.58255004882812,357.0899963378906,191.208251953125
2024-12-03,241.5574951171875,213.44000244140625,166.19882202148438,705659.0,170.4761962890625,611.22802734375,428.0423889160156,140.2119903564453,351.4200134277344,195.62452697753906
2024-12-04,241.91587829589844,218.16000366210938,168.58087158203125,701601.0,173.49090576171875,611.3575439453125,434.2168884277344,145.09031677246094,357.92999267578125,197.3949737548828
2024-12-05,241.94573974609375,220.5500030517578,168.49191284179688,704406.0,171.76963806152344,606.526611328125,439.3787841796875,145.0203399658203,369.489990234375,200.94570922851562
2024-12-06,241.74664306640625,227.02999877929688,177.44679260253906,705237.0,173.8292236328125,621.3079833984375,440.32183837890625,142.40106201171875,389.2200012207031,199.6867218017578
2024-12-09,245.6390380859375,226.08999633789062,176.86363220214844,696160.0,174.68585205078125,611.1483154296875,442.7538757324219,138.77203369140625,389.7900085449219,195.89993286132812
2024-12-10,246.65443420410156,225.0399932861328,169.81637573242188,694620.0,184.44760131835938,616.8756103515625,440.0835876464844,135.03306579589844,400.989990234375,188.78863525390625
2024-12-11,245.3802032470703,230.25999450683594,181.07420349121094,690666.0,194.63771057128906,630.182861328125,445.7021484375,139.2718963623047,424.7699890136719,191.4049530029297
2024-12-12,246.84359741210938,228.97000122070312,178.5636749267578,686850.0,191.2111358642578,628.30029296875,446.26800537109375,137.3024444580078,418.1000061035156,188.91453552246094
2024-12-13,247.01283264160156,227.4600067138672,222.1914825439453,685934.0,189.07949829101562,617.9014892578125,443.9947204589844,134.21328735351562,436.2300109863281,198.31784057617188
2024-12-16,249.9097137451172,232.92999267578125,247.0990753173828,683788.0,195.89280700683594,622.2777099609375,448.2831115722656,131.96388244628906,463.0199890136719,199.53147888183594
2024-12-17,252.33872985839844,231.14999389648438,237.44244384765625,684120.0,194.6576385498047,617.4928588867188,451.1320495605469,130.35433959960938,479.8599853515625,197.99221801757812
2024-12-18,246.9331817626953,220.52000427246094,221.02517700195312,670738.0,187.66502380371094,595.3128051757812,434.1871032714844,128.874755859375,440.1300048828125,192.9600067138672
2024-12-19,248.6653594970703,223.2899932861328,215.7866973876953,673274.0,187.77456665039062,593.6978759765625,433.8297119140625,130.6442413330078,436.1700134277344,192.05224609375
2024-12-20,253.3441925048828,224.9199981689453,218.22802734375,682500.0,190.6632843017578,583.4103393554688,433.4029235839844,134.6631622314453,421.05999755859375,194.58807373046875
2024-12-23,254.1206817626953,225.05999755859375,230.2692108154297,681999.0,193.8707275390625,597.9644165039062,432.0627746582031,139.63180541992188,430.6000061035156,204.60313415527344
2024-12-24,257.0374755859375,229.0500030517578,237.53355407714844,687442.0,195.34494018554688,605.8395385742188,436.11285400390625,140.18165588378906,462.2799987792969,203.58682250976562
2024-12-26,257.853759765625,227.0500030517578,243.16268920898438,687600.0,194.83692932128906,601.453369140625,434.9018249511719,139.8917236328125,454.1300048828125,200.36029052734375
2024-12-27,254.43922424316406,223.75,239.5850067138672,684909.0,192.0080108642578,597.924560546875,427.3772888183594,136.9725341796875,431.6600036621094,198.94931030273438
2024-12-30,251.0644989013672,221.3000030517578,233.4702911376953,678120.0,190.49395751953125,589.3814697265625,421.71905517578125,137.452392578125,417.4100036621094,197.7257843017578
2024-12-31,249.2925262451172,219.38999938964844,229.7637481689453,680920.0,188.5615234375,583.6695556640625,418.4134521484375,134.25328063964844,403.8399963378906,194.86434936523438
2025-01-02,242.7521209716797,220.22000122070312,229.9025115966797,675500.0,188.6909942626953,597.3562622070312,415.51483154296875,138.2721710205078,379.2799987792969,198.8999786376953
2025-01-03,242.26431274414062,224.19000244140625,230.46743774414062,681460.0,191.0417938232422,602.7294311523438,420.2499084472656,144.4304962158203,410.44000244140625,205.83651733398438
2025-01-06,243.89691162109375,227.61000061035156,234.2928466796875,676604.0,196.10198974609375,628.2190551757812,424.7169494628906,149.38912963867188,411.04998779296875,217.08494567871094
2025-01-07,241.11949157714844,222.11000061035156,226.59242248535156,678560.0,194.7273712158203,615.94775390625,419.2770690917969,140.10166931152344,394.3599853515625,208.60916137695312
2025-01-08,241.6072540283203,222.1300048828125,227.25643920898438,677925.0,193.19337463378906,608.8002319335938,421.4510192871094,140.0717010498047,394.94000244140625,204.36631774902344
2025-01-10,235.7836151123047,218.94000244140625,222.3011932373047,663000.0,191.2908172607422,613.9240112304688,415.88214111328125,135.8728485107422,394.739990234375,205.59970092773438
2025-01-13,233.34463500976562,218.4600067138672,223.27243041992188,666280.0,190.2648162841797,606.4177856445312,414.135009765625,133.19357299804688,403.30999755859375,198.6829071044922
2025-01-14,232.22967529296875,217.75999450683594,222.68771362304688,675760.0,188.92010498046875,592.3820190429688,412.62615966796875,131.72396850585938,396.3599853515625,198.77169799804688
2025-01-15,236.7989959716797,223.35000610351562,225.95816040039062,688500.0,194.78712463378906,615.1801147460938,423.1882019042969,136.2027587890625,428.2200012207031,204.0505828857422
2025-01-16,227.2322998046875,220.66000366210938,227.3555450439453,692904.0,192.1574249267578,609.37841796875,421.4708557128906,133.53347778320312,413.82000732421875,211.93434143066406
2025-01-17,228.9445343017578,225.94000244140625,235.31361389160156,702760.0,195.23538208007812,610.8438110351562,425.8883056640625,137.67234802246094,426.5,208.6881103515625
2025-01-21,221.63758850097656,230.7100067138672,238.1579132080078,702553.0,197.27737426757812,614.522216796875,425.3622131347656,140.79148864746094,424.07000732421875,215.7923583984375
2025-01-22,222.8222198486328,235.00999450683594,238.75254821777344,691500.0,197.5961151123047,621.5400390625,442.9325866699219,147.02980041503906,415.1099853515625,220.23252868652344
2025-01-23,222.6529998779297,235.4199981689453,238.12818908691406,689400.0,197.2076416015625,634.4493408203125,443.4388122558594,147.17974853515625,412.3800048828125,221.6336669921875
2025-01-24,221.77694702148438,234.85000610351562,242.50860595703125,694602.0,199.428955078125,645.4546508789062,440.8082275390625,142.58099365234375,406.5799865722656,218.93008422851562
2025-01-27,228.82508850097656,235.4199981689453,200.31982421875,712000.0,191.06170654296875,657.8057861328125,431.3778381347656,118.38761901855469,397.1499938964844,189.7532196044922
2025-01-28,237.187255859375,238.14999389648438,205.5030059814453,705000.0,194.53811645507812,672.2103271484375,443.9252624511719,128.95472717285156,398.0899963378906,199.70907592773438
2025-01-29,238.28231811523438,237.07000732421875,204.50204467773438,704680.0,194.6476593017578,674.363525390625,439.0909118652344,123.66616821289062,389.1000061035156,199.63999938964844
2025-01-30,236.520263671875,234.63999938964844,213.7286834716797,709084.0,200.08636474609375,684.8404541015625,411.95111083984375,124.61592102050781,400.2799987792969,205.38262939453125
2025-01-31,234.93743896484375,237.67999267578125,219.28843688964844,702614.0,203.22409057617188,687.0135498046875,412.0205993652344,120.03717041015625,404.6000061035156,206.53707885742188
2025-02-03,226.98341369628906,237.4199981689453,215.78012084960938,696552.0,200.44496154785156,695.2676391601562,407.91094970703125,116.62810516357422,383.67999267578125,197.14364624023438
2025-02-04,231.75184631347656,242.05999755859375,220.4380340576172,702179.0,205.57489013671875,701.9764404296875,409.3503112792969,118.6175537109375,392.2099914550781,201.33714294433594
2025-02-05,231.42332458496094,236.1699981689453,229.92233276367188,709840.0,190.58358764648438,702.654296875,410.26361083984375,124.79586029052734,378.1700134277344,205.7970733642578
2025-02-06,232.16995239257812,238.8300018310547,229.28807067871094,714869.0,190.8525390625,709.7518920898438,412.7750244140625,128.6448211669922,374.32000732421875,207.7013702392578
2025-02-07,226.60511779785156,229.14999389648438,222.85618591308594,708903.0,184.61695861816406,712.2740478515625,406.7494812011719,129.80447387695312,361.6199951171875,203.37960815429688
2025-02-10,226.8741912841797,233.13999938964844,232.9351043701172,705959.0,185.74256896972656,715.14501953125,409.201416015625,133.53347778320312,350.7300109863281,205.18528747558594
2025-02-11,231.8272705078125,232.75999450683594,232.9351043701172,709489.0,184.5970458984375,717.537353515625,408.4271240234375,132.76368713378906,328.5,205.9647979736328
2025-02-12,236.06277465820312,228.92999267578125,234.2333984375,707500.0,182.89370727539062,723.099853515625,406.0447082519531,131.10414123535156,336.510009765625,203.63616943359375
2025-02-13,240.70689392089844,230.3699951171875,233.6883087158203,721500.0,185.41383361816406,726.2698364257812,407.53369140625,135.25299072265625,355.94000244140625,199.1466522216797
2025-02-14,243.76644897460938,228.67999267578125,230.95301818847656,719146.0,184.50738525390625,734.354248046875,405.43914794921875,138.81202697753906,355.8399963378906,201.1891326904297
2025-02-18,243.6368865966797,226.64999389648438,226.48341369628906,725000.0,183.05308532714844,714.1181030273438,406.64031982421875,139.36187744140625,354.1099853515625,200.0445556640625
2025-02-19,244.03550720214844,226.6300048828125,226.68162536621094,725883.0,184.5472412109375,701.5578002929688,411.73272705078125,139.1919403076172,360.55999755859375,198.27835083007812
2025-02-20,244.99224853515625,222.8800048828125,224.70945739746094,722980.0,183.8400115966797,692.6558227539062,413.91107177734375,140.0717010498047,354.3999938964844,197.4396514892578
2025-02-21,244.71319580078125,216.5800018310547,216.70181274414062,718750.0,178.95912170410156,681.4013061523438,406.03326416015625,134.3932342529297,337.79998779296875,195.60438537597656
2025-02-24,246.25791931152344,212.7100067138672,206.06788635253906,747485.0,178.55072021484375,666.02978515625,401.8457336425781,130.244384765625,330.5299987792969,189.10198974609375
2025-02-25,246.1981201171875,212.8000030517578,200.7261505126953,750041.0,174.73565673828125,655.4331665039062,395.77825927734375,126.59537506103516,302.79998779296875,186.852294921875
2025-02-26,239.5408935546875,214.35000610351562,211.03305053710938,740998.0,172.05615234375,671.582275390625,397.5985412597656,131.24411010742188,290.79998779296875,192.03250122070312
2025-02-27,236.49131774902344,208.74000549316406,196.0286102294922,753380.0,167.8426513671875,656.1708374023438,390.4368896484375,120.11714935302734,281.95001220703125,178.68238830566406
2025-02-28,241.01583862304688,212.27999877929688,197.64401245117188,775000.0,169.61572265625,666.0995483398438,394.87310791015625,124.88583374023438,292.9800109863281,178.12985229492188
2025-03-03,237.2188262939453,205.02000427246094,185.6920166015625,765160.0,166.35845947265625,652.9909057617188,386.4184265136719,114.02880859375,284.6499938964844,170.6703643798828
2025-03-04,235.1259765625,203.8000030517578,185.80104064941406,742800.0,170.25320434570312,637.9882202148438,386.53778076171875,115.95829010009766,272.0400085449219,177.6068878173828
2025-03-05,234.93663024902344,208.36000061035156,189.8643341064453,746940.0,172.34503173828125,654.4063720703125,398.8816223144531,117.26792907714844,279.1000061035156,181.82998657226562
2025-03-06,234.52804565429688,200.6999969482422,177.8429412841797,747110.0,171.67764282226562,625.9561767578125,394.773681640625,110.53976440429688,263.45001220703125,173.51206970214844
2025-03-07,238.2552947998047,199.25,193.21405029296875,742901.0,173.18174743652344,623.6932373046875,391.2127380371094,112.65919494628906,262.6700134277344,174.74545288085938
2025-03-10,226.70477294921875,194.5399932861328,182.79815673828125,744944.0,165.41319274902344,596.1102294921875,378.1328430175781,106.95075225830078,222.14999389648438,168.38119506835938
2025-03-11,220.08740234375,196.58999633789062,188.38766479492188,744708.0,163.58822631835938,603.8060302734375,378.4213562011719,108.73025512695312,230.5800018310547,168.6969451904297
2025-03-12,216.2405548095703,198.88999938964844,192.49058532714844,745682.0,166.6497802734375,617.6124267578125,381.2262878417969,115.718994140625,248.08999633789062,174.8145294189453
2025-03-13,208.96542358398438,193.88999938964844,189.64630126953125,756910.0,162.31175231933594,588.7833862304688,376.750244140625,115.55902862548828,240.67999267578125,169.30868530273438
2025-03-14,212.762451171875,197.9499969482422,193.78884887695312,771250.0,165.03424072265625,606.2288818359375,386.4880676269531,121.64791870117188,249.97999572753906,171.77545166015625
2025-03-17,213.2707061767578,195.74000549316406,192.7581787109375,784957.0,163.83753967285156,603.5350341796875,386.6273193359375,119.50830841064453,238.00999450683594,173.89688110351562
2025-03-18,211.96519470214844,192.82000732421875,186.98037719726562,783684.0,160.22752380371094,581.0458984375,381.4749450683594,115.4090576171875,225.30999755859375,171.4938201904297
2025-03-19,214.50648498535156,195.5399932861328,193.818603515625,789880.0,163.4386444091797,582.7420654296875,385.75201416015625,117.49867248535156,235.86000061035156,172.1178436279297
2025-03-20,213.37039184570312,194.9499969482422,189.40504455566406,792880.0,162.35165405273438,584.6776123046875,384.7772521972656,118.50848388671875,236.25999450683594,175.7928009033203
2025-03-21,217.5261688232422,196.2100067138672,190.51837158203125,781680.0,163.5383758544922,594.9044799804688,389.1736755371094,117.67863464355469,248.7100067138672,175.05978393554688
2025-03-24,219.97776794433594,203.25999450683594,190.11080932617188,789649.0,167.21820068359375,617.4534912109375,390.98394775390625,121.38796997070312,278.3900146484375,179.4479217529297
2025-03-25,222.98748779296875,205.7100067138672,187.1385955810547,792966.0,170.0902862548828,624.896728515625,393.0528869628906,120.66809844970703,288.1400146484375,179.19036865234375
2025-03-26,220.77505493164062,201.1300048828125,178.20217895507812,798963.0,164.60543823242188,609.6012573242188,387.89056396484375,113.7393569946289,272.05999755859375,171.86032104492188
2025-03-27,223.08717346191406,201.36000061035156,170.9655303955078,801950.0,161.793212890625,601.2203369140625,388.4972839355469,111.40978240966797,273.1300048828125,166.65003967285156
2025-03-28,217.1574249267578,192.72000122070312,168.1126251220703,790250.0,153.90496826171875,575.4385986328125,376.78009033203125,109.65010070800781,263.54998779296875,163.68826293945312
2025-03-31,221.37301635742188,190.25999450683594,166.43267822265625,798442.0,154.21412658691406,575.0594482421875,373.3883056640625,108.3603286743164,259.1600036621094,164.43118286132812
2025-04-01,222.4293975830078,192.1699981689453,167.51620483398438,800300.0,156.637451171875,584.6776123046875,380.1520080566406,110.13001251220703,268.4599914550781,167.04624938964844
2025-04-02,223.12701416015625,196.00999450683594,171.06494140625,806684.0,156.6074981689453,582.6123046875,380.1023254394531,110.39995574951172,282.760009765625,168.77969360351562
2025-04-03,202.49754333496094,178.41000366210938,153.09262084960938,794514.0,150.30491638183594,530.4203491210938,371.12042236328125,101.78153228759766,267.2799987792969,155.8926544189453
2025-04-04,187.738037109375,171.0,145.41860961914062,742540.0,145.1990203857422,503.591064453125,357.92120361328125,94.29288482666016,239.42999267578125,145.41265869140625
2025-04-07,180.84161376953125,175.25999450683594,153.2218475341797,737000.0,146.34585571289062,515.0850219726562,355.9517822265625,97.62227630615234,233.2899932861328,144.78858947753906
2025-04-08,171.83241271972656,170.66000366210938,155.1005859375,739101.0,144.30149841308594,509.29815673828125,352.66937255859375,96.28252410888672,221.86000061035156,140.03396606445312
2025-04-09,198.17236328125,191.10000610351562,184.04713439941406,778421.0,158.27293395996094,584.4481811523438,388.40777587890625,114.30925750732422,272.20001220703125,157.24969482421875
2025-04-10,189.7710723876953,181.22000122070312,171.273681640625,774000.0,152.39913940429688,545.0572509765625,379.3165283203125,107.55047607421875,252.39999389648438,149.7017364501953
2025-04-11,197.4747314453125,184.8699951171875,180.85626220703125,784000.0,156.7072296142578,542.3433837890625,386.378662109375,110.90986633300781,252.30999755859375,155.5955047607422
2025-04-14,201.82984924316406,182.1199951171875,177.29757690429688,793788.0,158.63192749023438,530.2807006835938,385.7420654296875,110.68990325927734,252.35000610351562,154.36721801757812
2025-04-15,201.4511260986328,179.58999633789062,177.8840789794922,792500.0,155.87953186035156,520.3432006835938,383.6731872558594,112.17963409423828,254.11000061035156,155.84312438964844
2025-04-16,193.6079559326172,174.3300018310547,173.56991577148438,774261.0,152.90774536132812,501.176513671875,369.6284484863281,104.47103881835938,241.5500030517578,150.23663330078125
2025-04-17,196.3087158203125,172.61000061035156,169.9714813232422,778833.0,150.74371337890625,500.348388671875,365.8188781738281,101.47157287597656,241.3699951171875,150.3059539794922
2025-04-21,192.50173950195312,167.32000732421875,165.21995544433594,760489.0,147.2633056640625,483.56634521484375,357.2050476074219,96.89241790771484,227.5,146.46263122558594
2025-04-22,199.059326171875,173.17999267578125,168.56988525390625,780000.0,151.05287170410156,499.151123046875,364.864013671875,98.8720474243164,237.97000122070312,149.9691619873047
2025-04-23,203.9027557373047,180.60000610351562,175.85621643066406,788799.0,154.92218017578125,519.0960693359375,372.3936462402344,102.69136047363281,250.74000549316406,156.31858825683594
2025-04-24,207.659912109375,186.5399932861328,187.02926635742188,797140.0,158.8413543701172,531.947021484375,385.2347717285156,106.41067504882812,259.510009765625,162.6283721923828
2025-04-25,208.56680297851562,188.99000549316406,191.1644744873047,795760.0,161.51397705078125,546.0350952148438,389.7605285644531,110.98986053466797,284.95001220703125,163.53970336914062
2025-04-28,209.4238739013672,187.6999969482422,191.3235321044922,797750.0,160.16769409179688,548.49951171875,389.07421875,108.71026611328125,285.8800048828125,161.8557586669922
2025-04-29,210.490234375,187.38999938964844,190.03128051757812,801340.0,159.71893310546875,553.1889038085938,391.9388732910156,109.00020599365234,292.0299987792969,162.92555236816406
2025-04-30,211.7758331298828,184.4199981689453,191.3235321044922,800540.0,158.3626708984375,547.7611694335938,393.15234375,108.90023040771484,282.1600036621094,165.11465454101562
2025-05-01,212.59304809570312,190.1999969482422,196.15460205078125,795400.0,160.8557891845703,570.9188232421875,423.1316223144531,111.5897445678711,280.5199890136719,171.08767700195312
2025-05-02,204.6501922607422,189.97999572753906,202.427001953125,809350.0,163.57826232910156,595.6728515625,432.9589538574219,114.4792251586914,287.2099914550781,177.585693359375
2025-05-05,198.21221923828125,186.35000610351562,199.5244140625,769960.0,163.75778198242188,597.917724609375,433.8442077636719,113.7993392944336,280.260009765625,174.73291015625
2025-05-06,197.83349609375,185.00999450683594,198.89813232421875,768000.0,162.7804718017578,585.9846801757812,430.99945068359375,113.51940155029297,275.3500061035156,170.65184020996094
2025-05-07,195.58120727539062,188.7100067138672,203.5900421142578,778173.0,150.96311950683594,595.4632568359375,431.03924560546875,117.03875732421875,276.2200012207031,172.89047241210938
2025-05-08,196.81698608398438,192.0800018310547,206.53240966796875,769000.0,153.85511779785156,596.6605834960938,435.83355712890625,117.34870910644531,284.82000732421875,173.56405639648438
2025-05-09,197.8534393310547,193.05999755859375,206.9598388671875,770999.0,152.32933044433594,591.1530151367188,436.3905334472656,116.62882995605469,298.260009765625,174.85177612304688
2025-05-12,210.34713745117188,208.63999938964844,220.2601318359375,772100.0,158.02362060546875,637.9871215820312,446.8644104003906,122.97767639160156,318.3800048828125,185.21290588378906
2025-05-13,212.48263549804688,211.3699951171875,231.0355682373047,767000.0,159.09066772460938,654.5496826171875,446.74505615234375,129.9064178466797,334.07000732421875,192.1566619873047
2025-05-14,211.88389587402344,210.25,230.7373504638672,753215.0,164.91458129882812,657.8721313476562,450.5247802734375,135.3154296875,347.67999267578125,192.91940307617188
2025-05-15,211.00575256347656,205.1699981689453,231.25425720214844,759100.0,163.5084686279297,642.4270629882812,451.54119873046875,134.80552673339844,342.82000732421875,192.38450622558594
2025-05-16,210.81614685058594,205.58999633789062,227.24826049804688,770660.0,165.73231506347656,638.89501953125,452.6772155761719,135.37542724609375,349.9800109863281,192.38450622558594
2025-05-19,208.3413543701172,206.16000366210938,229.25625610351562,767200.0,166.0813446044922,638.9848022460938,457.26104736328125,135.54539489746094,342.0899963378906,191.6713104248047
2025-05-20,206.42539978027344,204.07000732421875,230.2999725341797,762320.0,163.5283966064453,635.662353515625,456.56353759765625,134.35562133789062,343.82000732421875,191.6217803955078
2025-05-21,201.6654052734375,201.1199951171875,228.36160278320312,761380.0,168.09579467773438,634.06591796875,450.983154296875,131.7760772705078,334.6199951171875,189.94773864746094
2025-05-22,200.9369354248047,203.10000610351562,229.15682983398438,756250.0,170.3994140625,635.1336059570312,453.26513671875,132.80589294433594,341.0400085449219,194.33587646484375
2025-05-23,194.85975646972656,200.99000549316406,227.35760498046875,754505.0,168.00604248046875,625.64501953125,448.6015625,131.26617431640625,339.3399963378906,190.1656494140625
2025-05-27,199.78936767578125,206.02000427246094,234.24632263183594,760100.0,172.42384338378906,640.8705444335938,459.0746765136719,135.47540283203125,362.8900146484375,195.81178283691406
2025-05-28,199.99891662597656,204.72000122070312,238.00379943847656,754820.0,171.8853302001953,642.1277465820312,455.7563781738281,134.78553771972656,356.8999938964844,194.28634643554688
2025-05-29,199.5299072265625,205.6999969482422,240.52870178222656,758577.0,171.38670349121094,643.5944213867188,457.0717468261719,139.1647491455078,358.42999267578125,195.2867889404297
2025-05-30,200.4280242919922,205.00999450683594,240.62808227539062,757400.0,171.26702880859375,646.0288696289062,458.7458190917969,135.10548400878906,346.4599914550781,191.49301147460938
2025-06-02,201.27622985839844,206.64999389648438,247.22854614257812,754740.0,168.56448364257812,669.3861083984375,460.3502197265625,137.35507202148438,342.69000244140625,192.99862670898438
2025-06-03,202.84292602539062,205.7100067138672,255.32005310058594,746200.0,165.7223358154297,665.34521484375,461.3467102050781,141.19436645507812,344.2699890136719,195.74246215820312
2025-06-04,202.39389038085938,207.22999572753906,259.52484130859375,737820.0,167.5872039794922,686.3976440429688,462.2435302734375,141.8942413330078,332.04998779296875,200.48716735839844
2025-06-05,200.20849609375,207.91000366210938,258.3817138671875,732953.0,167.7467498779297,683.0750732421875,466.0401611328125,139.964599609375,284.70001220703125,201.41830444335938
2025-06-06,203.49156188964844,213.57000732421875,245.45913696289062,740396.0,173.20169067382812,696.1355590820312,468.730712890625,141.69427490234375,295.1400146484375,203.24090576171875
2025-06-09,201.02676391601562,216.97999572753906,242.82493591308594,739925.0,175.81764221191406,692.4937744140625,471.0924072265625,142.6041259765625,308.5799865722656,205.04371643066406
2025-06-10,202.2441864013672,217.61000061035156,243.1728515625,736000.0,178.3237762451172,700.8150024414062,469.2688293457031,143.9338836669922,326.0899963378906,210.45211791992188
2025-06-11,198.36236572265625,213.1999969482422,251.4035186767578,732120.0,177.07569885253906,692.5736083984375,470.9628601074219,142.81399536132812,326.42999267578125,212.0766143798828
2025-06-12,198.78147888183594,213.24000549316406,254.54470825195312,735000.0,175.42825317382812,691.79541015625,477.1909484863281,144.98374938964844,319.1099853515625,214.17430114746094
2025-06-13,196.03726196289062,212.10000610351562,247.21859741210938,731220.0,174.39984130859375,681.3291015625,473.2946472167969,141.95408630371094,325.30999755859375,209.8695526123047
2025-06-16,198.0031280517578,216.10000610351562,250.5983428955078,735920.0,176.49659729003906,701.0746459960938,477.46002197265625,144.6737823486328,329.1300048828125,214.4228515625
2025-06-17,195.2289581298828,214.82000732421875,247.8845977783203,725400.0,175.6778564453125,696.19189453125,476.3638610839844,144.1038360595703,316.3500061035156,212.65322875976562
2025-06-18,196.16697692871094,212.52000427246094,249.76333618164062,728200.0,173.05194091796875,694.7340698242188,478.5561218261719,145.46368408203125,322.04998779296875,212.2555694580078
2025-06-20,200.57769775390625,209.69000244140625,249.08583068847656,730000.0,166.38226318359375,681.3341064453125,475.7261047363281,143.83387756347656,322.1600036621094,208.288818359375
2025-06-23,201.07666015625,208.47000122070312,252.85214233398438,732468.0,164.93450927734375,697.4900512695312,484.2959289550781,144.15383911132812,348.67999267578125,209.09410095214844
2025-06-24,199.87918090820312,212.77000427246094,262.81597900390625,740085.0,166.51206970214844,711.1396484375,488.3915100097656,147.88340759277344,340.4700012207031,218.80714416503906
2025-06-25,201.13653564453125,211.99000549316406,263.6927795410156,730000.0,170.416015625,707.6248779296875,490.5439453125,154.29270935058594,327.54998779296875,221.4417266845703
2025-06-26,200.57769775390625,217.1199951171875,269.1928405761719,729808.0,173.27157592773438,725.009033203125,495.705810546875,155.00262451171875,325.7799987792969,222.70428466796875
2025-06-27,200.65753173828125,223.3000030517578,268.37579345703125,730940.0,178.25387573242188,732.5377197265625,494.20111083984375,157.73231506347656,323.6300048828125,227.23773193359375
2025-06-30,204.7389373779297,219.38999938964844,274.65301513671875,728800.0,175.95742797851562,736.9910888671875,495.66595458984375,157.97230529785156,317.6600036621094,225.16986083984375
2025-07-01,207.3833770751953,220.4600067138672,263.7824401855469,733150.0,175.56802368164062,718.149169921875,490.3247375488281,153.2828369140625,300.7099914550781,223.37039184570312
2025-07-02,211.99366760253906,219.9199981689453,268.9237976074219,720500.0,178.3636932373047,712.5076293945312,489.36810302734375,157.2323760986328,315.6499938964844,232.2384033203125
2025-07-03,213.10134887695312,223.41000366210938,274.1846923828125,727455.0,179.2523193359375,717.9395141601562,497.0909423828125,159.3221435546875,315.3500061035156,233.43142700195312
2025-07-07,209.50889587402344,223.47000122070312,273.1883239746094,716415.0,176.5165557861328,717.2804565429688,495.974853515625,158.22227478027344,293.94000244140625,227.834228515625
2025-07-08,209.5687713623047,219.36000061035156,270.81689453125,715269.0,174.09031677246094,719.5970458984375,494.8786926269531,159.98207092285156,297.80999755859375,226.5318603515625
2025-07-09,210.69639587402344,222.5399932861328,276.8948669433594,719578.0,176.34681701660156,731.6890258789062,501.74456787109375,162.86175537109375,295.8800048828125,230.48866271972656
2025-07-10,211.96372985839844,222.25999450683594,274.4039001464844,717180.0,177.34527587890625,726.1572265625,499.7216796875,164.0816192626953,309.8699951171875,228.42079162597656
2025-07-11,210.7163543701172,225.02000427246094,273.3876037597656,712842.0,179.91131591796875,716.4417114257812,501.55523681640625,164.90151977539062,313.510009765625,229.0570526123047
2025-07-14,208.1816864013672,225.69000244140625,274.6031799316406,711100.0,181.2791748046875,719.8466796875,501.2562561035156,164.05162048339844,316.8999938964844,227.33714294433594
2025-07-15,208.67066955566406,226.35000610351562,279.9238586425781,705000.0,181.718505859375,709.3323364257812,504.04644775390625,170.6808624267578,310.7799987792969,235.56887817382812
2025-07-16,209.71847534179688,223.19000244140625,279.7943115234375,707681.0,182.68701171875,701.8634643554688,503.8471374511719,171.35079956054688,321.6700134277344,236.17532348632812
2025-07-17,209.57875061035156,223.8800048828125,285.4139404296875,709820.0,183.29605102539062,700.3656616210938,509.9058532714844,172.98062133789062,319.4100036621094,244.16847229003906
2025-07-18,210.73631286621094,226.1300048828125,282.315185546875,710979.0,184.7737579345703,703.2314453125,508.2616271972656,172.39068603515625,329.6499938964844,238.998779296875
2025-07-21,212.0335693359375,229.3000030517578,287.1675720214844,711000.0,189.80596923828125,711.9085083007812,508.2715759277344,171.36080932617188,328.489990234375,237.4578094482422
2025-07-22,213.94955444335938,227.47000122070312,277.5823669433594,714710.0,191.04405212402344,703.7606811523438,503.4983825683594,167.01129150390625,332.1099853515625,233.2325897216797
2025-07-23,213.7000732421875,228.2899932861328,282.6639404296875,723120.0,189.93577575683594,712.5176391601562,504.0962829589844,170.7608642578125,332.55999755859375,238.92918395996094
2025-07-24,213.31088256835938,232.22999572753906,287.665771484375,725700.0,191.87277221679688,713.7357177734375,509.0887145996094,173.7205352783203,305.29998779296875,240.19178771972656
2025-07-25,213.43064880371094,231.44000244140625,289.13043212890625,726220.0,192.88121032714844,711.6189575195312,511.9088439941406,173.48056030273438,316.05999755859375,244.16847229003906
2025-07-28,213.6002960205078,232.7899932861328,293.23553466796875,722200.0,192.28213500976562,716.5615844726562,510.7030334472656,176.73019409179688,325.5899963378906,241.3350830078125
2025-07-29,210.8261260986328,231.00999450683594,296.34429931640625,713705.0,195.44723510742188,698.9578247070312,510.7727966308594,175.49032592773438,321.20001220703125,239.92333984375
2025-07-30,208.6107940673828,230.19000244140625,301.52545166015625,714175.0,196.2260284423828,694.1749877929688,511.4404296875,179.2499237060547,319.0400085449219,241.49415588378906
2025-07-31,207.1339111328125,234.11000061035156,292.6377258300781,719850.0,191.60317993164062,772.2884521484375,531.62939453125,177.85006713867188,308.2699890136719,240.21165466308594
2025-08-01,201.95481872558594,214.75,287.5960388183594,711480.0,188.8374786376953,748.8933715820312,522.2723388671875,173.70053100585938,302.6300048828125,233.83901977539062
2025-08-04,202.9227752685547,211.64999389648438,296.6431884765625,692600.0,194.7383270263672,775.2140502929688,533.7619018554688,179.97982788085938,309.260009765625,237.60693359375
2025-08-05,202.49366760253906,213.75,291.8704833984375,694750.0,194.36891174316406,762.3233642578125,525.8995361328125,178.24002075195312,308.7200012207031,231.11500549316406
2025-08-06,212.80197143554688,222.30999755859375,300.5788879394531,703115.0,195.7866973876953,770.8406372070312,523.0994262695312,179.39988708496094,319.9100036621094,230.0214080810547
2025-08-07,219.56771850585938,223.1300048828125,302.6613464355469,700000.0,196.21604919433594,760.6957397460938,519.0138549804688,180.74974060058594,322.2699890136719,241.20582580566406
2025-08-08,228.86814880371094,222.69000244140625,303.866943359375,698040.0,201.10845947265625,768.1546630859375,520.2095947265625,182.6795196533203,329.6499938964844,240.42044067382812
2025-08-11,226.95997619628906,221.3000030517578,302.8008117675781,698440.0,200.68911743164062,764.7296752929688,519.9405517578125,182.0395965576172,339.0299987792969,240.6789093017578
2025-08-12,229.42758178710938,221.47000122070312,311.6985168457031,704700.0,203.02549743652344,788.8237915039062,527.3843383789062,183.1394805908203,340.8399963378906,242.8660888671875
2025-08-13,233.10403442382812,224.55999755859375,307.9720458984375,715490.0,201.64764404296875,778.9186401367188,518.7547607421875,181.56964111328125,339.3800048828125,240.03271484375
2025-08-14,232.5545654296875,230.97999572753906,310.1043395996094,718680.0,202.62611389160156,780.9655151367188,520.6480102539062,181.99960327148438,335.5799865722656,239.59527587890625
2025-08-15,231.36570739746094,231.02999877929688,305.2320251464844,717250.0,203.58462524414062,784.0609130859375,518.3461303710938,180.42977905273438,330.55999755859375,237.48764038085938
2025-08-18,230.66639709472656,231.49000549316406,304.65411376953125,718052.0,203.1852569580078,766.2274780273438,515.286865234375,181.98959350585938,335.1600036621094,240.0028839111328
2025-08-19,230.3367156982422,228.00999450683594,293.8433532714844,727200.0,201.25823974609375,750.3611450195312,507.98260498046875,175.6203155517578,329.30999755859375,231.34364318847656
2025-08-20,225.79110717773438,223.80999755859375,290.11688232421875,732814.0,199.01171875,746.6067504882812,503.9468078613281,175.38034057617188,323.8999938964844,227.26756286621094
2025-08-21,224.68218994140625,221.9499969482422,288.55255126953125,733080.0,199.4410400390625,737.9995727539062,503.2980041503906,174.96038818359375,320.1099853515625,226.0049591064453
2025-08-22,227.53941345214844,228.83999633789062,292.9366149902344,734405.0,205.771240234375,753.6661987304688,506.2824401855469,177.97006225585938,340.010009765625,231.63197326660156
2025-08-25,226.94000244140625,227.94000244140625,293.1658020019531,729687.0,208.1675262451172,752.1784057617188,503.3179931640625,179.78985595703125,346.6000061035156,234.216796875
2025-08-26,229.08792114257812,228.7100067138672,296.93212890625,737180.0,206.81961059570312,752.9772338867188,501.1021423339844,181.7496337890625,351.6700134277344,237.3285675048828
2025-08-27,230.26678466796875,229.1199951171875,299.1640319824219,744347.0,207.15908813476562,746.2672729492188,505.7933349609375,181.57965087890625,349.6000061035156,237.89523315429688
2025-08-28,232.33477783203125,231.60000610351562,307.53363037109375,749478.0,211.31265258789062,749.99169921875,508.68792724609375,180.14981079101562,345.9800109863281,236.8811798095703
2025-08-29,231.91517639160156,229.0,296.31439208984375,755280.0,212.5806884765625,737.6001586914062,505.7434387207031,174.1604766845703,333.8699951171875,229.52430725097656
2025-09-02,229.49752807617188,225.33999633789062,297.16131591796875,751128.0,211.0231170654297,734.0155029296875,504.1763610839844,170.7608642578125,329.3599853515625,227.05877685546875
2025-09-03,238.2390594482422,225.99000549316406,301.2962951660156,751808.0,230.30323791503906,735.95263671875,504.40594482421875,170.60089111328125,334.0899963378906,230.04129028320312
2025-09-04,239.5477752685547,235.67999267578125,304.9928894042969,759798.0,231.94070434570312,747.535400390625,507.02105712890625,171.64077758789062,338.5299987792969,233.83901977539062
2025-09-05,239.45787048339844,232.3300018310547,333.6787414550781,750104.0,234.63653564453125,751.3297729492188,494.0752868652344,167.0012969970703,350.8399963378906,241.99122619628906
2025-09-08,237.64962768554688,235.83999633789062,344.3998107910156,740099.0,233.8870086669922,751.179931640625,497.2693176269531,168.2911376953125,346.3999938964844,245.7491912841797
2025-09-09,234.123046875,238.24000549316406,335.45233154296875,738781.0,239.47335815429688,764.5599975585938,497.4789123535156,170.74085998535156,346.9700012207031,249.4574432373047
2025-09-10,226.5703582763672,230.3300018310547,368.23333740234375,737994.0,239.01365661621094,750.8604125976562,499.43524169921875,177.3101348876953,347.7900085449219,258.9219665527344
2025-09-11,229.80722045898438,229.9499969482422,358.32928466796875,745001.0,240.21287536621094,749.7820434570312,500.0740661621094,177.16014099121094,368.80999755859375,257.40087890625
2025-09-12,233.84332275390625,228.14999389648438,358.5683898925781,740317.0,240.64259338378906,754.465087890625,508.94744873046875,177.8101043701172,395.94000244140625,257.81842041015625
2025-09-15,236.47076416015625,231.42999267578125,362.77313232421875,736469.0,251.44552612304688,763.5614624023438,514.397216796875,177.74009704589844,410.0400085449219,259.8564758300781
2025-09-16,237.9193572998047,234.0500030517578,358.6979064941406,735993.0,250.99581909179688,777.8401489257812,508.08905029296875,174.87026977539062,421.6199951171875,261.35443115234375
2025-09-17,238.75856018066406,231.6199951171875,344.9179382324219,739380.0,249.36688232421875,774.5650634765625,509.06719970703125,170.280517578125,425.8599853515625,262.0824890136719
2025-09-18,237.64962768554688,231.22999572753906,344.1009216308594,736450.0,251.86524963378906,779.0883178710938,507.5001525878906,176.23019409179688,416.8500061035156,267.916748046875
2025-09-19,245.26223754882812,231.47999572753906,343.6923828125,740400.0,254.55349731445312,777.2210693359375,516.96240234375,176.66015625,426.07000732421875,264.1568603515625
2025-09-22,255.8319854736328,227.6300048828125,338.14300537109375,742460.0,252.36492919921875,764.5364379882812,513.4889526367188,183.5997772216797,434.2099914550781,271.89599609375
2025-09-23,254.18359375,220.7100067138672,338.292724609375,739686.0,251.49549865722656,754.784423828125,508.2787170410156,178.42005920410156,425.8500061035156,281.9488525390625
2025-09-24,252.06564331054688,220.2100067138672,338.6620178222656,744600.0,246.97845458984375,760.0401000976562,509.19696044921875,176.96014404296875,442.7900085449219,279.9542236328125
2025-09-25,256.6212158203125,218.14999389648438,335.4581298828125,745326.0,245.6293182373047,748.2996826171875,506.0827941894531,177.68011474609375,423.3900146484375,275.9151306152344
2025-09-26,255.2126007080078,219.77999877929688,333.8911437988281,749700.0,246.3788299560547,743.1439208984375,510.5045166015625,178.18008422851562,440.3999938964844,272.6239929199219
2025-09-29,254.18359375,222.1699981689453,327.2738037109375,749300.0,243.89047241210938,742.794189453125,513.6386108398438,181.8398895263672,443.2099914550781,272.494384765625
2025-09-30,254.38340759277344,219.57000732421875,329.27996826171875,754200.0,242.94110107421875,733.7815551757812,516.982421875,186.56961059570312,444.7200012207031,278.5380554199219
2025-10-01,255.20260620117188,220.6300048828125,332.7533264160156,745906.0,244.7399139404297,716.7554321289062,518.7391357421875,187.22958374023438,459.4599914550781,287.6933288574219
2025-10-02,256.8809814453125,222.41000366210938,337.5341491699219,744628.0,245.52940368652344,726.45751953125,514.7765502929688,188.87948608398438,436.0,287.33428955078125
2025-10-03,257.7701110839844,219.50999450683594,337.7237854003906,750583.0,245.1896209716797,709.98095703125,516.3834838867188,187.6095428466797,429.8299865722656,291.4033203125
2025-10-06,256.44140625,220.89999389648438,334.84930419921875,750750.0,250.26629638671875,715.0767822265625,527.5825805664062,185.5296630859375,453.25,301.5858154296875
2025-10-07,256.23162841796875,221.77999877929688,335.7675476074219,753715.0,245.59934997558594,712.4989013671875,523.0010986328125,185.02969360351562,433.0899963378906,293.2383728027344
2025-10-08,257.8100891113281,225.22000122070312,344.8401794433594,749800.0,244.46009826660156,717.2550659179688,523.8695068359375,189.09947204589844,438.69000244140625,303.7001037597656
2025-10-09,253.79396057128906,227.74000549316406,344.361083984375,744705.0,241.3721160888672,732.9122314453125,521.4241333007812,192.5592803955078,435.5400085449219,299.0726318359375
2025-10-10,245.032470703125,216.3699951171875,324.0100402832031,734180.0,236.4153594970703,704.7252197265625,510.0054626464844,183.14981079101562,413.489990234375,279.90435791015625
2025-10-13,247.42015075683594,220.07000732421875,356.018798828125,738130.0,243.9904022216797,715.1167602539062,513.0896606445312,188.3095245361328,435.8999938964844,302.07452392578125
2025-10-14,247.53004455566406,216.38999938964844,343.4728088378906,743525.0,245.28955078125,708.072509765625,512.610595703125,180.0199737548828,429.239990234375,295.1432189941406
2025-10-15,249.09852600097656,215.57000732421875,350.6590270996094,744040.0,250.86590576171875,716.9652709960938,512.4708251953125,179.8199920654297,435.1499938964844,303.8896179199219
2025-10-16,247.21035766601562,214.47000122070312,353.4736633300781,733080.0,251.29562377929688,711.48974609375,510.65423583984375,181.7998809814453,428.75,299.03271484375
2025-10-17,252.045654296875,213.0399932861328,348.6628723144531,738200.0,253.13442993164062,716.3357543945312,512.62060546875,183.20980834960938,439.30999755859375,294.2855224609375
2025-10-20,261.98602294921875,216.47999572753906,348.5730285644531,740600.0,256.3822937011719,731.5733032226562,515.8245239257812,182.6298370361328,447.42999267578125,296.89849853515625
2025-10-21,262.5155029296875,222.02999877929688,342.005615234375,736600.0,250.29627990722656,732.6724853515625,516.6929321289062,181.14991760253906,442.6000061035156,293.71710205078125
2025-10-22,258.19970703125,217.9499969482422,339.6501159667969,736752.0,251.52548217773438,732.8123168945312,519.5675659179688,180.26995849609375,438.9700012207031,288.10223388671875
2025-10-23,259.3285827636719,221.08999633789062,343.63250732421875,735600.0,252.91456604003906,733.40185546875,519.5875244140625,182.1498565673828,448.9800109863281,289.947265625
2025-10-24,262.56549072265625,224.2100067138672,353.4537048339844,738500.0,259.7501220703125,737.75830078125,522.6318359375,186.24961853027344,433.7200012207031,294.1658630371094
2025-10-27,268.5496520996094,226.97000122070312,361.35858154296875,732650.0,269.0939636230469,750.2081298828125,530.527099609375,191.47933959960938,452.4200134277344,297.447021484375
2025-10-28,268.7394714355469,229.25,372.2577209472656,722495.0,267.295166015625,750.82763671875,541.057373046875,201.01881408691406,460.54998779296875,300.7181701660156
2025-10-29,269.4388122558594,230.3000030517578,385.2428894042969,712900.0,274.3905334472656,751.0574340820312,540.538330078125,207.02847290039062,461.510009765625,304.2685852050781
2025-10-30,271.13714599609375,222.86000061035156,375.75103759765625,717922.0,281.2960205078125,665.9268798828125,524.77783203125,202.8787078857422,440.1000061035156,302.40362548828125
2025-10-31,270.108154296875,244.22000122070312,368.9241027832031,715740.0,281.0061950683594,647.8216552734375,516.8426513671875,202.47872924804688,456.55999755859375,299.6211242675781
2025-11-03,268.7894287109375,254.0,361.85760498046875,712170.0,283.5345458984375,637.1903686523438,516.0641479492188,206.8684844970703,468.3699951171875,304.0391845703125
2025-11-04,269.7784729003906,249.32000732421875,351.26788330078125,731118.0,277.35858154296875,626.8087768554688,513.3692016601562,198.67893981933594,444.260009765625,293.25830078125
2025-11-05,269.8783874511719,250.1999969482422,358.2944641113281,736150.0,284.1241455078125,635.4317626953125,506.2125549316406,195.1991424560547,462.07000732421875,292.84942626953125
2025-11-06,269.50872802734375,243.0399932861328,354.9109191894531,739900.0,284.5638732910156,618.4356079101562,496.1713562011719,188.0695343017578,445.9100036621094,288.46124267578125
2025-11-07,268.2099914550781,244.41000366210938,348.7626647949219,748320.0,278.647705078125,621.203369140625,495.8918762207031,188.1395263671875,429.5199890136719,285.7286376953125
2025-11-10,269.42999267578125,248.39999389648438,357.7055969238281,744500.0,289.9103698730469,631.2451782226562,505.0547180175781,199.03892517089844,445.2300109863281,294.4750061035156
2025-11-11,275.25,249.10000610351562,351.287841796875,745751.0,291.11956787109375,626.5690307617188,507.7297058105469,193.1492462158203,439.6199951171875,290.3860778808594
2025-11-12,273.4700012207031,244.1999969482422,354.5416259765625,756363.0,286.5225830078125,608.5137329101562,510.1851501464844,193.78921508789062,430.6000061035156,289.8375549316406
2025-11-13,272.95001220703125,237.5800018310547,339.33074951171875,770185.0,278.3879089355469,609.3930053710938,502.34979248046875,186.84959411621094,401.989990234375,281.44024658203125
2025-11-14,272.4100036621094,234.69000244140625,341.80596923828125,763867.0,276.22930908203125,608.96337890625,509.2268981933594,190.15940856933594,404.3500061035156,284.05316162109375
2025-11-17,267.4599914550781,232.8699951171875,341.9956359863281,755420.0,284.83367919921875,601.5194091796875,506.54193115234375,186.58961486816406,408.9200134277344,281.250732421875
2025-11-18,267.44000244140625,222.5500030517578,339.8497314453125,755597.0,284.09417724609375,597.2029418945312,492.8675537109375,181.3498992919922,401.25,277.1617736816406
2025-11-19,268.55999755859375,222.69000244140625,353.7431640625,752464.0,292.61859130859375,589.8389282226562,486.2099914550781,186.50961303710938,403.989990234375,281.6097717285156
2025-11-20,266.25,217.13999938964844,346.1576843261719,754625.0,289.26080322265625,588.669921875,478.42999267578125,180.62994384765625,395.2300109863281,276.75286865234375
2025-11-21,271.489990234375,220.69000244140625,339.5503234863281,755320.0,299.464111328125,593.7657470703125,472.1199951171875,178.8700408935547,391.0899963378906,274.3194274902344
2025-11-24,275.9200134277344,226.27999877929688,377.2381896972656,763000.0,318.3717346191406,612.5504150390625,474.0,182.5398406982422,417.7799987792969,283.8736572265625
2025-11-25,276.9700012207031,229.6699981689453,384.2947082519531,763000.0,323.22857666015625,635.7014770507812,476.989990234375,177.8101043701172,419.3999938964844,283.9135437011719
2025-11-26,277.54998779296875,229.16000366210938,396.8107604980469,767866.0,319.7408752441406,633.0936279296875,485.5,180.2499542236328,426.5799865722656,289.1793212890625
2025-11-28,278.8500061035156,233.22000122070312,402.1904602050781,770100.0,319.970703125,647.4219970703125,492.010009765625,176.99014282226562,430.1700134277344,290.72515869140625
2025-12-01,283.1000061035156,233.8800048828125,385.3426818847656,761161.0,314.6841735839844,640.3477172851562,486.739990234375,179.9099884033203,430.1400146484375,286.90545654296875
2025-12-02,286.19000244140625,234.4199981689453,380.84130859375,760100.0,315.6035461425781,646.5726318359375,490.0,181.4499053955078,429.239990234375,291.3035888671875
2025-12-03,284.1499938964844,232.3800048828125,379.88311767578125,758000.0,319.42108154296875,639.0787353515625,477.7300109863281,179.5800018310547,446.739990234375,294.6545715332031
2025-12-04,280.70001220703125,229.11000061035156,380.3023376464844,754746.0,317.4123840332031,660.990966796875,480.8399963378906,183.3800048828125,454.5299987792969,292.1413269042969
2025-12-05,278.7799987792969,229.52999877929688,389.4947509765625,755800.0,321.0599670410156,672.8712158203125,483.1600036621094,182.41000366210938,455.0,293.926513671875
2025-12-08,277.8900146484375,226.88999938964844,400.3340148925781,745120.0,313.7200012207031,666.256591796875,491.0199890136719,185.5500030517578,439.5799865722656,301.0572509765625
2025-12-09,277.17999267578125,227.9199981689453,405.51409912109375,736300.0,317.0799865722656,656.4246826171875,492.0199890136719,184.97000122070312,445.1700134277344,302.5931091308594
2025-12-10,278.7799987792969,231.77999877929688,412.18133544921875,735276.0,320.2099914550781,649.6002197265625,478.55999755859375,183.77999877929688,451.45001220703125,309.3050231933594
2025-12-11,278.0299987792969,230.27999877929688,405.59393310546875,742550.0,312.42999267578125,652.1781005859375,483.4700012207031,180.92999267578125,446.8900146484375,304.8500061035156
2025-12-12,278.2799987792969,226.19000244140625,359.24261474609375,748887.0,309.2900085449219,643.7050170898438,478.5299987792969,175.02000427246094,458.9599914550781,292.0400085449219
2025-12-15,274.1099853515625,222.5399932861328,339.1610412597656,758900.0,308.2200012207031,647.510009765625,474.82000732421875,176.2899932861328,475.30999755859375,287.739990234375
2025-12-16,274.6099853515625,222.55999755859375,340.648193359375,749120.0,306.57000732421875,657.1500244140625,476.3900146484375,177.72000122070312,489.8800048828125,286.8699951171875
2025-12-17,271.8399963378906,221.27000427246094,325.3973693847656,756120.0,296.7200012207031,649.5,476.1199951171875,170.94000244140625,467.260009765625,276.9599914550781
2025-12-18,272.19000244140625,226.75999450683594,329.2500305175781,755700.0,302.4599914550781,664.4500122070312,483.9800109863281,174.13999938964844,483.3699951171875,284.67999267578125
2025-12-19,273.6700134277344,227.35000610351562,339.7099914550781,745600.0,307.1600036621094,658.77001953125,485.9200134277344,180.99000549316406,481.20001220703125,288.95001220703125
2025-12-22,270.9700012207031,228.42999267578125,341.45001220703125,750006.0,309.7799987792969,661.5,484.9200134277344,183.69000244140625,488.7300109863281,293.2799987792969
2025-12-23,272.3599853515625,232.13999938964844,349.32000732421875,750560.0,314.3500061035156,664.9400024414062,486.8500061035156,189.2100067138672,485.55999755859375,296.95001220703125
2025-12-24,273.80999755859375,232.3800048828125,350.2200012207031,751245.0,314.0899963378906,667.5499877929688,488.0199890136719,188.61000061035156,485.3999938964844,298.79998779296875
2025-12-26,273.3999938964844,232.52000427246094,352.1300048828125,747000.0,313.510009765625,663.2899780273438,487.7099914550781,190.52999877929688,475.19000244140625,302.8399963378906
2025-12-29,273.760009765625,232.07000732421875,349.3900146484375,752000.0,313.55999755859375,658.6900024414062,487.1000061035156,188.22000122070312,459.6400146484375,300.9200134277344
2025-12-30,273.0799865722656,232.52999877929688,349.8500061035156,755400.0,313.8500061035156,665.9500122070312,487.4800109863281,187.5399932861328,454.42999267578125,299.5799865722656
2025-12-31,271.8599853515625,230.82000732421875,346.1000061035156,754800.0,313.0,660.0900268554688,483.6199951171875,186.5,449.7200012207031,303.8900146484375
2026-01-02,271.010009765625,226.5,347.6199951171875,744120.0,315.1499938964844,650.4099731445312,472.94000244140625,188.85000610351562,438.07000732421875,319.6099853515625
2026-01-05,267.260009765625,233.05999755859375,343.4200134277344,748250.0,316.5400085449219,658.7899780273438,472.8500061035156,188.1199951171875,451.6700134277344,322.25
2026-01-06,262.3599853515625,240.92999267578125,343.7699890136719,748000.0,314.3399963378906,660.6199951171875,478.510009765625,187.24000549316406,432.9599914550781,327.42999267578125
2026-01-07,260.3299865722656,241.55999755859375,343.5,745000.0,321.9800109863281,648.6900024414062,483.4700012207031,189.11000061035156,431.4100036621094,318.67999267578125
2026-01-08,259.0400085449219,246.2899932861328,332.4800109863281,750300.0,325.44000244140625,646.0599975585938,478.1099853515625,185.0399932861328,435.79998779296875,318.010009765625
2026-01-09,259.3699951171875,247.3800048828125,344.9700012207031,748060.0,328.57000732421875,653.0599975585938,479.2799987792969,184.86000061035156,445.010009765625,323.6300048828125
2026-01-12,260.25,246.47000122070312,352.2099914550781,747860.0,331.8599853515625,641.969970703125,477.17999267578125,184.94000244140625,448.9599914550781,331.7699890136719
2026-01-13,261.04998779296875,242.60000610351562,354.6099853515625,742300.0,335.9700012207031,631.0900268554688,470.6700134277344,185.80999755859375,447.20001220703125,331.2099914550781
2026-01-14,259.9599914550781,236.64999389648438,339.8900146484375,743438.0,335.8399963378906,615.52001953125,459.3800048828125,183.13999938964844,439.20001220703125,327.1099853515625
2026-01-15,258.2099914550781,238.17999267578125,343.0199890136719,738691.0,332.7799987792969,620.7999877929688,456.6600036621094,187.0500030517578,438.57000732421875,341.6400146484375
2026-01-16,255.52999877929688,239.1199951171875,351.7099914550781,740750.0,330.0,620.25,459.8599853515625,186.22999572753906,437.5,342.3999938964844
2026-01-20,246.6999969482422,231.0,332.6000061035156,727500.0,322.0,604.1199951171875,454.5199890136719,178.07000732421875,419.25,327.1600036621094
2026-01-21,247.64999389648438,231.30999755859375,328.79998779296875,724080.0,328.3800048828125,612.9600219726562,444.1099853515625,183.32000732421875,431.44000244140625,326.1199951171875
2026-01-22,248.35000610351562,234.33999633789062,325.489990234375,726200.0,330.5400085449219,647.6300048828125,451.1400146484375,184.83999633789062,449.3599853515625,327.3699951171875
2026-01-23,248.0399932861328,239.16000366210938,320.04998779296875,720932.0,327.92999267578125,658.760009765625,465.95001220703125,187.6699981689453,449.05999755859375,334.8699951171875
2026-01-26,255.41000366210938,238.4199981689453,324.8500061035156,726420.0,333.260009765625,672.3599853515625,470.2799987792969,186.47000122070312,435.20001220703125,332.7099914550781
2026-01-27,258.2699890136719,244.67999267578125,332.7900085449219,713000.0,334.54998779296875,672.969970703125,480.5799865722656,188.52000427246094,430.8999938964844,338.3399963378906
2026-01-28,256.44000244140625,243.00999450683594,333.239990234375,709500.0,336.010009765625,668.72998046875,481.6300048828125,191.52000427246094,431.4599914550781,342.29998779296875
2026-01-29,258.2799987792969,241.72999572753906,330.7300109863281,714000.0,338.25,738.3099975585938,433.5,192.50999450683594,416.55999755859375,339.54998779296875
2026-01-30,259.4800109863281,239.3000030517578,331.29998779296875,722500.0,338.0,716.5,430.2900085449219,191.1300048828125,430.4100036621094,330.55999755859375
2026-02-02,270.010009765625,242.9600067138672,331.1099853515625,729425.0,343.69000244140625,706.4099731445312,423.3699951171875,185.61000061035156,421.80999755859375,341.3599853515625
2026-02-03,269.4800109863281,238.6199951171875,320.3299865722656,740150.0,339.7099914550781,691.7000122070312,411.2099914550781,180.33999633789062,421.9599914550781,335.75
