Date,AAPL,AMZN,AVGO,BRK-A,GOOGL,META,MSFT,NVDA,TSLA,TSM
2015-01-05,-0.02857576519979443,-0.020730693742290217,-0.01611509519880886,-0.011786541595915133,-0.019237721582638104,-0.016191653660686586,-0.009238078437568405,-0.01703425427802283,-0.042950328828715974,-0.024535174025982362
2015-01-06,9.425063063392612e-05,-0.02309805250552857,-0.023006008789496907,-0.0024012878810822777,-0.02498908538879596,-0.013564807585010153,-0.014786192959965343,-0.030787560890374766,0.005648255842151179,-0.01763393390387274
2015-01-07,0.013924476471350975,0.010543956937772861,0.026654710144365837,0.013651012787001442,-0.002945463682589374,0.0,0.012625072421161121,-0.002608841653347869,-0.001563151712540786,0.014408671099541493
2015-01-08,0.037702801723388614,0.006812759380520114,0.048766106132029335,0.014217406710470382,0.0034781830058077906,0.02630873927695869,0.02899373226666757,0.03692725259513307,-0.0015655310626955213,0.00643957096154317
2015-01-09,0.0010719351852450266,-0.011818170381278284,0.010638235368173345,-0.00888441775698141,-0.012286464775918705,-0.00564397281243576,-0.008440731853895052,0.004020103783910797,-0.01898062692006783,-0.028367233141117457
2015-01-12,-0.024949741913216972,-0.018765211590182393,-0.016726815411697064,-0.010069443321206182,-0.007336148740452081,-0.01320729299874654,-0.01258116146345621,-0.012617038629892743,-0.021768130883067914,-0.019528810066178022
2015-01-13,0.008839819848504352,0.011362407445480715,-0.005637993779791346,0.0025863012368877373,0.009490701547073105,-0.003525804460074912,-0.005163745636216264,-0.001524919524842735,0.010037948528329803,0.01242835999702402
2015-01-14,-0.0038178613469466356,-0.004999968410075042,0.007865356581241965,-0.00504409019508755,0.008196641839029148,-0.0022260844674750644,-0.008665650176922602,0.0040612329906789,-0.05826208511535263,0.0004747935245566941
2015-01-15,-0.02751533472490686,-0.021785701035730624,-0.020224536331472063,-0.0016599460720613803,-0.0038021950758585425,-0.029669934467294008,-0.010498749928092915,-0.007117622372515639,-0.0042646091303445875,0.08332432044995888
2015-01-16,-0.007800576163327955,0.013121402610750997,0.024374679370915066,0.009458087916650102,0.012716177797791555,0.015144497250133442,0.0165728323798283,0.018200822242390707,0.006234752215779189,-0.012749997966715944
2015-01-20,0.025431207439721278,-0.0044813464480519555,0.010063238569256451,-0.004387672276878929,-0.0010191883468488503,0.014000967246205608,0.0032387010130264806,0.003001656612016524,-0.005922112022732264,0.02144968717140182
2015-01-21,0.007605206689890596,0.0266255183222718,0.004851033860577894,-0.007850675339161808,0.02028559349440677,0.006536787313227611,-0.010183083665114164,0.0138888584381108,0.023887916243012904,0.00518347296037331
2015-01-22,0.0256830785880271,0.04303046145131587,-0.0017091649151079044,0.01803507755706173,0.03197790096421145,0.01178865185158893,0.026008893535356674,0.017094501802827945,0.025366093948943954,0.02131400299046605
2015-01-23,0.005146678313247853,0.006648407611927956,0.016778570464931652,-0.005188726631920318,0.008617230811836048,0.0023153816933419212,0.001060651397792592,0.0029011447441491573,-0.001638035618669716,0.011740036622550415
2015-01-26,0.0010612948167591926,-0.008777508890485926,-0.002339719651271428,0.0019333168199365857,-0.009697189855600365,-0.0042489535654521215,-0.003610204848333254,-0.0043549397080526065,0.025795883487269106,0.0070614091134934415
2015-01-27,-0.03564062335368077,-0.00944184985762653,-0.01834381544976678,-0.011994893587004871,-0.029361980141798864,-0.022443734159706862,-0.09709875229470463,-0.049202523569774434,-0.002763444831417415,0.0012408159818627286
2015-01-28,0.05499255464673752,-0.00930142917486557,0.002001885560172465,-0.01983784061440204,-0.016950462794547688,0.006051866867000801,-0.03506613560134259,-0.01643577560363778,-0.03261671754106088,-0.010806339763582343
2015-01-29,0.030658819540334385,0.025566165189589755,0.014466275781120782,0.01298404636469764,0.001560027349858137,0.022822620364056596,0.0197125688338347,0.024048168522177327,0.028822750890941436,-0.0271089604191167
2015-01-30,-0.014742377381428242,0.12849514892877184,-0.0348636338925437,-0.018965243111701464,0.046297666384653775,-0.027160278457128935,-0.039077878645026654,-0.029761128072032135,-0.007827891211321575,-0.0252189411069743
2015-02-02,0.01246899220964848,0.027651261355507578,-0.004481054832730713,0.019428776242169283,-0.010002396869804336,-0.012193681089477996,0.021547840734553427,0.021639260367296288,0.03541650455001054,0.010077148728916314
2015-02-03,0.00016846077186399137,-0.002527378513748023,0.007586650530256167,0.009419378095488882,0.002064715796290915,0.005452530141821356,0.007722164512383534,0.024667412283384902,0.03457130456060133,0.009112781030228424
2015-02-04,0.007640315008696869,0.0032953190647652506,0.015384633067232764,-0.005216500626835099,-0.013592861104129864,0.0030456085158809742,0.005752793594706656,0.0024832235184517656,0.0008697468597585222,0.01840370857294941
2015-02-05,0.007112205443865157,0.024749489304619617,0.013270584332173192,0.01585806605255729,0.007064931269820129,-0.000264251135818618,0.014473645002198844,0.01623662215070755,0.0111026718029864,0.003387170814701177
2015-02-06,-0.008456613385423778,0.0010425830406614546,-0.013843053394877243,0.0014239945446494263,0.0076149547754100246,-0.015192335582832681,-0.0009422954967430285,-0.0044020449092417886,-0.016562460365371068,-0.023953174263896565
2015-02-09,0.006620576896557333,-0.00998884955846854,-0.024157788921617407,-0.003920874743236551,-0.008653504707990147,-0.00040293999179721873,-0.001179700443523445,-0.0009805985079865734,0.0005518871416418817,-0.018790071331714116
2015-02-10,0.019029587546096325,0.006563030833522425,0.04587981728804564,0.005076379071618059,0.02034766681229626,0.010024803284150532,0.005649555471384514,0.027584943715820258,-0.005486790495772597,0.051160994805479136
2015-02-11,0.02316778948627295,0.0057208888155241885,0.008372548991369362,-0.003323452060569085,-0.0040067974713768615,0.01740322170267356,-0.005177951786754468,-0.006705447516744576,-0.016267296304893594,0.01786124791405163
2015-02-12,0.012573077803231629,0.005396701104405731,0.016173721180628754,0.00029853872202084247,0.014778821519186488,-0.0036664078435291463,0.016614558715356983,0.06915338310872975,-0.04773813562880035,0.007383061146471212
2015-02-13,0.004890744943122045,0.012279459098634262,0.004093812386237144,-0.008523255517243169,0.009387804215753304,-0.006448586681825223,0.017939949082827773,0.0004478146503096103,0.004377269986898078,0.015007466582930123
2015-02-17,0.005884531022390469,-0.01690343200013241,0.006515461784916333,0.0033418967752455266,-0.011220964502463635,-0.0018501607022195915,0.0004593514821220688,0.003132762897514025,0.0028422373753067332,-0.002822392246625421
2015-02-18,0.0069384321936762075,-0.005502082900133491,-0.007877860284610317,-0.0022416507929832632,-0.004339736305106822,0.014575726348265988,-0.0011485704174328377,-0.011685381614004103,0.0005381783039690399,-0.0024251657253233612
2015-02-19,-0.0021002437365327696,0.014966312035109902,0.008148508899592498,-0.005874492186151928,0.0069782886950843625,0.03471813770657475,-0.0006894899824308285,0.0027088319001944876,0.034845074204363315,-0.007719071459067733
2015-02-20,0.008141262347314977,0.012220527796125482,0.010405392708016398,0.00722008557150989,-0.008545822904037065,0.006025710873778091,0.008242161936610396,0.007187807908742892,0.02518669958065304,-0.003267550738185043
2015-02-23,0.02666847695659359,-0.009217168822113223,0.007025323840942491,-0.009457399920734019,-0.012630243643907045,-0.013355512254800098,0.006590134746088496,-0.008090123642742468,-0.046044145136946546,-0.009042528780912112
2015-02-24,-0.006260033798241567,-0.0040857483603669,0.002919462860944635,0.01082356624558122,0.006799332045023012,-0.004958858519346946,-0.0013598688757774223,0.010589097124026328,-0.015700937648674494,0.033295771032053265
2015-02-25,-0.025905875499502646,0.017750023321773792,-0.004427606955422408,-0.002464932005908031,0.01598592646383526,0.01404990870698759,-0.002270936029207889,-0.007648729225570344,-0.0017162494669841497,0.0
2015-02-26,0.01257670363707273,-0.001480172383095798,0.1371970418213066,-0.0027184613634119548,0.02161620437564974,0.010627154228708285,0.0015901057892914977,0.00270627610986707,0.01669345934649604,-0.014481101438198377
2015-02-27,-0.015142344451505432,-0.012131520665915154,-0.012691755851397389,-0.004826024746800058,0.005954129816019937,-0.0180705713545114,-0.004777517493824094,-0.006326523553536661,-0.0187568262214745,-0.006096401162014584
2015-03-02,0.004892059538376674,0.014364015123052704,0.010910190731926468,-0.0036915871567138143,0.021782553092088337,0.00982880823516907,0.0006838870516784278,0.02418391111545383,-0.030002041037218083,0.0040680829907940525
2015-03-03,0.0020895105364997207,-0.002726405582315262,-0.006219924355046915,-0.00621353267399921,0.006534949850133315,-0.0018828015461811371,-0.013767915699736274,-0.018758554506331102,0.011237539737762535,-0.0052922113197252105
2015-03-04,-0.006359210016438188,-0.004926161193133822,0.009160802476937199,-0.006358069296432924,-0.000795130883565568,0.016199769868305142,-0.0050959903840386974,0.01120845474933284,0.014328632289798696,-0.006962549813468105
2015-03-05,-0.016709307726723358,0.013263489096297565,0.009001546976970542,0.008638571995158103,0.005345997132770574,0.0038246194720480175,0.0011603777567472863,0.018988928673016506,-0.008981189592245054,0.005328984368975688
2015-03-06,0.0015018554493979605,-0.020159086597809534,-0.02073902147088996,-0.0031438890080715065,-0.014779405723165552,-0.014886637663622889,-0.017550750535074457,-0.013653380337638087,-0.03422299126233611,-0.01524261421983073
2015-03-09,0.004256327581422408,-0.004033482888479241,-0.006039239726584733,0.007689351379746196,0.002092390201960606,-0.007149627286747622,0.011501323830040797,0.002657136473618867,-0.015594438016240312,-0.026926033619720055
2015-03-10,-0.02090280195713908,-0.024196744784348488,-0.015857922134233617,-0.01415872019979166,-0.02513471342114408,-0.024079261655710178,-0.019322175030303736,0.017101933112968135,-0.002938104609135431,-0.017204897514940892
2015-03-11,-0.018399775769507902,-0.008534029363169621,-0.0036833336636687567,0.0004598758416297593,-0.007458297613600852,0.00025783958014057436,-0.0011903186575911557,-0.005230884083453486,0.017810238003898436,0.018909196423023706
2015-03-12,0.017917862913155957,0.021253517088100537,0.011643628505963337,0.010964951947415176,0.009813261295505873,0.01738059359352727,-0.02313342095861429,-0.009220735912441519,-0.01387723588855585,0.0017010734490652663
2015-03-13,-0.0069345628551095075,-0.009827987507792043,-0.00891987925286546,-0.01272281792796796,-0.014665849507630111,-0.0112116154169004,0.008738188266694799,0.0013224181329663054,-0.012587386429474219,0.014765343023468974
2015-03-16,0.010944087906537035,0.0074469833398575465,0.038220065159271545,0.010920359542841644,0.015503146127882386,0.0002561880172249684,0.004340412625527317,0.011823612886481783,0.036530447505924116,0.01661184230469004
2015-03-17,0.01658813666332386,-0.0038374794735981962,-0.005946598337126067,-0.004117768348589418,-0.007201363875967942,0.016388507747571585,0.0033628524743729753,0.01211680471140709,-0.0049688967921734046,0.001234476911315499
2015-03-18,0.011193733988813275,0.008620474519045618,0.013273740453918105,0.005014851976410997,0.015216975535404867,0.019343220627047446,0.01900321315199143,-0.016479569042172317,0.03024707436572859,0.016320189562676304
2015-03-19,-0.007579429447311592,-0.005077608480877827,0.012191890666041183,-0.007763364929760243,-0.004407793020575806,0.022486537501044172,-0.004953313363889411,0.015188241253872662,-0.025533757903858405,-0.0020253357532012285
2015-03-20,-0.0126279909012679,0.013967947123365439,0.009422008448458889,0.0013752007668091596,0.0022681349164230453,0.012608907867055923,0.013854610237696829,0.010708907316518383,0.012343618570630861,0.004450501478524602
2015-03-23,0.010351079236613886,-0.008970268052454936,0.008590872126944336,0.0015837200584002868,0.0007432556222263026,0.007489730994230879,-0.00046654103072201803,-0.03291757941642049,0.007794746195763983,0.0012105869422428224
2015-03-24,-0.004095952517178988,-0.0027229378138796468,-0.00986686104959447,-0.007533588864635228,0.021297331399254094,0.010368960589264602,0.0009326573418611143,-0.013744512300332567,0.010414901829068896,-0.012170763542821865
2015-03-25,-0.026474367800496838,-0.00840216259951789,-0.06750805621601265,-2.3041209203668727e-05,-0.0184184823183746,-0.02841548129133115,-0.034142933581883354,-0.06263565289986543,-0.03747727079732416,-0.05538314007678078
2015-03-26,0.006946187663731125,-0.009779169500559888,0.0022480603458180917,-0.0035084515722673877,-0.005943495408082444,0.001084734794555771,-0.0060480806428092875,-0.0033327921451657043,-0.020223661788001217,0.000862493594130822
2015-03-27,-0.008000428554418388,0.008700279674878311,0.027678446449472306,0.0035084515722673517,-0.010863598780738802,0.003487540358070303,-0.005840384633361301,0.01936315771403269,-0.028823861915902648,-0.01126996994134593
2015-03-30,0.024999460041291086,0.010816716379716264,0.018086657945454578,0.012365625850104887,0.006418177765382905,-0.00120126807874725,-0.0002444979830791058,0.00420103632201705,0.029663815265835405,0.013422845092217538
2015-03-31,-0.015470826325641153,-0.00666947398762797,-0.02772658031267708,-0.010064128861825698,-0.01154274390414388,-0.01184871878357176,-0.007350963509720334,-0.025473206493681632,-0.00949022894720505,0.009844027256019879
2015-04-01,-0.0014475045140305005,-0.004957122812163059,-0.010688123593066721,-0.005532517569725667,-0.00943707246240041,-0.0067117948221181575,0.001474718417439547,0.0038150942093990036,-0.006270690148005607,-0.010704335235551879
2015-04-02,0.008574715965305839,0.005360142637337408,-0.004867810478453919,0.0009242144835313797,-0.014998254206667592,-0.0013478005680441912,-0.010616123417156237,0.0023770344085332486,0.01801467764900878,0.01960814461948502
2015-04-06,0.01606868968821016,0.012785614000308816,0.006458251389774744,-0.001039801376106498,0.004865058756117801,0.01073188088359129,0.030794294642885592,0.02855333264614877,0.06142509264600836,-0.006351763994378788
2015-04-07,-0.010577846960127514,-0.006999740390030553,-0.0014318339668997766,-0.0035898365226355693,0.0016716056113971914,-0.0014568012947227238,-0.00048190635165761746,0.008729505470592772,0.0007382967353085246,-0.006392803891710504
2015-04-08,-0.0032591176295804795,0.017972639576541403,0.009032127721206791,-0.003123201586908765,0.007278155222161664,-0.0004859790566424525,-0.0026520157346311495,0.007292981772206055,0.02151357432507504,-0.008156143904735244
2015-04-09,0.007614220398438532,0.006119776472180107,0.003385841845651405,0.0032299244301066217,-0.0014954150432258417,-0.0013376147214710097,0.0014475719306515252,0.022896672081040115,0.01158564245693893,0.010292094994796617
2015-04-10,0.004257535521061295,-0.002323202927133299,-0.003149769656896539,-0.0014486901640747417,0.0009486123716335799,-0.0015836043588259407,0.005769423637258766,0.010156315489194488,0.003848138043136459,0.0025560681037138807
2015-04-13,-0.0019686729705346026,-0.0007581425134452467,-0.011658284828062731,0.0034279571837844795,0.00018230078067784766,0.01175416044248184,0.0009583427218302368,-0.009269251707464699,-0.005324746976747791,-0.007260233566671404
2015-04-14,-0.0043450564206215965,0.007166474179881528,-0.010989999884679151,-0.007110190978616384,-0.016280848630451976,0.006125224775454865,-0.0026379223392214678,-0.008461259780702973,-0.011120829358951749,-0.0064504231259701955
2015-04-15,0.003793424770062227,-0.004319782926109593,0.015367701067553634,0.001188548130454777,0.002331532079487162,-0.009745716529943637,0.014539931680591653,0.012002432404329688,0.0017818964701393522,0.014135906769897772
2015-04-16,-0.004823347085375777,0.006731727364913847,-0.00453749122853576,-0.0015150635145623063,0.004573277887117324,-0.004847803167864574,-0.0023690751331803457,-0.006205828402904978,-0.005451990154159205,-0.011550874357236987
2015-04-17,-0.011318579149257432,-0.027522754520884297,-0.028159397976261682,-0.006402537947735773,-0.020032926992121343,-0.01876328585474139,-0.012891266309201288,-0.01297818036101896,0.000435356518677135,-0.0008608985168130849
2015-04-20,0.022588659401945904,0.036471305516949735,0.009637307852168694,0.005235540499386691,0.021889389596927575,0.028194854037769872,0.030523915090043437,-0.004967114363693027,-0.007377620515208772,0.0021514621456565257
2015-04-21,-0.005422169183662659,0.004278268482925638,0.0005688367534154703,-0.003087432868378258,-0.0029610095109979906,0.006358435823499955,-0.006312158562268655,-0.0013594091898435844,0.019967868746211762,0.002574827084465943
2015-04-22,0.013384000060970017,-0.0035340375596052956,0.03825152643990523,0.006300388167846581,0.011464239958722193,0.012006051461245556,0.00817505431703863,0.01126897666923978,0.04678474050637763,0.021624777387784237
2015-04-23,0.008130610018203682,0.0004873365248035342,-0.030402666303556015,-0.0002281568891160804,0.014964528792215132,-0.026581899659123442,0.008108046660908898,-0.004041874809622222,-0.003835254342096326,0.019111402825308807
2015-04-24,0.004692936228085177,0.13217782645721562,-0.03752937605102847,-0.0011648767712859795,0.028646159387937277,-0.01073580881120135,0.0994132087553886,-0.008587350618351149,-0.0007779222876599108,0.02479283633878131
2015-04-27,0.018028108129787963,-0.014802328720787992,0.005424381924350517,-0.008921208848904976,-0.013230861167443457,0.004650140314014418,0.0033371001245860914,0.007686772312270048,0.058330267238311494,0.019873770044125154
2015-04-28,-0.0158809291042016,-0.021317346584747692,-0.022728382343727174,0.011993550898810278,-0.0030959929677431266,-0.015130443786562336,0.023254222766937786,0.004942453115703307,-0.004631839899719331,-0.015867109172750343
2015-04-29,-0.014814959406177457,0.00013976146658735783,-0.0035822764614171962,-0.003492030087961666,-0.005294207273144638,-0.00260625140255286,-0.002036218120242747,-0.007648729225570344,0.008511120452263243,-0.008835425670934356
2015-04-30,-0.02750508251550394,-0.017835140106403087,-0.0012823546275837095,-0.004675090328993903,-0.022736381842236295,-0.02135245204081089,-0.00859788437302613,0.00270627610986707,-0.027918970236816925,-0.0142191461235012
2015-05-01,0.029911836798555393,0.0025808892506080355,0.049408774446101485,0.011183713956381354,0.004345697129897687,0.0027891646390586985,0.0004112037082715161,0.02447307283726154,-8.841021510177892e-05,0.01220014679350653
2015-05-04,-0.001940268083822142,0.0004019838049340674,-0.013445029993967489,0.016043001924910233,0.003043554825709253,-0.0022813407470837006,-0.008668408074320098,-0.006173100223345588,0.019626467298796236,-0.01712231513217304
2015-05-05,-0.022791095385536326,-0.004382731451997741,-0.03673444311678876,-0.005899991959855576,-0.017885673216930905,-0.015988115081752744,-0.013356293243122281,-0.025986744926186175,0.010529570494660813,-0.0012341792215331956
2015-05-06,-0.006299588568096518,-0.004974474679940801,-8.537042956752964e-05,-0.006350396381497943,-0.014766653787737382,0.006938237023503802,-0.028122780082422798,0.0031722346954144763,-0.010876662094637066,0.006565663153876912
2015-05-07,0.0061661961731182754,0.018393385562940696,0.047656020289228745,0.009647706568048267,0.012923387397428567,0.004216478524037026,0.009034254084236002,0.017492717977874803,0.027268756923558395,-0.003277652786206833
2015-05-08,0.018665697677374304,0.015827044346981633,0.006916277099689759,0.0188411370558561,0.012667555611597686,0.0010195937331681799,0.02223488222515123,-0.076676039997264,-0.0008026891786145386,0.007358706232157084
2015-05-11,-0.010239108218290532,-0.001938737063509304,-0.00422585830719227,-0.015053513023769172,-0.0057913650031129835,-0.006389041595611592,-0.007989822238008695,-0.009647920559716397,0.012098410758755259,-0.007358706232157103
2015-05-12,-0.0035686480415583273,-0.004236723783933855,0.001139591339543842,-0.008002786508866374,-0.01300140302500543,-0.007075396555766243,-0.00042259181703394706,0.009647920559716383,0.02168478414483605,0.0004102814877834291
2015-05-13,0.0011117287773558754,-0.009674996692712878,0.0014629472832369329,-0.0027586224390797514,0.0014096925041067543,0.012572374986784053,0.00589617751286951,0.005744799997500223,-0.006394518342469454,0.0024580557047460825
2015-05-14,0.023063352116874113,0.012594017600344542,0.030473579768776567,0.009485259100629742,0.017838424951308926,0.03667275458588989,0.022626905578645374,0.016098435687758355,0.003776028799023596,-0.0012284296085205869
2015-05-15,-0.0013969476391208595,-0.014634230809673496,0.007299713216702274,-0.002877305540597497,-0.004946715091848104,-0.011743786875830208,-0.008657962019127056,0.00046981126548415814,0.019232142191383122,0.006126384792261899
2015-05-18,0.010967284860476878,-0.0017856359365701227,0.017904102272792898,0.002215801621585995,0.0003293762737381498,0.005703494651995822,-0.00602256200275387,-0.001409863802755859,-0.0003617749088878535,-0.006126384792261862
2015-05-19,-0.0009222748239630812,-0.008335766490117039,-0.005469079636498937,0.005801734037360836,0.004762964870609083,-0.0030955297118398233,-0.002518738137670719,-0.006253839157119332,-0.0064933318726669185,0.0073471083376104454
2015-05-20,-7.70313458248714e-05,0.005085341444078909,-0.0027843583631750003,-0.003973400753245139,0.005863165094909788,-0.0009927722161205603,0.0,0.0,-0.011353287570736796,-0.00040656904719705135
2015-05-21,0.010174337660521268,0.01816544858996659,0.003710725287025117,-0.005692034207483083,0.007752563135348509,-0.0008695565184952639,-0.0033685268494575205,-0.007155105676833117,0.005183918619289489,-0.013929270310157362
2015-05-22,0.008714301273064553,-0.009310350922674376,0.023263051187969796,-0.005881288777571652,-0.004121138639283436,0.0007453668156077746,-0.011026414038659399,-0.0014373032576606678,0.008553835328295118,-0.0016514181006531488
2015-05-26,-0.02227725626845901,-0.005063886094626784,-0.010153575224726274,-0.006008800145348862,-0.013306741226847399,-0.015137495208736175,-0.0066318698019552594,-0.006251425835397334,-0.001090469364007163,0.002476000261466287
2015-05-27,0.018497560240304127,0.013887592912888979,0.07474391976782375,0.008034397007722967,0.012819632575834832,0.015261684911623611,0.021657298871773253,0.052161402660240476,-0.00012128808890102426,0.013917661012524016
2015-05-28,-0.00197066198031658,-0.011305538821696852,0.0062706556303073965,0.0006436485901031235,-0.00012628763909410982,-0.004978219797992209,-0.0033669583843208752,0.013642776403786479,0.016116428556298173,-0.006115766951395036
2015-05-29,-0.011448104810042015,0.006216398486480132,0.0391854490070543,-0.012859236358226996,-0.01611670581742597,-0.012049921558607712,-0.012511880434878336,-0.0004521256799439582,-0.0025883372774883786,-0.006977359870416331
2015-06-01,0.001993721610805179,0.003929522453572549,-0.00984095314220961,0.0027894020875785922,0.0071080821325801334,0.013795047153080813,0.007865126311211305,0.011233571101501872,-0.005397323849431632,-0.005782892200129281
2015-06-02,-0.004452764698540775,0.00016242924792519466,-0.016920365862270498,-0.0026962965523872574,0.008593655466066824,0.0018665404973652756,-0.00658509645895555,-0.01985617981317443,-0.004419362352227391,-0.019661709462235808
2015-06-03,0.0012302446119440745,0.012909683360482135,-0.007659383222943882,-0.0010246379733028642,0.0024159398561948552,0.024559232175717476,-0.0014931663143888147,-0.01099885666948937,0.0025736219652755413,-0.0004226987450158389
2015-06-04,-0.005857881408171023,-0.013397050275472664,-0.01308710774243931,-0.00943392181079967,-0.006504195915225708,-0.004741986598064205,-0.010514013954527899,0.017812811302319376,-0.012406423354541639,-0.029161838204635086
2015-06-05,-0.005503858673121475,-0.00893059519904854,0.018315807958101185,-0.004833262188019265,-0.003922893105150194,0.0010963237198320947,-0.004756169243402706,0.0076661983256943985,0.013008689596127656,-0.0052352656082654435
2015-06-08,-0.006628667283820311,-0.00811342514389438,-0.03668464131944275,-0.007401115480310473,-0.011070474714819839,-0.01805832185743831,-0.008926260079804715,-0.023177758185499598,0.028294672033666528,-0.009229146636284224
2015-06-09,-0.0029778222993241043,0.0046644732113107,0.011333080286009777,-0.0014295928095944335,-0.0024318515916355588,0.0,-0.0017507904357624787,0.005044819967389962,-0.00113214509669344,0.007916092454044588
2015-06-10,0.011392983038024506,0.012356345908307004,0.018723664356849395,0.008074135528262963,0.019073322785110727,0.018301848551608164,0.02081146302800218,-0.01800147068322528,-0.02092050364232466,0.02166439705044674
2015-06-11,-0.0022528124343977516,0.005094164796486129,-0.006108458174061726,0.002551142310552659,-0.004643297244478305,-0.004024667237893629,-0.003654147563810141,0.010655399273320878,0.0028281472936911066,0.007685483643927731
2015-06-12,-0.011104374439591612,-0.007069303623812147,-0.010762651407806518,-0.0055831704056049135,-0.004683351643284786,-0.003672983492128371,-0.010172182416025367,-0.0275657271700113,-0.0028679764483065502,0.00678297604578188
2015-06-15,-0.0019675316043583687,-0.01464429435721301,0.01868950759095705,-0.006951415889131007,-0.008198441438834848,-0.010108712497675722,-0.01071626916012992,-0.0018962448459484932,-0.0012374338282701012,-0.01747325299907303
2015-06-16,0.005343338978922418,0.008437903938059568,-0.007926856183150513,0.002195390563435656,0.0034378919022472034,0.0043272360119291035,0.007666425924934768,0.01226422601905665,0.010883927745015778,0.013663383439356126
2015-06-17,-0.002353736101733132,0.001286362475161651,-0.00637661789030185,0.0018575414357359069,0.0031701926569416123,0.00896557023615529,0.0030498432351950457,0.011651989138589669,0.028393631742213578,0.0008480854303924458
2015-06-18,0.004545662730311921,0.02670825222184991,0.016285723408315616,0.018388071139829407,0.017374522206603675,0.013600572106290877,0.016183499462528537,0.01654461352780309,0.005667283729091548,0.0067566559698057655
2015-06-19,-0.010059961320834502,-0.010225263170542422,-0.0007694464299770648,-0.00868040641107232,0.002406472079852495,-0.004836080511451418,-0.013359628880129027,-0.0031953018866351865,0.002364655052021524,-0.015267539962039984
2015-06-22,0.007946283539278901,0.003145077468608174,0.0027253460604358135,0.0017891619255528443,0.003866781501362327,0.026667972646186054,0.002816205282820078,-0.004124452052834612,-0.010415685822857295,0.01862898581963334
2015-06-23,-0.004555302898200486,0.021989311417397437,-0.011511947864208548,-0.0032039228311822165,0.006606975772091615,0.03638458485044368,-0.006945902836715992,-0.02604757661008728,0.029881379086844274,0.0037680759362054466
2015-06-24,0.008465754665205674,-0.011614518831298546,-0.011860605646953508,-0.006628812151817248,-0.008592167881542717,0.011089805719327427,-0.005898576123021424,-0.009945327942861433,-0.009383820283772002,-0.0012546265526377108
2015-06-25,-0.0047730655185900086,-0.0016800538374842117,-0.00530082617476958,-0.004284700675548958,-0.0011107283145004707,-0.00995247415793008,0.0002192700463512124,0.007586647709662269,0.01355925805276423,0.0075033010865979905
2015-06-26,-0.005899366067643623,-0.0045547095123684034,-0.029742114134339453,0.0014302743797001047,-0.008802711427277395,0.0003408513616371617,-0.00858023955650673,-0.02052090012906321,-0.006344692767190736,-0.018864503736303457
2015-06-29,-0.01766987757972627,-0.018987650467357564,-0.02350737466353031,-0.023621247688179116,-0.021585256493032334,-0.025431284599384457,-0.01985967929105248,-0.030350079572623243,-0.019164806231762376,-0.023057040747434424
2015-06-30,0.0072009250632303345,0.009792319313729854,0.006944823759977954,-0.0007319751455280968,-0.002237957574430576,-0.0003499010671858014,-0.0049709133853876805,-0.0004973456582216938,0.023535842676817006,0.014637811974809912
2015-07-01,0.009284648796445603,0.007573314318589781,0.019149382221636833,0.007368441591880855,0.0060184362940868385,0.013204022252991785,0.006771966857466562,0.014317923361046528,0.0033121051692337686,0.00964120403109911
2015-07-02,-0.0012643371965357004,0.0007313792115561281,0.015669798389883922,-0.0021441330784990956,0.00740845858080927,0.004362732619146833,-0.001125365236344987,0.0009798315881636953,0.03959218179886062,0.009548710253459226
2015-07-06,-0.0034860729612849655,-0.0038226041830913536,-0.025310425410846514,-0.0020562785699725374,-0.003147514213170204,0.0029742094275599772,-0.00022534444929078084,-0.01231830043588298,-0.0010718486621202723,-0.009112713829540427
2015-07-07,-0.002463369869215523,0.0015582933786275465,-0.01018587607995962,0.012812939704695098,0.00805002014714966,-0.003776421006922229,-0.0020294914825722964,-0.019019634621495456,-0.043249982663632607,0.0008712072716434257
2015-07-08,-0.025136300911850658,-0.016204958549212684,-0.036724575258341545,-0.0094802996104442,-0.015260452065921819,-0.018164565867671484,-0.0013554857704528036,-0.007099526349911488,-0.04943247714978346,-0.03231069107980348
2015-07-09,-0.020607456542191975,0.01085540993917057,-0.026670173265569773,0.007508623769125049,0.005431075468716511,0.0026817986567678935,0.0063094108336519215,-0.012288816557890877,0.011542844689962467,-0.00045014770953030715
2015-07-10,0.026383334246471477,0.02077765950262371,0.04055233059204725,0.00986739816253144,0.020822718741644364,0.0238175032892551,0.0020189776826627466,0.017365116044649114,0.004757516993591066,0.01562892483062113
2015-07-13,0.01912166421537181,0.02682897612278171,-0.00509599791915644,0.009109951027589986,0.027700852027606998,0.024151611167745942,0.020633677662211546,0.006560792753929431,0.011547946093778832,0.012767184408174499
2015-07-14,-0.00039792249391694856,0.021713079555152615,0.023864990181488455,0.0002219666728517538,0.021542247792730024,-0.0046723549491267695,0.001754918808136823,0.0005027264981764722,0.01322461194395776,-0.002628554576508719
2015-07-15,0.009586655613069163,-0.009452349965458767,-0.004393761064679753,0.009554384928306436,-0.00037673829384236174,0.0008916611780154403,0.0030640544190443917,-0.007063519252105756,-0.009493350092744896,-0.010581775404224602
2015-07-16,0.013237757161089238,0.03051473282903452,0.02237197474681084,0.01000590081576532,0.030059541309452976,0.012070317851410533,0.01947682159483581,0.022033860551073366,0.013363230698704974,0.007507332592858496
2015-07-17,0.008600714582933372,0.01571250303118269,-0.007750597788073323,4.6305943376036256e-05,0.15064533295903293,0.044351372064992484,-0.0008574224786600906,-0.005961331610056747,0.02948450757237186,0.013111741794060048
2015-07-20,0.018725107179627658,0.01048300082484486,0.0073050429913518525,0.002404959072391642,-0.009738416366050042,0.030487592660072445,0.006414513820144759,-0.01860742632747521,0.027294636659552916,-0.005660457680274509
2015-07-21,-0.010045185330946808,-0.00020494080940346978,-0.0009660814045972505,-0.003164647451417782,0.003616405753380565,0.004890551403571537,0.007643252830161904,0.0045581242496117265,-0.05644179613123731,-0.000874140114969761
2015-07-22,-0.0432148089255763,0.0005531344451505448,-0.037263093793577895,-0.0019296070703253053,-0.00035957072154939865,-0.013815927714607726,-0.037496138993663615,-0.019388342907802343,0.004114947181273161,-0.02927025584973669
2015-07-23,-0.0004792316243337288,-0.012551067355651577,0.018199044524068383,-0.008673404804466205,-0.029742943216901848,-0.016625451010449,0.012438189150067598,0.012288816557890776,-0.0025043254332856916,0.004042388182572573
2015-07-24,-0.005287104281122088,0.09346463575117221,-0.02680124308558414,-0.0069932984188380625,-0.030028834541902166,0.0156973818435982,-0.003693462506999731,-0.01177353944961798,-0.00672163769474665,-0.03049151076447631
2015-07-27,-0.0139932917517994,0.003751736482401084,-0.03026336507623209,-0.006183240793884784,0.005331365774511697,-0.029093603372478165,-0.012925895333461463,-0.00568053565784524,-0.0478468521890086,-0.0004624235194997724
2015-07-28,0.004956434021609773,-0.01017557202723197,0.029796137157505086,0.02050722851059522,0.002109440984976445,0.011823350754714766,-0.00022003916201676708,0.02151709920350762,0.045621401391761185,0.011491598351204866
2015-07-29,-0.003165778128045785,0.0056302031879088225,0.0012451309044784252,-0.003590969157787717,0.0026794011586764267,0.017682869346494746,0.020736173885355355,0.012090767472229244,-0.0037833480487480878,0.010457366887481693
2015-07-30,-0.005053921468618255,0.014562582082145127,-0.007258795889239682,0.0019810524698828523,0.004720791993353159,-0.01852284324651388,0.012665157064111495,0.0025008525364587893,0.011194777500451487,0.0263348168756672
2015-07-31,-0.008782653040430246,-0.0011370388129638095,-0.01985925215877167,-0.0034752626843846464,-0.010680184817343947,-0.012683873262883921,-0.003847073114808155,-0.00350289798988293,-0.0024017057645460025,-0.02633481687566723
2015-08-03,-0.023859988726582616,-0.002091214682903946,0.005259985630037682,-0.002339182353172266,0.010921214445261807,0.0013819449269553224,0.0023526319879325097,0.016898974173867088,-0.02341693366667038,-0.01779676975377255
2015-08-04,-0.03260976034157279,-0.005867313359490785,-0.018694785780244697,0.003039871392700766,-0.005188589626660725,-0.0008502393126632402,0.015474688615291134,0.0039351782807539384,0.023905279104246856,-0.012508669343340996
2015-08-05,0.0066074901505357945,0.009561244357738303,0.010313375354798275,0.004895771055601574,0.01799867933034069,0.024988305140875324,0.0008408363632716262,0.010256681548303061,0.014354910391804768,0.00743132859922494
2015-08-06,0.0021737674395635276,-0.01415911720346741,-0.011934864341639793,0.0020842479768705667,-0.004674234846967592,-0.013781810913428056,-0.020382834605386983,-0.006337048663266459,-0.09304349445674888,-0.015388439270827094
2015-08-07,0.003381849316853223,-0.013002960688428933,-0.005857526962380556,-0.0008675220266052577,-0.008632434706527064,-0.008658104883135754,0.0025706318026373787,0.11664191223866513,-0.014816884909300457,-0.01181764775506462
2015-08-10,0.0357118198176335,0.002637071045348761,0.037870433238455244,-0.0007567966969295414,-0.0018830654680918933,-0.0015919005288278327,0.012543986149154284,0.034219917484396685,-0.005665272337093259,0.027206087025891678
2015-08-11,-0.053440853938491566,0.006581288985736997,-0.024415999910488557,-0.0037226660022456385,0.0401399322740141,-0.00564527873632905,-0.019629756807387214,-0.005058722319667567,-0.015757566178395705,-0.03676153785145721
2015-08-12,0.015302041390665513,-0.0029429145338806403,0.012163313742102586,-0.007017572658646535,0.0016935447585589834,0.006070000762314769,0.007085770658232952,0.0025327157548427352,0.003364595943075023,-0.0038480845678174887
2015-08-13,-0.0007813863917217239,0.007105195874011613,-0.01232462157297742,0.0008681676343360514,-0.007199065567602273,-0.008101632040161994,-0.00021358919529589047,-0.008467591322451411,0.018058242572414077,-0.010172274558356769
2015-08-14,0.007009714873649959,0.0035055506963879903,-0.018119206535006333,0.0037268926897357593,0.0041572923148566416,0.010540411252983755,0.005760912761014484,0.0008498045845842311,0.0026355170560445813,-0.007820151563834957
2015-08-17,0.01029527996406263,0.006937030886517252,0.028771806396756396,-0.0031876005561920872,0.006852509739164099,-0.005202947694822887,0.006785362999255003,-0.0063925763505594,0.04754579507431742,-0.004918886579059531
2015-08-18,-0.00564899487632547,-0.000373756509223592,-0.026478664935257176,-0.005641763906668126,-0.0077813582937551065,0.013114792881359777,0.0055155177301716325,-0.00914345305582596,0.022222705240830896,-0.01240369173682771
2015-08-19,-0.012872031767038185,-0.003932793184296871,-0.006483808536842703,-0.006812402162240878,0.007680352197641271,0.0014700686748773085,-0.014060686305716117,-0.003906759307359092,-0.021203538585942035,-0.006009274645123568
2015-08-20,-0.02073362922364097,-0.032691014838186455,-0.05430963806838108,-0.01337106143354222,-0.0212017179426152,-0.05112219231403067,-0.02059253584924661,-0.03677048532154616,-0.05256225251947507,-0.015182593366410523
2015-08-21,-0.06311337326539736,-0.04219384732642084,-0.03161656456271777,-0.02613451142825986,-0.05358251491657036,-0.05096784753476914,-0.05839593476497776,-0.031631894107748026,-0.048259598621907714,-0.037936369262601556
2015-08-24,-0.025278937329552265,-0.06496054361794366,-0.013641417387768452,-0.03259971743737465,-0.04107882465195796,-0.04722850256310439,-0.03280498937642572,-0.03604080956486169,-0.05294364086806081,-0.006376278665932946
2015-08-25,0.005994309830793434,0.006453422872329922,-0.013092554470149478,-0.009251613251994638,-0.00916644282529443,0.011024297485416648,-0.029460743403964082,-0.02098098363154354,0.005285962390938471,0.0
2015-08-26,0.05577047580075488,0.07116757438876509,0.0684708989308037,0.03192569088939924,0.07434578311934623,0.04924912925018329,0.05387219379262029,0.07273363224093529,0.021625113606494616,0.036120676791359524
2015-08-27,0.029021398215828727,0.03454240059306778,0.08302986289983949,0.02190300662494801,0.01238221752492689,0.02871556396831156,0.027481321521845764,0.03690743698157618,0.07763125535114371,0.02488033409181998
2015-08-28,0.0032711855332493915,-0.0006947859679200845,0.010713877509417949,0.001969368196533047,-0.012457839402756604,0.014164199324977244,0.0006833397019396125,0.004409379117135411,0.022342022386702107,0.003004258899522787
2015-08-31,-0.004689040577234829,-0.00993309597204411,-0.013013244964976023,-0.013793660318288159,-0.018157056991999574,-0.01751326451637842,-0.009377185059360733,-0.01105951832013235,0.0023315329812339173,-0.006018006554776302
2015-09-01,-0.045726605586901406,-0.032397395121310214,-0.053815675590557166,-0.02189892216266412,-0.028591995373523457,-0.02490779268912637,-0.03984614452171048,-0.04178637190186373,-0.04277960511865511,-0.02392561835387652
2015-09-02,0.04199468930974561,0.027824551312481318,0.0383756132854436,0.006118196511935721,0.02408952190041467,0.030038393364926575,0.036162887205101926,0.029702510556139396,0.03726373473123927,0.02693936600912994
2015-09-03,-0.017691292170259606,-0.011484759497810694,-0.002178687732113161,0.0015287265680038497,-0.01226244497484471,-0.01954677156466186,0.0032235913808084412,0.002698231211310866,-0.008595998590490855,0.00649818726734244
2015-09-04,-0.010016589681615793,-0.011397696150875184,-0.021395693092511034,-0.015973441812201308,-0.012780535808594198,0.0012470161573628678,-0.020671729175166895,-0.023626885730166438,-0.01493346749689931,-0.02013149687898457
2015-09-08,0.027441042070561965,0.03648072176048199,0.064023041897839,0.020645355172944295,0.023444781782242824,0.014286699299735585,0.02959742338174142,0.0418699371767576,0.025465472117565627,0.019134282589166548
2015-09-09,-0.019420083775737437,-0.0012567781186459805,-0.015527551586700526,-0.018743865947937657,-0.0007301938389458253,0.01011295814749903,-0.018859965447429187,-0.020040511377872584,0.002977404618816599,-0.00851472063277808
2015-09-10,0.02173229533567262,0.010297163664101251,0.012114491271398917,0.0038731246803380714,0.01185038473274136,0.016884709552049435,0.00509518158091468,0.015621281542741242,-0.0017290732428101338,-0.009095182491900644
2015-09-11,0.014463522434649942,0.013692615148410357,0.018168579069724886,0.003485133639101509,0.006460435903002774,0.0007605456139342732,0.00437941408114171,0.0030952503795252653,0.0070581602387096015,0.010100733087209738
2015-09-14,0.009585259801219765,-0.015340696921933065,0.0008384556691966953,-0.003692604094281866,-0.004327842613815881,0.0028206268956614887,-0.010171686860142568,0.001765132893004463,0.011719740597531185,0.007010869373224298
2015-09-15,0.00837702516812816,0.0018969878443180286,0.024025192931771834,0.008601650906325623,0.019127223116286333,0.006371247308958097,0.021605245231390745,0.010957395204028546,0.001499728214054951,0.017314129467046996
2015-09-16,0.00111759395322349,0.009564143002022603,-0.018610524692892063,0.000551765664078758,0.0006762750824267883,0.00590276202081658,0.007250013436064969,0.0069506509838691945,0.03365832894647959,0.013638578464370934
2015-09-17,-0.021621919649044873,0.021534090980653404,-0.00671491448262306,-0.006616126670954483,0.009198482622085367,0.009478836248865403,-0.0011295073014993583,0.009049707334626612,-0.0006866630064168644,-0.0004835900775951816
2015-09-18,-0.004134445072789982,0.002576149550911345,-0.0233937753081504,-0.030235457168313152,-0.01613425476469665,0.0006357328724484709,-0.017554064505813923,-0.0008584924505946451,-0.005548217153139337,-0.0024230265084944857
2015-09-21,0.015394413162959076,0.014936202215630164,-0.0025897439908926837,0.024778901093497223,0.009126911329520801,0.012108582118209478,0.01438549508552226,0.01025191671291825,0.013642977216394011,-0.0038894214734858596
2015-09-22,-0.01583513265438803,-0.018384944291586505,-0.020321354333874865,-0.008338308489580509,-0.0208764966982753,-0.027480412033274854,-0.004772308213502343,-0.027575591780407097,-0.012415868304537009,-0.02865798448608057
2015-09-23,0.008079824307146146,-0.0043370606393938515,0.006713420445636516,-0.0046529010623672035,0.00013791472255632767,0.010806338621621586,-0.0006838069744114422,0.004794181388182274,0.0004597368093267585,0.0030029409621729272
2015-09-24,0.005930918625588143,-0.0043371559823888765,-0.01153652310448404,-0.003497488621075734,0.0024765183939610903,0.004671529553986401,0.0009115721722549054,0.01894971856964885,0.007859912445560249,-0.001000143867581083
2015-09-25,-0.00252522183267991,-0.01795890931377515,0.0210499198684774,0.004222239937177158,-0.02279529970686875,-0.017523855734238546,0.0006828846794912997,0.007226016126523679,-0.02388434853425441,0.0029968181838909763
2015-09-28,-0.01998742684884696,-0.03927338173950393,-0.047587708143878873,-0.006779686985378804,-0.025151577703476168,-0.039130131592737344,-0.014903250830496262,-0.013216744757563133,-0.03356465899801779,-0.021169695122507517
2015-09-29,-0.030521247576346763,-0.01597825906466862,-0.009812060481807073,0.0016333876258310123,-0.002630596073338127,-0.02888538706418856,0.003458620801775964,0.017443175782555425,-0.007190844829297469,0.013157969556313036
2015-09-30,0.011305469446578896,0.03139272768568398,0.04365594165159098,0.008326930984651608,0.024997805555088223,0.03659033173868711,0.018700821693163876,0.038880411111801634,0.007070030341408839,0.04232926208363798
2015-10-01,-0.006548980702973945,0.017102700194569404,-0.023225985504766063,0.002552568147857143,0.005670090555090454,0.011611715850532174,0.007876445219284958,-0.019664712854447687,-0.03490154288586749,0.00528698074381935
2015-10-02,0.007274201489562548,0.022445600200184785,0.009695861843895353,-0.0012217597413834288,0.023080608555930065,0.01223922805933686,0.021291919440853367,0.025731393514849783,0.03155463266830967,-0.004804950844576104
2015-10-05,0.0036172387055870476,0.020702796539557356,-0.017256650419826474,0.015535978279274401,0.022113253791201593,0.02085210462299261,0.022994577745216405,0.024692542633427916,-0.00575231068616969,0.030362407323319726
2015-10-06,0.004772725856298449,-0.01146926859723264,-0.03449321210691119,-0.009314959796757822,-5.9627606729809125e-05,-0.012954441017562622,0.0025698714286256736,0.012898534435069069,-0.019237233296969004,-0.007975310877047817
2015-10-07,-0.004772725856298456,0.008263728262103982,0.01297999837080464,0.011523426816555242,-0.0024447004120862624,-0.004319651826433633,0.0010690445147906703,0.010430684383994918,-0.040138936881572086,0.032440406869930286
2015-10-08,-0.011621647207342486,-0.016333696485718672,-0.01657310531123135,0.008087808340472253,-0.004487697947565941,0.000757173066253326,0.013792812463027356,0.005748363408059048,-0.022849132781449556,0.014486171059949059
2015-10-09,0.02364495931160316,0.012377089879623578,0.0018832651504667654,-0.004826799555734316,0.00633672830111087,0.00829260177957618,-0.00719070109040931,-0.003828568410182149,-0.026956737809777476,-0.013574745370851671
2015-10-12,-0.00464894019751308,0.019064999316853213,0.00656501971856539,0.0017515330388062744,0.007702079774883154,0.010880104967836816,-0.002337511990837253,0.010682896646370059,-0.023427003831432827,0.0063577226000752106
2015-10-13,0.001701419630167118,-0.0023474269842082953,-0.03687113987917131,-0.007135396501011258,0.009914870752322107,-0.001486374921224601,-0.002343456445715352,0.0018958679192705259,0.016880587647177092,-0.006813500912613171
2015-10-14,-0.014234493410771595,-0.007442413670491155,0.034999783299210475,-0.00849106313500477,-0.0040479935159003074,-0.0005312848903140991,-0.004488358956642937,0.03571818855255685,-0.010868425439148318,0.018067471772481303
2015-10-15,0.014860739127793642,0.03181060173272864,0.0368575041556472,0.018118352290993546,0.018363038797648133,0.019892039029683974,0.00704427948685996,0.0025551758512884215,0.020220199401692323,-0.017611693459943168
2015-10-16,-0.007357699144473788,0.014684357306616063,-0.006586206875294572,-0.00014963787661845967,0.0033132586113381016,0.016331257757142937,0.010579813193728473,0.015554632813919297,0.025429643865455483,0.009521657751923167
2015-10-19,0.0061946957992446506,0.004178628795449432,-0.01758141528341142,0.0011267213603859912,0.006636816354953723,0.009489431346733282,0.002312633750061465,-0.0017962494210056572,0.004790089906799497,0.003153844832944897
2015-10-20,0.01809347715363785,-0.021640437393723278,0.007787065708267022,0.003903778190668246,-0.02891591242235897,-0.015041011196586988,0.0031455479309148724,-0.0014395735629641106,-0.06835117046145145,0.003592240473042347
2015-10-21,-8.767137369481612e-05,-0.009152467645848823,0.005075128558668462,-0.007872879371095423,-0.012132228046196082,0.0011333065013038042,-0.012004340875513797,-0.013048309154293038,-0.013896997938755871,-0.004042388182572719
2015-10-22,0.015179498847361512,0.014540110170808777,0.039380082960415966,0.03015600994919296,0.013807164269452072,0.026020320302970485,0.01743207060552632,0.03548101475883996,0.007728686982366763,0.01296699091826292
2015-10-23,0.030524690516304256,0.06041703456412543,0.0332684595111461,0.002733857894140405,0.05455222787806167,0.02496923588733528,0.09601004105316817,0.006667830202860667,-0.012499911621996889,-0.001778604119113446
2015-10-26,-0.032431526653017274,0.015865991188240565,-0.047166772151722026,-0.005845187579538814,0.016257590728283405,0.015343072307434561,0.02576716827880365,-0.004557251912910683,0.029081868404439975,-0.013892083922564033
2015-10-27,-0.006352175057617253,0.0039356846348533245,-0.01729931048666347,-0.010277582758240296,0.002322380351544162,-0.0006749153529255614,-0.010376586793175808,-0.0007030025151536691,-0.023073865606088945,0.00180312799365705
2015-10-28,0.04037811801389561,0.009917716371994578,0.045063069317219685,0.01784455716489595,0.005579178007501145,0.004810059871886809,0.005387430351463539,0.0080546726739829,0.012331597380900512,-0.005419952283710645
2015-10-29,0.010508602542154934,0.015197489637304624,-0.05665359374883621,-0.0005945518921651966,0.010703658543121861,0.006504660364061421,-0.011552650005322915,-0.03514101574573981,-0.006264837843193951,-0.011845081664520436
2015-10-30,-0.008581959665818966,-0.0010379437598101644,0.024999405977437557,-0.010797041300354651,-0.010066091562134004,-0.02813798936954995,-0.013584992920225638,0.024622194409881126,-0.022458975944985506,0.006395593341430055
2015-11-02,0.013960500823652987,0.003906705122261544,0.005426401999936177,0.015274063072960411,0.013938482855724849,0.01305544049324779,0.011333659810435267,0.011564857135063463,0.03261373712572736,0.006354949530866299
2015-11-03,0.011405498572633602,-0.004849823028025126,-0.013499640308612384,-0.005023547839299569,0.0014433491652251227,-0.007091133206974393,0.01694803391291082,-0.006992751508518015,-0.025774895577753698,0.029866122689360716
2015-11-04,-0.00466125843740548,0.02470397134057171,0.016000355982653147,-0.0028292947579218694,0.008629645384257936,0.013170725530785337,0.004606194931793788,-0.0166290670002136,0.10592191360056691,0.03368213088260719
2015-11-05,-0.004620611981595154,0.022675677410498654,-0.02488172187079895,-0.00694234240946401,0.007071286883452575,0.045329913539428085,-0.0003677158140120671,-0.011482070787670445,0.0006041858295331785,-0.024501690122853945
2015-11-06,0.0011569464689252691,0.005657632795229069,0.06870619931420302,-0.007817712464220508,0.0012218309085472105,-0.015380770318040042,0.009881092762451507,0.12978029565216878,0.002542454778221519,-0.006986525555837665
2015-11-09,-0.004055357679814302,-0.005901677514696447,-0.024750453911974415,-0.010393560527263195,-0.009008432832937091,-0.005711872800168013,-0.013934916139964157,-0.004447290559817892,-0.030721921604877106,0.006115861101749677
2015-11-10,-0.03202441091127424,0.006371801622698443,-0.05391793670853832,0.003744225412407355,0.004613360260766221,0.013246524404418829,-0.012074032679834744,-0.01928693083505611,-0.03997546334166108,-0.019793847871070854
2015-11-11,-0.00566824020513659,0.020361782245871995,0.0007504758140111524,0.0029744472065903766,0.009176215880023873,0.01014200062377354,0.0026127613778955633,-0.009784777792513558,0.011846407719766909,0.0031046638520275103
2015-11-12,-0.003364745267799507,-0.011427833535744648,-0.0008337923814126587,-0.014856170036147932,-0.011460523246037118,-0.009123216214971766,-0.006169747231806787,-0.0036120463451366366,-0.028426516694188594,-0.015171895935618391
2015-11-13,-0.029643270441117902,-0.03555551684774463,-0.019462348943645163,-0.007784609146668576,-0.02199724621950962,-0.03840642090024558,-0.009043126308816533,-0.01993439035090729,-0.027374179814378927,-0.015862565426771908
2015-11-16,0.016246191447649674,0.008464080178710955,0.032888660307473054,0.00993406471919611,0.013888252554014836,0.0008654522335752994,0.017447184152663685,0.019934390350907286,0.03378724599618069,0.020796653698804506
2015-11-17,-0.004300761911930445,-0.006986209277764125,0.004845567717517498,0.0012254750248796877,-0.005934305652437078,0.01042228189600248,-0.008272372006254858,0.0,-0.001447445012394113,0.007577383466521263
2015-11-18,0.03117409925050431,0.030977875324577683,0.03113378288344091,0.020949260540110246,0.018632803356521604,0.02480166751294298,0.01647687294475061,0.024301743490580754,0.032503323710174184,0.0
2015-11-19,0.012623620955185384,-0.003426870357171514,-0.005654461591639163,0.0030353338829795327,-9.204521955491851e-05,-0.014110348715359418,0.001669974898743053,0.0028964915088875664,0.003296700922651906,0.006638710287515777
2015-11-20,0.004368176528616909,0.010799405843003132,0.009459450353524726,-0.001470082144896459,0.02220077055099813,0.009925993806266697,0.004623909153435232,0.008638540067562614,-0.008103135451754354,0.007032917456905327
2015-11-23,-0.013077558389076075,0.015644812781888586,-0.015869306775209733,-0.0040207802363472715,-0.00038610841398471475,-0.003453502157045688,0.0,-0.015086022159578551,-0.010325289314524224,-0.011453933487025721
2015-11-24,0.009550630798400149,-0.011613803368476512,0.031100670064261062,-0.0020582658400349458,-0.009144297444221475,-0.011378260271543282,0.0011065897125706531,0.008052878173296812,0.00229354391959643,-0.0031062609430371965
2015-11-25,-0.007175533298319755,0.006223590044783705,0.0003893553002043204,-0.005300213322472703,-0.00048093643464962337,-0.00312561767816841,-0.010376293634096144,-0.0012842990036536566,0.05087162574256423,0.002663115370478379
2015-11-27,-0.001866006318814611,-0.0030846857313211024,0.012769703679883242,-0.0032730173880154167,0.0035168607180635285,0.0003792885474132726,0.004460173216458984,0.00831744298993541,0.008542120546783365,-0.004887716755068005
2015-11-30,0.00415067040639053,-0.012645237381074675,0.003148187249014772,-0.0013102259035952886,-0.011884243788790043,-0.0115410514515327,0.007757693025917576,0.010458176400149692,-0.0058458271698108135,0.013713638756300769
2015-12-01,-0.008147980352577524,0.021223168795362995,0.018531344816828603,0.017647299631500534,0.027079553242966303,0.02725385850579377,0.015880722448381634,0.03195550679138765,0.02965239508444062,0.02259014409464431
2015-12-02,-0.009074679973914434,-0.0045016246967343925,-0.005129717692413465,-0.009880558469683465,-0.007607234693214194,-0.009850309577111162,-0.00018139737970377694,-0.007662880780751915,-0.02216728039521702,-0.0038734157257500727
2015-12-03,-0.00933121807518241,-0.014542862655202382,0.09082335202536508,-0.020556767597968546,-0.0124837891611819,-0.01606130619519441,-0.01846283674508842,-0.002156111009604235,0.0030987975992940553,-0.011274794534417577
2015-12-04,0.03270597073491238,0.00954529186108015,0.019019688211368117,0.0282636510919475,0.014230462583245842,0.01709760951380816,0.031062447000060327,0.039896477977967026,-0.010062873706304928,0.016436198977718745
2015-12-07,-0.006320867039287464,-0.004186292980946955,0.00856992345535314,-0.0049019706002067795,-0.008014334193857652,-0.005382719839978643,-0.001790610899234741,-0.019145041071529777,0.003250153627209588,-0.0030076074609905624
2015-12-08,-0.00042284848923057557,0.01113464962931569,-0.007080265344853628,-0.01682377609889758,0.002777530881103745,0.008298075957155709,-0.00035805433689174737,0.013499252053986279,-0.019264525211846947,-0.006908092004128459
2015-12-09,-0.022322866954926596,-0.018687478684151916,-0.014518037599419546,-0.012293845835714226,-0.016375661886743963,-0.017907559674889766,-0.014625536245253491,-0.02565384885987248,-0.009750976347211632,-0.015281022755450669
2015-12-10,0.004745474871606936,-0.003722288377978472,0.011468637184484968,-0.0007844824716210958,-0.00329708138236163,0.007808931619860674,0.005260984598709708,0.008220721482546585,0.011293491647282305,-0.00352596501281981
2015-12-11,-0.026075175913322517,-0.034046342569693445,-0.019949700219437705,-0.0088898063470453,-0.012737943061902077,-0.031803841825581616,-0.022135593491971254,-0.014969386096860438,-0.045268765577998055,-0.020968873555921707
2015-12-14,-0.0062038591853857215,0.027365635063433754,-0.01331319094861066,0.011594936363850806,0.01602191944438339,0.02456852352487193,0.019780787578831352,0.002459557767811901,0.007162505690348611,0.0018017267178208724
2015-12-15,-0.017850391293962226,0.001108929475256666,0.005318474843274743,0.021974515852654964,-0.0032181364435967144,-0.0010517289239445377,0.001087534719446349,0.012206301217212221,0.011417796828584221,0.026644977687584028
2015-12-16,0.007663406350349014,0.0256757540486396,0.007324617734596521,0.006695574442747172,0.021475793763201367,0.02119889267051477,0.01670758867897909,0.006047876156766576,0.05892837348959033,0.014788793890422232
2015-12-17,-0.021424037573807304,-0.00760540519332874,-0.023914320836945568,-0.013834212729548635,-0.008742906411235513,-0.005351817933277616,-0.007690788799510612,-0.01518864290480934,-0.004787376861655753,-0.008672932788672488
2015-12-18,-0.027442347587964263,-0.009754435069844242,-0.001995291824605684,-0.031742278819858756,-0.017004563872010072,-0.02073705931100361,-0.028591225057658924,-0.01635601917584076,-0.01263351037262661,-0.0013072036955620763
2015-12-21,0.012186295686652292,0.0005568800757596681,0.03916608030567435,0.010630436666839304,0.005205307612959015,0.006992117462729693,0.012848988761102721,0.023371369423302868,0.009070905109061408,0.0008715870321942303
2015-12-22,-0.0009325292988132233,-0.002048627001940745,-0.0048125591422710145,0.01452301927500645,0.00828562842278027,0.007038230735091957,0.009439031281522237,0.0009115732001274238,-0.011286348541964957,0.004781700274824226
2015-12-23,0.01278776021614969,0.0008290357791071377,0.009670105128320452,0.0016012813669738276,0.001797467751055433,-0.008375547085071867,0.008455807749394254,0.003940058986456522,-0.0010878299663785369,0.0008672122055814836
2015-12-24,-0.005355207481840191,-0.0013720937334212534,-0.0012974964436739819,0.005668901372480274,-0.003480426596880118,0.0037205292782970306,-0.002691184746410305,0.003321660470763249,0.0037804311936915557,0.003028210740859497
2015-12-28,-0.011263250945420883,0.0185507057627864,0.000205029165797197,-0.006289093651959905,0.021188518089777345,0.008627827391645335,0.005017181720999043,-0.0009049008683167417,-0.007050851966452754,-0.006066157509405792
2015-12-29,0.017814344451461944,0.027419884076997837,0.010805646638932838,0.0008701610346870868,0.01487134642775873,0.012477402829423914,0.010666719266904904,0.01616322365671363,0.035357883762595,0.0030379467685463287
2015-12-30,-0.013144441103317264,-0.007085948930284084,-0.003860057580847017,0.0001549492544293867,-0.004620403521079309,-0.00974350130111234,-0.004252858320680784,-0.008647554092525302,0.003787272114281592,-0.008703878756634831
2015-12-31,-0.019381547384117452,-0.019312533856740727,-0.01517894910518004,-0.011465865369061613,-0.015673096470490783,-0.014795345813292657,-0.014849783218441924,-0.012961893435962948,0.00803185157604771,-0.00569767353228997
2016-01-04,0.0008545832221996062,-0.059276317391402614,-0.01997093983424915,-0.007637789448117538,-0.024158112949922622,-0.023589633054832426,-0.012332520657087658,-0.01806276089386342,-0.07167199374655636,-0.029440214592709162
2016-01-05,-0.02537872777073055,-0.0050362826582582305,-0.03402733028247732,0.003585098997494347,0.0027481853084678045,0.004976832322392012,0.004551827420973861,0.015936401900966127,8.951101253942103e-05,-0.0063577226000751455
2016-01-06,-0.019763481063404302,-0.0018003578167065514,-0.03124217891859194,0.0021043832164081037,-0.002893041391773131,0.0023334167092674564,-0.018332074052062816,-0.0422289020474592,-0.019843788561297093,-0.028183847970301587
2016-01-07,-0.043121378762073156,-0.039841165185002386,-0.03232715093539743,-0.009338609070267621,-0.02443591230729373,-0.050286863601695146,-0.035402189193508876,-0.04045192582086788,-0.015597626568759423,-0.011310194392199931
2016-01-08,0.005274094860519353,-0.0014649816495862417,-0.006608479742833216,-0.008626940635522978,-0.013710304334410282,-0.0060436282854949945,0.0030624726085490103,-0.021700251749185693,-0.02179861890258689,-0.013839644278215196
2016-01-11,0.016062654564030034,0.017456438647195635,-0.0012486920980510012,-0.004341540828137013,0.0029509416690999737,0.0018478045186353532,-0.0005734424046986908,0.0016860585475852025,-0.015041470598887137,0.005750128478505462
2016-01-12,0.014408842463104308,0.00024284299430716287,0.014576105906072894,0.004857137642859054,0.016599159232884835,0.01889533764143448,0.009135767867185096,0.01670613401119563,0.010148015367819617,-0.00863740074233127
2016-01-13,-0.02604653462673266,-0.06016654204035878,-0.05221739134833995,-0.018205964496572524,-0.035186513973848685,-0.040352499802799306,-0.02183575640128025,-0.0309580219964688,-0.04709850033150001,-0.013097556146045375
2016-01-14,0.021634861488022943,0.0190504563776785,0.015130917444429133,0.009144413818997612,0.016292884134647707,0.030238027235680892,0.028068504046356843,-0.020370339841668812,0.02888335550021133,0.06337826684793722
2016-01-15,-0.02430812974797341,-0.03924225838410743,-0.04259067117304132,-0.011772536225267236,-0.02899194188482309,-0.035174792574268275,-0.04073541215762297,-0.0559482874725907,-0.005788304635901255,-0.03355379415985067
2016-01-19,-0.004850707370817092,0.007513188458676518,0.0008329990316049946,0.00890757789111263,0.012017581933851542,0.0030490878405698483,-0.008468999201625851,0.008082450540850631,-0.0013180497358616836,0.02619390903675777
2016-01-20,0.0013440704718183211,-0.004728536149936751,0.030834742684793016,-0.016992807023062412,-0.0007231263755426112,-0.009598874617077927,0.004539053347007,0.005473115731090985,-0.02984700672603167,-0.02666816983273228
2016-01-21,-0.005075520325147161,0.005668023638552371,0.005636977593004476,0.0052126862757180285,0.011223323632236302,-0.002015814768974253,-0.00612233614655561,0.011577671307058668,0.006371174528862555,0.011315529404960447
2016-01-22,0.05180195016078273,0.03647325227997746,-0.00016069933499644293,0.010193050854631337,0.025528875938317583,0.039359560279160065,0.035227902536055504,0.02311190429750658,0.012819409432011437,0.02774134806441823
2016-01-25,-0.019715602414908263,0.0002514756298703957,-0.00016012389896445458,-0.023230615725014746,-0.01601045362160212,-0.00954095028554956,-0.009608148217072806,-0.0010551079568386851,-0.030935193433109808,-0.006404823286694294
2016-01-26,0.005515744922226941,0.007881289814971014,-0.0008040130506784827,0.01401357360004633,0.00023175165378718193,0.0033958029613152924,0.0073103941237027325,0.009804336048430723,-0.014463994522802916,-0.009220630655690834
2016-01-27,-0.06796489715784387,-0.030223487844411107,-0.01653610841169962,-0.0028991573678092447,-0.022338296050807938,-0.030139379981948076,-0.018377516339684465,-0.011917552956637933,-0.028773321328083013,0.004159756820645044
2016-01-28,0.0071463936208084325,0.08538869217334837,0.032328288590657575,-0.004191945003001587,0.041919559471640916,0.14428601631898821,0.01626713059403899,-0.010990959542924554,0.00862962340794968,-0.00230906841522828
2016-01-29,0.033957829704285666,-0.07915119292354683,0.05645911705427191,0.03167567387459544,0.017289078039966568,0.028015595965108685,0.05657127871177442,0.043257435956938775,0.007876153690118506,0.032745393208108
2016-02-01,-0.009392239324378058,-0.020985298936447353,0.02925884254939363,0.002050787239073212,0.012296950397356909,0.02534232915884822,-0.00692212388215718,0.000341322183007794,0.029579034008357437,0.0049093112437120345
2016-02-02,-0.020429024528480094,-0.04031036118155143,-0.032779577859820316,-0.025254747155121732,0.013069857671907135,-0.004179361560420987,-0.03175421855993827,-0.0432426982592467,-0.07461581641391868,0.004442620907645521
2016-02-03,0.019598962147158706,-0.03883536271861404,-0.014210406253626597,-0.00021592414300123115,-0.041213821621565595,-0.01689433813971216,-0.01597605279310189,0.004977377842702713,-0.05222091533974797,0.01583145314793151
2016-02-04,0.008003030291713242,0.009725297854782525,0.03559492917753801,0.012244271057539646,-0.02616053115592503,-0.019715797402292668,-0.00307230183578479,0.00035442610870455043,0.01060764461422614,0.013434840280360693
2016-02-05,-0.027071177881194505,-0.06576003261553948,-0.05869790741320833,-0.007205921212492205,-0.03664812999994071,-0.059861272662323085,-0.03602561848312517,-0.06517739913432781,-0.07537675524991205,-0.020879490368907717
2016-02-08,0.010474926056433211,-0.028338744199446216,-0.051965841149519874,0.0022770408320521504,0.000568152579807433,-0.042396605559443745,-0.015065321076871693,-0.04686185428027249,-0.09414848949038832,0.0021949723448402977
2016-02-09,-0.0002109654013054335,-0.01243098411350577,-0.017800957585095617,0.007189590478361932,-0.0044692984190496925,-0.002107468203087443,-0.0026345414010767675,0.010649109834528221,0.0017553033123812,-0.010581775404224602
2016-02-10,-0.007608661711484434,0.017295163383573304,-0.004269083890713711,-0.011040030701454201,0.008282069852243501,0.014560893433649174,0.008687582064334416,-0.0023569868214091162,-0.03138101482046277,-0.011591924285069024
2016-02-11,-0.006064844168157352,0.02683455051919019,-0.02454446447799856,-0.0027331037721734486,-0.0006934171020539878,0.008969544743910457,-0.0004021760336959215,-0.005125073824270129,0.0462446823259849,-0.013543879344806551
2016-02-12,0.00309019512073634,0.0064497248637008404,0.044971700775350294,0.020828932250381495,0.0007501833383818473,0.0009809066101933563,0.016169527556777693,0.016853039383110793,0.0037809843708239777,0.010849783206485235
2016-02-16,0.027804426571098977,0.02727318794641811,0.03695426024012443,-0.0027563868545010554,0.015092793448457658,-0.00392903470669543,0.018769702348196336,0.04780864197339708,0.02697668745060814,0.048276194973531965
2016-02-17,0.015199077434348474,0.02464111086088663,0.034566732539153974,0.012523021212552866,0.019771517093737603,0.03472124678648825,0.02569934775051361,0.024521304456782016,0.08348200981104008,0.012771556254377963
2016-02-18,-0.01913879091216514,-0.01718482189718473,-0.02801276556547229,0.0006225633480662116,-0.01995245163882967,-0.016581468187028173,-0.004397098966970973,0.08254264552470965,-0.01138775377170307,0.006745417893007092
2016-02-19,-0.0022882270911601943,0.018681582324656512,0.012512373717733666,0.006533893864383655,0.006390492087285779,0.010575057862993677,-0.007114720860976484,0.013227316055293667,-0.0011399463291754239,-0.0008407581974867378
2016-02-22,0.008708609450932053,0.04496369647179335,0.015194764769684455,0.006768386279238535,0.009564853272338606,0.024466297865999076,0.015889997555671227,0.03486491444757162,0.06484609004893599,0.00754067006041995
2016-02-23,-0.022864776183075298,-0.01179406802845524,-0.01916627012174339,-0.010871872886040333,-0.016262334080762438,-0.015991403967500237,-0.028317272381074624,0.0025348428460739204,-0.0029862831323995416,-0.02364970406495922
2016-02-24,0.014780700361104215,0.0019874008292603204,0.016866921288472426,4.5800011712529115e-05,0.005020406840018608,0.013375038679401598,0.0035109010222875254,0.006937925160292199,0.010050330202815311,0.0008546173204148496
2016-02-25,0.006844597551093955,0.002001462317041723,0.016209950688241524,0.012078748808921288,0.01133787224640559,0.011072477004037275,0.014305351031424971,0.0021975523879537856,0.04601958194893418,0.011462389431243907
2016-02-26,0.0015488691818110482,0.0001440843730898221,0.004819308621180452,-0.0035659460084218855,-0.0058596942140688385,-0.0013889949813106625,-0.015474422835460754,-0.006607121020042594,0.015406524266142536,0.0033713308373597393
2016-02-29,-0.0022726880506304535,-0.004892808931288433,0.006440361542040228,0.021780242420142044,-0.010596005179486353,-0.009309337247477314,-0.008220635970013821,-0.006515580396325217,0.00831877164214506,-0.009298279976305904
2016-03-01,0.03894611537173758,0.046881936272885824,0.03274895448848052,0.014434579329367815,0.034195777061005704,0.02676176897044543,0.032865897262495905,0.04336988090868341,-0.02950407640639226,0.042807435331195784
2016-03-02,0.0021861389627120097,0.0020185571762998634,-0.010603144773129668,0.0,-0.0036310945671340854,0.0011831138707390073,0.007012078642752019,0.005784628654820071,0.010622208018403138,0.0016257468676554995
2016-03-03,0.007416507972380122,-0.0046989696560619815,0.0026249408138000023,0.0024301348532918907,-0.010727063153660652,-0.0033708250192345957,-0.011395931555840068,-0.008842879712145138,0.03853837259694783,-0.0024398141804513923
2016-03-04,0.014767381148251933,-0.0040776473798695275,0.06163094166284439,0.009397452868867937,-0.0018743676790374832,-0.01091899241819694,-0.006131468128428555,-0.00306740826041541,0.026716728273089435,0.0036576433273686247
2016-03-07,-0.011128711861407651,-0.021689184810563263,-0.01761277968735268,0.002665419580407126,-0.024144962803909892,-0.02484715896925761,-0.019406852805216052,-0.006472784071113145,0.02091968264788549,0.0020261578816777254
2016-03-08,-0.008279924829337117,-0.004523324423672239,-0.027408724814115965,-0.0024538475513633667,0.0010235519133550944,0.0018897835023442308,0.012076487196519319,-0.018411977744194723,-0.013189977507998095,-0.0020261578816777974
2016-03-09,0.0008903706048035301,-0.0014110972070344532,0.01654899572844187,0.006044515682091886,0.01651244254859812,0.014805425904199745,0.022778357153540974,-0.0006300729072526009,0.029760047444229165,0.0036445139043907327
2016-03-10,0.000494289518806419,-0.0009656123733344272,0.017180427016097843,-0.0006214594936729359,0.00927579820874464,-0.001768989187039018,-0.01506397784729381,-0.0015769981517697695,-0.01710600205707627,0.0
2016-03-11,0.010716502200576768,0.018927620860452667,0.03001199691551736,0.011789450108232515,0.01719706899774219,0.01928732550949189,0.01940694028476364,0.016901924149252373,0.011243644655794296,0.02435732832559969
2016-03-14,0.002539266772122082,0.006579373578707948,-0.004579666371139373,-0.006162617275490221,0.007183362663334201,0.00437756280693414,0.0018824976568233474,0.0024797433207599585,0.036204136388317,-0.0051412811680425
2016-03-15,0.01989431943832735,0.006345658149205671,0.0022251108444848247,0.003654749303872252,0.0004397687233668867,0.00707293745213657,0.007868454518874161,-0.004965954067873145,0.01471801100064976,-0.013573084214073265
2016-03-16,0.013203832607358416,-0.004777285551767826,0.004382720140639424,-0.00413037356967561,0.009005836254159474,0.013551801486535873,0.014081737590297237,0.029432194096147644,0.016308524049824493,0.03553470068374166
2016-03-17,-0.0016054474861757224,-0.026163348823340673,0.01945554778061039,0.016045648643189105,0.0014776297106478483,-0.010394303644948845,0.005687800452204545,-0.008495450601738428,0.019853015580359887,-0.0003879565203016067
2016-03-18,0.0011334731471632834,-0.013243321130635607,0.006183598992292825,-0.001264844522503548,-0.004055747254073717,0.0038657643109997557,-0.021637267687658158,0.02971844285444731,0.027706933693922103,0.010422831756221048
2016-03-21,-9.461226831070625e-05,0.003435596899328257,0.002619713458583659,-0.0001406370862313258,0.008896048067941696,0.0035824832412739986,0.006893195993366385,0.002953551266785933,0.023692341709192745,-0.004233230075970631
2016-03-22,0.0076188906171424054,0.011665001910245174,0.012156715533818646,0.00046871339034812616,-0.0027724081214727248,0.0035700370689729,0.003891283327026241,-0.0017711125087713222,-0.017268037103027073,-0.004638677843959692
2016-03-23,-0.005543608175650179,0.01619348377708438,-0.011502980004800292,-0.009558186570907666,-0.0032815613776238503,0.0025801050496721835,-0.0018508136521773627,0.016989511359089427,-0.05105963766883512,-0.005049418600248704
2016-03-24,-0.004343729811605867,0.023114338753498484,6.526065844804818e-05,-0.003981991514281424,-0.003596912634598843,0.00452161981423462,0.004436961413959503,0.001450848529418467,0.02296193598638838,0.0019450655816727887
2016-03-28,-0.004552790846403464,-0.0052974559029092295,0.0006535906793170751,0.007547562771926376,-0.0020687101696182544,0.005645167455878548,-0.012436406999029105,0.010099871460654565,0.010960586620732545,-0.0038940184376706965
2016-03-29,0.02339564720880404,0.02383969600342797,0.006704941416785779,0.0031770339130989924,0.016601617608381157,0.021320926958458757,0.021617359037857668,0.015949995118246584,-0.0005647598115707201,0.0131784105549439
2016-03-30,0.01730855811913395,0.008100298200387797,0.01800345851207526,0.005786795583158824,0.003193604207970976,-0.012476509967678627,0.0061951518117270045,0.010400772993291535,-0.014179021867915547,0.01869200940381098
2016-03-31,-0.005216386508078507,-0.008470877974365553,-0.015605680741490298,-0.0027369398466771475,-0.0071053363827044465,-0.005244723298353274,0.0032645675231613796,-0.0036419727513013395,0.012613452861511764,-0.00987423732304906
2016-04-01,0.009133310284189986,0.008153451207283656,0.021134395001392425,0.010671365743311881,0.008834959580104777,0.017032107359270836,0.006137547223970489,0.014489044502450565,0.033467653405331727,-0.0030582608007560094
2016-04-04,0.010221255865904789,-0.008911742986402993,-0.011408509671798997,-0.003156919984902747,-0.00592921390266553,-0.030709641299874954,-0.002522619028826583,-0.009729007695996127,0.0388013743491128,-0.010390836587569853
2016-04-05,-0.011859156544012674,-0.01195611469764253,-0.006301402465882913,-0.012728295376953276,-0.008597668192236205,-0.0029364248156516924,-0.01582017283514117,-0.0013978606300934328,0.03375719467788817,-0.01324038067824201
2016-04-06,0.010418259544105727,0.026831688067412804,0.016060842802629472,0.0030564526650819347,0.012445730664178397,0.013190081731688284,0.010211763792096052,0.0013978606300933867,0.03820852140938891,0.004303067966208534
2016-04-07,-0.022051156078164467,-0.017846970350456785,-0.016447983448937466,-0.007488412456591125,-0.010404376373369101,-0.0006156964393474858,-0.012046019455749074,-0.010389227615765084,-0.03145950214721641,-0.00980599562686132
2016-04-08,0.0011049531406841537,0.005345535630746494,0.007585567632269582,0.0014369923958156533,-0.0008556163455727863,-0.026844329207319224,-0.0007347248463501042,0.006470829356064521,-0.02811316237550365,-0.0035540463887274226
2016-04-11,0.0033077070796979,0.0022342902436338235,-0.0034641204828373463,-0.0002125825241551192,-0.0025444608798662833,-0.01493509894389144,-0.0020233409505509407,0.006150443860420575,-0.000600025756279789,0.009056974049380034
2016-04-12,0.012941190100941285,0.012075917560596302,-0.001157378665211728,0.009591948659523522,0.008910168670180787,0.014754248090138767,0.006240794307458426,-0.0011153660809994892,-0.008438153646491461,0.0023495463606590344
2016-04-13,0.014383384931425776,0.019130413754150394,0.02572288697316242,0.011306916170725063,0.009881651668616811,-0.0009044671185518645,0.012727218307040118,0.024801457067057185,0.026715974419241527,0.023193812999117658
2016-04-14,0.0005352952243372599,0.00959891995387111,-0.0041467252398390535,-0.0024552394609848927,0.0044981648661426114,0.002981725358280495,0.00018089899661339446,0.002718061770495195,-0.010545300037645535,-0.033809246379224965
2016-04-15,-0.020275441125183785,0.008246211345508382,-0.02119016667832122,-0.0022753138371355394,0.00592768498526835,-0.010885426180663389,0.005224657542563358,0.007841000681267914,0.010466726443964266,0.006304127426427912
2016-04-18,-0.02181097974389698,0.015001377724516572,0.002633280576977727,0.00713362298821172,0.009797760066172126,0.00736059979822587,0.014450181676977624,-0.00431830542413378,-0.0024784027649427595,0.0015696960111706575
2016-04-19,-0.005317291463457651,-0.011795093048061929,-0.0314713045168935,0.010788581630582423,-0.014617006033994991,0.01652198464348699,-0.0012405170886675124,-0.018013574717521224,-0.025976524355888778,-0.013422553142177917
2016-04-20,0.002055576266084269,0.008073688155408782,0.014196482439034493,-0.0003288211790465051,-0.0017149491425726873,0.0011569676651770502,-0.01428848750687283,0.003848387671169083,0.010455766684840656,-0.0015914171657231487
2016-04-21,-0.010886901478675002,-0.003148782496958384,-0.012344981517216979,-0.006727983067850946,0.006534195110395473,0.009032339309823532,0.003412132440721217,-0.001098315512186226,-0.006743463134253233,0.0015914171657232495
2016-04-22,-0.0027402068527472936,-0.016780246010194188,-0.006761933973317649,0.007230305176475775,-0.05566177322736126,-0.025715785288600326,-0.0744113690576577,-0.00385249064055098,0.021752130220696962,-0.0035838616167265793
2016-04-25,-0.005693913393604016,0.009144199486108597,-0.008215921462109043,0.0010951004480095469,0.005999937803764545,-0.004169325025746514,0.006352831403781261,0.0049508061527371834,-0.007635052586515022,-0.002396165582368571
2016-04-26,-0.006971489708848975,-0.01499528076288244,0.011071929889673694,0.004831476717829994,-0.02295014086696939,-0.0122453454082481,-0.012940675129831417,0.0008223784331466882,0.007595589425314437,0.0
2016-04-27,-0.06462165490489018,-0.016854348372268575,0.005094731859243537,0.004934704538151715,-0.005405056704387823,0.0011944966476313162,-0.009767689482135064,0.022497331448120876,-0.008986393867576518,0.009550404087045045
2016-04-28,-0.03104308894176045,-0.007562704717826353,-0.023639105442047465,-0.010486987495247962,-0.02299423857727826,0.06952543555508016,-0.020627598267042697,-0.030202475831226167,-0.015065045092183262,-0.04412763136256704
2016-04-29,-0.01156075224619991,0.09136096633272921,-0.015251941546555087,-0.0005477951383219156,0.003991778456892678,0.007255353738293193,-0.0006013378669363036,-0.018681611860789718,-0.028458107849049553,-0.02387561647132242
2016-05-02,-0.0010676005472650995,0.036120202250886815,0.002261507140263847,0.005705155792382094,0.009182637200319617,0.008384541000974422,0.014729545753315152,0.013141640727714872,0.004310394689883249,0.004229947502647991
2016-05-03,0.01631226462778222,-0.018492646756634798,-0.01991209869545081,-0.013249524846759885,-0.008391637083472191,-0.009661186219707624,-0.01653616651395245,-0.012016548332358825,-0.03999526402448902,-0.015741524230042107
2016-05-04,-0.010455588225837446,-0.0006259398253998102,-0.007922328592382719,-0.0038675316549434597,0.0041273072712621674,0.00535065348978958,0.0018066207606374303,-0.023035097509088193,-0.04291903900749786,0.004279134798798184
2016-05-05,-0.004067331304758192,-0.017759996103670374,0.0035832338630966127,-0.0029371313567376498,0.004684096233747063,-0.002119832555749805,0.00140267508924547,0.006023221715603743,-0.05082983803980337,0.003409919717639454
2016-05-06,-0.005592581433767165,0.02229583049430125,-0.0048507238131943655,0.005174655790017487,0.014543111049227075,0.014159563673993718,0.008970385269164978,0.010241841757469785,0.015945545968543053,-0.003836978407683075
2016-05-09,0.0007546492429455071,0.008569186690485535,0.0035876829949071805,-0.01191400875932026,0.00543212238112479,-0.002094436781564904,-0.006370724391336943,-0.0014161939595268873,-0.02836095925231311,-0.0017101668549724233
2016-05-10,0.006766874836300037,0.033731387760508734,0.015400503957261676,0.01179879474916915,0.013959817379542895,0.010511414407612005,0.01879561191910244,0.019090994815453562,-0.0011014949326035976,0.0008552902017751099
2016-05-11,-0.009788985209565705,0.014347472831843011,-0.00526942416719787,-0.011621596440482966,-0.012014148137663237,-0.00816606315785962,0.000588211329924537,0.002776937049157244,0.0012929235721038251,-0.007294723969232616
2016-05-12,-0.02373666504165393,0.0065681394001179914,-0.019727633295690366,0.0018261101485708496,-0.003400467549355539,0.006338719955038451,0.008970023420295915,-0.01368170386906919,-0.008072274349868633,-0.009954434682280014
2016-05-13,0.0019906176149522056,-0.011219818993391717,-0.007044038347501418,-0.012740219161072175,-0.004460172878198041,-0.003915171278605645,-0.008382581289427623,0.14158186160820932,0.0015907370455505534,-0.007421681391640523
2016-05-16,0.036446427677294606,0.0010419002709790468,0.018394578411807413,0.0018367207932754748,0.007518292615991073,-0.009560586538621352,0.014575841746633882,0.029098850974007173,0.003269989135264153,0.01262754876931113
2016-05-17,-0.004162666857320815,-0.021893876858918856,-0.010429517583247621,-0.008671564764428803,-0.01394054890034277,-0.011185814396260084,-0.018827689944352355,0.0021309495247377078,-0.01758124678436267,-0.0069473043309292845
2016-05-18,0.011380073213950643,0.003130600442517069,0.019014990415083626,0.007117636073711942,0.00220561964047008,0.0025534001597195518,0.005921990590315601,0.02522303038703762,0.03131343159274645,0.024533222170336495
2016-05-19,-0.003814437870447607,0.0015329075805936736,-0.007954685501831319,-0.004818375801514412,-0.009004406070812687,-0.00716551522414798,-0.009690611653256766,0.004372414140844716,0.018950768032964343,-0.01154603569343877
2016-05-20,0.010769978035300568,0.006108565444622202,0.027569228904312505,0.007796970254176943,0.008907378826796545,0.004612115064428338,0.00594394467779661,0.017752177933698085,0.023285189654132173,0.027991837467340755
2016-05-23,0.012627384569694275,-0.008645628781849027,0.009294215109767256,-0.00293147020958693,-0.006198969597742374,-0.01182914694573857,-0.011723875577759021,0.0015773195067397407,-0.01860301887840589,0.014944123175783502
2016-05-24,0.01512925037320812,0.010635670557085685,0.02216925420008027,0.016080372670893843,0.021762217458928694,0.014807371853687397,0.030704889559881387,0.02398519034831308,0.007785688457859806,0.008206918928233177
2016-05-25,0.01741620723198367,0.0058759281815327965,0.014098967736954179,0.0024777995008227853,0.00689267015640256,0.0016129768437579803,0.010221345774097059,-0.004197753620806867,0.007634532429218333,0.0061110873909056
2016-05-26,0.0078988714874428,0.009218314179923586,-0.0035875060635331534,-0.007358692398076895,-0.001586468833122905,0.013313296130057066,-0.004422885302078592,0.010570425600762845,0.024916957414126993,0.006881137447457108
2016-05-27,-0.0005976833824080433,-0.003741703526223667,0.0018277655209641532,-0.0013849287483238633,0.0143751619410875,-0.0007535693093848503,0.00825249288859861,0.005461548850219885,-0.009282495150154764,0.000403489953830487
2016-05-31,-0.004894861357123628,0.014703794693496877,0.0068907770749497945,-0.012244341914194209,0.00167060693399204,-0.004786118407694555,0.012913471604158818,0.017706930063351778,0.0008515049013149798,-0.0032310848884625635
2016-06-01,-0.01411882934748827,-0.00464557924802742,0.002652853794312052,0.0031363881813906906,-0.0005208855130222452,-0.0002525434387327974,-0.002834512543785622,0.0019250497566687549,-0.01657711283877643,0.021213524758511314
2016-06-02,-0.007544295902403072,0.012157494834424692,0.0009038065080209663,-2.35452009005475e-05,-0.005613856059784052,0.0012620152961673706,-0.007025535590689653,0.007024987105181728,-0.0027364764140605756,-0.002776108760102695
2016-06-03,0.0020447311244423676,-0.003714412862365348,0.048203225546679315,-0.003490816574085602,-0.01136420542290932,-0.003875264140509171,-0.013234837250295046,-0.01409998747461602,0.00013699201551336878,0.013804111917860361
2016-06-06,0.007224676143966976,0.001638754436637447,0.001720899064246503,0.005960040728949195,-0.007912986101386573,0.0026974586354291037,0.006543404568884934,-0.005177030092627875,0.007687650354747568,-0.002352746322947315
2016-06-07,0.004047334994033279,-0.004122751952452871,0.01220714685273923,-0.003152276246475399,0.0014098301222159697,-0.008708595640627086,-0.0005757297636610623,0.001944908461854601,0.05148812328405689,0.02290018480686501
2016-06-08,-0.0009090753032831981,0.003998969897112789,-0.006940002215826592,0.006060482245720872,0.016065206982186126,0.005335568998675878,-0.0011521247067087703,-0.003242917634938607,0.013594012809874581,0.010307441366458052
2016-06-09,0.007150375614277628,0.0013889656182546066,0.002684188032162433,-0.0013592371617657606,-0.0005519537600200475,0.0014348586815720705,-0.008103503615298373,0.025653157916047872,-0.026503001317736564,-0.0038053969907524974
2016-06-10,-0.008262835575286504,-0.013475936868213923,-0.020433809453759347,-0.002761654237868079,-0.012645021618534192,-0.01649832586743056,-0.0027158821037970527,-0.02522016079536949,-0.047180419918365954,-0.014206205174070653
2016-06-13,-0.015191382972874024,-0.003726038382165039,-0.005049520457052333,-0.005527377350547807,-0.001788240664446229,-0.023161125135407554,-0.026374165120068817,0.012689585354467774,-0.004213833134398468,-0.008933745576370467
2016-06-14,0.0012321972751597346,0.005660341395014478,-0.006394950753366218,0.0029278449324748363,0.0018701202979711706,0.008650622511416038,-0.006201936793940325,0.0019217573417555118,-0.013446607255840244,-0.002343749070202831
2016-06-15,-0.0032887802867308407,-0.007031444367638922,-0.0005679410132370416,-0.009570811235581277,-0.001446618248976552,-0.0029624258420962333,-0.0028135797671644935,0.010186812057048859,0.012666011752708678,0.010503928589837987
2016-06-16,0.004211739982994098,0.0045398004146631095,0.0014507381325039681,0.013946568094034089,-0.010903328293194315,-0.0018341294710048658,0.013988801740042935,0.004003519449879955,0.0010559968563871652,0.0007735660567352306
2016-06-17,-0.02302032545364977,-0.015619385122896904,-0.016718361949874378,-0.008486613877318694,-0.028003317418149633,-0.012048936056717235,-0.0051727456766535755,-0.017609681445352732,-0.011352256561249705,-0.0003866603289904356
2016-06-20,-0.0024159016047489764,0.010729489480786948,0.005943800387519238,0.006748014186503724,0.002665868282003588,0.003092081716886381,-0.0011977707636946914,0.01782006789846681,0.01944126218129586,0.019916413397140613
2016-06-21,0.008481341052226298,0.0025317674181925638,-0.007162506599122118,0.013036044904014082,0.003886849412128301,0.008869338118966077,0.02212224059447153,-0.0061159620102974625,-0.0004097037520193879,0.008307762894224885
2016-06-22,-0.0037607335153380544,-0.00731909970913789,-0.004309203756970929,0.003919520591661242,0.0022405537738220383,-0.004117474454648938,-0.003914646970835011,-0.0008466694723207254,-0.11037687386846473,-0.0018815379045869596
2016-06-23,0.005739764143876627,0.016026289384540253,0.022183369196939296,0.011877432122618933,0.006173964042915489,0.010218845741161463,0.017882079410402412,0.02632828591754023,-0.001323003098034977,0.010121404360291606
2016-06-24,-0.028497664111499038,-0.03254236935774068,-0.06444617140439872,-0.04198404328561308,-0.04238990812336356,-0.02641461463967172,-0.04089437856656914,-0.058603364353032275,-0.0166862723601002,-0.043062175138452216
2016-06-27,-0.014668441762932593,-0.010932874119620612,-0.034824647702557485,-0.008864440649973269,-0.005942882452159473,-0.02814027045846792,-0.02849761882146489,-0.010772642577484165,0.02757384177571996,0.0060016141713839675
2016-06-28,0.0167005122770856,0.02371274872966297,0.04186018468188919,0.011472401162236781,0.014748248197333044,0.033656726658416784,0.02064017019435958,0.0144833545337758,0.01618663648550845,0.014354546827373102
2016-06-29,0.008617502417349477,0.010747873650852587,0.03432444018787869,0.010613627745173205,0.005668947347773279,0.012871643520922621,0.022005526665340745,0.01620792420417314,0.04078429108931338,0.02115229655764252
2016-06-30,0.012631582699219877,2.793283283991869e-05,0.0025770672178581705,0.02015803092158034,0.011925408337114436,0.0010505010923565472,0.012387924381107071,0.007687264533299476,0.009894302036775618,0.01652950972184075
2016-07-01,0.0030287977080420353,0.013959906890177039,-0.007622045422966263,-0.003125053031057131,0.00950651617433172,-0.0007877387031708484,-0.0001951933333192709,-0.007472611473549674,0.01968436369800964,0.011372360414194703
2016-07-05,-0.009430242793044228,0.0033292106288026523,-0.022691173511981196,-0.015552731852449785,-0.007575395044541141,8.745999887959069e-05,0.0001951933333192493,0.01467893211412896,-0.011708010190005773,-0.010229395886814995
2016-07-06,0.005668985553896377,0.012976883279012188,-0.0008627411099154962,0.0030943810147478017,0.00577173888676514,0.02165524748941281,0.004095633939984842,0.006315856318565328,0.002147404214086661,-0.0041980326802572125
2016-07-07,0.004282919554982253,-0.0014110071229049223,0.0023873524375953646,-0.005252041425797589,-0.0024148374848848627,-0.0073102650302670985,0.0,0.025690529376460564,0.006970639087811414,0.006100286978238818
2016-07-08,0.007683468806560695,0.012466649235593598,0.027114365429658508,0.01038815954756522,0.014764687036298381,0.011926848487165577,0.01774738063598874,0.03930732291492956,0.003882406200045303,0.015837167119780372
2016-07-11,0.003098498659834708,0.010629633120740091,0.014208234215016768,0.005128406944006806,0.013038435201741395,0.005359170920747414,0.005529917884674899,0.02274829219507253,0.03623916222812251,0.017430474830212733
2016-07-12,0.004526212622664762,-0.007416850567350355,0.007786403073396369,0.005664481018278664,0.007275417329517233,0.0005089862639610623,0.011720142448625412,0.01488312198037606,-0.0005784686275882068,-0.008491840217305724
2016-07-13,-0.005661858964258881,-0.007485729713040711,-0.007468702736012688,0.008715651501804861,-0.0041450417005289494,-0.00979952427576978,0.00562225773947685,-0.0003796902823605991,-0.009481791981114011,-0.0029706760201315754
2016-07-14,0.019626739912082723,-0.0019274146344338784,0.021245492870786458,-0.0016409894412683112,0.008626463685788602,0.00435774271412897,0.004289190456485339,0.01017923878934801,-0.004503834745166498,0.008148526402905565
2016-07-15,-0.00010125051163017611,-0.007801589339770667,0.0022979677757200387,0.0018236628673596819,-0.00023111844923352028,-0.0036728640629239344,-0.0007446780315452046,-0.011695941174850554,-0.005114025755905355,-0.003695550075512654
2016-07-18,0.010573878377201366,0.0008563114551830428,0.007234008293537363,0.004146830887216782,0.02360336492164282,0.021251305186769653,0.004830006699119767,0.00511038833878555,0.02619652922656733,0.023056787103428848
2016-07-19,0.00040034721861236514,0.005257399883838424,-0.011150743067910548,0.0016584693633599277,0.00027888678739560634,0.010334360613800499,-0.016254366472995364,0.010329591323006067,-0.004385291037032635,-0.013477125159465657
2016-07-20,0.0009006976306945081,0.0077675223360477675,0.013242860582833244,-0.004906120178262144,0.004859390767048318,0.010802940049210752,0.05175450041470237,0.012994879105036794,0.013668059125303526,0.010215457621833767
2016-07-21,-0.005316048568277037,-0.0017313402742777397,-0.013990482184271184,-0.013189568063669891,-0.003532963009877227,-0.010802940049210782,-0.0019694533930391957,-0.018615796012317606,-0.035025647680890844,-0.0025440543100900418
2016-07-22,-0.007774087748960995,0.0005774465487077145,-0.004623876870906305,0.002262653348034306,0.0064345898856674215,0.0032283152367463047,0.013705028964184587,0.026880942471517878,0.007995166372593428,0.009416933004464043
2016-07-25,-0.013469850571412622,-0.007073281638809294,0.0006888718756207122,-0.0036967764657788943,-0.00232060725937181,0.005193069329715666,0.002824348705563604,0.018305765522846698,0.03422991407229569,0.004316652291972537
2016-07-26,-0.006906911427038533,-0.005450127867068349,0.02264790352242511,0.0018269914079276361,0.00017158185473168563,-0.003376526419103678,0.0005286784721034843,0.01691772387205469,-0.0021761515127662386,0.016729289213644614
2016-07-27,0.06294044158987566,0.0014671556638082637,0.013491690788263648,-0.00046221401331332344,0.005685598077120538,0.0173375628413045,-0.010092999570677923,-0.010116233495878093,-0.004454145276064341,-0.008151655981726073
2016-07-28,0.0134111830402889,0.0214071581925869,-0.008669649759994125,0.0016629715584083413,0.005065937668732147,0.01336901788883551,0.00035594662246590727,0.002138290928644391,0.009235480159939757,0.0014223946937853016
2016-07-29,-0.00124647555212008,0.008204186814807538,-0.013795135586618821,-0.0030508968332564313,0.032754623314017565,-0.008516188649397424,0.008326394745373798,0.01624340780991381,0.01796357608986491,-0.012875409710666474
2016-08-01,0.01750240198001878,0.011699787950620771,0.009401639022604096,-0.0001852023340787632,0.01205827636444405,0.002980916304599809,-0.001765613288537357,-0.006501161482178209,-0.020568759460974036,0.02978918265245811
2016-08-02,-0.014914546107862183,-0.00936987872916021,-0.003799378343997966,-0.004920401701621461,-0.001024292194194958,-0.00986273931092283,0.0,-0.012237190696740733,-0.012292084744154984,-0.016203333578651623
2016-08-03,0.012460153361693335,-0.007840509370718321,0.007461574415424947,0.001859600721852636,-0.0015010268293841667,-0.004722985298206472,0.006869441594803746,0.002673101932422486,-0.006225314026186318,0.0
2016-08-04,0.006158429234761007,0.00809035091420726,0.017397185949784358,-0.002185386683359229,-0.002092425365734155,0.014987855438308646,0.007345297608698807,0.0183391310638946,0.021122582141450387,0.008486639662842658
2016-08-05,0.015092792706899819,0.006824930154292793,0.018570069531984784,0.014693915609696158,0.012068690894949628,0.006332457990709842,0.009882922639256797,0.016807237125838738,-0.0025182407097393686,0.013639228425379426
2016-08-08,0.008246674715644874,0.0007568958830049434,-0.010458707418505422,0.0013293302592439524,-0.002108958712797776,0.00087844237870563,0.0017238328469681798,0.009235552791823348,-0.016966983873728424,0.010366273238260745
2016-08-09,0.0040519176321157134,0.0022803641761202646,0.01661222567805969,0.010503508464488498,0.002790236532120824,-0.0015978596467683143,0.0024083107669091285,0.0025503890871742155,0.012828586863652966,0.010600130422042624
2016-08-10,-0.00747208860688966,0.0003253564118527587,0.00396435445063756,-0.0027462256680251883,0.0012500236500629577,-0.0014403275633686308,-0.003097709459843946,-0.006473994713739117,-0.015086200330822553,-0.006141326867356108
2016-08-11,-0.0006484627127557704,0.0034809456613437103,0.0013958298630491763,0.008554217225963655,-0.00035870223211722927,0.00016006370101949856,0.004814366297229557,0.020134569209360634,-0.0032847564907199237,-0.002741531833146635
2016-08-12,0.002313570569552067,0.0017100167029187637,0.0022057396714542403,-0.0006311423886363475,-0.0014240003388561082,-0.00016006370101957093,-0.006194146311454637,0.05443734219806434,0.003107487947433554,0.0034257216177716503
2016-08-15,0.011945489930259866,-0.005282095171927685,0.017643606007553023,0.0011042379064321465,-0.0013514430703898846,-0.007878455525774436,0.0031018321252991136,-0.0009520054282900261,-8.864605708714757e-05,0.0051167594502774805
2016-08-16,-0.0009137236467955646,-0.005807402795085379,-0.018049667025434864,-0.00537490002203709,-0.005936039580028488,-0.004854399284723063,-0.005555521259068995,-0.006051824997298837,-0.008815727347136438,-0.01060367620744673
2016-08-17,-0.0014639555655033625,0.0007718881392052844,0.0036477672879159577,0.013874900737321741,0.005265693074717364,0.008640573124728285,0.002087161489660021,-0.023435659128727967,-0.0016560451065990524,-0.0034448495081887648
2016-08-18,-0.0012825404437975417,-0.00022233212519353119,0.005187846755364751,-0.003086629304249845,-0.003320472627731217,-0.003705567771614304,0.0006946053378659336,0.015416392575165921,0.0012087703175120027,0.006192357643556169
2016-08-19,0.0025635902028852287,-0.009396973130926274,0.005732977961190846,-0.000717102934996861,-0.0038691418937482217,-0.0028285674425421034,0.0003470106931231906,0.002572959737649344,0.006644211263916558,-0.01799378076506037
2016-08-22,-0.007803012986268694,0.0028612449459098515,0.005700368642237495,-0.0026667520506705243,-0.0033821851609283724,0.004763579857909584,0.0008674814258411824,0.004167603110891564,-0.00924255005263713,-0.008415305616089403
2016-08-23,0.00312837787223458,0.003903005725525535,0.007982680816198169,0.00472703853213501,-0.0004518042507380541,0.0017705553562468049,0.0038075168470024113,0.008059548159541154,0.00853117393603597,0.0035151620902740986
2016-08-24,-0.007561802288424095,-0.006843538827050335,-0.01157028167149683,-0.0030291918736826554,-0.0037604994912019195,-0.007181802281076987,0.0010358289056523336,-0.015538908563636008,-0.009922740252936766,-0.0038672747847670573
2016-08-25,-0.0042671834673530555,0.0025981221230235232,0.004212754461230555,0.0007850649651906124,-0.0029025397454317836,0.003314891850479732,0.003789448669270048,-0.006641394323328046,-0.0074845657889115545,0.007369789964489506
2016-08-26,-0.005873574287460655,0.012799437467918376,0.00634173478986765,-0.004309741323170937,0.0024233410850714038,0.008599539180267709,-0.0024098387229827913,0.0080932790836345,-0.004399604302090485,0.0013976283460930493
2016-08-29,-0.0011230021491530394,0.00297341989587572,0.0013538113760889006,0.006106340813139902,0.0032725003486243644,0.01256488889984487,0.001205130950555436,-0.0006451261577459911,-0.022014244026844935,0.002093077842193436
2016-08-30,-0.007705904039572674,-0.004821658543237256,-0.002257254878581136,0.006469626581616114,-0.004912678207754883,-0.005547269377919451,-0.0036205698024951096,-0.00582423280079253,-0.01809971413229564,-0.0027916895424740127
2016-08-31,0.0009428456729369682,0.002056264342905858,-0.003281920920292097,0.004038974887787518,-0.0026171826021585817,0.002222662692015591,-0.0074556500347679345,-0.004716399647994555,0.003165273370958645,0.004184035836463957
2016-09-01,0.005920406994666093,0.0018963246763828443,0.003790055210294298,-0.0018177389678465429,0.00196039631800486,0.0003962999028047361,0.0022599052411014604,0.029080596173004174,-0.054473402159251165,0.007625833518835128
2016-09-02,0.009325622343749087,0.002359038801240371,-0.02273047716179004,0.003101464603956853,0.006887954619547761,0.0026911316795438767,0.0013882279466639917,-0.009866766718986515,-0.015004733126627635,0.006196210114071997
2016-09-06,-0.0002784583310817089,0.021047176376332754,-0.011678998719837658,-0.0008895793673149468,0.013895321853930923,0.02513412257588547,-0.0010410087703923768,0.009391236567438304,0.025212917233931806,0.011939679142394412
2016-09-07,0.00610954787559246,-0.005580501891665515,-0.012941832230159675,-0.007194323587859848,-3.7007920127240635e-05,0.010123393630347335,0.0008676319053609524,-0.014843346383503354,-0.0055371904013921695,0.0111275755743227
2016-09-08,-0.026558764668754332,-0.0005355275465747367,-0.003083234606799869,0.002271867694317023,-0.006394347647594393,-0.005969653762443553,-0.003996804587380437,0.007209907798642911,-0.02180154718867815,-0.0010062854041999597
2016-09-09,-0.022910171742048832,-0.030982899420211922,-0.04618655867783437,-0.02081675708574371,-0.018048407209419737,-0.024635042739039378,-0.02147232318391576,-0.05109155817658408,-0.014751515384118504,-0.041115631845373556
2016-09-12,0.022151961118984282,0.014821110815878372,0.022752437101541196,0.015373474114639154,0.013028682809503004,0.012432304742518325,0.014833419794771992,0.02045453780803351,0.019503095795038304,0.013893810237087623
2016-09-13,0.023525855910741852,-0.013677265744095248,0.004609811120246366,-0.019744468643833554,-0.012724164531861912,-0.011567213010781287,-0.009156600259994273,-0.014591650338437036,-0.011411350335593404,-0.01739788724513191
2016-09-14,0.03477505599265379,0.00010516043517248254,0.026102673427375392,-0.0024671065145176153,0.0022035299065115126,0.004392499336109553,-0.004787815100019328,0.008813936767233493,0.001834595244160918,0.0045526600715294465
2016-09-15,0.03343341926493748,0.011236227831538258,0.021181387020770433,0.007877949110727719,0.013532901576490095,0.004529170266651251,0.016395300811682542,0.037212635394612927,0.02021083106903116,0.01937790757805957
2016-09-16,-0.005640225308587913,0.011406788285257588,-0.008605671403907889,-0.008839025590278325,-0.004077040445593728,0.0055939142780653634,0.001048500827298506,0.0023900458722811604,0.024544117504949954,-0.009296075340698652
2016-09-19,-0.01172876430690219,-0.004402566814648825,-0.002982731292115066,-0.0018331810816609605,-0.003238250841194915,-0.0032593325585839775,-0.005605076076528969,0.01312169995516372,0.004566012851566515,0.03467366565100582
2016-09-20,-8.817681478395319e-05,0.006583891027160265,-0.014751112317880913,-0.0005965081508464876,0.005503830017916405,-7.775553341724084e-05,-0.0021100579413451306,-0.009151273526529306,-0.008272913229984902,-0.0010027447064762602
2016-09-21,-0.00017615720035736373,0.012127793126189479,0.009465843139540905,0.007180291991105348,0.006542972595422769,0.0100551423001867,0.016584094893041103,0.02766859382498672,0.0028301711415208205,0.0198681822788736
2016-09-22,0.009379031707822415,0.018765787320231292,-0.005846484494768927,0.0025486997230137975,0.013473603304987468,0.0010766755901178893,0.0010384544465747122,0.0024640770108146645,0.005878858010439563,0.005232282991275775
2016-09-23,-0.01680409871831358,0.0013039304990443952,-0.013055747426789298,-0.010279930619749385,-0.001213968991999405,-0.016431867429031067,-0.006767898211565273,-0.0010769881109804528,0.004928963281630946,-0.017769640317342284
2016-09-26,0.0015071598462837433,-0.008212302206602198,0.00024022868106393807,-0.00732874152072345,-0.015220405497396183,-0.0050926097156272845,-0.00927157787449291,-0.009436401593296789,0.007396070699162761,-0.009339415893306564
2016-09-27,0.001858659349347058,0.02098796993412601,0.024708797559248052,0.008292685503008929,0.01001632516175194,0.010781376476310094,0.018285105079559532,0.03362177672601132,-0.015332982936979737,0.018592806133943807
2016-09-28,0.007575925366959711,0.01533321108700042,-0.0009369932639739451,-0.0012165591244617466,-0.0008267603702619612,0.004187238045168862,0.001379609946287256,0.0036003114270906334,0.002232554158387619,-0.0023051948677020617
2016-09-29,-0.015654987292320875,0.0003980905879389607,0.010257519595073398,-0.011062596220118523,-0.009201919296246603,-0.008860527664907624,-0.010915755577417866,0.009241357402471787,-0.027374718827468385,0.0023051948677020534
2016-09-30,0.007725515039456814,0.00991395359780236,0.0003476115852419571,0.004264003494307957,0.0017674407762174622,0.0014042575176174965,0.0034783077595114892,0.016480559552058325,0.016455794888206192,0.006230391750048131
2016-10-03,-0.004699476700966238,-0.000680973764983831,-0.014302686973609317,-0.0024078544695145796,-0.00458720356669632,0.0038904268895806936,-0.0031298651294513094,-0.0010220892557995449,0.04630612003964714,0.004240782169892648
2016-10-04,0.004256962395650498,-0.003244060584881045,-0.006015390108225878,-0.005485579280386298,0.0030065006491821955,-0.004514304564370762,-0.0031398411079749853,-0.0021935936870526988,-0.010773813020036825,-0.010800274506564277
2016-10-05,0.00044251430531579773,0.012309537046675208,0.025867551966031948,0.00826335884428864,-0.0019451234960893684,0.0021819608335103885,0.006963977556617877,-0.0010254540005715197,-0.014052203493637089,0.004596174144518131
2016-10-06,0.007402889832082502,-0.0032027719489173745,0.0040842600497925045,-0.002036283561812824,0.002306242613123433,0.002099455446997126,0.0017331657833881357,-0.01312997785338201,-0.03644228317841957,0.007830560743281825
2016-10-07,0.001491263933662036,-0.002653037041634748,0.00011470945126582522,0.003606940326709985,-0.002955394798472469,0.0019400334371907457,0.001038370817806355,-0.007303311531678535,-0.022082819919175916,0.013236500251571777
2016-10-10,0.01729667019859259,0.0027124090570470956,0.0032092916256102203,0.005018773340317409,0.016670364179576454,0.0096438147153585,0.004144058523013227,0.003732921670601334,0.021834050782377223,0.0032021759249788624
2016-10-11,0.0021519357712057804,-0.012805732090881757,-0.02081335469511367,-0.008347794354478421,-0.0056658539459048364,-0.01049708261016832,-0.014753573714322007,-0.014561713618741616,-0.004238857426326262,-0.01773957064721565
2016-10-12,0.008902683701322153,0.003711492733645314,-0.00409789423141034,0.006048731359089898,0.002713749359154579,0.0013182068722045915,-0.001399738320129679,0.004526158531969876,0.0070217560546560155,0.019974833186094696
2016-10-13,-0.003072832872995887,-0.0057833978576955014,-0.009015738560776004,-0.011901319015460762,-0.009518424568410472,-0.009576949295674415,-0.003332467636519066,-0.01639115970745287,-0.006322401203487021,-0.02650449945871164
2016-10-14,0.005541105916393366,-0.0076503034711685606,0.006784270611443374,0.00793452414595983,0.0006465279881525016,0.00046937410027927647,0.008746048098120155,0.009745855600489567,-0.01880326184953275,0.004249176518810098
2016-10-17,-0.0006801970202159764,-0.012237983380288042,-0.007139542317555078,-0.0006703730067626701,0.0027802236810004167,-0.0026622625596098843,-0.0034892304931652854,-0.005775118732023414,-0.013061373928427626,-0.0029398435012480103
2016-10-18,-0.000681014044230176,0.005764780195714339,0.019293815362162268,0.0003468007664374897,0.01799433298538111,0.008043362793998901,0.007660210876549586,0.015126448153135914,0.0261551834057357,0.009441758065110162
2016-10-19,-0.0029836321025712843,4.8892619500871804e-05,-0.00174410036571935,0.004842624475787991,0.00649147309513106,0.011906763392641375,-0.002257009954616143,-0.002103931669124309,0.022153690439827626,0.0038811533735397955
2016-10-20,-0.0005125392681577264,-0.009054054577124018,0.008920660522220581,-0.001726817904492553,-0.006320901583313155,-0.0008459198872519816,-0.004879311742940857,0.018778334232802184,-0.022153690439827765,0.002578682399069866
2016-10-21,-0.003937506148502208,0.01064269634871374,-0.002829642716488382,-0.006357300495466412,0.0029530166122467756,0.015797931247089822,0.041234325404593625,-0.002808996651205874,0.004960053389270265,0.0006439017193069016
2016-10-24,0.008964936271327247,0.023053571602289605,0.020775046411902205,-0.00046392949103964663,0.014074120620512035,0.009119921650896413,0.02221217167865802,0.04586704499657912,0.013255782319386055,0.010561608936449269
2016-10-25,0.005086905442571539,-0.003478227265262898,-0.01656250715860143,-0.001160766235962276,-0.008640185412735478,-0.007455861897820156,-0.00016405139800678738,0.016271893907391057,-0.0020735538234807234,0.004447251014518772
2016-10-26,-0.022751544782708466,-0.015189311648635701,-0.0037500547042264958,0.0027372491516055824,-0.007815099294124913,-0.009493778200354163,-0.005920184885521071,0.004027037217804016,-0.0004943039876348087,-0.010835104113515532
2016-10-27,-0.009649160821573842,-0.0051556121052989895,-0.004402729497674869,0.004530123773699926,-0.005794706130243654,-0.010355530553789905,-0.008779795314708707,-0.020723403157627423,0.008713903341231828,-0.014198023668759326
2016-10-28,-0.0066609310134122055,-0.05273746462714759,-0.016921384859196233,-0.002863611028037807,0.002700240304216086,0.012261721093960306,-0.0038344407520681176,-0.0016992112571066029,-0.020001694420782184,0.0
2016-10-31,-0.0015841453824912502,0.01724024493034903,0.005476432865031869,-0.002315351809997203,-0.011857011062853516,-0.0022878181431153933,0.0008346801179979384,0.008467601948928124,-0.0112648664380099,0.010667524971587367
2016-11-01,-0.018220358769126255,-0.005599220899880221,-0.008729305876830042,-0.0015310741386093925,-0.005472374920268575,-0.011440072825815982,-0.0020045181810205105,-0.030099870932006546,-0.03572917933325962,-0.01261950185087088
2016-11-02,0.0008962897792590521,-0.025598290110372974,0.022030420699669255,-0.0021846756080366164,-0.02140743354370563,-0.018155911295023225,-0.006206708320024193,-0.00420893702095349,-0.014624928607686303,-0.010474758008516471
2016-11-03,-0.010776314248606917,0.0019183632456770188,0.0024885624181007386,0.00046987563117206104,-0.007933314643833029,-0.05803308220875071,-0.0037085267456184916,-0.011702784906296738,-0.003196249312682956,-0.0036262481051488344
2016-11-04,-0.009054851583450369,-0.01574201638086665,-0.00475139773818805,-0.0021231727046637414,-0.0013945238393205462,0.006230544183471143,-0.008480374576421798,-0.0057551690572360354,0.016615024207768538,-0.0013218812199582534
2016-11-07,0.014322097275541965,0.03881055777578197,0.027441369689444134,0.02648436493452034,0.026442982794645707,0.011527511734078224,0.028709963888747664,0.05331134112602559,0.013810542565552045,0.036048802928336704
2016-11-08,0.0058695503241367524,0.0035863063860561476,0.0002261643221563616,0.0053509955922946125,0.01232972965137511,0.0168042680970739,0.000827508878743387,-0.001544579209532812,0.00891415581055783,-0.000319126277457392
2016-11-09,-0.001621960820314315,-0.020351656616763452,-0.02043339513435411,0.025189687263918216,-0.007900883287611292,-0.008407469509990337,-0.004973795264480009,-0.017007309051564723,-0.025352027226254088,-0.024222054989100912
2016-11-10,-0.028263804158404494,-0.038967915913410055,-0.03210973267999347,0.028707613803090174,-0.03190944371107295,-0.01951032620160344,-0.024733982890359524,-0.03180426044956292,-0.025093892626658724,-0.03831887954139213
2016-11-11,0.005920060878207392,-0.004549761606454742,-0.002384828204910097,0.004737423768138695,-0.011004777448944496,-0.014844819906829943,0.005436522640345347,0.2608759862019173,0.017170385007960295,0.016507017304375707
2016-11-14,-0.02540555414186146,-0.027352787702499593,-0.022697772691261033,0.0075926644153218245,-0.02430320425066109,-0.033663986330949726,-0.015366322957817256,-0.050473435726518474,-0.038436121205856155,-0.036751193412169494
2016-11-15,0.013157155919078765,0.03306029552684798,0.01617106491536515,-0.0027504513266468898,0.02871186393469757,0.018254267644320817,0.019554622638538053,0.03003223634045648,0.012704782652867608,0.012058730344701002
2016-11-16,0.026532853430892178,0.004363275146409244,0.00825657135440861,-0.0022482882187780306,0.006199022721742401,-0.007364940147808804,0.013162385034984805,0.0612045531259195,0.0008702894675928638,0.0223509462398423
2016-11-17,-0.0003633118852730881,0.013188079873534401,-0.004718197759994731,0.008794610826098241,0.007891952188717835,0.012386438949873627,0.016460718233431062,0.008260161923702231,0.025391205236001236,-0.013146933791449014
2016-11-18,0.000999692517411315,0.004958593467895289,0.006682540983459082,-0.004890913891698423,-0.013046497092526322,-0.006558496045901689,-0.004793932308398192,0.010444568646077963,-0.01948249147007289,0.0
2016-11-21,0.015059570977376448,0.02576499750060365,0.025944771847471366,0.004680409733464004,0.011315180471729358,0.03978921319822921,0.008415432437515545,-0.004078901635128296,-0.002706104713954061,0.006089306268147906
2016-11-22,0.0006263990987424746,0.006810055400562269,0.025401726209322385,0.001266565987609657,0.0002547329688034607,-0.002466648170509005,0.004262653714671695,0.007179791525283324,0.03540524853286966,0.008730972411241942
2016-11-23,-0.005111562552332733,-0.006656207779334262,0.0003391472680917989,-0.003078733287164443,-0.007672627537849107,-0.005200117831842147,-0.011849769213287233,0.004907306596294548,0.01025223107104114,-0.0006690179531730965
2016-11-25,0.005021921209063427,0.00032043172998065663,-0.0018650919370126323,6.32704495575485e-05,0.0015776077671984295,-0.0038138948808821133,0.0021499001512639464,0.002019803606390839,0.01801012674719332,-0.007724802548222416
2016-11-28,-0.001969769140000809,-0.017581286787268918,-0.011952637147921188,-0.007132531798522278,0.007100781649031996,0.0002493148560568179,0.0013207325466847517,-0.0005313917451412507,-0.002698732176917182,0.0
2016-11-29,-0.0009863043571630109,-0.00555818900972278,0.004570411646318295,0.00420101891505541,0.004634397229027239,0.0038128823874336733,0.007888180794435705,-0.009180324306628445,-0.0339684278844735,-0.0037155031272034797
2016-11-30,-0.00846970724193944,-0.01579581593264907,-0.028677487838633962,0.002572927393899225,-0.017325983713357952,-0.020477974631911144,-0.013679536577288966,-0.011323818624418816,-0.000897103679257112,0.004726840095558019
2016-12-01,-0.0093629815238394,-0.009262441992887704,-0.04621570086464375,0.011832670601474532,-0.014998347175384395,-0.028436285334963608,-0.01774694716776245,-0.050722524060586464,-0.04051412131070505,-0.03915366680067153
2016-12-02,0.0037377377684669763,-0.004460971341376137,0.008745933385440366,-0.003136415658839281,0.00017025436979161183,0.0026031827160537813,0.0008441860226357455,0.009200163239071215,-0.0022567721671120783,0.010799710924534876
2016-12-05,-0.007214374128024936,0.02536643989167638,0.01156364906001042,0.0038825272642248943,0.017839400733401747,0.01743783065629425,0.01623870698222218,0.03804570110492736,0.028948175607045757,0.005528792087567018
2016-12-06,0.007669377372239593,0.0070338214891637295,-0.00828073346226981,0.007620887131361067,-0.0026247915400810923,-0.0010223075740963374,-0.004493547805909988,0.01630110011228415,-0.00509856662561987,0.016743603065935406
2016-12-07,0.009774565665085364,0.007426062958447713,0.022742377888942965,0.01861524906047556,0.019507698743073253,0.005440660650071705,0.02341002224202325,0.017829195693541824,0.03852719230925342,0.01413221619536051
2016-12-08,0.009768964076706346,-0.00401883948276949,0.012733629026358393,-0.0010558376615384883,0.004663762231997973,0.00810627658216055,-0.00588302374281689,-0.016865897764650434,-0.004462487636317286,0.003668575644897179
2016-12-09,0.016190209112289754,0.0017317253309034146,0.04792260082696051,0.0043380498185647065,0.01779915243378912,0.006454523789343437,0.015612598049110716,-0.017917362525664837,-0.0005721748391663005,0.002659504601433616
2016-12-12,-0.005720625283076098,-0.011172374954761082,-0.005206533743545453,0.006849742250483471,-0.001916734451021916,-0.01608795182934828,0.003222040610778827,-0.024586504518820246,0.0012999985316772525,-0.00733082495280715
2016-12-13,0.016543914497498466,0.018534699983371306,0.0071585071200877615,0.0032972352375269373,0.009166889501807936,0.021338275660214415,0.012944648344629725,0.01748191344846866,0.029291869705805218,0.015267476968701031
2016-12-14,0.0,-0.007154108080487176,-0.004493325234806373,-0.010430200568538515,0.0031226758349781883,-0.0008315778759749831,-0.004774841129180094,0.0562992374267107,0.0027215205279540696,-0.016271308087204173
2016-12-15,0.0054541315150424445,-0.010223583295771789,0.01336586362272758,0.00464684288225717,-0.0027425161322200465,0.0029902456798093003,-0.001596716239104553,0.02316130877987986,-0.005602282648722401,0.009661879410438863
2016-12-16,0.0012941959393714295,-0.00425342265351657,-0.00887233178360054,-0.007544367831310492,-0.007148572252963555,-0.005822550702716311,-0.004484403044370789,0.0170759515312296,0.024546945787166506,-0.022804300470753946
2016-12-19,0.005760852864155114,0.010802234663303009,0.011368613645019395,0.00778198314129813,0.0032790562296698216,-0.005269646552994991,0.02096655691841658,0.01207648647067577,0.0011845266232092116,-0.0071490067529918055
2016-12-20,0.002654250977160806,0.006791548117604901,0.008882553602732176,0.0028590347419296383,0.003317563073944901,-0.0012587967122377128,-0.0012581398512112566,0.03423953977028314,0.029453938280041926,0.0013654949656681627
2016-12-21,0.0009403088505617702,-0.0008042974279366171,0.001207701023846922,-0.001647671931539065,-0.0036867984127690874,-0.000419929764078996,0.0,0.006255792965007075,-0.005234195214129661,-0.00581690974637733
2016-12-22,-0.0065996671725190425,-0.005543429974597146,-0.009314198233496801,0.0014830268517459716,-0.003107559785681411,-0.013872667560909572,0.00015741245716203666,0.01202207948526498,0.003604418381943262,-0.013822043632907064
2016-12-23,0.0019757632844716213,-0.007531547519569064,0.007392157238728924,-0.004024150299725491,-0.0023247241223380843,-0.00110799395960618,-0.0048899372142279145,0.024621990569799496,0.023187948121137215,0.01072853229253261
2016-12-27,0.006330819612118416,0.014112614845866555,0.0020315023667407863,-0.0028265716376116396,0.0026336087144429986,0.0062904995122021945,0.000632285433882537,0.06642745304489638,0.02860173646003059,0.001719716713737357
2016-12-28,-0.004273189951237302,0.0009458585685835312,-0.011696696305392584,-0.007997931515429192,-0.006639874426777877,-0.009279529949797817,-0.0045933379958481785,-0.07126667291110035,0.0009561276882602556,0.0006870922453837518
2016-12-29,-0.0002568127790486778,-0.00908101137029574,-0.0017775610521250523,-0.0033889340970145437,-0.00210280037907183,-0.004886999407247574,-0.0014300820333699037,0.019757441448391706,-0.023296440031678647,0.0003433691678392898
2016-12-30,-0.007826521625034218,-0.020172033398638423,-0.017384913839509655,-0.001551304900963152,-0.013075665649680606,-0.011235966573027799,-0.012156039234375445,-0.043000353665682584,-0.004622179490254591,-0.013130718999437343
2017-01-03,0.002845308367946836,0.005054711838838558,0.008842616390476721,0.007057589843984928,0.019444770778855314,0.015609713199511863,0.007055684563942057,-0.04532514186498367,0.015324855095268295,0.01929096195922873
2017-01-04,-0.0011199906216421568,0.00464647301631583,-0.007146876252398221,0.003045996872295486,-0.0002969618804505335,0.015538488450502264,-0.004484403044370789,0.02306319555065582,0.04505471633347787,-0.0003413415325365255
2017-01-05,0.005072654031506274,0.030269616426223996,-0.0158820016869775,-0.007113644348992176,0.006478272201234374,0.016544476017326892,0.0,-0.02571338788360077,-0.001057861030955868,0.01692120906966123
2017-01-06,0.01108658891700944,0.019715957739975132,0.013167825148678673,0.00221113571890567,0.014882321923487948,0.022452535992079834,0.008630547134580207,0.013278565809892688,0.009917553493924881,-0.005721148241100213
2017-01-09,0.009117832939299584,0.001167703507288725,0.002149573286875497,-0.009346952933000583,0.0023844678198159846,0.012001239562839137,-0.0031872939757995973,0.039742996889190106,0.009863458023055665,0.013742365021490927
2017-01-10,0.0010079874870676196,-0.0012808103905381707,0.020138283138123984,-0.004262271801388331,-0.0014156852131922408,-0.004413214803549234,-0.00031976284607231,-0.007578651361160087,-0.006115156941657397,0.0009982325681408312
2017-01-11,0.0053586561886475184,0.003912478289611972,-0.00638953375819155,0.004463805514753351,0.004650104952983086,0.01389575442649949,0.009061230954997078,-0.012380586926768303,-0.0006092435195030356,0.0033201052631317957
2017-01-12,-0.004184080734868123,0.018132006141166754,-0.0031255705661641675,-0.001275694088767955,-0.0003976495001872133,0.004194582009690821,-0.009220845966907623,-0.016491391848799858,-0.000609614923456095,-0.02960205879161542
2017-01-13,-0.0017624504638428396,0.004292412484765452,0.008850053495611986,-0.0014422584142159255,0.0016983554907328926,0.01349251928657183,0.0014364302990517287,-9.659166219299324e-05,0.03492463195369908,0.0051081280110695584
2017-01-17,0.008031955915174267,-0.009121890314228593,-0.007453423824782878,-0.013843838872202328,-0.00419682238850389,-0.003668899404541789,-0.002715285569020327,-0.022685765691137522,-0.009169203719983712,0.006095492917967852
2017-01-18,-8.358458136923948e-05,-0.0027702098070146357,0.032463729443651314,0.006393473283690755,0.0018835221835557738,0.00039105751098096673,-0.0004796789065003685,0.01803422185644263,0.011731632670332903,-0.004398214890193055
2017-01-19,-0.0017513649478083759,0.0019300507014308483,0.00291413385074329,-0.006585826813343874,-0.00562478262829489,-0.002896610136893461,-0.0032053411243287908,0.021239527345687716,0.022402035945969845,0.0047359499000074025
2017-01-20,0.00183494952917762,-0.0008779580464918789,0.02931429481616159,0.004839392006278154,0.004599002735338291,-0.004006506387724274,0.007038305170760188,-0.010995634039844502,0.003971315219317114,0.014740597589631891
2017-01-23,0.0006664267170561597,0.011745257952587861,-0.0004189719618929801,-0.009114156489143576,0.019443500251358495,0.014767704623893952,0.0035001575653280637,0.010329809621043217,0.016976100373868687,0.008609467406227957
2017-01-24,-0.0009161667449179992,0.005559920523586129,0.03473003830657249,0.0118571863458895,0.006021281390433603,0.003406797955716489,0.008855322080157832,0.02109096379075339,0.022601411503190925,0.01602633870099669
2017-01-25,0.015795047868392424,0.01697486266869307,0.02363764637602543,0.02216475567463165,0.01044523019195726,0.016178264889513835,0.0025154225237046007,0.004277141847880162,-0.0005500843249134191,0.015773769953074022
2017-01-26,0.0004920683188392279,0.0031390512706332713,0.008311817347738483,0.005263383137693277,-0.001713937477462142,0.009838665567787298,0.00922245915443055,0.017108514422458896,-0.0077321030234220765,-0.006408242683957215
2017-01-27,8.190868272235824e-05,-0.004035988422900606,0.007514179873863308,-0.0025877420230541737,-0.014042410398916972,-0.004528897331423271,0.023222871187482813,0.019149273577159266,0.0017409759146729197,0.004489887133289975
2017-01-30,-0.0026272007797824666,-0.0064700456424170135,-0.012178284461574585,-0.0020263431452323616,-0.025407851359005893,-0.00911991309241638,-0.009930408657803999,-0.01578063119034821,-0.009213992922049127,-0.0019215835689413996
2017-01-31,-0.0023048257956964123,-0.008344194046237697,-0.01847459319017422,-0.002111761668480321,-0.004428230541201277,-0.005051473280733716,-0.0073970625991372765,-0.007664139867577309,0.0051734895114166285,-0.009017954038512898
2017-02-01,0.05919376881249095,0.010713775220083516,0.020784963857985787,-0.0022384576205479166,-0.006053462971832964,0.022083662344388,-0.01668914814657474,0.042761373500511166,-0.010735061799641487,0.005484881504236566
2017-02-02,-0.0017103946709537557,0.009089366182682778,0.0017656991814555874,-0.0044920036330375656,0.0036973131593969195,-0.018101579900999983,-0.00646943802973815,0.012558318384116408,0.009225563392159148,-0.00969969618450212
2017-02-03,0.004270129275040146,-0.036061309620379046,0.010287386516068243,0.005371704591462386,0.002282855997745217,0.0010693908373455995,0.00804072709134073,-0.008791764363002328,-0.0008750106521047401,0.006154019709642434
2017-02-06,0.009330157961534528,-0.003164675408744075,0.0019387446322031393,-0.0033478055452831877,0.0018152984927498883,0.008211620563984414,-0.0006283792910614938,0.025293875645137867,0.025300974445146132,-0.003233817217370041
2017-02-07,0.009472007158432685,0.005999500277441461,-0.0031520134941699974,-0.0023104378639157023,0.00921948420431377,-0.0016671933029330512,-0.0033051842829663392,0.015395492228880751,-0.0011257522514144802,-0.01140303393480392
2017-02-08,0.0038700851459412627,0.008834713156431634,0.004748059121387964,-0.00044634540094147914,0.0007835720852140104,0.017742264604893743,-0.001419820308567162,-0.004374649491714495,0.017707791875794108,-0.006244569373152058
2017-02-09,0.007200100396861365,0.0020108949509514123,-0.007519989086418996,0.0075446495903617695,0.0002168194174587473,-0.0004472071985448731,0.011303110824619649,-0.01898007449843892,0.026804792953342108,-0.003964416170732585
2017-02-10,-0.002268126839439533,0.007399271957367783,0.0008761452040126334,0.0,0.005754019124224254,0.0003724384591939792,-0.0009371221937528975,-0.02400108103802434,0.00011148015529282554,0.01641526846032784
2017-02-13,0.008816504534891438,0.010901587773773527,0.0057737406533817405,0.00946723905633324,0.004911089099446196,-0.0010437964063563798,0.011187394213094738,-0.04721637454787305,0.04136410186266171,0.0314127404874463
2017-02-14,0.012895905096452115,-0.000167371291070307,-0.006698536561832345,0.008336739952861785,0.0012746187621840636,-0.0014930630301648123,0.003723596568345904,0.0036841593663234453,0.0013533285363129279,-0.011424950775517133
2017-02-15,0.003622481474463572,0.007515972191507316,0.0032095786192479687,0.0022775827591167094,-0.0032314606544695474,-0.003067673985280237,-0.0006195720515323593,0.0020201617558022267,-0.004351390314469597,0.013316696004793053
2017-02-16,-0.0011811578787671348,0.0017073920274126317,0.010575065504695908,0.0020298918391194625,0.005775834549582592,0.002993054127500921,-0.00015519797636265298,-0.01618501531786132,-0.03940661510481761,0.017793280767710713
2017-02-17,0.0027296852389603306,0.0011011339720112818,0.010654913939341721,0.005305977892218152,0.005187279201137582,-0.002319088617425422,0.0015489402518740405,-0.00018641917836991487,0.012121775789011094,0.0006187330728230019
2017-02-21,0.007194541324114864,0.013364721046282176,0.011059626404269798,0.0033640817625485804,0.0032078693128934177,0.0014220666699423675,-0.002013894497933107,0.0351846816097154,0.018777153847110366,-0.00030928176974424866
2017-02-22,0.0029952908949559694,-0.0009696000983505087,0.00660555902508524,0.0018155293748513509,0.0024580385449953796,0.01778886398769332,-0.0020178274817908718,-0.001534018635944367,-0.014086292115606103,-0.008074490187318643
2017-02-23,-0.004239061347532146,-0.004005102457664227,-0.016857638835524495,0.002942732812657437,-0.0004231041666540383,-0.005598969953081916,0.004031721979724036,-0.09730756994272516,-0.06619976293766883,-0.010028241883470838
2017-02-24,0.0009512116177855312,-0.008188892182268277,-0.0009979409759259645,0.0005490842197805314,-0.0037555366248249464,0.0005907839691033427,0.0,0.009606598766982373,0.0039376971511312624,0.005340006076029563
2017-02-27,0.0019740308173184576,0.004014414167614488,0.013738141148512675,0.0029559468311370946,0.002191523586891212,0.007136437517198085,-0.006053498085091592,0.02866071950976481,-0.042810051837845475,-0.012293390944647938
2017-02-28,0.0004380913581374977,-0.004251111904897895,-0.011079291615414056,0.005088771838856509,-0.005594416124920126,-0.006398391353091357,-0.0039000489182833336,-0.02846375749806879,0.015154913399975685,-0.001904654308540566
2017-03-01,0.020233245031633155,0.009469376476098914,0.019762413192705365,0.03408006549610038,0.013892531061591792,0.0137751293504984,0.014893445401390643,0.012826419744439509,0.00011993168485901984,0.003489213118096452
2017-03-02,-0.005955254184222986,-0.0049001540247000505,0.009944038145557298,-0.009112377139591926,-0.008086435476477942,-0.004814396913958199,-0.014424588221126208,-0.03756811674630447,0.0018382577734033126,-0.022738908639299164
2017-03-03,0.005883812804850585,0.001141990874290171,0.00472893020854784,-0.001670590410555037,-0.0009062846684277735,0.002993426585142431,0.003742636638523281,-0.005774356602155837,0.004342173871295661,-0.000648438032696704
2017-03-06,-0.0031528601124792377,-0.003854974100191868,-0.0017420878032853675,-0.0013689256073417322,-0.002134164365736224,0.001820970328815861,0.0003109544638116559,-0.007750982255438958,-0.0014320481056087722,0.0
2017-03-07,0.00129099202163702,-0.000697207771629643,0.005992785826909146,0.00022828444340665494,0.004568999931036082,-0.0008736429866271976,0.0020209775352684743,0.010895541474138735,-0.01048433133048071,0.014800943378811418
2017-03-08,-0.0037341682229346668,0.00528147875098045,0.0017316880711415645,-0.0019420809211413116,0.0029211667049627056,0.0030544170486439654,0.009119326495952556,-0.001824703825374808,-0.006943029517876438,-0.0028789533515207622
2017-03-09,-0.002305009416863122,0.0029351355505987326,0.010778022856817919,0.0019649064994855044,0.004907916093719793,0.0037686307191287832,-0.004008332893949508,-0.0002028960374732536,-0.008011860916409338,-0.007716642420740885
2017-03-10,0.003311989993099157,-0.0006332702571133847,0.019359938553001846,-0.0014276009025820234,0.004153176442040596,0.00397072053984707,0.0030848728541955917,0.005868603643649804,-0.004953088918532334,0.002578682399069866
2017-03-13,0.0004308977297948791,0.0024955044641490533,0.00044189218929731805,0.0018992129115667131,0.0036731480339862147,0.005819199192364023,-0.0033940730739586496,0.027170108291981708,0.01012539541037759,0.014066922051447524
2017-03-14,-0.0015094886132032256,-0.002413437651246342,-0.009317048360831531,-0.004153257127524646,0.0015372395753958494,-0.002007768088993435,-0.004646764357177954,-0.0006877433713963492,0.046937290291773334,-0.009249264494688233
2017-03-15,0.010520993153475402,0.0005159627137938516,0.007018183161593734,-0.00043155549690469634,0.0028599371925780047,0.0028669133764970063,0.00526487394542222,0.007536835733533878,-0.008837356078796606,0.022181139363465607
2017-03-16,0.0016353246826660167,0.0005274972239583946,-0.011402627108264134,-0.003321181688576116,0.001852258871498481,0.0019305744311627388,-0.001700281432541647,0.012212199735258188,0.024413012744144803,0.015547510535735418
2017-03-17,-0.004987589535068147,-0.0013014964034150063,-0.0053210332781504065,-0.00756729798936603,0.002720424316954226,-0.0010720567624416654,0.0035519962833688496,0.02153687782651864,-0.0021010534960668706,0.005538455245776868
2017-03-20,0.010446348363621884,0.005452552411117806,0.00027139152020532375,-0.003683131417201923,-0.005125647166868389,0.0007148321937124638,0.0009242486348872891,0.031368270330880514,0.0016048232088261534,0.007946311740638822
2017-03-21,-0.0115182690868922,-0.01619872160184447,-0.023877285903140377,-0.01700027847631924,-0.020686864368556275,-0.010271191934219883,-0.011151047842262701,-0.032877864723029296,-0.04386183669150123,-0.011327501362920185
2017-03-22,0.011235264819375245,0.005747210959233595,0.006460525433336986,0.0009024079929710842,-0.0004001019481289365,0.007766930420310245,0.012690084957293879,0.020189365511953727,0.01712559436469392,0.006444963032633791
2017-03-23,-0.003541813452768452,-0.0008021610628207483,-0.002579339103339945,0.003232519891655669,-0.012015942807015515,-0.0004299355190481901,-0.002463285749918494,-0.009109536159222748,-0.0009024353569705339,-0.0039844896029179976
2017-03-24,-0.0019885618631326012,-0.002090999023365736,0.009682595032675814,-0.009471415155294184,-0.005385562966302425,0.005788536375747938,0.0016941281334091564,0.003542223325910158,0.032361869904410125,0.007648699200202292
2017-03-27,0.001704823850358851,0.001429922898893828,0.0003653785800009593,-0.0056440960511441336,0.004027037696541738,-0.00014267146372104323,0.0018451018888452075,0.007231221528015044,0.026474241022969476,0.010912464623800565
2017-03-28,0.02051458784592607,0.010782210376272361,0.00863660320076725,0.006511730375937939,0.002525113869179851,0.010210046601092607,0.0029144505047773235,-0.005186341686397128,0.02640431249256799,0.005411970624199173
2017-03-29,0.002222915942337753,0.021176073977231393,0.001627832055334141,-0.010985992896628405,0.010931666737464053,0.006258652007226501,0.002752970688872403,-0.0032551535954448182,-0.0002523628087131931,-0.012673893002050443
2017-03-30,-0.0013191422306447836,0.002307741839889129,-0.005755070375439201,0.008130661007450371,-0.0004588656689772565,-0.0016837989066813594,0.003659198494082046,0.019009433556580375,0.0019448573202456316,0.00424240732924337
2017-03-31,-0.0018777622208731167,0.011572064053437572,-0.004919992225812735,-0.007774383820032753,-0.001979641639911192,-0.0025311885376328677,0.0022798582198209965,-0.004305666328602673,0.0013663698860456703,-0.006979027558652866
2017-04-03,0.00027870689814822223,0.005590427057615806,-0.0007313028150240772,0.0029973046717538124,0.010501425611044248,0.0016178691293541878,-0.004717942692720093,-0.0050619871830030515,0.070137242448815,0.0015211077931787463
2017-04-04,0.007418699145258297,0.0170383214046624,0.0007313028150240897,-0.0001995410562342735,-0.0048909119950649935,-0.0038731335036134447,0.0027423233032387974,-0.07270359908308661,0.017203522847955472,-0.0009121690906950447
2017-04-05,-0.005194467678084707,0.002698106338604271,-0.008393376552233716,-0.006607292032187324,-0.0043022699551136636,0.0008463473736894723,-0.0025898209855124447,-0.007469413395252369,-0.029065010091483733,0.001216330833947918
2017-04-06,-0.0025029383653218757,-0.012171236662741317,0.0017029021946556354,0.00556903620854657,-0.0044980341043731435,-0.004805285875609631,0.0025898209855123614,0.007271083177669532,0.012464332322556724,-0.0012163308339480147
2017-04-07,-0.002229696807290945,-0.003792236846299923,0.0034425274023684397,-0.003301620791879899,-0.003556216433739437,-0.0027664778121376946,-0.0007613482318265595,-0.004276773637502929,0.012773705710770768,0.0003043666617018681
2017-04-10,-0.0011864653253327326,0.013496957340826888,-0.0010544385974204527,0.003737020817532322,-0.00047506435787524125,0.001845132343107111,-0.0022860494954745915,-0.025846988265495942,0.032038958438399955,-0.010705333160441814
2017-04-11,-0.010815082330910594,-0.005173022622662573,-0.002158210416800321,-0.00720644401307857,-0.002164795099446759,-0.007972800189823487,-0.0007632865908062639,0.0035734067387432106,-0.011850052290564796,-0.003696725150389825
2017-04-12,0.0011997075952851336,-0.006816465475626657,-0.03913813178562391,-0.002702753336505706,0.001879629846900372,-0.00243273328787575,-0.0038255196508548226,-0.008289138337397852,-0.039209091560892646,-0.0037108113491354506
2017-04-13,-0.005303205775819267,-0.012982362180291775,0.010082939492561716,-0.011888237713434207,-0.0015224697462962336,-0.0013622128334640248,-0.0043016130076853525,-0.018880401239397868,0.02383441524190169,-0.014038587682122612
2017-04-17,0.005514810561851845,0.019388679242407184,0.011995120196697535,0.006914812990584112,0.017637334388701215,0.014458293619993288,0.008127132658540013,0.03841886695393469,-0.00845666406090481,0.006263740704684231
2017-04-18,-0.00445231391028202,0.0019825439257081605,-0.003607055222369589,-0.003858264508035101,-0.0013340061412178267,-0.0032578675022933838,-0.0013756822449122053,0.0006044315977453633,-0.0039555765419476896,-0.007521135699529974
2017-04-19,-0.003689657955106669,-0.005080490932540684,0.002484060274452865,-0.0069539293326729475,0.0029465586186880333,0.009250539151995151,-0.005366714552101722,0.003920264821495602,0.01739979616054783,-0.005678227294735266
2017-04-20,0.012433415415049583,0.0031755921300895573,0.021211869345785592,0.012836895888932736,0.004159432715641431,0.01069672760387974,0.007047768480324167,0.01572645292350136,-0.00990089627307182,0.005678227294735152
2017-04-21,-0.0011939666864657238,-0.003920991580964202,-0.0025230085123670353,-0.00669713309828213,-0.0013146891464734666,-0.0008349726029700246,0.013647046992313543,0.0041392565959154,0.010162691674158862,0.009081127037623446
2017-04-24,0.009583531540037086,0.00983429874612701,0.01631355548590977,0.013349712819309528,0.022994546116849198,0.012381309643655008,0.016874778803841615,0.012412786521212532,0.007920155624320208,0.019142237613853096
2017-04-25,0.006176897105290875,0.0002314421627079044,0.008820593155897283,0.009522529318695837,0.011212045186947323,0.006987285680060089,0.005758344411135569,0.0172376017467214,0.018526737287367458,0.011251209879925856
2017-04-26,-0.005898495573351061,0.0018382843639346154,-0.006833960292599299,0.0004775340234245477,0.00033748990412267723,0.00047776596039904453,-0.0013254832927868132,-0.00689816788124665,-0.011603422813120651,-0.002118664606644512
2017-04-27,0.000764946941592813,0.009947135813499207,0.00634050454606459,-0.005589470787104132,0.0025833006176649077,0.007748311439273487,0.006465156735130303,0.015453854860114231,-0.004977395109534198,0.0006056979827484929
2017-04-28,-0.0009739415806430791,0.00717171217012917,-0.010272853136045328,-0.008719642171986553,0.03643666104022691,0.017117328729444162,0.002779620079968874,-0.01276518536656583,0.017472763075992347,0.0015129666238959617
2017-05-01,0.020191994878748575,0.024814135682882283,0.002307235480046149,0.001975607940222016,0.008937411691466779,0.014601707311446617,0.013781491550058872,0.022186887101613907,0.027509961221330346,0.009929563903519808
2017-05-02,0.006324326654881434,-0.001361332480141284,0.018488907351153692,0.002976192673045955,0.004567069825633497,0.002096606627406245,-0.0015867072415131475,-0.03008021684336617,-0.012279655191125689,0.015743741049284016
2017-05-03,-0.0030552977175591577,-0.006260749456835918,-0.0024427558083348726,0.003967861561385466,0.01204972911216167,-0.006434935925156773,-0.0031792180857476426,0.007413660569825508,-0.024988957514322178,0.010553938611642444
2017-05-04,-0.003610746882340534,-0.0037262465726880887,-0.006692002518948912,-0.0018416948793710825,0.006589123362093376,-0.00627796857068144,-0.00391608642418989,-0.003844355458018765,-0.05132381079141148,-0.004384114922150356
2017-05-05,0.01644773498935432,-0.0036117050485217394,0.013560362336218445,0.0018416948793711866,-0.004661381016428017,-0.0040517818926022004,0.0027570412069351756,9.617285574637426e-05,0.042702117996785756,0.008168098725044648
2017-05-08,0.026825636162244166,0.01581390557197806,-0.006068298883848538,-0.011425017669467668,0.008811017113936904,0.005442915921539008,-0.0008692798916848622,-0.010550365067884006,-0.003769058367984145,0.01613886467313334
2017-05-09,0.006384098871474351,0.00397504396457471,0.014905404689001813,-0.004704364260415978,-0.0020674831107194845,-0.0038469031408440717,0.001449092518232821,0.0016529026496391287,0.044784301481289424,0.012217477875806036
2017-05-10,-0.004751829866577377,-0.0040699094353591,0.012483749163128643,-0.0006099420744144223,-0.0019563946323481476,-0.0012635811476280141,0.003903491886504392,0.16403796820752797,0.012251109299595213,0.0
2017-05-11,0.008610832245421968,-0.0014024858443927135,-0.0010380858634848897,-0.0024842709634612303,0.0010989475413563951,-0.0016648005036122412,-0.01233982551859576,0.04205794815418681,-0.006539970681797775,0.004227476918109243
2017-05-12,0.01386922058024895,0.014384979876204108,0.020855321546223576,-8.155609024624562e-05,-0.0007850232330119949,0.0019309933404260328,-0.0011691165964524627,0.010928132548201725,0.005278449651668287,-0.005357271101079837
2017-05-15,-0.002565736594657818,-0.0035221371813001783,0.012926992712098547,0.0023624303276935147,0.004262660742585736,-0.0009314735691569767,0.0007309889149755446,0.04898007344310202,-0.027877991127760626,-0.008803062941847607
2017-05-16,-0.00147812919819151,0.00841988707322527,0.006878653449198101,-0.00040284760901340797,0.0056034191224299985,-0.0027337753320858167,0.01993491834057517,0.01844244102190736,0.0035709820851973894,-0.0008563682299015558
2017-05-17,-0.03415208225060272,-0.02230541371236398,-0.040271149153433654,-0.01060133371162499,-0.023538157229261763,-0.03346869579682478,-0.028199636988303127,-0.06875266306247615,-0.03498883946910843,-0.017567117194219602
2017-05-18,0.015126485135658554,0.014428214255485494,0.027644282494285737,-0.002471069170582416,0.00880258171423057,0.019213638690153734,0.003402770990913682,0.04103500080644449,0.022450341187512813,0.013849422811409367
2017-05-19,0.0034030304359213893,0.001407496712127195,-0.015092677080152704,0.009847849476823002,0.004356460063291767,0.0027051016375147486,-0.0002953908403769847,0.022832043518822207,-0.007148712838925957,0.008559174709208856
2017-05-22,0.006057289362066333,0.011219952555303286,0.018117730929115308,0.011811880070810262,0.009819052113116736,0.0012151249476844493,0.011164878740347595,0.021099450128274973,-0.001545426150609792,0.005665685818960413
2017-05-23,-0.0012344769523190988,0.0008958659605052509,-0.007749049776605157,0.0012138542163636868,0.006699037405687398,-0.0011475677259916222,0.0033547535120568616,-0.013554220252772522,-0.021133628816543706,0.0
2017-05-24,-0.002995262700272004,0.009027253614072204,0.012853946976755565,-0.0025908004806504603,0.00724798400025822,0.013216653808280264,0.00130918995523949,0.011175708105519037,0.020714643424466116,0.0033839731600574206
2017-05-25,0.003450264158205519,0.013203555671441804,0.005244845691850115,0.0014979945425227061,0.014471077513211625,0.012715479312358469,0.012284361582710747,-0.0022396330600957396,0.021083606865547902,0.0014065545655858078
2017-05-26,-0.0016910042273784362,0.0024131352851384795,0.0014521963313152645,0.0027800739112657127,0.001420750983195656,0.0011182078069454516,0.004871872099478789,0.025563618837987308,0.025890546114585154,-0.001688008941928851
2017-05-30,0.0003907402933180913,0.0009234245291062594,-0.005779044727589559,-0.0017678770554068672,0.0029151762753800436,0.0016418466703507393,0.00641165187721668,0.021137056378612292,0.030173115313448014,0.007574602463869426
2017-05-31,-0.005939720670501995,-0.002089069187958688,-0.0014190413691351907,0.001365446368660642,-0.009156558922721108,-0.006055546049543539,-0.008128575448955497,-0.003595882717124143,0.017482767904994544,-0.01180763932169249
2017-06-01,0.002745662278757648,0.001336333363673719,-0.020630698768590253,0.006259550171144278,0.0012149025264610654,0.0004617878737337187,0.0037160433134101663,6.945252013071157e-05,-0.0018784889960818875,0.014877458381357298
2017-06-02,0.014710282782758367,0.010765631293672095,0.08157939204576484,-0.0013609256393415478,0.007891574438166939,0.013633369922895464,0.023404169588316603,-0.005000040935970877,-0.001528890668721499,0.008047615645830461
2017-06-05,-0.009825880220032406,0.004568790659168998,-0.009156590879862392,0.0013609256393414643,0.007760105524132002,0.00013022861140998183,0.007220444596346772,0.029969741595470445,0.021742165483310337,0.005787433817247783
2017-06-06,0.003372140625241503,-0.008280671342560294,0.00652093739259866,-0.0028039273327342593,-0.007198081361432316,-0.005352021764276739,0.003314814374985059,-0.004537068995860238,0.015796450797622565,0.001098733761167663
2017-06-07,0.005939143639196569,0.0070241334406777375,0.0016530761247280214,0.0012867770420266706,0.004824404208394416,0.002026685714653195,-0.0017941507186291627,0.012008561125577336,0.0190883609781319,0.0008228169342348697
2017-06-08,-0.002448615410705586,0.00019795324267095056,0.0026311139613294475,0.0027364066954369366,0.0027719320942859297,0.010330628412667279,-0.006096578558901693,0.07004728101860697,0.02837169011545649,0.01009720437797427
2017-06-09,-0.03954851018775123,-0.03214629874553708,-0.0466074169768909,0.01844610656917355,-0.03460634743112865,-0.033587237934606336,-0.0229153202665985,-0.06683367607743768,-0.034871335222448,-0.028643959331478123
2017-06-12,-0.024186096638298835,-0.013791801417242575,-0.0027574240857902036,0.0036604623295938897,-0.008602767148366611,-0.007784392836623939,-0.00770881064937027,0.002470266728462749,0.004718521925286707,-0.015486614252903581
2017-06-13,0.008013200872523316,0.01632358873253813,0.0011120389042684978,0.005067249197721177,0.008994443275248091,0.014977413496993431,0.012391140021326784,0.009490082168671634,0.04610591903573957,0.009039364868148018
2017-06-14,-0.009802666009581087,-0.0044143332596648256,-0.009927945596075353,-0.0001944201425390701,-0.0026516402847393534,-0.0028577079168241146,-0.0053936047557337895,0.0021114099105270724,0.01245039987879716,0.0025277602384466548
2017-06-15,-0.006011471298361634,-0.012676434670089953,-0.006408330611812375,-0.00606149929226854,-0.008039000328487386,-0.002999541005997746,-0.005279256728390087,0.004275103681042906,-0.01407427037263746,-0.005907852878279988
2017-06-16,-0.014098472650174177,0.02412154437769515,-0.007337989719660729,0.003335640906620906,-0.0016261050147947478,0.0055919804705631794,0.0014296268969389665,-0.004934476345680636,-0.01055263427034893,0.01205998184644505
2017-06-19,0.02820573912978182,0.007524389573950505,0.020528302531938204,0.0033867327075220804,0.017168425681048885,0.014694951827202735,0.012352257360427757,0.036904410139514836,-0.004317325799357807,0.00943369672255117
2017-06-20,-0.009129794107478537,-0.002595844056369956,-0.0048215214969320064,-0.005690026653910659,-0.006408754860629422,-0.004064135697732632,-0.013638787599286953,-0.0014629647445478825,0.00657647455825241,-0.0022115214890305345
2017-06-21,0.0059130853555363775,0.009665076352671014,0.021150392585709665,-0.005722588422921864,0.009858426644476118,0.01084420028478671,0.0051361600703102115,0.015036938560440258,0.011113559237479396,0.015925731564818444
2017-06-22,-0.0016465574344747252,-0.0009283846759377528,-0.004415580633898175,-0.007021448120137933,-0.002015164894869569,-0.003319276659309341,-0.0001425424591071371,-0.006921629389905689,0.016363844013778626,0.0
2017-06-23,0.00445384748681958,0.002433900760344868,0.004986558700435713,-0.0032512617355823902,0.00965004748040216,0.010827947315681706,0.013430844988925624,-0.029086190991764346,0.0021930310019436993,0.0005446313984717255
2017-06-26,-0.0031501603095826437,-0.009771195910067677,-0.010286675666503625,-0.0012716580953864237,-0.014299257313259851,-0.009589967891697481,-0.009595075868042017,-0.010980971913256131,-0.01566514835091811,0.015592754905987613
2017-06-27,-0.014436497435486596,-0.017455650195669983,-0.03104299753402381,-0.0006762266810324867,-0.024998973927740073,-0.019792110987185148,-0.018892846177697546,-0.037295772174265,-0.04087826437777349,-0.029207220500939404
2017-06-28,0.014504923338138812,0.01377673001392202,0.02401526605200393,0.013242085311461775,0.013535372526342168,0.017510564475737612,0.008488629092563083,0.03466320384783575,0.02418288870018738,0.007382102848416056
2017-06-29,-0.014852556852779341,-0.014647305657211855,-0.029512401195533024,-0.0029848948839252334,-0.024426815879205345,-0.014460513022724273,-0.018946455646449114,-0.03398123282443956,-0.028663551215287825,-0.015393455828289588
2017-06-30,0.0023634426434240544,-0.008158767491912727,-0.004238803829121931,0.003141954724047097,-0.008717467147836205,-0.0003972348275768574,0.006403950484095016,-0.014558543993384286,0.0023810712884218435,0.004299202679379545
2017-07-03,-0.003617365889124182,-0.01492493316859719,-0.014217699171295105,0.0127956805515787,-0.011053978703059287,-0.01703406220565143,-0.011086699007882107,-0.03684956362974841,-0.02517527203212356,-0.0022902233917035495
2017-07-05,0.0041030298960836745,0.018431137994025817,0.008019579294454493,-0.0018623424331992364,0.013825119722956114,0.01278619149156497,0.013260355727938733,0.02634916221806956,-0.07515561399685367,-0.0017218962432826966
2017-07-06,-0.0094833031289989,-0.00646515572438725,0.014700641284805976,-0.007601634889502273,-0.004914144782298438,-0.010161902569340032,-0.007410292503256342,0.0030012943719695266,-0.05744437539441036,-0.009232876144246373
2017-07-07,0.01010795103053953,0.014013290850071603,0.019298973247772837,0.004801601948649105,0.014043592461909508,0.017451959433556107,0.01289607330041629,0.022603130117266283,0.014114798423713906,0.0037612848063892715
2017-07-10,0.006084946417157473,0.01793260692748366,0.008932150043150568,-0.005388743564498675,0.010772956068316493,0.013510993313421088,0.007459121436445477,0.046203926452925446,0.00899464021473339,0.010627684271324007
2017-07-11,0.0032346412949312273,-0.002351062607816789,-0.0036464137389403645,0.0003914660453202912,0.0026567816150594044,0.011465063374166876,0.0001422145088801024,0.014084122889325822,0.0347323168510505,0.01079872311326232
2017-07-12,0.001442311978571207,0.012376187078943819,0.022697040200763522,0.001955034835803295,0.01470990870880333,0.023109395453504197,0.016437823653972287,0.04165264423586681,0.0070043375963415155,0.008723732877691893
2017-07-13,0.013832731140490455,-0.005859074159175191,0.00360541038708245,0.0,0.0012290469257728604,0.0022629844944740815,0.008676644302146964,-0.011635868155841157,-0.01871618353631403,0.012806504747995086
2017-07-14,0.00855797240435754,0.0011785244754943048,0.011977470381880646,7.812194840105286e-05,0.008284743462291905,0.004448135742789281,0.01397459786427139,0.02653874261160272,0.013421733471090174,0.0027623362992149525
2017-07-17,0.0034823676751051503,0.008181550788198502,-0.00508710805404831,0.0007028230346701664,-0.0009728906134056749,-0.0015012606081708467,0.007801091739689325,-0.0042525710772694,-0.025366283587879606,-0.009423667955078083
2017-07-18,0.003471157676940026,0.014165967957043887,0.00744132472761425,-0.00039039625715431227,0.011197784487965826,0.019406164890181904,-0.0006819406699299493,0.01035731751375081,0.026768752883781957,-0.0011145166040757895
2017-07-19,0.0062435930952010575,0.0023594259495064423,0.013933483432868876,0.005451726898311209,0.00587949288319393,0.007828675169326182,0.007611164585555506,-0.005195670469548639,-0.00912022490848701,0.014942264675241805
2017-07-20,-0.0045131771528246455,0.0017805896727357716,-0.0038203682176746133,0.0005862358971430376,-0.0005843817808059907,0.0023731329713194273,0.004862316018556791,0.014432088634350708,0.014225355199591715,-0.008550483297446777
2017-07-21,-0.00046492304985346126,-0.0029498251774531066,-0.0012634567355519618,-2.3287586165174178e-05,0.0016617074477046215,-0.0006078702993678971,-0.00581086193370388,0.0035760555806198906,-0.004617836178905769,-0.006949409117177634
2017-07-24,0.012038586421178244,0.012864484775985055,-0.00031611376700922195,0.00017076303953143205,0.004487635068873521,0.00950267561886095,-0.0025781606583148223,-0.011668345131552578,0.042097691544076436,0.01026799527899892
2017-07-25,0.004264750516059796,0.0008851451916088891,0.005006689311434907,0.006656390186148511,-0.029768289487721693,-0.004346820798751636,0.007984439525608827,-0.004826662321893083,-0.00856164629055223,-0.003318586161821248
2017-07-26,0.004702429005398346,0.012357569349559824,0.010600509516005935,0.000732163189486311,-0.0038463462825867423,0.0019949130776931875,-0.0018889766026799046,0.011485310834043756,0.01243703947371854,0.0033185861618212913
2017-07-27,-0.019078367840499592,-0.00647991893911254,-0.023861428587058746,0.00041978860986687406,-0.013348685813674372,0.028747508842883407,-0.012091397221249307,-0.03355975915165874,-0.027688201547354872,-0.001104972170618273
2017-07-28,-0.00706519975557904,-0.025131530382414686,-0.0023138605396167593,0.005058245779699385,0.006091593111246509,0.011723959002392186,-0.0016417639730373227,0.01625186172795874,0.0018221704435549752,-0.008883944766494263
2017-07-31,-0.005163783319064846,-0.03213710000252013,-0.01492899342819933,0.006719993521394149,-0.01347819313474798,-0.0187303897918576,-0.004665836878605275,-0.011502500594563063,-0.03523305813685584,0.0027844511853915444
2017-08-01,0.008836176988550364,0.008478035876706572,0.006989174887123722,0.0058242608775393905,0.0011202734940940976,0.0035976888200950218,-0.0016519299238691996,0.012110080703516903,-0.012130042482567917,-0.0033426857756275593
2017-08-02,0.04616870037736311,-0.0003012570668924085,0.019811186479909954,0.009072637182722398,0.0011403540764578233,-0.0033023177473744,-0.004418688977972529,-0.0006075801089538309,0.019583558159459852,0.0063969228294461136
2017-08-03,-0.010041386857426976,-0.00904778240592025,-0.012191039025798624,0.006129714576820233,-0.00777559717774293,-0.004202486100125678,-0.0015236337345037629,0.012633680174337754,0.06302423584878529,-0.00779271167517302
2017-08-04,0.005257105988409026,0.0006685428515366974,-0.004484985213069125,0.006055333620397427,0.005821591155528435,0.006090834063501133,0.00731913963765438,0.00437527353033688,0.027899546212380746,0.006683398153704249
2017-08-07,0.015355278945911544,0.004737682313489134,0.013038171632890888,-0.011229481951548801,-4.234589599614934e-05,0.013817633915177686,-0.00386001339134173,0.030276547935416773,-0.004887148623823236,0.02087439003924449
2017-08-08,0.007965309734440403,-0.0024518955996691676,-0.00428707342111818,-0.009101729465050282,-0.0016508548267336932,-0.004370595080389263,0.005372314258180672,-0.011965362232334369,0.027903367360907157,-0.002449863884853544
2017-08-09,0.006103159287260388,-0.007941870689870222,-0.008751098211772775,0.009270264057174135,-0.004362388965120776,-0.00029204134593971073,-0.004406491430149335,0.01057175587173385,-0.00463810450759401,-0.006560986017301684
2017-08-10,-0.03236996305801035,-0.02588164750693739,-0.03454253512760072,-0.009137980675742445,-0.017696652363848438,-0.02232941906653722,-0.014733969633338142,-0.04376510180864891,-0.02261790186544433,-0.031199910923788265
2017-08-11,0.013810990886122603,0.01150198642164356,0.014271922442443182,-0.006068998785442853,0.0070130299202055095,0.004053958595992317,0.015148500129726034,-0.05476920258113744,0.006925895834226055,0.02238455447425477
2017-08-14,0.014937321755555136,0.01569248656136944,0.02722972470827037,0.012732287534580536,0.009459347915480951,0.01576041394562695,0.014922101559347596,0.07674273057777793,0.016434433153642215,-0.002493276927089029
2017-08-15,0.010887951820475144,-0.0005696705688712181,0.011018493533287646,0.0015942535238305045,-0.0009055671700095288,0.0014629370158522634,0.00027364724285539255,-0.008468146982167272,-0.00404884981775345,0.010211128791949244
2017-08-16,-0.004030099540334311,-0.004650899547583139,-0.0010646031352882447,0.003968949437253327,0.006577060582611439,-0.005864904326559285,0.005855584317015569,-0.011020194810471272,0.0015995127473417625,-0.002199074588920738
2017-08-17,-0.01938501316352218,-0.018166860289362236,-0.025862388143396347,-0.0029200048414778947,-0.017747022642429267,-0.01834392148435262,-0.017117982511611677,-0.022534472959669552,-0.03075104583225396,-0.015250359117199743
2017-08-18,-0.0022834221261791325,-0.0021885856368848602,0.009751913120623285,0.0011301296735448984,-0.0015965879606906028,0.0029911769274089074,0.001242402013976746,0.00018571709956100818,-0.01275430253594583,0.0019540234359631628
2017-08-21,-0.0018429772427960474,-0.005419079827628138,0.0010020592211555906,0.004340231139066077,-0.00574969938757317,0.0022076938263918227,-0.0047015370029359505,-0.014657938578971222,-0.0280179154161383,0.0033404379470253786
2017-08-22,0.016215456199678763,0.014175918202026435,0.02206854256799534,0.008971329864954282,0.02098636019845214,0.011025004477344042,0.013901962076910817,0.022018586516585857,0.010276706684685338,0.014897238135655229
2017-08-23,0.0012512024017138322,-0.009247292912963967,0.006756246991946115,-0.001957923749280139,0.0023156086061257124,-0.005497217399484168,-0.006032481904537733,0.019796390132239543,0.03290794894955897,0.0016413021567262987
2017-08-24,-0.004448323363411029,-0.005810168804642285,-0.007305000853713446,-0.006920314448242046,-0.006054941933057608,-0.005766107959093485,-0.00041257645519057626,-0.0036858845919351185,0.00045349869582472275,0.0068109452107359015
2017-08-25,0.0036978102509880196,-0.007577608763643556,-0.03779629192691698,0.004443411493439359,-0.006843809086929689,-0.00850155766120032,0.0017863361018005874,-0.00838905404109289,-0.013923641294217942,0.0005429195330935167
2017-08-28,0.010020928438572534,0.0008036504766950673,-0.009573727663820754,-0.006418812806699242,-0.002550257394203556,0.005516274472849036,0.00013771866365510274,0.0070566734580369194,-0.0068904688614768155,-0.0021731346309866537
2017-08-29,0.008878453277798995,0.008462861265084663,-0.00626803337345469,0.00020517603242880454,0.008176464575964245,0.004831654751832995,0.0030162342644399014,-0.0016385618515421055,0.0049060477662369924,0.0029872436918194105
2017-08-30,0.0026974655005110324,0.01408192758850086,0.017591141490139038,0.008653560899448808,0.008385695792843033,0.011066166453512835,0.013056088877093806,0.005933433988329792,0.01661615656396125,0.0013545636569722353
2017-08-31,0.003971004409529383,0.013356132731702762,0.024294102572627135,0.0038016544208482102,0.012228766434896695,0.011992229890701265,0.010216363924958418,0.02244044437499647,0.007671959148600524,0.0010827315341436752
2017-09-01,0.0003048710473409768,-0.0023993744256387843,0.0026148627677871445,-0.0014303833506130556,-0.003408332723916171,0.00029069996181018407,-0.011162703012041095,0.006001196941476042,-0.0014059357862915352,0.006739336539241223
2017-09-05,-0.012081117954904536,-0.013357370517836828,-0.01466794195722091,-0.01981413764420407,-0.0111013747819165,-0.007585800095396095,-0.0044736579782865705,-0.027055054500667246,-0.016482859035526678,-0.009990740791189823
2017-09-06,-0.0010494904274950326,0.0026175823694511687,0.0013242863883227143,-0.001219962347539821,0.0005734160640721096,0.007992584551194363,-0.0028563790500903945,-0.000602663034717503,-0.014579885074467756,0.011333249374660306
2017-09-07,-0.004022772202846283,0.011986152965818224,-0.011413310300828918,-0.018710615815681578,0.0083195928143709,0.0064872115938114155,0.012725009020126587,0.004633098492640946,0.017493374410974535,0.007218701051954501
2017-09-08,-0.016443362045169163,-0.013951323440571211,-0.009946032874504917,0.011829941434930609,-0.008967556709750192,-0.013133442431148811,-0.004854354725790778,-0.017501105728815518,-0.02077856520752768,-0.0010665290324188435
2017-09-11,0.01793080892444973,0.012408473791438593,0.014761209897355337,0.012328845816030162,0.001995197066850599,0.014863909174188328,0.010488386656146374,0.031924047214916484,0.057405915477094,0.009026023621475466
2017-09-12,-0.003971011889650267,0.004713053224380537,-0.0024249951657553284,0.003893187360289183,0.003555677742827085,-0.003174724525736334,-0.0010707949021816008,0.003602937886196308,-0.002588013425793526,0.0005284929835093244
2017-09-13,-0.0075505831182856396,0.0171733915147514,-0.003648060011555567,0.002009841063907067,0.0039956177922982235,0.0005201873342311806,0.007071954970718934,0.00447096512709979,0.009547674291395884,-0.008754759570182588
2017-09-14,-0.008618329898387725,-0.007420404605939005,0.002879029109820213,-0.00047692503493551206,-0.010906965991742273,-0.012150950210004313,-0.00586746097860154,-0.005709923360671641,0.030679855252103608,-0.00400482565196864
2017-09-15,0.010058192414786267,-0.005477525698462624,0.014472612568658401,0.006974673692455559,-0.005161430616777196,0.0039697078854275284,0.0071963230210392295,0.061305352382463686,0.005729766880258297,0.007197350195677872
2017-09-18,-0.007596731043999127,-0.012850916167347484,0.0011616727468079973,0.008402791388279646,-0.005940962322272435,-0.009542121677550168,-0.001993734008114668,0.04047741175856699,0.013572232447427963,0.01109327763690574
2017-09-19,0.00037772930340370644,-0.004454611516832462,-0.00024009471035757799,0.008660277392291126,0.00761809782404977,0.014655888664023307,0.0037180884303237667,-0.0010669116845890276,-0.026050746064111407,0.006023099017486916
2017-09-20,-0.016899944727177495,0.003448145643344676,-0.027809566317744974,0.002833892319471699,0.011335283727046307,-0.0020307678273701027,-0.006649744859642188,-0.008092540056910829,-0.0031774910244818664,-0.012611407047466648
2017-09-21,-0.01732101391344223,-0.008834574170731167,-0.010469952059602428,-0.0037438932922704096,1.06274878515114e-05,-0.006175712200250134,-0.009788667656369082,-0.02771573865515921,-0.020071229638365835,0.011043870816175437
2017-09-22,-0.009827002938499162,-0.00994923387863721,-0.004753980962259218,-0.005334670216456552,-0.004537727951099811,-0.0033367160773412944,0.0026913658502643327,-0.0097842717129959,-0.042901310380301975,-0.012366965254121929
2017-09-25,-0.008861363809203437,-0.016159662973744406,-0.01571380615167498,0.0019056368342500267,-0.009565781424443661,-0.0460176074816843,-0.01557569739928883,-0.045722197002261725,-0.017527214982414382,-0.018706961653878154
2017-09-26,0.017057313494107974,-0.0012669965704066126,0.007445222690957358,-0.0031475339823570227,0.003365822163312367,0.00819375482231502,0.0,0.005597834737467747,0.000753389500683819,0.001886616058286336
2017-09-27,0.007092822399259171,0.012987923943538475,0.013854065633140185,0.007813966073966894,0.023687092229349137,0.02091135951178795,0.008021114866865207,0.021687284913311778,-0.012474308755910057,0.0029569069802276114
2017-09-28,-0.006179266953588199,0.0057988953957666236,0.009761890723391084,-0.0006185079602680613,0.0051021788327036315,0.006242452569110806,0.00027101324975930077,-0.0002846121980316597,-0.00402604500620368,-0.005383406673525747
2017-09-29,0.005465360459010003,0.005162339637088178,-0.0016481194534165653,-0.00010918818594680903,0.009192487969151881,0.012603033625927273,0.008358023574222093,0.017435595670390953,0.004407251881234954,0.013405056623568971
2017-10-02,-0.0020135149241023993,-0.002249403897714789,-0.008571102174198198,0.011831888369650625,-0.0064393176256538716,-0.008226847916159909,0.001609687546677102,0.0012860938791230611,0.0012598678729923024,0.015328449144664785
2017-10-03,0.004346638696958187,-0.002181295305561371,-0.004042045019185926,0.0024788502211929016,0.004753683426561191,0.0028870249602036898,-0.00470201491471217,0.0020648610442917242,0.01916915421763953,0.00809673993276856
2017-10-04,-0.006494470675482266,0.008686425286510317,0.010384520065550101,-0.00010764842036340962,-0.005467126590135634,-0.009102225434333944,0.005773925490597864,0.008327627290272633,0.019541268032736394,-0.004432088100568617
2017-10-05,0.012367750737659026,0.015825238418642956,0.0068769580326985096,0.006046205564584878,0.01886355307574984,0.01660526582068439,0.016992174033448833,-0.0005531224500268349,0.0009009922922392771,0.004952274178159147
2017-10-06,-0.0005789886633877353,0.00886107919707632,0.008459116137447433,0.002280177701621826,0.008540352979442866,0.0057645710755976675,0.0003945476550307707,0.002927685662970256,0.0043526213488720815,0.0
2017-10-09,0.0034710121768932673,0.0014238210688546902,0.0027633816948419787,0.0003166758315631601,-0.0013393439233382208,0.001566446075212982,0.0038084335331741784,0.022308518336672113,-0.03984406013065037,0.008028025706388194
2017-10-10,0.00038500692696204073,-0.003831768090875414,-0.0017464242929589723,0.003058405087882163,-0.004555296557967897,-0.005289321200779212,0.0,0.0189153541783105,0.03622283237587336,0.005145723016846072
2017-10-11,0.004160373143678523,0.007870071642162382,0.017768659693249186,-0.0030726355574522825,0.017909280837561253,0.006679789238761512,0.0017032052571409727,0.01058266635625509,-0.002787987547624931,0.03479865814594308
2017-10-12,-0.0035191638704548008,0.005942132813285726,-0.006651028496953119,-0.0060735143911331635,0.0,-0.0011004830107912112,0.009118153481960824,0.00047082952308903826,0.003041077889838476,0.0022280998134711363
2017-10-13,0.006325855135376041,0.002006082882542097,-0.0031409922632549387,0.005237118673835947,0.002204958574009943,0.006872892096155021,0.004785738910957518,0.01846455172982296,-0.0003093323999989706,0.009352792074490234
2017-10-16,0.018241599046029115,0.0033843395588114174,-0.005216062177799304,0.003944497927233215,0.0014672759829605212,0.00447920058647854,0.0020626916165005253,0.017018080881093953,-0.014076156056894912,0.0017136172915351202
2017-10-17,0.0036836250851422702,0.0027685800366083657,-0.016555039937289216,-0.0032326274575909027,0.0016334037011252044,0.009069679252216103,-0.0007730108446937081,-0.0009092266639543893,0.01458230116144749,0.008765520518457004
2017-10-18,-0.004434505609880897,-0.01209313309740889,0.0056716587508163704,0.0008535761801466206,0.0017196268646208338,-0.0004544073995359011,0.00025795152362628683,-0.0008601359005948666,0.010903108656870027,0.006042299603141129
2017-10-19,-0.02394484550597126,-0.010475883233784133,0.0011880846734182273,-0.0016900760998892488,-0.010821211792144656,-0.00838594443114525,0.0038580991743260343,0.0011126950640187535,-0.022040089763599495,-0.010415568161844958
2017-10-20,0.001729341623194795,-0.003757292897063247,-0.00020490249399682364,0.00899738064373195,0.0032189752593061293,0.002403231358286193,0.011485466575268834,-0.004560068016811819,-0.019257068207608512,0.0012167352525006383
2017-10-23,-0.0005118415665448816,-0.01704324664002074,0.00012286707808987804,0.0029777081684873824,-0.019622832808212736,-0.02143051589623701,0.00025385306782373926,-0.0014233145006157589,-0.02369191499254562,0.002186422115845384
2017-10-24,0.0059373827778621225,0.00988576804039396,0.0138635556270755,0.001308090655747556,0.002988790064858371,0.00308973886389316,0.00038002450420538737,0.010422697341519205,0.0009489792864177772,0.002665656385227481
2017-10-25,-0.004401702710791314,-0.0030685003806522762,-0.007538112361847842,-0.005408704088521269,0.0030001200047152046,-0.007009314832572854,-0.0029202934099885444,-0.02559155493772761,-0.03468476275790779,-0.0038799572659250015
2017-10-26,0.00637288369853969,-0.0004935296884699929,-0.008415343715682212,-0.0007952708316183861,-4.047279670366836e-05,0.00017588475910237757,0.0016518186522655742,0.010427709177734104,0.0010122249793839974,0.0009718503769692127
2017-10-27,0.03520297942361508,0.12413067896568464,0.03680964782732776,-0.004287669792281371,0.041732571127688176,0.041611601470960435,0.062146925579075134,0.03104255694554558,-0.01638271198924271,0.02279621232963827
2017-10-30,0.022258901275701667,0.008952025262933944,0.03240747568616364,0.0012066580588920269,-0.0005224122830874322,0.011125120192633333,0.0009543009138242088,0.009761116210741796,-0.002465047399103143,-0.00047447118335121753
2017-10-31,0.013819301698410526,-0.0050267843676233374,0.010207053925495733,-0.005227514971445314,-8.713245928827926e-05,0.0010557214825512326,-0.008499586391455307,0.014464617772396311,0.03514729459234801,0.00473559455041593
2017-11-01,-0.012800270383752045,-0.0014486789522828955,-0.017661207259966758,-0.0016771642020843454,0.00921166949974277,0.014336491704289257,0.0,0.0018844188906742161,-0.032027993437652585,-0.005447998219446413
2017-11-02,0.007283620664069295,-0.008608262578961018,0.0008094960733010304,0.012189688662640858,0.0003547972431442708,-0.020687689694019795,0.010404666962528637,-0.006099924845366559,-0.07037752861026653,0.0011868748523818516
2017-11-03,0.025778669475547723,0.015758697930250583,0.05302017427609993,-0.010512524460556618,0.006708115465924369,0.0,0.0010704856999913539,0.013265148098060581,0.02256643431216386,0.0009484866802565254
2017-11-06,0.010093800796466863,0.008117362513653508,0.01411613561640097,-0.0010702055815978424,-0.0069861632216066194,0.006961923062367038,0.0039143850666182945,0.004494340235151783,-0.010872717933080492,0.005672541025341566
2017-11-07,0.003208960410037374,0.00223724214185546,-0.022594080142029672,-0.002891709534367201,0.009269336519813737,0.0004440535270005256,-0.0023706538698041223,0.011383645512483775,0.010742038348578922,0.0018834651192620574
2017-11-08,0.008146838212819528,0.008608024225570467,0.003972564181003061,-0.009657705762086351,0.005590734988861247,-0.003835434388488705,0.0034358194489718785,-0.013628244607108155,-0.00543869397228035,-0.001883465119262112
2017-11-09,-0.002044669876541848,-0.0033156381878703687,-0.02512946449556136,-0.0004338143920884455,-0.010038011216194978,-0.001448933947049295,-0.00557423360314662,-0.018529697580027447,-0.004610014914461036,-0.01879475698392981
2017-11-10,-0.003315106465930361,-0.003353311599482213,-0.002563276015597644,-0.003245109834901443,-0.003413305328837584,-0.00469594868018101,-0.0026193234768637046,0.05135642441414485,0.0,0.001919497301005168
2017-11-13,-0.004015478417555468,0.0033887170168525244,0.00018888054002931472,0.0024891001552486774,-0.002829242653823706,0.0017356431878556109,0.0007148519992456799,-0.016372885796187103,0.040141878705538876,0.006926875845024286
2017-11-14,-0.01523317830203819,0.006769619085419319,-0.006625503439940209,-0.005577372633558572,0.0004225797912893803,-0.003923248085672968,0.0014286687349873717,0.007263445419336916,-0.021471745518534084,-0.0035764302211078636
2017-11-15,-0.013277921441535405,-0.008968347731299169,0.008849466284405198,-0.0075976549861063196,-0.005033605845935244,-0.000674312234865716,-0.007802430526886941,-0.019804487246987863,0.00838709205242743,-0.007674340535126888
2017-11-16,0.011876318316064371,0.00936408738245071,0.024214926375527045,-0.00011000495033364647,0.011569108079464515,0.009173994221836627,0.0026478278674745863,0.007732721049859645,0.0038473882879456714,0.01339125203615533
2017-11-17,-0.005567933759995912,-0.0065367834661770735,-0.0009192048210385542,-0.004741697145782948,-0.012070993200893073,-0.0032908390967772106,-0.009661892519904186,-0.001182027409309874,0.008126891338092797,-0.0007130214367234572
2017-11-20,-0.000999269332193486,-0.003164649813234889,0.01104754632144689,0.0021898557742251177,-0.0011881677369031628,-0.0014536422037381028,0.0015762729074573828,0.012786714768614297,-0.020231813822732335,0.0033223986849509925
2017-11-21,0.018419663511438034,0.011633998526740592,0.006201590043438579,0.010950649186586203,0.015003091020162859,0.017305102570794394,0.014315860345370465,0.009160042206638085,0.028954178587658665,0.00872764669533735
2017-11-22,0.010456819499469418,0.014523373823799913,-0.004420933539680374,0.0,0.001541123476144862,-0.005458570457876995,-0.007312704660351663,-0.004502900886582124,-0.01652923893506532,-0.004000569726969239
2017-11-24,5.660316934567333e-05,0.025482141960796904,0.025138232715200652,-0.002122250381101165,0.004363497135192328,0.01050458037691147,0.0018031572394451652,0.009400586729069939,0.009392732392230188,0.013582993303973067
2017-11-27,-0.005041943334422579,0.008254218778723024,0.007901178643286566,0.00658500473557181,0.014554831465872019,0.0013669688833866875,0.007300073083860172,-0.013082806627261107,0.003985059690953488,-0.04520277760445823
2017-11-28,-0.005876099119176748,-0.0018665509076040718,-0.025694662007943715,0.015125946317725085,-0.008167467291095173,-0.003338551146189453,0.011970049399137612,-0.016147190667462234,0.0023330724604189385,-0.00390137971837927
2017-11-29,-0.020960996911558068,-0.027459731223672457,-0.021498254117882296,0.015778443165095652,-0.024669511034675524,-0.04078305609200416,-0.01830914266779124,-0.07022786146424649,-0.032030139192276555,-0.037843580360049756
2017-11-30,0.013886884388552711,0.013242202875674286,0.023443453561915083,0.022901764286684414,-0.0011670970739240812,0.011637536872371266,0.009909274052695153,0.021605996239534124,0.00425057889210658,0.004809132278946436
2017-12-01,-0.004665940482519611,-0.012312604085950968,-0.023222045867334527,-0.0017167386190545851,-0.010770403536650932,-0.011808726365562528,0.0010689377125480235,-0.015211596813519686,-0.00754010366639291,0.0025225066966517106
2017-12-04,-0.007334637966985631,-0.024736740128106248,-0.029712731685999787,0.015311728154495961,-0.012960754654990332,-0.020948874026950684,-0.03847086160400355,-0.057360674869602585,-0.00434834272470056,-0.00783910641367975
2017-12-05,-0.0009429482498994537,0.006697404592484736,-0.007462821163411798,-0.004698148890493737,0.0076102998955851365,0.007899977192251039,0.006270117529790916,0.005769682868169745,-0.004926852074403848,-0.004835184468607579
2017-12-06,-0.0037205683446127928,0.0093988532596201,0.008523960000250214,0.00013939627834505343,0.012785713766511985,0.018516317006695506,0.014480107495507842,0.008063411202430962,0.03099312282621998,-0.013354430007792463
2017-12-07,0.001832769800076087,0.006435581273965053,0.0,-0.00015639715389064124,0.011409177620712457,0.022909562557811042,-0.003509556243966739,0.014321069476845754,-0.006469278797638281,0.008495397373434868
2017-12-08,0.0002951975307949047,0.001903710021834071,-0.015196465958044355,0.0009685889097646638,0.004594280534215018,-0.006348625167899616,0.02004268748378596,-0.0026075028167416915,0.01242099248059274,-0.00025636256040496115
2017-12-11,0.019296342324659856,0.005937598801784608,0.00015391237301511633,0.003712718190823024,0.002465077776087001,0.00022350264266469592,0.012633566041224158,0.016419266631267842,0.042798912246750316,0.00944238487965455
2017-12-12,-0.005633469159623223,-0.0032904490154512796,-0.004820220183366147,0.01060419625255061,-0.003046657158187277,-0.011685328360461912,0.00409826488413604,-0.019819358309160758,0.0361862329733906,-0.0017793655464166933
2017-12-13,0.0033144883657119607,-0.0008157377293610172,0.01278980607135658,-0.008237971303730458,0.002495024589223896,0.007543714163572342,-0.002690719423468684,-0.02472150486322234,-0.005881845506406402,-0.00025447054470192204
2017-12-14,-0.00029051118067127365,0.008664139049874836,-0.01031874275651435,-0.0012331186792153015,0.005766298548523651,0.0005046118849565037,-0.007763292303194463,0.0015566382083464579,-0.003368209902906901,0.0027960901180046085
2017-12-15,0.010110330679119484,0.004147188353931223,0.02434059605244786,0.0015706942149465515,0.013646767798819227,0.009984042641157348,0.025184723225025886,0.026930712286953727,0.016321218795082817,0.0025345909344795807
2017-12-18,0.013984423995438722,0.009655200437243666,0.001552074366658844,0.010341909380691,0.012136968446839145,0.0035457880066187032,-0.005426460108897165,0.03256079071816024,-0.0134250207187917,-0.002534590934479624
2017-12-19,-0.010713487129889397,-0.0026913816143937534,-0.0026131728510308478,-0.007941660112797238,-0.004905736394929491,-0.007271092062345967,-0.006387127040331034,-0.00908644186175439,-0.02319609249622529,-0.0015245019656289591
2017-12-20,-0.0010889370886673453,-0.008253729095494208,0.007329848716729235,-0.0016579839752021226,-0.005776987032862524,-0.00906563437098518,-0.003618758323969449,0.0035123505273849712,-0.006423540521295798,0.0025386873953995946
2017-12-21,0.0037779955116411293,-0.0024316076057076274,-0.015592960315047784,0.005717183892857888,-0.0025275644553951395,-0.0024765192724258817,-0.00023359934791543675,-0.004634844855524951,0.008113407607173266,-0.005338578019754746
2017-12-22,0.0,-0.005462810192431288,0.003130295322320244,-0.0060545089087062605,-0.0018601571267969931,-0.0014098109913257117,0.00011690350473049194,-0.0031699914158677183,-0.019669938323103868,0.010144878353140473
2017-12-26,-0.025697020243254494,0.007163876953518443,-0.016332352762150976,-0.00010121969743949526,-0.00282007061519556,-0.006851821634823145,-0.0012869822251219407,0.011051624932353595,-0.02462423674446112,-0.017307924225808343
2017-12-27,0.00017588831042176557,0.004662922890910665,0.003944313231388048,0.005887416289000769,-0.005315009611615212,0.00921929116942102,0.0036230579969313776,-0.0013682503679460648,-0.01796752434393836,0.0033322170682829467
2017-12-28,0.0028096328529958504,0.0032427757977950182,0.005004335810825321,0.0036495779882041003,-0.00401667143670634,0.001687538290994197,0.00011690742706445811,0.0011660193389207425,0.011866220726355485,0.01674725962546118
2017-12-29,-0.010872815778879955,-0.014119976477714395,-0.013608858266387858,-0.005395365042760445,-0.0024179742213396114,-0.008239630621370538,-0.0021020637339079144,-0.019954917645502536,-0.012797193348550452,-0.0022671575448314184
2018-01-02,0.017746253292227437,0.016570393594201663,0.03859937347121418,-0.006218894072596035,0.018631241428341844,0.02772024830381476,0.0047814750086072446,0.029784721333040477,0.029058261481362566,0.033968555828232494
2018-01-03,-0.00017428781885275198,0.012694394527191124,0.010876241446016028,0.013934348953717398,0.01691705555194222,0.017755790756153782,0.004643160558864615,0.06373865078008176,-0.01028583096269393,0.016681196661771647
2018-01-04,0.004634236058040331,0.0044660253429876385,0.0003335209270659528,0.0020352393101072683,0.003876912255295182,-0.00184276308129915,0.008762866894434156,0.005256974861687341,-0.008324530558681901,-0.005288055660532476
2018-01-05,0.011321430034296356,0.0160332935792393,0.005908393174869283,0.0033519343191412395,0.013173096203337061,0.013578518665341233,0.012321867328632479,0.008438860298802591,0.006210416017176824,0.023109779429201754
2018-01-08,-0.0037213122186357393,0.014321632906715799,0.0023897870514439316,0.008766699974915953,0.0035244658181734717,0.0076241110213765475,0.001020142567148425,0.03018068031284311,0.060754702381703427,-0.00047122411052025247
2018-01-09,-0.0001150136170009357,0.004664812398839383,-0.013943184923497004,0.0010514557057289503,-0.0012752825352157452,-0.0021801973819226997,-0.0006797913400209924,-0.00027031762746308063,-0.008118245093933886,-0.006145110287913856
2018-01-10,-0.0002294127207965377,0.001300359709972529,-0.021343529605642463,0.012564414287550167,-0.0023841304853294398,-0.0001594161430091261,-0.004544797952798276,0.007809350708517687,0.003320893638202626,-0.021083559061253202
2018-01-11,0.005664110206025415,0.01766139781681635,0.0025459894292750953,0.005175492710426489,0.0017189550143875184,-0.0003728336146183981,0.002956128082819647,0.0017865713343013859,0.009364661080734738,-0.006559061907368859
2018-01-12,0.010273060534894065,0.02209336587396363,0.0029936741892058814,0.016875675411361736,0.016587481934195767,-0.04576704243605612,0.017109985568796008,-0.004920988414244429,-0.005132257768969449,0.0038917765947667875
2018-01-16,-0.005094493538779998,-0.0002606211461983206,-0.003943083121959572,0.00011419761910372071,4.419109126013122e-05,-0.005478567244696067,-0.014049049382031031,-0.012954701321566755,0.01135638767539583,0.02493536015236221
2018-01-17,0.01638128309843302,-0.0075850021734760985,0.009677661381672505,0.019500248833175006,0.007401713730877045,-0.004438308476568949,0.02005792017940187,0.020727856057595903,0.02066361394773987,0.02108812900420922
2018-01-18,0.0008925279066546478,-0.001298133852806076,0.014899219605153674,-0.004580120217796551,-0.002751640723086672,0.0123113718370543,-0.00044394385792100835,-0.0012466500475297245,-0.007488501129632502,0.032841962359188966
2018-01-19,-0.004472635015447812,0.0009736994050156305,-0.012719508488005522,0.0007434735550309313,0.00660675021776502,0.008252643758046749,-0.0011107687480455667,0.024948981485277025,0.015693090065018588,0.0022412260528083413
2018-01-22,-0.008214542142353896,0.024968098162378945,-0.01619694517717247,0.01187655780107147,0.017906060188691657,0.02225594791364113,0.0177308739847764,0.015437865592285287,0.004390024536005943,0.03756625637565052
2018-01-23,0.00022571659247585995,0.026196229930158944,0.003009159059030261,-0.0036448044751954535,0.010263666503593638,0.021243251421115453,0.0031607234449325494,0.022091531246199187,0.00349261668007839,-0.0021584042600214033
2018-01-24,-0.01605669670985235,-0.003698397360036897,-0.02324213932668067,0.0018410655529424076,-0.0041577258477628175,-0.014897782667483615,-0.0008707082816037527,-0.013102920857838431,-0.01975213430064165,-0.020740846980557445
2018-01-25,-0.018012520114866197,0.014944682738458965,-0.037969762169440355,-0.0019494691551453682,0.009220672304288658,0.004972816739848556,0.0055388312189060054,0.00232982160082387,-0.02414061666578032,-0.005086728037796932
2018-01-26,0.002335349200218941,0.017338590199733116,0.014054330062863146,0.009448792100320827,0.004574473049459238,0.013351891876473716,0.018563859144319152,0.029104669480727402,0.015312820217281293,0.013653412340557851
2018-01-29,-0.02091585373947183,0.0110863061970509,-0.021441353542446393,-0.00743749723184163,-0.0009099308096773307,-0.021384834899095317,-0.0014897825140365048,0.01436234350441087,0.019296367584641105,-0.007023733522958045
2018-01-30,-0.005911595654680947,0.014106290909006738,-0.018460965739366744,-0.0015467907182986822,-0.007707793200965364,0.006110834639080526,-0.012643276870633813,-0.016872356357206984,-0.01067099478570611,-0.011519894746311078
2018-01-31,0.002751166840061457,0.009049130891396598,0.028835979155315807,0.0011603172835365654,0.004110941233541566,-0.0012298547942183014,0.024182356341190644,0.012609870496358675,0.024253827172148544,0.009535765291121302
2018-02-01,0.002087933394219708,-0.04287344522925761,-0.037965254949951045,0.007777945337322707,-0.0005330629901501822,0.03263614637357239,-0.007925080085731543,-0.02179818579204704,-0.014384252958894271,0.003084984833309607
2018-02-02,-0.04435979725022464,0.028335697336222956,-0.013958190720947934,-0.036115383195332564,-0.05424685908098503,-0.014659674762446657,-0.026662816986996248,-0.029452485437153977,-0.015873271824704643,-0.020899063396746846
2018-02-05,-0.025301437371924435,-0.028335697336222907,-0.031841837361274404,-0.0614680135741367,-0.05209312447579821,-0.04856428359915609,-0.04205732831230088,-0.08869449646105107,-0.031381851268344786,-0.03567664024512213
2018-02-06,0.040942159258124194,0.037309622701425335,0.05243636195375887,0.02472561643532234,0.0205333938586433,0.022097667714848394,0.037142294369694684,0.054101502767422996,0.0025183533063415963,0.014790471810184459
2018-02-07,-0.02163955196179095,-0.018226722717437444,-0.012558182777410058,-0.006622540760493382,-0.027125078459670875,-0.028073790433555134,-0.019012549210541876,0.014173288663513903,0.032493210526077794,-0.040019227926736435
2018-02-08,-0.02790229815150888,-0.047911730278811245,-0.033454491423271095,-0.044149784612929746,-0.046248816237151776,-0.04890664355398764,-0.05269773643722285,-0.050557070373035064,-0.09024189341458241,-0.036969069738459155
2018-02-09,0.012156921477951011,-0.008103804791418619,0.025502891372560614,0.021095364336221736,0.03755098879354018,0.0260592854378683,0.03661116435177078,0.0647913551381152,-0.015376248848248276,0.027131307996192375
2018-02-12,0.039489073043583026,0.034216728035250644,0.03709557408970966,0.016187039885500763,0.007892170445150715,0.0017019080196958357,0.01071591776373208,-0.017605100754158474,0.016961202165830976,0.02523906888759493
2018-02-13,0.009967784595675789,0.02019536975735599,0.00595557318919364,-0.004828659371983975,-0.0003983685315884339,-0.018652532707486492,0.00782290916132943,0.019972056728830654,0.024806110575996826,-0.003533169531773102
2018-02-14,0.018269464469039112,0.02550419300925882,0.007294969617204488,0.01171265092090629,0.01745354126308273,0.03612831473817739,0.015536777895299487,0.037088928282634555,-0.004179773833776486,0.015685528256559084
2018-02-15,0.03302689004219263,0.007353751233283212,0.016697221562067713,0.016454958066594062,0.01724570366489361,0.0024480833438783557,0.02016751127444206,0.020823725786090333,0.035836754394223076,0.01085859754844825
2018-02-16,-0.003242368067992966,-0.0089814315393622,-0.011743385321161816,3.2679791960209084e-06,0.0037862638334006174,-0.014553072035981074,-0.007147953762287057,-0.01084968512256973,0.004241546843597737,-0.0009194869375447678
2018-02-20,-0.003369586756978232,0.01347964456515462,0.0029288385236981656,-0.003588128988797668,0.00735768745688938,-0.007640764703064719,0.007795451785027569,0.021262315655067553,-0.0021483504963464924,0.0059619249927498315
2018-02-21,-0.004548606819584938,0.00987380009044426,-0.00401417281230536,-0.011127459258824897,0.009164231742346712,0.010737024269375894,-0.013354854159707137,-0.03086365647375372,-0.004400810006499264,-0.01962446021268764
2018-02-22,0.008324170777997283,0.0016305120580417068,0.002932111016458857,-0.00041795620029460776,-0.0034628272279890165,0.006052056597766808,0.002620166840169847,0.003267987968575314,0.03788699111449615,-0.01172640290217652
2018-02-23,0.01724163040302364,0.009821428842378839,0.017333927229554798,0.008641931211409937,0.01625601345067082,0.023739663559534732,0.025083176901386103,0.015489497125531378,0.016843236182783914,0.03500206177448911
2018-02-26,0.019578811354027528,0.014527347404448127,-0.002999601861682177,0.039047379574907067,0.013742747292524626,0.008907821075210957,0.014355458542408347,0.002639534284637883,0.015138342018226359,0.011550308674911936
2018-02-27,-0.003245618548718856,-0.006572418273647388,-0.004517250349904435,-0.005649759425651789,-0.023165671459105797,-0.01894209623106564,-0.012868268298181886,-0.0021111794316490498,-0.01815384568960489,-0.01794881414652834
2018-02-28,-0.0015149193208257525,0.00031078300210627937,-0.02147492034446693,-0.013112684780412009,-0.012235649472700186,-0.01745541989015884,-0.004574846105733893,-0.01663757249509387,-0.022852326172335676,-0.006209229685395357
2018-03-01,-0.017671328997551618,-0.012641932360173476,-0.01286369537898065,-0.023823852279812652,-0.02989183236151125,-0.013436597614380725,-0.009860113803842463,-0.04129562002251761,-0.03599846676634224,-0.014639413689978821
2018-03-02,0.006891028149134843,0.004542832323262843,0.030598668298525956,0.0005082122588536909,0.01181162159703481,0.0038572124401149476,0.0021518465210124977,0.018475189090275294,0.012581794044277577,0.006765384235766745
2018-03-05,0.003455266620707935,0.015450749125216098,-0.015627577458428254,0.004608303086194181,0.009747861187135916,0.021176021875532126,0.006320418563144753,-0.0037697281797642087,-0.0052956889346357445,0.011098591966902641
2018-03-06,-0.0008487406138511144,0.00916635335491773,0.015986241154739657,0.008192946949570597,0.005592957875342465,-0.0034426020624367744,-0.0034229061957103527,0.027250952499739776,-0.015569849908619472,0.0011489625464017844
2018-03-07,-0.009326443239735856,0.004775087665414082,-0.015702897790938006,-0.0008113907975934621,0.012762324095295569,0.02162455819717199,0.005769958984277134,-0.0013223425211651672,0.012415049984329452,0.015044599763443932
2018-03-08,0.010853694739964639,0.004430331047974139,-0.0004047450459108136,0.0030726390260671665,0.012778548325834879,-0.007485393034196931,0.006054472801833536,-0.002732736487369476,-0.0096765099931042,-0.009090760130486786
2018-03-09,0.017034898924807338,0.017267875039310328,0.027281892059330962,0.03794493156412347,0.027475054246221844,0.01572511987383963,0.02209862504989876,0.017060653559632395,-0.005881795723518265,0.01787560218840198
2018-03-12,0.009621433947626037,0.012274784456525238,0.03507791597950139,-0.005817892414774078,0.004375280095616326,-0.0025405899013322196,0.00237927464571365,0.01789636619230941,0.05454171900502194,0.01402986008670911
2018-03-13,-0.009676959101571661,-0.0064082374088574355,-0.006182755743903106,-0.011735139460092123,-0.022569818902547847,-0.01571044019065622,-0.024689865257249123,-0.00824188153773503,-0.01067881179038873,-0.005099030939428357
2018-03-14,-0.008537968784949444,0.0017741242337512898,-0.002414884659733728,-0.010834210352996488,0.007846946992935441,0.012620703890796288,-0.00594930397259993,0.004149657263635753,-0.04551475671341543,0.0035499336633491975
2018-03-15,0.0011762760692810906,-0.005470697171817769,0.027142966586787384,0.0030405515698054787,0.0014958892919221098,-0.0017933305086171513,0.003510218575764407,0.002408936423116665,-0.003158388052850371,0.003537580257649526
2018-03-16,-0.0035326227268085127,-0.006746984262292992,-0.04933755638058371,-0.003121029933240833,-0.014170647320893374,0.006667503468776487,0.004449811896509245,0.00456193063086095,-0.013138827430316807,-0.007532438573016619
2018-03-19,-0.015397202139111804,-0.01716652889855416,-0.03969943356097031,-0.01508275296158861,-0.030747692433992904,-0.0700970443419023,-0.018241811713486454,-0.03858231763932736,-0.024540122382657712,-0.008261573426449034
2018-03-20,-0.0003421867040866877,0.02655806397402168,-0.010629957526161662,0.003653687107543863,-0.003889051107315617,-0.02588866321684898,0.0025805503779174903,0.03498260167371299,-0.009645799079847998,0.005143917476983268
2018-03-21,-0.022915119662386765,-0.002935242181331271,0.029454028093185494,0.0016268101847122757,-0.0016440537844599557,0.007347409208566049,-0.007003985939990142,-0.004095182183870987,0.019073091713505946,-0.0029043010866817006
2018-03-22,-0.014230477627252902,-0.023629241659590867,-0.009926869527423176,-0.03523983074558798,-0.03805503698206416,-0.026925141537394663,-0.029518666821654084,-0.027366663268768274,-0.023753145635010495,-0.022853977910301384
2018-03-23,-0.02342913429094492,-0.0324714405071344,-0.004485578030097926,-0.027981829182502128,-0.025582085048368838,-0.033924591281198,-0.02949884294653908,-0.03740787297630271,-0.02476215748924565,-0.025734586380638434
2018-03-26,0.046379447902515684,0.03952772098848848,0.021420136840623345,0.03653583985210519,0.026474147166941495,0.0041947611055088395,0.072976678787971,0.04822361899844645,0.008716983357954528,0.038922140978820775
2018-03-27,-0.02597545428051425,-0.03853192075579568,-0.013655724179658657,-0.016326206271581645,-0.04576165566071405,-0.05022209553275779,-0.047048046493741,-0.08072445355202948,-0.08576296122040042,-0.022385559479146545
2018-03-28,-0.011110497549037658,-0.044829570623964574,-0.03197447341977481,0.001326118449495475,-0.0017494235514404649,0.005307347186992865,-0.0008948018539970948,-0.018663668680279376,-0.07975020560866929,-0.013956798435194486
2018-03-29,0.007778610512959093,0.011060397628404146,-0.004361206269018818,0.013663635902484463,0.03130016701041183,0.043226261817406304,0.02081323693614203,0.045223180758446495,0.0318784406408496,0.024755519729932833
2018-04-02,-0.006577933357891391,-0.05346506623271679,-0.03440665263688534,-0.01920701734492122,-0.023915994214370895,-0.02792226328419752,-0.030593508589971768,-0.046579677359432525,-0.05265286271087222,-0.02921610311310955
2018-04-03,0.010206590525425297,0.01451521594489404,0.03919048591226042,0.011656012425703466,0.0059567730105622935,0.004622939432098266,0.013354040805705352,0.019265950017316853,0.057899602458025494,0.022797061774707132
2018-04-04,0.018942013958775185,0.013216432521270617,0.0008863143337920243,0.010055388897834243,0.010769668219290698,-0.006490895521012705,0.028786663524532373,0.003941605764522833,0.07004145954947365,0.01052381780273063
2018-04-05,0.006910458916865309,0.02877581980896398,-0.0028735728390731196,0.0063165103631221894,0.002841338479559103,0.026970206296450014,0.0005412260806757464,-0.021715919891834044,0.0633964612779032,-0.01421045694120091
2018-04-06,-0.025911530820509655,-0.03256879145160196,-0.031990361015447895,-0.026019092638959258,-0.022217795472626596,-0.013521485531196824,-0.023548223720169265,-0.03273691565768397,-0.021223211265089487,-0.02099465805129285
2018-04-09,0.009869120841309378,0.0006047480886455927,0.025324613643967334,-0.004530656103155819,0.009990084449946384,0.00463317180569597,0.005966602635823476,0.0053994558212892025,-0.032738552591198074,0.015207164621024335
2018-04-10,0.018643094872150233,0.02120891765877724,0.021118102976491904,0.013186959520303439,0.015958779586997516,0.044035814877491364,0.022979254070085026,0.05640790975422792,0.05061985415504579,0.011771160543600038
2018-04-11,-0.004686075943736623,-0.006405231332769564,0.002374777151067634,-0.011213993287734588,-0.011098586647305661,0.007725851766316863,-0.011042317720334947,-0.0073545300259991965,-0.012450001501353107,-0.004599664142751204
2018-04-12,0.009810138023574362,0.01491919110975978,-0.0037103063927225975,0.012780765905685079,0.01186039982908825,-0.01484017605364307,0.018551060730561765,0.03628530907346338,-0.02302585434608351,0.010776224598824876
2018-04-13,0.0033821702931922776,-0.012301877768966152,0.03088430370758339,-0.0038117001111551744,-0.001205705669173946,0.003958721957240535,-0.005357413090764915,-0.01330177989971653,0.021063340553558362,-0.027747330926243995
2018-04-16,0.006218810396015207,0.0074574931597974625,0.009792440785926095,0.004350237523910206,0.00966323788422993,0.0018824749063244362,0.01164232221822054,-4.3047480169992875e-05,-0.030870545862284916,0.005145032032046278
2018-04-17,0.01367045478958549,0.04233096224700543,0.009458879946346898,0.005101692270568053,0.031299144102754896,0.022970058456981378,0.01997548842428479,0.025799199350652526,-0.012161153367676696,-0.013148920681185313
2018-04-18,-0.0022470591703324713,0.01583979284660221,-0.008577132278974997,0.001685884133534758,-0.003684789098344725,-0.013730631532297312,0.0038440372362905915,-0.004937593916344423,0.019482988950550416,-0.009260767184329055
2018-04-19,-0.028749123281248314,0.018848100013873853,-0.027334501990619684,0.003653017798646926,0.01298957746924429,0.01040496139683479,-0.003427817551528844,-0.031501842167221655,0.022682617268948137,-0.05870306704255583
2018-04-20,-0.041835291437689236,-0.01907723181610307,-0.023918742125119255,-0.0005329425214411132,-0.011196430709802883,-0.010886007101710704,-0.011616536582765192,-0.0014416291842599108,-0.033340946599311444,-0.0147809568481235
2018-04-23,-0.002900723283094067,-0.006324400696319432,-0.015598473272883733,-0.004404300554285841,-0.0032635277585427594,-0.0026495714356119496,0.003677286905209623,-0.021344362640518543,-0.023954713067764807,-0.005147896526549699
2018-04-24,-0.014016801500493335,-0.038803322300977466,-0.02191292607875332,-0.010384330264913024,-0.048825492780010304,-0.03778907827864594,-0.023665104961330074,-0.012043287037256442,0.0003175829962110711,0.0
2018-04-25,0.004347566429630873,5.475954499941282e-05,0.0026672313297522073,-0.0015397295487292965,0.00034225915574836416,0.0,-0.008736472929686209,-0.020737977872245933,-0.009820109595590503,-0.015080915468618799
2018-04-26,0.0034772782383177946,0.03881450715060276,0.006181374157551662,0.0016580721439177644,0.019668563444913575,0.08674010393968605,0.020904689306050904,0.038748480538612004,0.01692105227125317,0.0
2018-04-27,-0.01163716158359987,0.03537561362599702,0.01019037636392458,0.0007638180456658685,-0.011432798162700786,-0.0032784508332076227,0.01641435473832422,0.004916667478839777,0.02967988645210738,0.0
2018-04-30,0.017950358626084854,-0.004135326109196778,-0.014539455098590302,-0.018222768142139256,-0.012555954703956472,-0.009201506801651662,-0.024296379388923414,-0.0063386267031026915,-0.0006123186992790823,0.007308827540805662
2018-05-01,0.022970222068494167,0.010246541390296704,0.004175568991421463,0.0071308883195093185,0.02153192027643347,0.01075595523095703,0.01570162633035472,0.009910749339904604,0.020276271552000773,0.012406522266160264
2018-05-02,0.0432269601187865,-0.007982399946119208,-0.007143995423942413,-0.007819238028327485,-0.014225058654526328,0.012631276173502902,-0.015808369897224697,-0.0036607823938854724,0.0040927434643586716,-0.03077946280306069
2018-05-03,0.0018106233016275735,0.00152774422597195,-0.015375242105275166,-0.011771544117325092,0.0002436061634518065,-0.011711420707827196,0.0059704308218435365,0.02908984469235944,-0.05705105475694015,0.009228270947645464
2018-05-04,0.03848330591616409,0.005626403963582918,0.023126956694269573,0.019146588264807522,0.023781988700190798,0.014773519295345537,0.011520937746957602,0.02571891078175387,0.033328408391726135,0.012779178318355537
2018-05-07,0.007209053111817455,0.012065232820824213,0.02336697345474572,0.010200700488022749,0.008017298955294553,0.007671112639770189,0.011077507012440152,0.03945251981299236,0.029087598107581533,-0.0036345087291006152
2018-05-08,0.004795257135817275,-0.004855150386433913,0.012131179269339742,0.00033823778438473606,-0.0008216011507148389,0.0053238406056453835,-0.004270364708600969,0.006892566641730342,-0.002645858763480469,0.01880799259622389
2018-05-09,0.00701640924521563,0.009755167405861371,-0.003355036613754515,0.014407047347760509,0.0282762067548169,0.020687689694019896,0.011725368201952488,0.02125797234735091,0.016031414306226816,0.004329428012679206
2018-05-10,0.014202560432940532,0.0006714269487795818,0.022677100641256068,0.005448626476867969,0.015056642885477077,0.015590044877625267,0.009956204287113496,0.016863835288080612,-0.005981667768512261,0.010616735176632247
2018-05-11,-0.003810742740647554,-0.003841887076876573,-0.0005342995865589558,-0.009527054071402025,-0.001892414576562955,0.007838478128502396,-0.00214683776873287,-0.021762814882149276,-0.013067764405920593,0.0035138563667280937
2018-05-14,-0.002335641367173638,-0.000855019821921358,0.0056544790545699775,-0.0019096442810198197,0.002914146997640167,-0.0018733073974825146,0.0033718729659770936,0.003255643552247275,-0.030658568488625318,0.0010019267143983285
2018-05-15,-0.009129891089425097,-0.015999582214342844,-0.013077389792087656,-0.006729500496939605,-0.01983211578704789,-0.012508181064446856,-0.007268975388262993,-0.039133045642541164,-0.027043193851452124,-0.016404135522949583
2018-05-16,0.00928954893587154,0.007055711937681797,-0.004439253283681924,0.00033755274582111507,-0.0007192423648143876,-0.00609516312364073,0.002576541086603587,0.0018309423941293337,0.008060902728221242,0.012391088505640848
2018-05-17,-0.006343967323951232,-0.0034837207851964812,-0.0044167884945115025,0.0004723825036386191,-0.0026140247359570613,0.003052058198220523,-0.010034550409259229,0.0068865026572475846,-0.006794892876662789,-0.021080215804015975
2018-05-18,-0.0036431521395908816,-0.004682948952668358,-0.01455533807527236,-0.006973387318717508,-0.010804848458800182,-0.0058944953639047904,0.0018696167199292375,-0.007171193363642684,-0.027506411041860752,-0.01395716935815001
2018-05-21,0.007059934278027223,0.0070194493799519446,0.012883430091873356,0.007580408549375903,0.013345126400936668,0.009859414507851369,0.012786027422074821,-0.006936236879477986,0.02733063584059411,0.026962769054167765
2018-05-22,-0.002508020997129925,-0.002564092355650729,-0.0023454768075607878,0.0012499769994340352,-0.008058313770871269,-0.003747121733720766,-0.0010250190038856772,-0.006325282304132632,-0.033890641978487256,0.0042976872674810864
2018-05-23,0.006391245612217274,0.012854956228734496,0.008642242798621712,-0.008762448458529342,0.00985554768275055,0.016725479804838832,0.011827211340868844,0.020364234266902998,0.0146552593259178,0.0002523405944396761
2018-05-24,-0.0011156972760190337,0.0007551004151900502,0.012270523681681699,-0.008699415204921087,-0.00046984400358606913,-0.005203460281327493,-0.0035536348800986354,0.0006060254988463641,-0.00438134008245393,-0.009630223963810724
2018-05-25,0.002282683417144675,0.004406755128694276,0.02634074354103974,-0.0033085338107146514,-0.0012629320747031515,-0.0054469431098519774,0.0005083762429681389,0.0063987641006479,0.0035926511327837147,0.0007637237042473808
2018-05-29,-0.0036121222560214984,0.001687878056954978,-0.001360585428852453,-0.016939627019232743,-0.014878375142626046,0.004424568987263789,-0.0035644924509776075,-0.0027716208499465674,0.017454813671737467,-0.029436575285666934
2018-05-30,-0.002131147197279358,0.007424894791795791,-0.0011621264631280772,0.020761991448429225,0.008762508757532332,0.010337166631952282,0.00954457649597325,0.0175448689276167,0.027665611046886498,0.004705618316178559
2018-05-31,-0.003365623175312153,0.0029067818463926367,0.010648519440043115,-0.016574965094212676,0.0206943580443805,0.02166382201276165,-0.0011116624986342316,-0.003167436247903327,-0.024253054463057908,0.009346041321576725
2018-06-01,0.017873449800165673,0.007287974742940334,0.016798120635077688,0.0069396531105404,0.031322485598039476,0.011457740653106487,0.019536444489817336,0.02130305832754183,0.024595765346737457,0.012837291509436348
2018-06-04,0.008322943604103057,0.014352361192745182,0.007888054240524895,-0.004158010148663677,0.01576930139324229,-0.003666793281795058,0.00869333382739729,0.02767818587604437,0.016719212816101784,0.019452346823470783
2018-06-05,0.007685354408352865,0.018491622422478978,0.003438694593266393,-0.004524107246621818,-0.0017534940997282248,-0.0017605220898160693,0.005101344732136853,0.0008301910835888605,-0.019086459534572997,-0.010816191231138026
2018-06-06,0.003460143782283522,-0.0003537487735077804,0.0162975535627085,0.013931111206530128,-0.0035421764835963055,-0.00832721145769193,0.0029312118513447824,0.00030154514867959784,0.09298733807137727,0.0005055427167061655
2018-06-07,-0.0026843217138011618,-0.0038109042575301937,0.004392506050616941,0.007463769737833695,-0.010984763331149882,-0.01665306348475915,-0.01583315819414533,-0.008521789115630458,-0.010730278490089475,-0.001011575090537007
2018-06-08,-0.009139477376429452,-0.0031482087067048275,-0.025678136180770837,0.003935570838611736,-0.0015085674707390885,0.004877033922095241,0.007406824226310597,-0.002361200488309854,0.004954692435399038,-0.015041780157578571
2018-06-11,-0.0024543702794971134,0.0030417085523415876,0.01102520569308634,-0.004379506850820152,0.007204435989234264,0.012820640814495427,-0.0057231575169471634,-0.006349058332997316,0.04445444887073472,-0.004376358453956762
2018-06-12,0.005475498998279027,0.005684988047565979,0.002297911842538206,0.0008023558964013646,0.006369368930359583,0.004479794801857946,0.0025695347113770988,0.0074922448675698635,0.031623579957868575,0.011288015393033424
2018-06-13,-0.008251014148039677,0.0035902650511343294,0.008190175658505598,-0.0008057715527453892,-0.0034548492256522277,5.19885687556761e-05,-0.004550934830588748,-0.0006857991308927299,0.005846814961109414,-0.003834239105338718
2018-06-14,0.0005242464966408845,0.011083020118790305,0.018345093197369853,-0.010641558154201725,0.013782942169173472,0.022610355649684017,0.00563623892199001,0.01704152934318772,0.036844043828737995,-0.011590585016761922
2018-06-15,-0.010325596632884997,-0.004587452546296073,0.0065714102792690885,-0.007081318912208235,-0.0007242994896861671,-0.0048898042740231394,-0.012800846724529094,-0.006201033411001329,0.0012572053263432,0.002328937049156983
2018-06-18,-0.000529689139308103,0.00454682322375441,-0.021432234404969438,-9.039925183391249e-05,0.020753209513519638,0.012482386984951974,0.007263970799408695,-0.0006412984027582844,0.034735996616622904,-0.011437487063245074
2018-06-19,-0.016291791668317096,0.006355243580262066,-0.00019175032675405892,-0.003134252957567507,-0.00414018523320483,-0.0041433778544119,0.0,-0.018733824160251884,-0.05055133619592977,-0.018203887494393767
2018-06-20,0.004352466954089003,0.008780890154949957,0.0010344768607174057,-0.005947192620673649,0.004553944218658057,0.02257966544428391,0.009964083794825726,0.008191881081453417,0.027059386425411523,0.020814583373154946
2018-06-21,-0.005591649196752209,-0.011412889667689054,-0.006028601853730887,0.0,-0.012432437464969243,-0.002478339419458241,-0.007191854353882364,-0.020023403530448868,-0.0414583385299643,-0.019218506298675875
2018-06-22,-0.002916432813536702,-0.008444903691629486,0.00023124784944143886,0.005392452104634057,-0.00012838411387487402,0.0011904700256368964,-0.007244033901136006,-0.024250119764418297,-0.0407608326368912,0.013203344659276302
2018-06-25,-0.014982633305471189,-0.031090273447365042,-0.02847148380645666,-0.0066564084557595845,-0.026000220930545024,-0.027080981899969995,-0.020322488220390157,-0.048288308638379775,-0.0018601117764972604,-0.00723215216711326
2018-06-26,0.01232968882880858,0.01665984392829657,-0.003492117595902492,-0.0004919703511393656,-0.005862996443124977,0.013405913635883566,0.006988547435625644,0.011931038581083247,0.02663819480865757,-0.0013705861447764333
2018-06-27,-0.0014650778731171911,-0.018248499964223154,-0.017768334143072894,-0.010245629282498269,-0.013940545784520537,-0.01600673385209015,-0.015665402747480395,-0.026251851857831222,0.007283408999648192,-0.02640127715327805
2018-06-28,0.007249745922332809,0.0243561005785281,-0.008983737043486192,0.011720814826265663,0.008771089879736448,0.0019893832738117185,0.011113078234263064,0.02157144605082137,0.015639022752901306,0.012036749244403035
2018-06-29,-0.0021044475640331728,-0.0009702818544208091,-0.009271008979908308,-0.01015953425931328,0.002136522074840613,-0.009781120869777837,-0.00020272951350997046,-0.016577866551336147,-0.020148496990899354,0.01710382426288536
2018-07-02,0.011120426728472806,0.008190920166379114,-0.0024345622198594674,0.0062208598751025326,0.011376861021783655,0.01552307739614624,0.014097501459862015,0.022290755568784962,-0.02324520251387864,-0.0005472593001054594
2018-07-03,-0.017569859989813523,-0.011632531973367489,-0.011467912502124804,-0.006362693787828657,-0.022875693710154254,-0.023739163868580535,-0.009645341643548922,-0.022543999392542338,-0.0749967408799285,-0.004113590089101422
2018-07-05,0.008014826097831515,0.0034004971509542445,0.025213523072330664,0.005781129363179197,0.02215741963766231,0.029246971273440784,0.0071421623934950695,0.024564982549581536,-0.005483771731441455,0.0054809334268646785
2018-07-06,0.013766672104802168,0.006392287119912709,0.009247653397580938,0.0002291415135128015,0.012010481645036443,0.023801161571096976,0.01393660906948972,0.01877342911326648,-0.0008413739443247261,0.018413825081881725
2018-07-09,0.01378986672530162,0.01645995034240514,-0.001009778652676924,0.010588787971759942,0.010506605325664073,0.007402622021127135,0.006797590079277169,0.007733127864397748,0.030636287189681286,0.014913679445982495
2018-07-10,-0.0012077068666612033,0.00232627083824685,0.012570533613603191,-0.0011690703733326906,-0.0001199278656072484,-0.005878436187909646,0.0026476755096077123,0.015920892900352333,0.012356234552786241,0.002639871242059196
2018-07-11,-0.013061057191441574,0.006820891325990276,-0.02882794084479216,0.007292166480580322,0.0036946218350826653,-0.004925194554003331,-0.0013721340090009746,-0.022845512363350872,-0.010944370832144498,-0.02563534984941053
2018-07-12,0.016627109198105602,0.023438279239991148,-0.14785811104057034,-0.001668745757867331,0.025120011829185433,0.02139488801528032,0.021439469414641213,0.014836895167578688,-0.007079156356632034,0.009154597665466188
2018-07-13,0.0015694555634551816,0.009092308299375403,-0.0364700296441674,0.006920442844573757,0.0026271717712112222,0.001931281267559795,0.011831037901661698,-0.007631616007177804,0.006796925091447165,0.012253512163177284
2018-07-16,-0.0021977757644122144,0.005204214611597853,0.0038946812377992006,-0.0034542348680875576,-0.006589043268855721,-0.00043425583851365714,-0.004944263713965346,-0.004502285789358027,-0.027888696957791365,0.0005294422853638742
2018-07-17,0.0028241261364664308,0.01169553351913824,0.02459031529593764,-0.001731602164277935,0.013753554250764676,0.013230797348625317,0.009864512275065674,0.02187816808434129,0.039797339718765146,0.0065938406276644275
2018-07-18,-0.005499218391120215,-0.0005478819253287638,0.002253695070111029,0.04973054880652671,-0.00014017974082211675,-0.0030048520550841184,-0.007864696356254235,-0.007874969120538018,0.003588340997915393,0.00967950584577429
2018-07-19,0.007743021242885063,-0.016384942345801963,0.007587044914461468,-0.013982061363994432,-0.01145108995239404,-0.006084553634346909,-0.006872968279336795,0.0013100702236126373,-0.011240942684509224,0.035800355145354956
2018-07-20,-0.0022957164218443326,0.00040256240260829195,-0.00019043052677820754,0.0012700960964033465,-0.0010179560655245317,0.008851202674279118,0.01775338409529454,-0.004533383322421195,-0.02098503581790621,0.022846456100941433
2018-07-23,0.0008874777879837001,-0.006471788468656229,0.029928600914333556,0.002835178097012696,0.010893017056790312,0.004609730361946753,0.015870346182947453,-0.005916536589121624,-0.03366183049098457,0.0002457914521727903
2018-07-24,0.007228201349809817,0.015003415773147583,0.0028568829813255614,0.0005660723058772165,0.038195985234407884,0.017670389557331984,-0.0028752321791497854,-0.0028106036483865043,-0.019213739494976383,-0.008628140622499106
2018-07-25,0.00938615003222379,0.01861486826928345,0.03893924132966659,-0.001945966732943677,0.01404080520925423,0.013097003902398903,0.029019271439599904,0.012625626496057307,0.037320581448582704,0.012303200268980042
2018-07-26,-0.003136273414282778,-0.03029414744400803,-0.01242363116030437,0.002282128599710769,0.007464516040802464,-0.21023870323001798,-0.01097756787208772,0.011722715286792683,-0.006792485928422633,-0.0017135220281994056
2018-07-27,-0.0167717290905625,0.005114123653927564,-0.009589952800276772,0.004975935618122828,-0.025694835277121512,-0.007803104083070171,-0.017856014143838913,-0.011127411046657773,-0.03136897003681015,0.015315828315662009
2018-07-30,-0.005617791128259319,-0.02116035295109697,0.01855572622499896,0.004730515302836646,-0.018406221542052348,-0.02214286007850916,-0.02168599338921809,-0.03180769842603879,-0.023871031864305167,-0.008723142284500824
2018-07-31,0.001998659640048229,-0.0010009041577796927,-0.015303644706794494,-0.006221692780710448,-0.002295232897214336,0.008846640776027755,0.0067156817970249125,0.0029859117634628706,0.027096149377992502,0.002916393516844985
2018-08-01,0.0572402637069996,0.01103903355711626,-0.02266556424759052,-0.0011613439712572838,0.004690702570523454,-0.0054033153069704045,0.0018836489382011736,0.006553687595503429,0.009015402580142124,0.012059752952631984
2018-08-02,0.02881168393180951,0.020466105945655327,-0.002077601185369995,-0.00013281094381699474,0.006580171181832347,0.027126526195840734,0.012064332474241114,0.01669742979001296,0.1500394953693684,-0.0038432988199949346
2018-08-03,0.002888767871873116,-0.006036752198725051,0.006725586159273489,0.01159082089771853,-0.0023958198359185666,0.007962790313125965,0.004359998465155455,0.005887979273550026,-0.00392722251966948,0.003363840569745972
2018-08-06,0.005179324750467699,0.013326116952434698,-0.003956517383724987,0.023148693663444086,-0.00039599048513374544,0.04353163548698786,0.0008323942378233238,0.007626490979002841,-0.01790931528077431,-0.014983491295179577
2018-08-07,-0.009419243130268174,0.007940289206943445,0.015369108020859805,0.012094389428634889,0.01457428498037838,-0.01017583402373777,0.006912371809009927,0.01142916631886237,0.10425751987100246,0.004130832767018632
2018-08-08,0.0006756475049532999,0.012824884974734161,-0.0038657126913166613,-0.0009510224207040802,0.00436199273937084,0.007425584358960061,0.005586915454950193,0.005704657127359816,-0.02461753965428242,0.017546688799617616
2018-08-09,0.007834179229288647,0.006340837796472893,-0.013209909908984794,-0.0006345177877861728,0.0024783799754136155,-0.01135048173306001,0.001642376124375268,-0.007613464297590227,-0.04951266848117085,-0.003102671590084969
2018-08-10,-0.0029828999444824495,-0.006457397373654828,-0.020289397500981948,-0.009886860953746584,-0.009495587828955971,-0.015577639807541116,-0.0061277658923785585,-0.006532999248380067,0.008588294353453393,-0.019549167637485
2018-08-13,0.006436064486486177,0.005234593496003542,-0.005433298263277405,-0.005689229944488993,-0.003094611227236834,-0.001165569986530687,-0.00727404093509435,0.005206313404441161,0.002584687857127241,-0.007830001276328465
2018-08-14,0.00420419154348685,0.012291000927706849,-0.018070472792863626,0.001883922012162265,0.007579442530985296,0.005869968320907043,0.012398261335295502,0.02052048450709326,-0.024914314053937747,0.004900794464395538
2018-08-15,0.0023335790997536018,-0.01947847001266372,-0.0034791389753333216,-0.005694803771873325,-0.02081690166404818,-0.008762291558967919,-0.013652958393673155,-0.009029613403043084,-0.026082295987135885,-0.011307339990053471
2018-08-16,0.014543363580129143,0.002069435166135004,0.010161887289330977,0.012700114434870883,-0.00664423703877015,-0.027272012029681193,-0.00018592483623652986,-0.0063502823503033224,-0.009612303405664177,-0.0009895896448733807
2018-08-17,0.019773272528166734,-0.0022818919343934856,0.0027755888855331076,0.0014845205570856437,-0.006729836078031202,-0.005165070450532741,-0.0005575252659366712,-0.05026318319831213,-0.09352310299855524,-0.00695301698166116
2018-08-20,-0.009791199139921478,-0.002931660125657338,-0.012260566843408377,0.0018963393595690476,0.005004501331156693,-0.007508083013701859,-0.0066215526729802455,0.012260289737406933,0.009577607495927778,-0.0007478812835017239
2018-08-21,-0.0019510896253425727,0.0035689760811241154,0.018168380831781895,-0.0010672444604358882,-0.003722264212444265,0.0006955202005049663,-0.008362626775715686,0.02186982435099866,0.04271350329177862,0.01950899144594652
2018-08-22,4.6579014754327916e-05,0.01134029474607685,-0.014209122875376385,-0.004232388030840955,0.003558627174128364,0.00589136536835715,0.010138769809956042,0.03681593833581051,-0.0008079720701797333,0.00024439357607562983
2018-08-23,0.002043894073291148,-0.0010505395560034543,-0.009440304256070665,-0.001335718820015958,-0.0004830143765035868,-0.004270689527603769,0.00465957492535424,0.015179756871561803,-0.0047994694464031625,-0.005393245209893191
2018-08-24,0.0031044438978924537,0.0013077166792931142,0.016450280113563354,0.0027751432988575506,0.012685689301071156,0.010070541698272994,0.007778950919045404,0.019961492999976984,0.008461454998839912,0.013672045327846343
2018-08-27,0.00820072206050247,0.01163051544939646,0.018817213619359424,0.010651082330999062,0.01566004902909051,0.015961461245750614,0.011009325212252152,0.013427847345338395,-0.011057797782740283,0.0070072982407028955
2018-08-28,0.008043276587478748,0.002662829214967849,0.006832182910766038,0.0029179398083969943,-0.00832091333739308,-0.006785082364828125,0.006003889825674785,-0.00552450323740971,-0.0234827463444085,0.019552406968504063
2018-08-29,0.014819014830041175,0.033216652418121086,0.0026080703791367087,0.0012007016564749122,0.014969264784776339,-0.002044587004660656,0.015836152196542896,0.015414839797649703,-0.02220982005243565,0.041171550231384114
2018-08-30,0.009151726331368602,0.002139789185662643,0.007691798418638965,-0.0015917923629628025,-0.008106026907349826,0.009843412099120322,-0.0006249616275442429,-0.0024444052156839596,-0.006116857728366764,-0.01529905034289748
2018-08-31,0.01148768968909515,0.0051455472939262855,0.010925487393111413,-0.003792672055738919,-0.01821282451274898,-0.010810351991719138,0.003388796753260726,0.010277624282667205,-0.0049271513512772844,0.0032164472320467185
2018-09-04,0.0032019108275455894,0.01322754939250794,0.0018243913413485114,0.004581004772955218,-0.016774062226801112,-0.026349940492067493,-0.005535110284253348,0.01070199736813968,-0.043046923269294546,0.01162914012071116
2018-09-05,-0.006546338787960931,-0.022155808895267127,0.009028326545203979,0.008380857944065824,-0.010131093626733608,-0.023527723031570417,-0.029248092205370013,-0.01878654525547115,-0.028824659687569285,0.0024904970765068
2018-09-06,-0.016756653322269926,-0.018471969798578087,-0.02492199424230139,0.0003594002742001847,-0.012681209741340604,-0.02820852892750544,0.002301829989819695,-0.020685029445155816,0.0007477402091871391,-0.0038515136578487676
2018-09-07,-0.008101025328841964,-0.003191472227875324,0.07409460756129924,0.0051890694322176256,-0.005420112281615205,0.0031330160314416485,-0.004885922176672691,-0.0031583335859121527,-0.06511051590830808,0.0186666246568557
2018-09-10,-0.01351185191964947,-0.006712813174497921,0.033943212334864914,0.002669731197968333,-0.002150797114834472,0.006967838144950891,0.010754108693583722,0.010501457081734,0.08117582516337454,-0.005810051765463227
2018-09-11,0.024968761137595292,0.024523894399740453,-0.03407181302847795,0.0021121032562066546,0.012625757967915742,0.01066277551008544,0.016862060734788263,-0.007049701845431783,-0.021454393137783412,-0.001570068045707687
2018-09-12,-0.012496885640640502,0.0014332057554711966,-0.011504664793257097,-0.002794379604583638,-0.015574643709252992,-0.02402978716269872,0.004216014963851063,-0.01700603406423603,0.03895364779566242,-0.013786929119923408
2018-09-13,0.023868261397167433,-6.533122087816396e-05,0.02377025252125136,-0.0023760911297928925,0.008956026220616684,-0.003958433122055009,0.01068514276396953,0.011639635986247872,-0.003724168341778893,-0.011674601199173112
2018-09-14,-0.01141619556024029,-0.00993933696629168,0.0039004910277733937,0.01059130743714769,-0.0035252442779146478,0.005931789200074098,0.004065590590991079,0.018584783833601213,0.019636019543975154,0.02231418032625059
2018-09-17,-0.026986972629501893,-0.032058707004649974,-0.006409811826640322,-0.0013054711556096414,-0.015527685131775312,-0.010777471486524706,-0.01090873201120074,-0.00908484684312758,-0.0012202649255036756,-0.01474445726060066
2018-09-18,0.0016510753000318447,0.017157778216997634,0.028131674971097698,0.00877598188471487,0.00625717475804988,-0.0017451255944731495,0.00949661017823498,-0.01068010724503785,-0.034084013592407654,-0.004580882509710447
2018-09-19,0.0005950094771428163,-0.00756569249460357,0.008556289983357116,0.01384235278545649,0.006116018983918022,0.01707111135347174,-0.013427906079653502,0.003536128196902271,0.04816167725201527,0.010504880044977046
2018-09-20,0.007573467617176483,0.009238628182457895,0.012902757223844562,0.00425299138993997,0.014625145274575617,0.01798994792490403,0.016602542873217607,-0.021180177849559927,-0.0023102764367654155,0.003401791095283245
2018-09-21,-0.010829841275572788,-0.015179095926849621,0.012859739649094164,-0.0062549940606130405,-0.016457738276815275,-0.01878746371504672,0.006057338548256263,-0.010685011307725438,0.0025777618885772795,-0.002493420228771316
2018-09-24,0.014277691748478337,0.010053664875920762,0.005426412856294917,-0.010607281755225885,0.006327459906942013,0.015106314875246005,0.003581675560004348,0.008504445698712306,0.001937228201131435,0.018662425883833884
2018-09-25,0.006321079928910841,0.020563987165268808,-0.00724212491959955,0.0020111534340756855,0.012075417893743562,-0.0030271193747024206,-0.001920312746814768,0.010147874511880014,0.004361820224937156,-0.016169005655062605
2018-09-26,-0.007998148059487826,0.00015191562854669196,-0.009004730863163037,-0.01291099544764955,0.0001424127975114103,0.012294400565062428,-0.004114800755133993,-0.005566779794274273,0.028139474409747497,0.0022611800584039702
2018-09-27,0.02034337693594841,0.019123782614347835,0.00414743888557712,0.0013713048186237485,0.011076797898480904,0.011257080346523077,0.0037652694627282376,0.0017966407134464,-0.006676394186811727,0.011007865933936085
2018-09-28,0.0035057649213349317,-0.004970159887051363,0.0011357096777984564,-0.014676151501867093,-0.00023190636944801898,-0.026283913475864285,-0.00034951029896986013,0.04968022753691683,-0.14967862356105288,-0.013495445464166542
2018-10-01,0.006710809247239003,0.0006787590310107474,0.011204107863416071,0.006013134813373456,0.0012004667362939588,-0.012358732043697388,0.010783445917106872,0.029245826340614525,0.15996630906971687,0.011258647930724553
2018-10-02,0.008849230068644662,-0.016626551298427376,-0.0056668135003236485,0.0030085471570838007,-0.0007365804586779257,-0.019331264285442833,-0.0039866606879129084,-0.010002861452000274,-0.03165105931416401,-0.023562501251951383
2018-10-03,0.012095109491801275,-0.009454518172879059,0.0053059110388287084,0.0030242239080277484,0.0032159401550778738,0.01926949440038001,0.00017365777940872579,0.000872068747034378,-0.020879570125520365,0.007764660744447164
2018-10-04,-0.017737365551106266,-0.0224442234254135,-0.0050238921681344615,0.012341782178345256,-0.02885572460899337,-0.022286553811400434,-0.020881701121190234,-0.02629032496595187,-0.04499307098653701,-0.03542461232520565
2018-10-05,-0.01636198764233875,-0.0104079306962639,-0.01600379774954286,0.004867670091959239,-0.007880953137812209,-0.009614878326606504,-0.005868965932932899,-0.0343475037049565,-0.07315047194650469,-0.01903458328737131
2018-10-08,-0.0023210149733300257,-0.013441587384898573,-0.011779516086732092,0.011577636310965832,-0.01025075523661413,-0.0005086624383247456,-0.011480811972316003,-0.015271881169085762,-0.0444551930837214,-0.016225294997466156
2018-10-09,0.013758304631508081,0.003159506847789646,0.013702301065051136,0.006855372477776887,-0.009343548606306151,0.004124937993021348,0.0126397102327434,-0.0008655423081413132,0.04769487161816516,-0.0014659795512009467
2018-10-10,-0.04743321882754569,-0.06349826467822711,-0.05402880748130425,-0.050504829447106846,-0.047395696435589905,-0.042168526810200696,-0.055870264733389324,-0.07769502627836289,-0.0227842365240576,-0.03863374955859801
2018-10-11,-0.008867128153996661,-0.020659106604926675,-0.012719169474051325,-0.03540475031062339,-0.0013009759928255692,0.012929724743249273,-0.0023575281622542983,-0.04393202652854646,-0.018267761294738935,-0.01047433970056674
2018-10-12,0.035096351073241557,0.039486584027737796,0.017538603058314402,0.00647251450561752,0.026954314258310106,0.0025396990901371923,0.033973929297949075,0.04738581473329674,0.025637011844725322,0.018321215673217716
2018-10-15,-0.02161809437810516,-0.015585296480611561,-0.0020625994837095186,-0.006472514505617479,-0.016284790250677153,-0.001431921834533761,-0.018142974580482966,-0.04632315073007297,0.0031251224150275823,-0.023212168303861858
2018-10-16,0.0217978877626424,0.03296109181385232,0.024853111187253894,0.02167888995088216,0.027413618743337143,0.033688640337457734,0.03110943482664704,0.0434390484802042,0.0634327959715364,0.031998651191016976
2018-10-17,-0.004330832010212136,0.0064463632377394385,-0.004837209558808692,0.001428685059267618,-0.004856847025036069,0.00402262488436215,-0.0026160479212377534,-0.011332188309083304,-0.017543278006273536,-0.011057995664335617
2018-10-18,-0.023650950867340557,-0.03387461944326052,-0.03934365215668909,-0.006365393867076071,-0.02667434944222038,-0.028633256020882177,-0.02016398483046653,-0.014629466934946494,-0.029384839017495768,-0.026374861311865287
2018-10-19,0.015115098202026488,-0.003785315142127887,0.0011396050976644912,0.004068977394090469,0.0065998618128723175,-0.0056315494078921086,0.001473603402061993,-0.04421451352891702,-0.014926570471279743,-0.0023379495487403177
2018-10-22,0.00609148274109525,0.014223477431537703,0.0014884211728437779,-0.01731079844535533,0.005585261145032222,0.004727487692307764,0.008887147280933727,0.008905362098610961,0.0036473072126550357,0.006997744606098125
2018-10-23,0.00938255655283885,-0.011579655130424511,0.0018788476028534925,-0.012960551342759174,0.0031802277738904186,-0.0025228114688325264,-0.014054287622991426,-0.04493516261583222,0.11972696455952778,-0.018770309523708437
2018-10-24,-0.03490357158887903,-0.060900269370242635,-0.04619373477265323,-0.016873783871979974,-0.05322539573954544,-0.055601352141781205,-0.05495138433388205,-0.10307118282578602,-0.019360730257469993,-0.04082171089088423
2018-10-25,0.021661501059477103,0.06848717973245126,0.016011630027964893,0.007425817799054481,0.043020202664829726,0.03306803642551715,0.05679997150592094,0.0414051284552218,0.0874330286431297,0.024638670275625715
2018-10-26,-0.01605151885126838,-0.08142347029725895,-0.04176196173102152,-0.018116268137185438,-0.018141200558658796,-0.03766653210881714,-0.012450386347099291,-0.04703738339696576,0.049688062904440625,-0.01944422459473984
2018-10-29,-0.018948931886659817,-0.06535334363664695,-0.0077713232269766815,0.01070711714368797,-0.04628682157802141,-0.022821457122737244,-0.0295073237190818,-0.06602925269629446,0.011866497865424982,-0.009314814524664235
2018-10-30,0.0049820795860391525,-0.0055126260875841115,0.04398313545288969,0.018425862997537106,0.014182890737830973,0.028651559499547823,-0.0011560112504623659,0.08950439828193525,-0.014893088379068697,0.03913569435383413
2018-10-31,0.025732599487056092,0.04321681687087765,0.01115856598354528,0.006933194135994796,0.03838628679210603,0.03738572346875932,0.029259913930665783,0.03784622480752835,0.022242473178064662,0.008434345141058144
2018-11-01,0.01523555551210249,0.04138428065577011,0.028190891945314826,0.002145857388653001,-0.004226932069236937,-0.0002634295956615987,-0.008367346355399779,0.03394724353463534,0.020423191772720273,0.02462851816414203
2018-11-02,-0.06863285843734503,0.0,-0.040436048283029526,0.00014591983838525615,-0.013432382086896143,-0.00926862815746764,0.002263274879180074,-0.014733425414077413,0.006167773529960309,-0.006938406206239561
2018-11-05,-0.02879930306437513,-0.02291395130748333,-0.003085047083196702,0.04910956936526836,-0.01481792011715336,-0.011169676616455463,0.012636634903964248,-0.014765267954761139,-0.014568218268686943,-0.007765544159069235
2018-11-06,0.010756413040319586,0.00917882350506658,0.03640525115831331,0.009570186025182179,0.013024351321482601,0.00843912136416542,0.0019513243680664605,-0.0033582499140215783,-0.0009964070977674596,0.006475640059015176
2018-11-07,0.02987722257181203,0.06633977136357028,0.026587289113355596,0.013185882702890117,0.03551643687349767,0.010548267674571817,0.038606278144646025,0.012851689156659596,0.020603730470361386,0.011552404372915699
2018-11-08,-0.003495175836082353,-0.00033043903181154073,0.024651173610433886,0.005443963182575876,-0.012356887799935328,-0.024450130039947626,-0.001877430505574383,-0.03716642639034817,0.009263014594603545,-0.01232698490096968
2018-11-09,-0.019469813722012338,-0.02450416594044294,-0.005258100996538571,-0.010665922962593832,-0.016218306167754885,-0.019875473912760108,-0.019700405775407468,-0.0015548683395881014,-0.002535959084205347,-0.016413255219515015
2018-11-12,-0.05168737530250774,-0.045139744065118316,-0.06642895308923397,-0.020300832765566382,-0.026017556173529664,-0.023804987430120973,-0.02495047965741485,-0.08167283268942081,-0.05642528101968457,-0.02688815508589866
2018-11-13,-0.010041365618359107,-0.0034760725613268697,0.005351622428744816,0.011266164042497072,-0.0013254669314154395,0.004300210696682767,0.0006546589913318402,0.050261326899766715,0.022239444014452457,0.00913246770017603
2018-11-14,-0.028653851605081826,-0.019912881833394288,0.006074619231190517,-0.00922515767482583,0.00628755926707693,0.014386764125243671,-0.014282422495985395,-0.010693756029700675,0.015438256266650938,0.011696154850140665
2018-11-15,0.024379022089309865,0.012695718130497883,0.043852041383214115,0.00800004266707637,0.015496984784301083,-0.0025687024848469525,0.021767283914050316,0.026028966723347393,0.012824453818193816,0.01781081019090671
2018-11-16,0.011014815270488792,-0.016204016695618998,0.005359397504230584,0.006262909037706643,-0.002599046860400155,-0.030491718391057587,0.00937091788562212,-0.20771131263838138,0.016706156871619814,-0.043779375437521965
2018-11-19,-0.040438758841475686,-0.05225131114502081,-0.03634121627622181,-0.005019428725689514,-0.038989720621798396,-0.058892459121223546,-0.03447829347646096,-0.12782272722176943,-0.0023736096914838216,-0.02249139465134904
2018-11-20,-0.04895701570117516,-0.011191197215610942,-0.0062165421255469915,-0.033413411540015356,0.002944869868038268,0.0066670080055807514,-0.02820887704654916,0.029820450755345243,-0.017062716138914934,-0.011438347560327399
2018-11-21,-0.0011307341808160084,0.014122842106230335,0.010006172611771674,0.001047019490813961,0.01251779018125248,0.017886636930982917,0.013670518694407972,-0.029751265644166556,-0.02712805667626346,0.014761299094076417
2018-11-23,-0.025727065787478767,-0.009719272006622546,-0.00043493320606407084,-0.019025821206752766,-0.012857496499344874,-0.023186355045598427,-0.000387814007746173,0.002001965285395941,-0.037232068164504986,-0.005822834697589243
2018-11-26,0.013433278579417908,0.05142878028709171,0.023259567613814598,0.018200317199194536,0.02477539289350821,0.0346909089691386,0.03245471959662355,0.0540308570158139,0.06006303506598468,0.02417736388454908
2018-11-27,-0.0021785989871560252,5.69294805029396e-05,0.002207518950622644,0.008368882501603628,-0.0034720828999169175,-0.010170405066589096,0.00627314650630144,0.004433198862287956,-0.006029763419470862,-0.0010866136602129773
2018-11-28,0.03773176928848506,0.059130406887340066,-0.0025900067496433797,0.01958751197360148,0.03685938534416398,0.012952645783414573,0.03647433552670491,0.04041345665042438,0.011419815399028605,0.03235138874089698
2018-11-29,-0.007711763431538185,-0.002494536473075945,0.002377890532444986,0.004546571737882996,0.0025520465142515984,0.0139416384550993,-0.008404513065913555,-0.016075029412310086,-0.0194479618485975,-0.00210693775607383
2018-11-30,-0.005416927096132352,0.009870068276671688,0.006889272427749637,-0.0014743727009127446,0.013673975137184735,0.0138208617234082,0.006332425627153061,0.037848879293201305,0.02692274930708413,-0.009004402380057085
2018-12-03,0.034345753586219364,0.047482843636724684,0.019438471701667154,0.014982294829108218,0.00602882671160426,0.0034078771678689368,0.010763510321912481,0.039648470888909756,0.022597058720560136,0.029876412515853233
2018-12-04,-0.0449853896990814,-0.06044688772653472,-0.042317149172174974,-0.0493070373701828,-0.049477069925324295,-0.022651544985706457,-0.03236752480531492,-0.0790873091418041,0.003369619807877731,-0.03387486858302827
2018-12-06,-0.011212277448849018,0.01828664289188351,-0.02090309948911765,-0.009569451016150672,0.014585290728689174,0.012249827130807914,0.006154707781817197,0.007482625736575633,0.009297797793253366,-0.015612537978121961
2018-12-07,-0.03630817207754859,-0.042105608754156164,0.005792081655161822,-0.013962406939186692,-0.029654077647583356,-0.015954262577519706,-0.040844578786429823,-0.06985520821768172,-0.014118894034547644,-0.009266576338836475
2018-12-10,0.006566114495906102,0.007277978607481914,0.04571037328188885,-0.010041340409234227,0.006286614969413204,0.031728281705797994,0.026082901164288814,0.028385317901954907,0.01985894986280649,-0.0024676704089701402
2018-12-11,-0.005735636922645627,0.0013458597059741706,0.031231215221907603,-0.0045210383904437735,0.008010037145954121,0.0016200401864327502,0.009251684313982971,-0.024463640850642527,0.004399488170995707,0.007383967178835994
2018-12-12,0.0027833440522786615,0.012277951513649618,0.03244470553852913,0.0012326434508572253,0.011314222758977832,0.016889233772055628,0.004502222600068131,0.004779738541053247,-0.00043631614730297,0.0183592580197618
2018-12-13,0.01088054788578822,-0.0031066785633509105,0.012936461020855843,0.0004939491332834043,-0.00017691931820011585,0.0035232503644214447,0.003386361050665839,-6.749393130386683e-05,0.02741664318222241,-0.0013387843813212174
2018-12-14,-0.03252060201448621,-0.04090668967184727,-0.013524945703514944,-0.011356421816559562,-0.02054415442227021,-0.006572792168475939,-0.031745759132617755,-0.016523521192118255,-0.02984732812793832,-0.02166301457921178
2018-12-17,-0.009349925465916193,-0.04562565471846275,-0.002750789169179133,-0.011116434035499018,-0.025090841606835668,-0.0272313460813011,-0.0300618144795271,-0.019791804319452405,-0.04843199610928875,-0.008522459102882953
2018-12-18,0.012908963130615483,0.019900419411563477,-0.007223166790070592,-0.008453135711058239,0.01716754816133124,0.0244508157651489,0.010441936095813618,0.023132088286635467,-0.03323675529970304,0.014798611363488071
2018-12-19,-0.03168839803108895,-0.03702959409021031,-0.0234228062223631,-0.004969884621082449,-0.007648437047369462,-0.07529737773413443,-0.002696608752272382,-0.059081807733256116,-0.012119527132867663,-0.014522834573010714
2018-12-20,-0.02555852985865869,-0.023174971356437677,-0.008234241337587897,-0.010083427343200555,-0.011539349741707948,0.0012000024490379634,-0.021248293763748163,-0.02492717476531763,-0.05427412940561634,-0.009707174827704798
2018-12-21,-0.03967231575171632,-0.05877078806961028,0.012407623403679034,-0.007265210991412413,-0.03209479027606404,-0.06543845711866693,-0.03284567406522201,-0.041794107767874476,0.01382376022500745,-0.004749266847497496
2018-12-24,-0.026214444746433332,-0.024613477609225835,-0.046424873899641186,-0.018786477085056177,-0.00666024288546961,-0.007148284640662454,-0.04263494042913644,-0.019404231453033712,-0.07930549016355178,-0.011831432782566218
2018-12-26,0.0680520956140963,0.09025398275801824,0.05952747215469445,0.04229274939562328,0.06218917670008449,0.07841696494640955,0.06607788283046379,0.04628392025254882,0.09887683028497694,0.04081070903077915
2018-12-27,-0.006510944518799484,-0.006315330448245833,0.01086182429713063,0.012303180386143548,0.004807889806275621,0.002530856331896234,0.006146463718888412,-0.014606647303438138,-0.03101987613917527,0.0005438637651047826
2018-12-28,0.0005122898295617722,0.01114426445080633,0.010863771865468193,0.013641868521598686,-0.005925054584977038,-0.009861423071951727,-0.007838483555347501,0.018730230389799683,0.054598181031400884,0.009740625688429823
2018-12-31,0.009618863667762927,0.016074253774444786,0.0027169767549300844,0.011173300598125255,-0.001644619040588109,-0.015967564123125135,0.011685794074872066,-0.0011229806716890353,-0.003209968679503924,-0.006212159061766998
2019-01-02,0.0011408273088497904,0.024439664018391764,-0.0030329509700680393,-0.006369918122087109,0.009258679617571219,0.0344149977851634,-0.00444030952124193,0.02016969717459392,-0.07058234811465275,-0.010622238481467552
2019-01-03,-0.10492444626089611,-0.025565528700364833,-0.09315848308990256,-0.057732968070672526,-0.028086419256160525,-0.029468929921187915,-0.037481881721984744,-0.06231915918029056,-0.031977589194740155,-0.06096712053716846
2019-01-04,0.041803285244552006,0.04885111342984534,0.009780265758499202,0.01898245091229003,0.05002153853087569,0.04606119903469892,0.04546008950112781,0.062098942178457385,0.0560942725927254,0.017597442081888185
2019-01-07,-0.002228461050851181,0.03377651087852466,0.020161963833304267,0.00986570342536834,-0.001996284815082151,0.0007245109186458146,0.0012746665540050257,0.05158694393028675,0.05293512263076508,0.007407350216503544
2019-01-08,0.01888358457118886,0.016475884077589695,-0.008058316166164968,-0.0037307148578523503,0.008744677652636418,0.03193660879218923,0.00722436172322428,-0.025210589484787497,0.001163599158188828,-0.008265632630180956
2019-01-09,0.016839073324215408,0.0017128868892680703,0.042340722334043686,0.0008830622453406579,-0.003433208894488516,0.011856705713244198,0.014198294769942115,0.01947596463597813,0.009437947481978803,0.01899400205202278
2019-01-10,0.003190968802823743,-0.0019302905505940288,0.013070042057422633,0.002034864705398072,-0.002610523762389482,-0.00020797569827801736,-0.006446449655916813,0.018415330067511008,0.018844716086450743,0.02249171973693713
2019-01-11,-0.009866286672172419,-0.00950021578853727,0.004199039444701255,-0.0040058443763242605,-0.013400175184755201,-0.0027777202837886332,-0.007751845114025194,0.024485979996091083,0.006616379981298151,0.0052031650687419445
2019-01-14,-0.015151269288037903,-0.014335246209543026,0.0011964417069739565,-0.005488194063367202,-0.012249837013343522,0.010996192493686921,-0.00732239835792315,0.010759737767540158,-0.037735932883165346,-0.023491628897395225
2019-01-15,0.02025993441908949,0.034848007027612496,0.022155048266994985,0.008951812589345545,0.03274358651777298,0.024190921434229202,0.028592864175857685,-0.003796110283942781,0.029553003459965428,0.007799956243203461
2019-01-16,0.012142863847118705,0.005490895184266011,-0.018851570063294413,0.002745380534158071,0.0027572781913510645,-0.009511275590039352,0.0035170694718095283,-0.006896429409365294,0.00469238793745434,-0.0111609461760081
2019-01-17,0.0059199561214366295,0.005590776836741111,0.014318665333675887,0.005851458826953387,0.008781833533945198,0.005137835105806229,0.006997629926224295,0.019164920164799305,0.003634463829550445,0.018073490969711514
2019-01-18,0.006140674197479972,0.0017583478423892555,0.021273738723025407,0.029645559675334783,0.007414838692185893,0.011664614086045254,0.014872130232862489,0.03376295525572578,-0.13893012374879604,0.015042337311324625
2019-01-22,-0.022701951877904563,-0.038480037543253826,-0.00974746949985418,-0.01966684532410428,-0.02623294349761944,-0.016599181157674107,-0.019027206101806297,-0.05339829215320963,-0.011111646346251997,-0.012840227209966724
2019-01-23,0.004036046627357148,0.004798041569364464,-0.0029856141604468435,0.0043296003991054365,0.0053443789851538945,-0.022408159927966853,0.009699430156768774,0.0034893438683083113,-0.03864010516794837,0.0032940076805629956
2019-01-24,-0.007957913762023093,0.009050258811113534,0.023145571595715203,-0.0005136575011655837,-0.00037818190106599304,0.010547039094517026,-0.004790618669695572,0.055690994029830895,0.01353846267844261,0.031029125703805907
2019-01-25,0.0325997677890504,0.009406237482289068,0.016519863591542498,0.006116894013740459,0.01602392379737812,0.02157198220039262,0.009092250225136817,0.014528969068614454,0.01879254659466642,0.013196524540342452
2019-01-28,-0.009297658268994195,-0.01975608942600138,-0.0011948413648780365,-0.008373482214966367,-0.019850432117964622,-0.010388512761140336,-0.019694583376833774,-0.1487846135829873,-0.002224426662412959,-0.01852445183736664
2019-01-29,-0.010418652522391176,-0.02723753876321456,-0.004869587797480574,0.006622540760493457,-0.009116803278646207,-0.022492998497652954,-0.020575483326070322,-0.047559272236292735,0.0036373727345903615,-0.030095378769712168
2019-01-30,0.06610115496806952,0.04690977564140571,0.01675585457602326,0.020190826058818778,0.02576666990115161,0.04229949932229487,0.0328710149341795,0.04305670978186279,0.03731688539222895,0.02849181924238146
2019-01-31,0.007175281780971838,0.028504578463132847,-0.009535084210398741,0.007475706659319838,0.025092423554297298,0.10270430337851229,-0.018500263416529588,0.045252099443264866,-0.005683777190272844,0.0063998155733366365
2019-02-01,0.0004804327843186792,-0.055321193100996084,-0.0053822526005127755,0.007595479250241165,-0.006477999593872635,-0.005896457128821747,-0.015926427813196933,0.006794292593398348,0.016763086556941698,-0.0013300600226735357
2019-02-04,0.02800936876551509,0.004344132475857494,0.01970611912223137,-0.005991629668266747,0.020177245243163052,0.021137537682414484,0.02839233172971491,0.03028355888053642,0.002175678198907091,0.009800243151961013
2019-02-05,0.016964852614822105,0.015491866188782571,-0.007821073526744536,-0.0041753714104806215,0.009113669279419956,0.011221929964906998,0.01389978588477686,0.005148429699978417,0.026679142656293394,0.00813766540415328
2019-02-06,0.0003441520485912653,-0.011245686147586902,0.022739454296969396,-0.0061016153530231085,-0.025480912128084558,-0.003922099939501004,-0.011160713885189867,0.020136027221598986,-0.012935246198518718,0.012729131234658967
2019-02-07,-0.01912102900057089,-0.015910006048540103,-0.026115426967169116,-0.019610747775465915,-0.015237105835141125,-0.024402268157704847,-0.007193501873824738,-0.037152307534361634,-0.03108792218182639,-0.01613360027238275
2019-02-08,0.0011743118687398636,-0.016330834290413307,0.018301163717479967,-0.006766275416997695,-0.0031971546592547587,0.005693460219502683,0.0037924097692974635,0.005074679574519766,-0.005576329018939021,-0.008694574829893864
2019-02-11,-0.0057674067330502465,0.0017488562477837048,0.006038703370217259,0.013582198542057122,-0.00023585910742733492,-0.009246045211469855,-0.00398251291050706,-0.011676286382582146,0.022760598713060878,0.013144137755479917
2019-02-12,0.00858019770923922,0.029119271400045343,0.013222851665026516,0.014250970651712503,0.022838158886746847,-0.004534055225717398,0.015461654785749186,0.03172089051848198,-0.0032979313639255247,0.009099664599929917
2019-02-13,-0.0041633310666588045,0.0012141827176494052,0.006884055658025133,-0.0030441423812281325,0.000930672278534898,-0.005894521159045391,-0.0007487157197149421,0.011248416375067858,-0.011742429097439224,-0.013286492539379156
2019-02-14,0.003636751409085965,-0.010635630351720703,0.0006398213267147267,-0.014472410845748488,0.0005049724159905143,-0.0007317782880113242,0.0008423897336049777,0.010734917143066815,-0.01438072910139189,-0.0018377838821864226
2019-02-15,-0.002227606919997207,-0.009100547125929937,0.0015260312843673794,0.013885186049934939,-0.008511195285656865,-0.008883406243782144,0.012272677675192929,0.018020793647664058,0.013439268798795676,0.0007878345453708609
2019-02-19,0.002988112230669469,0.012134157679584378,-0.0009579716244639756,-0.002677699689481653,0.006126201486191371,-0.0012933240827886756,-0.0004624408927180287,-0.004458974261520361,-0.007302188315000657,0.009666745224488264
2019-02-20,0.006414855807024829,-0.0033725745741388113,0.006228994236308673,0.007084811943889918,-0.005269043360859728,0.001662403198669801,-0.005212626967942527,0.012119901869137997,-0.010128258243082899,0.01394291863543215
2019-02-21,-0.005654461357720159,-0.0016412354851550698,-0.008788709154229028,-0.005101845297102828,-0.014725190416935869,-0.015623371660051148,0.020872605672391176,-0.017689452198874942,-0.03816634835211206,-0.0005128974252410999
2019-02-22,0.011103835927636287,0.007456236282017583,-0.01593012619788349,-0.019429229452678363,0.011122312728326077,0.011493254741205786,0.014157531808006588,0.021717816874122914,0.011878507177307875,0.010463532846489054
2019-02-25,0.007257823464294403,0.0008821844156088245,0.007566109425290333,0.00429539731966584,0.0006894589383339847,0.016722865726440547,0.005571565355741306,-0.003145626388189349,0.013682197437311697,0.004811901374163215
2019-02-26,0.0005740559076836114,0.0020798706668898187,-0.013005905385123785,-0.002641137223639225,0.0041798301033551585,-0.002981001770607976,0.006876716705311121,-0.010070345974017328,-0.0030504879645208128,0.0005046737059356042
2019-02-27,0.0030925389142965037,0.0028619124443764036,-0.012845762737355947,0.0016515280384729392,0.0007839418277967509,-0.008075067369309878,-0.0016928178923282303,-0.010815577712020234,0.05512343917099931,-0.003794667156815616
2019-02-28,-0.009884738052156554,-0.0007680274393184955,0.014154209010447167,-0.002643755670729913,0.0032540366590721316,-0.008388314712182628,-0.0012486302743331095,-0.006397514868640821,0.01619893198032066,-0.010191449506174134
2019-03-01,0.01045651093221947,0.01926645484769524,-0.00952390311268682,0.008763604995056224,0.019314379973581347,0.0051276889094872035,0.004453129212107992,0.014097336313710088,-0.08168268383461422,0.008669541582890909
2019-03-04,0.005016990759855243,0.014513750908028594,0.007815386533082275,-0.004800587919263603,0.004257308457190004,0.030883761527449996,-0.0024022120879168595,0.0021069879947859796,-0.03251165931845648,-0.0061116974403855615
2019-03-05,-0.0018213996975626565,-0.002207450450986818,0.0076827279758805225,-0.002640265560176365,0.01357972747072833,0.022975885113166512,-0.005000897559472085,-0.0016597507058525687,-0.03139602921927177,-0.0033259605966944935
2019-03-06,-0.00577064389478541,-0.013970631881135682,-0.020644205927214415,-0.004056464852920441,-0.0036415611684599233,0.007272271072358728,0.00044737898149312127,-0.028974394888895912,-0.001085447687041993,-0.0059117956375039854
2019-03-07,-0.011641974712495238,-0.02610244391897686,-0.021756949400817804,-0.007744553010769127,-0.012168815661487073,-0.01978736802755119,-0.012244628741653,-0.018519619950145616,0.0012661721837979227,-0.004133555078708564
2019-03-08,0.0023738819306581963,-0.0031724020434359033,-0.004983841722425671,-0.00016721009987959013,-0.0007649554569987273,0.0027750502952233673,0.0010865893454855473,0.009203103899259319,0.02693084728297493,-0.011193395561245083
2019-03-11,0.03405542458163148,0.030274928015204303,0.018265752923755454,0.01420960052891806,0.025151338627531182,0.014458554803499333,0.020775944109028673,0.06738056649431137,0.023581223114604224,0.01145254690956385
2019-03-12,0.01117315371665356,0.0014833846646547194,0.0021162174893664823,0.003147255171453857,0.015140055426789532,-0.0008721892318097222,0.0069774966075455535,0.008527434119572916,-0.026330125897717833,0.0067058708680441175
2019-03-13,0.0044120975647666425,0.010529488021602368,0.0058427690176335485,0.0067645847476711304,0.0015106483479863171,0.00839887509014763,0.007715378707551977,0.036846862976706946,0.01957007740939458,0.007937747287088516
2019-03-14,0.011055499025176036,-0.002718364558176218,-0.011160660463080205,-0.0031063541695857634,-0.005460804968430638,-0.018629971842157936,0.0007853293043115034,-0.018314075327191617,0.003454758260783156,-0.009996085793869977
2019-03-15,0.012924128410891066,0.015383189836354888,0.07914765553216122,0.006203088777000532,-0.001871733240568263,-0.024930911734296752,0.01145367812301421,0.025346582870532083,-0.05140953908927527,0.021155270898744794
2019-03-18,0.010156733576019929,0.017247469835383878,0.012155068668919182,0.008897645723993864,-0.0014711966710467463,-0.03376025273226755,0.014220011451872228,-0.005077497855947319,-0.021802224404734522,0.005031257175437146
2019-03-19,-0.007956291896758751,0.011244417875099166,0.018444445967892346,-0.006784339239683441,0.011635258477591604,0.006831617047994387,0.0006801543491771561,0.03923229983543879,-0.007523861011181039,-0.002260782278106905
2019-03-20,0.008700418595573396,0.019904495279827,-0.01916056320894299,-0.007808909840624906,0.019738082133546487,0.023670108359400158,-0.0011056585815583419,-0.007483452257819674,0.02265977238418918,0.0022607822781069904
2019-03-21,0.03616859267778774,0.012160922039608137,0.019632098757941217,0.005272405602712412,0.007877996054150335,0.0038609079077681374,0.022715050131128053,0.053257942151689726,0.001533904013606828,0.029425075060205155
2019-03-22,-0.02092573596218105,-0.030409398179863066,-0.014080957532160628,-0.01938105688320212,-0.023309101520670086,-0.010531903867614654,-0.026722485511940747,-0.035638753967991314,-0.035246480304529995,-0.014975601374462336
2019-03-25,-0.012165024311207386,0.005363007055880073,-0.0016758000695445796,-0.006143824322250426,-0.00854058248497518,0.011795640045526619,0.005198046234048156,-0.021180277207192462,-0.0156588550190791,-0.012694614303401686
2019-03-26,-0.010385432903935208,0.005340129956768722,0.016531555335807097,0.005267018760801533,-0.006316981572210528,0.008324137190659133,0.0021225664701278414,0.017624461025886527,0.02783267714915969,0.011952836149327515
2019-03-27,0.008954195642727057,-0.010176281844700066,-0.003575048678545999,-0.003985189842949583,-0.00999224530223807,-0.01085302332648326,-0.009715616325776145,-0.0020941138411858986,0.0260243331388298,-0.004962701468103449
2019-03-28,0.0013252334580108425,0.004362605019555914,0.010419572623666228,0.004944986399923112,-0.00488452536641752,-0.0019311737092612255,0.0013696428232758027,0.004240220560248796,0.01369611080354769,0.003476165741107579
2019-03-29,0.006496568183501009,0.004124747912130558,0.005468782621882302,-0.00011618932233203741,0.003933381004934215,0.006862556524614479,0.008600522184485336,0.01294860616474801,0.0044406173269008605,0.015252359350138226
2019-04-01,0.006768187541318104,0.0186045153621656,0.016752004080421094,0.021625925922246027,0.0185958421024974,0.011986227572415825,0.009115475194219605,0.015034485161016187,0.032759891921093964,0.00995980682231788
2019-04-02,0.01443231351308166,-0.00011582341778240666,-0.00900080716775179,-0.005865119452398134,0.005456311887472428,0.03208193118634541,0.001427152406953513,0.003941739724635011,-0.011477252828966885,-0.002419879150799162
2019-04-03,0.00683152233149166,0.003697784072046203,0.0037877779909392265,-0.0008173273850990331,0.0043620882337739005,-0.003795792710232133,0.006522822011913684,0.03024831318493203,0.0205308104637668,0.012521400933798423
2019-04-04,0.001738992434201726,-0.001011142822082204,-0.0072585158962956845,0.0023227296460142668,0.007110318504807785,0.014189431150079632,-0.005097635441660981,-0.0019103597113707157,-0.08593722216784855,0.005964365342105418
2019-04-05,0.006671871225360209,0.010076259837952517,0.0075211635996382175,0.00428174144190146,-0.0065819943792575965,-0.0017057695635532527,0.004430706090292435,0.014187708269997722,0.026459970073128034,0.004509160078630239
2019-04-08,0.015613282888938698,0.006823719866722192,0.0006573667761851464,-0.0010239957204292772,-0.0026201133063690025,-0.00450589935708849,0.0003334864241840309,0.004389631526911515,-0.006421561243439884,0.0037814250336463346
2019-04-09,-0.003002721018223518,-0.007607779201279648,-0.0033888367574939566,-0.00026348275560216417,-0.004637222841206179,0.0150352592856099,-0.00543459952194382,-0.013279510593454728,-0.0032630303024267517,-0.004254872429249468
2019-04-10,0.0055982838142917355,0.006239222182829155,0.013291034057799758,-0.0012370195919687171,0.0031215444251526843,0.0013507179443914138,0.0076003315543077,0.014894325112599964,0.01367711069116183,0.0037832123802660337
2019-04-11,-0.008358701130949197,-0.0017662898283274766,0.006159478947979021,0.009321242768157371,0.0025992343056560822,-0.0017448373146959492,0.0011640418753088575,-0.002919520300639004,-0.0280652786610601,-0.006392670461870489
2019-04-12,-0.0004024751068048764,-0.000547840342124972,0.024329091244157882,0.014019857115002261,0.010804601322197351,0.008917242380091133,0.00513915269900984,-0.0080197962175504,-0.0026859862524520168,0.011336973112405361
2019-04-15,0.001808500216842049,0.0009815792097550853,-0.0019890971161943554,0.0007952286701383172,0.0031030525964134367,0.0030661393548056582,0.0008267090280091949,-0.028343898650814305,-0.004943052898305119,0.0007040235696828699
2019-04-16,0.00010041204234339962,0.009800755062900292,0.006615209796445126,0.009493742192251143,0.004376770616877797,-0.004351187599472969,-0.0023157702142740932,0.018825466931018685,0.025865779778642663,0.009343726251003924
2019-04-17,0.019286007628786076,0.0009549381687978624,0.0063535696851463085,-0.004609030478213803,0.006658322138369143,-0.0005032574576524856,0.008245784655453236,-0.0048998887391316715,-0.007822448958816279,0.03158177782411797
2019-04-18,0.0035872305305902643,-0.001679793447630733,-0.005976878262627368,-0.0022490783511598424,0.0010719563174213247,-0.002800678086265274,0.013054192465893014,-0.005299968680442539,0.007456485905066215,0.022497575432840703
2019-04-22,0.003281162663001441,0.013667838256111457,-0.011426381938168645,-0.003908302958771802,0.009850906910056077,0.01756965798256697,0.0031560567831952595,0.01158054316038803,-0.039220700589321714,-0.005521631218185534
2019-04-23,0.014320227801622995,0.01913424706845826,0.002029736848876991,0.011345771485955045,0.013334206518191238,0.012814416811373812,0.013483466613140564,0.011605079914695164,0.004367189004715511,0.005962408765545617
2019-04-24,-0.0015435930036561676,-0.011512265824974863,-0.004158983059786337,-0.0053149644436438805,-0.008329842201982265,-0.006551069502262121,-0.0034337468051525767,0.0026194940183561356,-0.020055756342084126,-0.00022016806316492332
2019-04-25,-0.009116374484148813,0.00026289721788828917,-0.008017302185716293,0.007880261425305965,0.0057688165718173,0.05684814911917281,0.032580662418134045,-0.02253640039505826,-0.043578711545985846,-0.020693170243852744
2019-04-26,-0.0047854526450505685,0.0251149873085396,-0.004532324248856833,0.007818648117797769,0.007922155097770198,-0.009200920354725889,0.0057133548327132095,-0.048338151559863256,-0.051754657790314504,-0.012214291817615922
2019-04-29,0.0015162975552774566,-0.0062740364215657365,0.007414309289976359,0.012140952728661069,0.014594352470196194,0.01703506946866767,-0.0009239540383891353,0.006938830448352049,0.026564156668391885,-0.0025063868126325613
2019-04-30,-0.01944412905383579,-0.00616314988039783,0.018000486746768393,0.0004892300263271321,-0.0779821988619197,-0.007110109440226997,0.006375220423745346,0.009269227815953572,-0.011579538159972131,-0.0002281559049460807
2019-05-01,0.047918960965572764,-0.00781652975766392,0.0015689968755017716,0.002519279958511823,-0.02161714990339456,-0.0019148773581149857,-0.021046862800305023,-0.0029325283248821626,-0.01980180623126662,0.0
2019-05-02,-0.006528972407005107,-0.005613323539631774,-0.00970511788394015,-0.005186794254074163,-0.0058209080157788145,-0.002593735794718371,-0.013145099325345204,0.014959559085088094,0.0422140612366804,0.013148845529951027
2019-05-03,0.01235460457834714,0.031913423628043114,-0.00034844719148379843,0.01089614755923751,0.019558616891940366,0.01515506633027363,0.021089744601532515,-0.0009832464839118363,0.0438033007844267,0.00695807981825551
2019-05-06,-0.015563172115234485,-0.006087452958372469,-0.013200016664781206,-0.023978943354906947,0.00328164225504058,-0.008167550934029388,-0.005835416951950092,-0.017417634363163837,0.0012147730661703946,-0.021477260764151147
2019-05-07,-0.027326884155315898,-0.015265430980201054,-0.01383211500715779,-0.015367477131121778,-0.012308841738032799,-0.021426558415696448,-0.020736406679292413,-0.03819569143482063,-0.03296477054208545,0.0
2019-05-08,0.00019682716098785668,-0.0016829004229154195,-0.012773031308857279,-0.0011748457381939319,-0.006877612007317199,-0.0012127512841909906,-7.963239207983549e-05,0.004667815610362184,-0.009026329942036213,-0.0013719096454935806
2019-05-09,-0.010802313055172185,-0.00937755492724011,0.0022062412864596224,-0.001112612369405014,-0.002403057684440975,-0.0047066837320868865,-7.963873390276523e-05,-0.021679826024671372,-0.01174982922375762,-0.010351201672541725
2019-05-10,-0.013950018976761637,-0.005219207390946392,-0.00032889572095568464,0.003492621426216268,-0.0002825853862918499,-0.0016445876548697488,0.012904542007999387,-0.008082371451617274,-0.010218129749463936,-0.009758231230255597
2019-05-13,-0.059876908269008204,-0.036258277894010836,-0.035427481749409066,-0.022890750390206355,-0.026952159986127443,-0.036772959037998786,-0.030184468592720327,-0.06339398697103844,-0.053642888692410726,-0.04391076682838525
2019-05-14,0.015706249845570577,0.009522776139087656,0.02895822394049431,-0.0049089027559553935,-0.010373798510236738,-0.004471562459317098,0.011125299423502226,0.022404039568518188,0.023078626554257343,0.0236273247149463
2019-05-15,0.011908075764450606,0.016722493404126338,0.007817103345257294,-0.004147418710537747,0.04002860669434013,0.030192871442968658,0.013984183301167968,-0.015297723516366133,-0.0015508662931841915,0.0
2019-05-16,-0.0044095881321890495,0.01927695612143547,-0.02353611997400747,0.007680359049422106,0.011633465821171224,0.0038578565562029706,0.02282895298041918,0.0038150465082030824,-0.015729859074043964,-0.010539390558914718
2019-05-17,-0.005697795724367342,-0.02042670477171038,-0.02520614498195727,-0.005147408934275741,-0.01336033801183149,-0.009078879329551627,-0.0066925443241537185,-0.023112805172715602,-0.07879160253819237,-0.031305768512625676
2019-05-20,-0.031769297660735156,-0.00538090784314732,-0.06153285293301458,-0.003246602177870086,-0.020852695770323927,-0.014021208648016918,-0.014550575168524454,-0.03101328997700316,-0.02723578438615981,-0.040304866821701237
2019-05-21,0.018989540954301897,-0.0007803291762345315,0.010001650452242912,0.002822167811904553,0.008507719448404703,0.01142754241826867,0.005372679120985105,0.02157772892200042,-0.0013644301491679894,0.01641924029751907
2019-05-22,-0.020684237012972593,0.0011621835874950752,-0.02244153360623895,-0.0063060689708237996,0.0012206552759653115,0.002701624352051909,0.0060496972009625284,-0.018616622362464398,-0.06210985897149923,-0.010230432492858751
2019-05-23,-0.017216855552464484,-0.024054523961227404,-0.03450140089759328,-0.000608137556442828,-0.009134492153735737,-0.024305504017695018,-0.01173935471606615,-0.03258837271986068,0.014218982156523499,-0.021567701099823814
2019-05-24,-0.0038483254665855355,0.004287174525437958,-0.016084812312088907,-0.003673113837113511,-0.005893453770551683,0.0010497177666596634,0.00047533380018305576,-0.01483957224917922,-0.025174877946532528,0.0034092833222157215
2019-05-28,-0.004142966404645431,0.0071864058679742045,-0.0057206937284911595,-0.006456441598912309,0.0008340390711029981,0.017790781809122747,-0.0006338286228889496,-0.012617754616807081,-0.010175940821913055,-0.014502540745552298
2019-05-29,-0.00478091770115671,-0.009432116847075527,-0.001415457487115666,-0.003960664843699703,-0.017367057592304475,-0.011568978831658803,-0.009717422657607758,-0.02108187573444969,0.006128515358594707,0.0010618579674525573
2019-05-30,0.00517345443641963,-0.0015788850263094745,0.009789563721408474,0.0033858442931560522,0.0013117031015956438,0.004490551675160459,0.006303307718480539,-0.007662052875865573,-0.008675443485018194,0.009243267959918124
2019-05-31,-0.018281646222685455,-0.022972616855778175,-0.019596656982570765,-0.012767404758526484,-0.013384953764639962,-0.030739056780326113,-0.016439274480869036,-0.026588890778501156,-0.016391213145480147,0.008115892894105626
2019-06-03,-0.010161898084360578,-0.04752091720062188,0.0061010972223329435,0.008987966042658833,-0.06319346812423508,-0.07802092784328139,-0.03153991190116349,-0.012479610199073619,-0.034002173460743926,0.012181601194902752
2019-06-04,0.03593101073651437,0.021548041312531258,0.04826720055906618,0.014105596762176173,0.015048775702312563,0.02020255567627235,0.02732676198339365,0.06664804463607131,0.0785760501617263,0.006163262117629466
2019-06-05,0.016014250299091395,0.005155703373834923,7.50545992504993e-05,0.007863736460214451,-0.009384781222523095,0.0039920647607655,0.021447420001018222,-0.012100947152214728,0.0153261559057241,-0.02147874309478076
2019-06-06,0.01457508754538989,0.009081436911120979,0.0262593310360113,0.004883617064018521,0.002982091744636923,0.0009511465319602964,0.015691404093051618,0.01754055626167609,0.04651304989708485,0.005478151291405795
2019-06-07,0.026268916734118866,0.027918906052417206,0.007595831722727926,0.00442345961208089,0.01947967225263484,0.029386192204862223,0.027622649560144395,0.01189191849715074,-0.0070654213857223955,0.009837329685745601
2019-06-10,0.012698558777821561,0.030892108542121297,0.019240998512855465,0.007277867265996034,0.013379271187129256,0.00844423308548733,0.009091151379228293,0.019937331958016082,0.04016068793025768,0.020398332348639362
2019-06-11,0.01151283387408424,0.0016485738255401748,0.011602320504634046,-0.00413663695693952,-0.0015899863080169744,0.018588407908001158,-0.003777904970507169,0.015509310728326214,0.01962942455513551,0.00854467419652251
2019-06-12,-0.0031876147721988882,-0.004506557485555057,-0.013316610457646235,-0.00985376449618002,-0.0017960891858210999,-0.01733075349139533,-0.004628334286435289,-0.03064730161463078,-0.0367805294636728,-0.012590895206020294
2019-06-13,-0.00020617910232643014,0.008041663860675924,0.006698216484619026,0.00081022910486545,0.010976434930088909,0.013787081167327691,0.006292434699775751,0.0139920069373984,0.021977829297588538,-0.00025387837214720094
2019-06-14,-0.007288933879339813,-0.00033692003755475005,-0.05728969450793309,0.0024721811142427138,-0.004326449538739031,0.021516981626081053,0.0009820958353506132,-0.024719630146152614,0.004710492177676777,-0.04166712809561856
2019-06-17,0.005949087159463296,0.008712154694986924,0.0001503168883598395,-0.008884080554336657,0.00696275169958455,0.041481180890558765,0.0030155964545631048,0.002692697465905569,0.045967846334089235,-0.004768539546342758
2019-06-18,0.023246431871533534,0.008100570364277153,0.04441732254148972,0.011084729320968666,0.010322487469930794,-0.0028609222458010728,0.01723830591253242,0.05271270550979668,-0.0012895183084361763,0.040333520468836925
2019-06-19,-0.002927193035113241,0.0038948776411954953,-0.002016201427722023,0.0067145421028525784,-0.0006608819734157175,-0.005266704962590174,0.003913796919071506,0.001568647842496601,0.007491632206456829,0.004834164665850942
2019-06-20,0.008003635844254474,0.004912512407217872,0.005606270993646093,0.006200069230831879,0.007837132304538903,0.01087516336886919,0.009242957625733138,0.006379755815717804,-0.03053709900280504,0.02778286532234713
2019-06-21,-0.003415196102842511,-0.0035983699946728416,-0.008757487389373392,-0.012542373777090957,0.01087309056764058,0.008458898419376554,0.00014589013057889755,-0.015301409231433622,0.010147814582239045,0.00024668577349760745
2019-06-24,-0.0010066130127629209,0.0013593775173542787,0.01883670710699681,0.005325599611957416,-0.007733946370039157,0.0076092095085254115,0.005895960312281601,0.0059130235601877355,0.007991062700448779,0.018580804363402193
2019-06-25,-0.015273831856274072,-0.01879192354951343,-0.009681653361297476,0.006577387954092637,-0.026422973349212554,-0.019715404260494503,-0.032080995196132174,-0.007759991596281412,-0.017501531619481456,-0.026871371608933502
2019-06-26,0.021398675947407634,0.010360034971862704,0.01767246870673209,1.598963871453013e-05,-0.0066977743585771785,-0.006268114630479853,0.0037406202954916785,0.05008474624733657,-0.002232228297383763,0.004103200075035938
2019-06-27,-0.0003002405293399464,0.0033927983928230664,0.015058048163480981,0.017686953721662534,-0.0034213678525665137,0.009757147951183263,0.0016410187918658313,0.024622378580217492,0.016150172309638413,0.012965472157887693
2019-06-28,-0.009153859232375536,-0.0056082949464654865,0.007497013692767658,0.0002041986388617773,0.005714417617494088,0.018301016499025016,-0.00141719740740124,0.006107565846881256,0.0027783929288936193,-0.010665736738198262
2019-07-01,0.01817469302924192,0.014969473796872794,0.042474229808537295,0.011061572457391887,0.01575988537639147,0.0,0.012757936081164404,0.011743032393947127,0.016466221724361078,0.054886966716834296
2019-07-02,0.0058377215758795495,0.00628554194084757,-0.016855009864213268,-0.001168780032523121,0.011389560240943038,0.010309467644529367,0.006611051152753354,-0.02399616899282771,-0.011600218839631889,-0.014115760734964103
2019-07-03,0.008252513610493274,0.002421672303596773,-0.035990450567795915,0.004298478876326433,0.00929511315534804,0.011218880008585237,0.006422753878477627,0.0032003296618645003,0.04506146454972541,-0.011586602647365175
2019-07-05,-0.0008811311145412635,0.0020145063009627206,-0.00785800217899456,0.0007708394017465859,0.008582822227920455,-0.004065037837497655,-0.002914020255259113,-0.015604990959569826,-0.007692338334116885,-0.00996749715794509
2019-07-08,-0.02082926766265114,0.004831530386180268,-0.02761951327315675,-0.002162330458389997,-0.014119146887802499,-0.0032640484988104633,-0.0007300109932118004,-0.01902768804707408,-0.01191106882403326,-0.015394646154430943
2019-07-09,0.0060810418966396615,0.018261630021034286,0.002070883220959641,-0.0007787159647121851,0.0066931708066047466,0.0174702210556754,-0.0036571216680559696,0.0006358824953833971,-0.0012163699243967914,0.00886171538930901
2019-07-10,0.009839987071705834,0.01453448569859851,-0.003745091728900868,-0.005006303325774538,0.014674528398541173,0.01751546337596425,0.010134410886644114,0.017330261297137002,0.03778869128614836,0.025878425123560637
2019-07-11,-0.007309157146255224,-0.008132486532284676,0.005667122818716955,-0.0023546763988440884,0.0027744804514848193,-0.007426506186423172,0.00398183460667919,0.038124057542726145,-0.0013402808651118304,0.004656329017802545
2019-07-12,0.0076534932765354845,0.004950130483804872,0.03323814159467014,0.003919309777302102,0.0011009019925205593,0.017927156198781817,0.003606068299095921,0.007966806609260708,0.02679618785170417,0.008036215225967279
2019-07-15,0.009351211076279762,0.004955344390456898,0.010283630132138817,-0.00247274418044513,0.004503715328189342,-0.0046969016173117,0.0,-0.0020303616659622823,0.033779097347802406,0.014208495626569279
2019-07-16,-0.003466058493886326,-0.00550248861151783,-0.014708299165595271,-0.003211520444717541,0.0025608466645983996,-0.0003434458459344849,-0.01318929007114651,-0.0011362970959681148,-0.004427953346815866,-0.0011958274276728884
2019-07-17,-0.0056393266891442825,-0.00893076292309193,0.003337777559772531,-0.02432622217380175,-0.005842995684678554,-0.010058110642108152,-0.005926866433005743,0.01561827900127295,0.009778567486270942,-0.0033576253425984894
2019-07-18,0.011295560384503247,-0.007118592136206877,0.01635253374661759,0.0012924891512770546,0.0004358931535677644,-0.005067478158128952,0.0011002389667689918,0.0027655318674289224,-0.005192847091315009,0.03678787363520613
2019-07-19,-0.01503990852106496,-0.006787722315432636,0.0007587498082577065,-0.008966273381279945,-0.013770699016695075,-0.01212630129437642,0.001465144251926952,-0.010277129800143371,0.018135442365715914,0.014709603166432673
2019-07-22,0.02259675880471891,0.010688342420228144,0.020985041754626472,-0.0067591394227534945,0.006746649536637209,0.019767173336003963,0.013161298264832097,0.016953653389405604,-0.009730316261804303,0.017415042386926007
2019-07-23,0.007787185933813259,0.0044521423028228615,0.01551315426353351,0.007153605266156834,0.007729895188242066,0.00019766766646989013,0.006192936993284483,0.025017238403964994,0.01740861417421435,-0.00404408072015872
2019-07-24,-0.0008139150791871366,0.003163662575726461,0.009891631591143481,0.008562192199488592,-0.007273517853618786,0.01130176236652139,0.010214707674711866,0.01693427438032794,0.01794158228530698,0.002698258083307619
2019-07-25,-0.007938788250516029,-0.013581296228977947,-0.011189267906975255,-0.004014457418661847,-0.0033308386633388374,-0.019488949824330283,-0.003773519182589177,-0.029999004238212335,-0.14634118145360764,-0.020872168200082943
2019-07-26,0.0034719835768552243,-0.015711904843454392,0.0017628052600996568,0.01358390843481259,0.09185168413354139,-0.004794562399119704,0.008169502301517494,0.009700128767693016,-0.003414618982496043,-0.0036745570028210816
2019-07-29,0.009294915344694125,-0.015873748717480866,0.002721240735965004,-0.00468077904364684,-0.0027180016496004132,-0.019258011262463588,-0.0021954038971792023,-0.001429196972839715,0.03333569012283758,0.010984000114355054
2019-07-30,-0.004301361675106943,-0.0073052312577509835,-0.007250804904954422,-0.003511415697277095,-0.011207239286442733,0.00559830086850652,-0.0048338261195303035,0.003597610633458441,0.02715478226865056,-0.019070080614493678
2019-07-31,0.020198995802187956,-0.016864897630143302,-0.03246832653119091,-0.012120657936185697,-0.008012639281390552,-0.014363832440005983,-0.029501079253743324,-0.03911383547949855,-0.0026867746162287836,-0.011196765526479096
2019-08-01,-0.021876833309010604,-0.0061578127469772434,-0.01616513752812896,-0.016351131694481758,-0.0052839308614530895,-0.007752772205946547,0.013050400396788935,-0.022779656680532143,-0.032644893450348864,-0.01798855128675556
2019-08-02,-0.021385094767314993,-0.017442009143555263,-0.02415522414417396,0.00767644749833912,-0.01284019169013737,-0.019437177804547436,-0.00843755673193452,-0.02287708644104679,0.002093199627884857,-0.005268400279868045
2019-08-05,-0.05376771441421076,-0.03239082144570347,-0.039808425232936054,-0.027213352346471466,-0.03536641800499666,-0.039330980541403174,-0.03485943465621168,-0.06669552529813642,-0.026024991318455336,-0.04367692096614202
2019-08-06,0.018753167897398625,0.012778275729818725,-0.004568385007666334,0.015130848065429905,0.014042565051288541,0.015181489462165233,0.018584846221751893,0.010292149526037004,0.010586762848221487,0.034268705970786684
2019-08-07,0.010302264436215881,0.003110618555960309,0.013457739677824583,-0.010450513808535584,0.004115979665998158,0.003462638023156212,0.004370150869306664,0.01005785760195968,0.01150450033738322,0.0
2019-08-08,0.02181613610949661,0.021780725021871127,0.0034381891891682504,0.009060314488267229,0.025424330871829246,0.02669978233355436,0.026336229269866805,0.02800113761043418,0.020691055468529226,0.015392508221335546
2019-08-09,-0.008274603580284354,-0.013905054350440298,0.017377214306185784,-0.00488097392976517,-0.014438248515945485,-0.012222212860343975,-0.00853259166146253,-0.02611840083340907,-0.013902398156972823,-0.011763216572751473
2019-08-12,-0.002540750561547318,-0.012615288866911465,-0.0003267787953086097,-0.008134582216833523,-0.012185901876080738,-0.013289875270647344,-0.014040560177688106,-0.017865306942017913,-0.025862371865182993,-0.010926365410838945
2019-08-13,0.04147616942606403,0.021844688318190798,0.028821862732259423,0.005050963775268286,0.018750245603061683,0.016478836788182634,0.020482452737837047,0.029920784201613364,0.0258198835342497,0.021257076749976074
2019-08-14,-0.0302166212750812,-0.03422406490530883,-0.04373424463804356,-0.015172449639920602,-0.027515713276118698,-0.047488167611910305,-0.03057682840430908,-0.03907457096509374,-0.06768680255284285,-0.034281225190860305
2019-08-15,-0.004994328105962994,0.007436962772528972,-0.010811234537755392,0.010342937109375,0.004345269675371472,0.015898642978521213,-0.0022416194344376476,-0.008700329849685327,-0.018288353171501865,0.010579909627634455
2019-08-16,0.02332079033541336,0.009219158337593528,0.018952966162201837,0.008312472064623759,0.008422333114545892,0.006060845543354501,0.018161273900001072,0.07001856979544861,0.019744444624820005,0.01650524615967836
2019-08-19,0.01847259747617293,0.013051989159110924,0.01809798672417819,0.0028539695002777078,0.01784342649456781,0.013356240194980648,0.016610174628021557,0.06795596560692006,0.030845997748934404,0.005760682082463133
2019-08-20,4.7492984805075005e-05,-0.00814931406190375,0.005687256974382923,-0.013053703446954243,-0.014186552390391554,-0.012757529462156372,-0.00834378801651404,-0.01718605416311122,-0.004285505421123528,0.0038223408810003764
2019-08-21,0.010780304908800276,0.012226647744316171,0.025112601888367173,0.006032088798481951,0.006778677625134427,-0.001415575580511249,0.011085330096787605,0.019817724855921783,-0.022522132632969878,0.015145016199613741
2019-08-22,-0.0008467915241332661,-0.01040746095441238,0.00041726699998752525,0.00982445377635061,-5.038460843537059e-05,-0.008260759827897809,-0.007303983946544967,0.00145891543336654,0.005959674684834935,-0.010625041635181954
2019-08-23,-0.04732309231075392,-0.030973573737141446,-0.055360226812904256,-0.017818096094217303,-0.03235958601436943,-0.02384836288322356,-0.03238095024443427,-0.05415788566697675,-0.04960079059483937,-0.028407949128207745
2019-08-26,0.018821184485776927,0.010942233772083079,0.018531507106879643,0.01330518221947634,0.015141518415206001,0.014576834949969293,0.015325194813809,0.018360237981653846,0.01688593882877696,0.009478571804075532
2019-08-27,-0.011348121640918089,-0.003987853398843467,-0.00596979547409553,-0.008272770054958028,-0.0003074159644779081,0.005198306245148113,0.002139065976245985,-0.02230810537825633,-0.0042882070919238085,0.0002418521309063739
2019-08-28,0.006687928687830082,0.001372654229947393,0.0017768524714680222,0.00857515139335545,0.0024993213895658606,0.0025338115548367585,-0.0013273542929217264,-0.0026015100666636026,0.007028701855971562,0.007228809076511946
2019-08-29,0.01679017226252823,0.012476729930588952,0.026135110181239235,0.013365873943677218,0.01730634406340437,0.020745195730897076,0.018708843646960984,0.03522375883978145,0.027991764077430346,0.01501298898554856
2019-08-30,-0.0012924596838890916,-0.0056755109689405545,-0.0025795169941041133,-0.00645271742568614,-0.00311147495604985,0.000538723584180505,-0.0018839974399379245,0.0030494503742695507,0.01743757434314575,0.008243962581075133
2019-09-03,-0.014670562482180034,0.007599287077514432,-0.030863361929573965,-0.005697907989592837,-0.017779468475076343,-0.017823657294595053,-0.01329020933794409,-0.02014058203847221,-0.002662996693731353,-0.021577794449665625
2019-09-04,0.016823861200893863,0.006004836143353969,0.03220705842809531,0.006430124560506036,0.010817239253883459,0.025709782453190055,0.01162025378460825,0.02757495262788646,-0.01943116129601614,0.033702131178303354
2019-09-05,0.019362860000485566,0.02202580287152902,0.027874273213250894,0.009078350275414772,0.024992287756679197,0.01989264879481975,0.017430537528797144,0.06303413809115577,0.03953785869897764,0.024947060489904693
2019-09-06,-9.376206770596344e-05,-0.003924682004765568,0.003053573394865558,0.0038935297325637572,-0.004854155819808234,-0.01802417780813079,-0.006806579170060791,-0.006083172382154353,-0.009321131822989943,-0.012052677673418524
2019-09-09,0.004258150411680287,-0.00117878144017156,0.0023952112816360495,0.007913021202654004,-0.0008708360199469478,0.006750826914534225,-0.011423573760801681,0.010302327201558086,0.018901418181459656,0.0031980048769643314
2019-09-10,0.011743717059715872,-0.005914756798134339,0.006234622337156994,0.007235602651627464,0.00035664995185643835,-0.013816067371061181,-0.010526480612067202,0.014738582143909358,0.016048960489895236,0.005684806989059603
2019-09-11,0.031300350374893045,0.0013393751130937493,0.012051729723389857,0.013626878378412154,0.011790586672773232,0.012384734963425414,0.0002935974103950109,0.006258276252715919,0.047912327846942035,0.0027172239312308433
2019-09-12,-0.002238931133773043,0.011215049350111993,0.008586805163474875,0.0030059446831835917,0.012195859645743413,-0.005426285027722482,0.010232883201672219,-0.00032582358127427214,-0.0049902167042224325,-0.0033974891011651982
2019-09-13,-0.01964553060643792,-0.0022861946565066265,-0.03473009986641204,0.011497982578133146,0.0040888277525682895,-0.0014946242825285498,-0.0014552941494685569,-0.01272498880545796,-0.002728713996813491,0.01508860966881882
2019-09-16,0.005243248271304575,-0.01727409924180755,-0.005734415939780359,-0.015842456692840772,-0.006797025993830613,-0.005195213190887542,-0.007235427054438696,-0.009554031214132886,-0.009795012235959525,-0.0031344820436596194
2019-09-17,0.0036313801516881274,0.008103902585268599,0.0005890088154113088,-0.00019950882892746382,-0.0014218548094600207,0.00993852013762651,0.00774505616149833,0.004760948401698319,0.008121454351540124,0.011813774283825157
2019-09-18,0.009335715513667988,-0.0027967121376823445,-0.0037811635921503727,0.0040646479486796845,0.0022496150952349735,0.00031905352626299967,0.008190885318209966,-0.006038036661133709,-0.005324674641613693,-0.001996201022527917
2019-09-19,-0.008158321906773217,0.002220369938279979,0.010028226988515642,-0.006423767797802783,0.0049365244463784675,0.010574213109440234,0.018241598134179512,-0.01703506623479579,0.012691671904217687,0.004061494789751919
2019-09-20,-0.014725795943102506,-0.015123356081273511,-0.013036383762779997,-0.00413552362900056,-0.007218703799068513,-0.0011050523162030733,-0.011621574635161199,-0.024312619938101587,-0.024548765463603572,-0.023207378996049348
2019-09-23,0.0045363185026347196,-0.004950486377768806,0.004212420693370733,-0.001515333065016065,0.003935896229971118,-0.01650998721362728,-0.002153750596082993,0.012373092309097828,0.002532023019229352,0.004548925237867841
2019-09-24,-0.004766057662291513,-0.024776514664445734,-0.011096222711215586,-0.00920175644771841,-0.013338936541249577,-0.03010279829347468,-0.012730047089304336,-0.013299687945307663,-0.07763784395676024,0.0011336166059882867
2019-09-25,0.015272266903966509,0.01522560943795219,-0.023438494584839965,0.004981834679747085,0.022409261187198316,0.008349886148397944,0.014309925311181528,0.032503187678251985,0.024298080060291966,0.01997163784634403
2019-09-26,-0.005171082327300182,-0.016242438483099607,0.004125509464032131,-0.005323436278928582,-0.0029339062199262795,-0.014824974293091773,0.0012907211420164716,-0.005006071757425276,0.058838046284869626,0.0317072124049384
2019-09-27,-0.00487774036381473,-0.00830524237371174,-0.01005377099500041,0.0038603876154379123,-0.013240425029757327,-0.01685306010664879,-0.013056087182231583,-0.0319702053094236,-0.0017743788664326618,-0.020659698514510837
2019-09-30,0.023262412305949574,0.006043915850105009,0.0070155474954858915,0.0012257695483904622,-0.003931088867880774,0.005518190292796793,0.009394205768606742,0.01335880525416359,-0.005217380269892639,0.02109021009949906
2019-10-01,0.002764433148684527,-0.00014979419150042044,-0.00442901488644707,-0.005876154867166379,-0.012475821717657867,-0.01282904349615297,-0.014197665123150828,-0.00040177718916478824,0.015734771560612624,0.015159721098496984
2019-10-02,-0.025387362501917612,-0.013001530778686167,-0.017544381036873155,-0.015981611334874822,-0.02355885299291859,-0.006906093349321362,-0.01781300198447014,-0.005532641665659647,-0.006395828716893808,-0.01623620922604994
2019-10-03,0.008458915031756336,0.0065103035515946435,0.016015200264401386,0.007054933399640502,0.009723994555072616,0.027008727122430007,0.012032639409965127,0.04668562769715957,-0.04242918829553246,0.0149639344158874
2019-10-04,0.027645951441495654,0.008793152669587833,0.025187348779149292,0.017019517781342933,0.017939245436647176,0.005947263340264122,0.01341138496398971,0.0036334879299524665,-0.0068896805364283085,0.006134372763853717
2019-10-07,0.00022036791192926549,-0.004026085267119779,-0.01919289275179935,-0.005789081124527137,-0.0022403926694845215,-0.0042762685942638835,-0.00726651286276989,0.012885801031553392,0.026816005504508238,0.011114613545056225
2019-10-08,-0.011784250124554523,-0.015793681068500286,-0.021047133797021205,-0.013547194754522238,-0.01511052392516211,-0.010799416230510504,-0.01063092087103103,-0.03927942845793905,0.009753676748550492,-0.0018788681974727165
2019-10-09,0.01165210505365974,0.009616472379736505,0.010377596236036811,0.01122730713075404,0.010256931205949333,0.011745280329784516,0.018766134222383983,0.019445540434311927,0.018490843294478566,0.01698846881217304
2019-10-10,0.013388404563683901,-0.00100518069222072,0.004747789515521723,-8.387448510826986e-05,0.005862752887978495,0.001000107249898313,0.006201304876879465,0.012756260373863041,0.000858418039820759,0.00512231640778068
2019-10-11,0.02625056934545975,0.006755179581182764,0.023265179672200462,0.008116046182372544,0.005146047306083513,0.022844451284177544,0.004161198356694823,0.016043124284860266,0.012788621436352825,0.009964761920884711
2019-10-14,-0.001440460438512626,0.0026006849008286315,0.002666371646887097,-0.002755793713798779,0.0016930899941167096,-0.004952790037666408,-0.0009311500606202772,0.0028988797623108954,0.03593539155955349,0.009865928797979255
2019-10-15,-0.002334223651290369,0.01766694892629402,0.03028326539573131,0.008340172007699369,0.019894884197060602,0.030149830003956976,0.014371600879444746,0.05140831134957005,0.0036127226196520047,0.009571434648804862
2019-10-16,-0.004045457105421639,0.005670218199067944,-0.00635823138038713,-0.0012736827068160733,0.0006116251463737687,0.0034878676332652197,-0.00822775509814209,-0.011060543684510512,0.007186524142577059,-0.005173009520468088
2019-10-17,0.003875085610910278,0.005638333382188143,0.0032880135120149753,-0.002073200646892691,0.007853153401481046,0.004421809572274523,-0.005141237889113329,0.00041208002041939626,0.008510294825121641,-0.007609427942086713
2019-10-18,0.004791527489969677,-0.016908737986876143,-0.009372430828065801,0.00022347438916879765,-0.006719478624663209,-0.024134745348253293,-0.01645613319158173,-0.019752066164061215,-0.019348511759363377,-0.009492032149969827
2019-10-21,0.017193915496520943,0.015889987789337544,0.009856070742983792,0.011962510376362655,-0.00010458642364703502,0.02082020231388078,0.007394985866649358,0.02856592289812415,-0.01351766398714735,0.014504799820410242
2019-10-22,-0.0022892716435532474,-0.011223871111253501,-0.007313552776455649,-0.0027162772141378615,-0.0024783689022213292,-0.03988696781010531,-0.014992508324570742,-0.002043006446441993,0.008171731125572387,0.012718842460120757
2019-10-23,0.01332958939450034,-0.002018214434825777,-0.025151782775263903,0.001201125409127248,0.013150383485468861,0.020679717371661313,0.006359396866751952,-0.0026617214174088247,-0.003527697705131321,-0.00932468276767642
2019-10-24,0.0016436350192226192,0.010505509905438084,0.007073793087708901,-0.004854447639081043,0.0011761746301864535,0.0012349056643908589,0.019482619211284996,0.009031905597271966,0.1627073867407585,0.015427557176287833
2019-10-25,0.012240805398834907,-0.010982306485900742,0.026254349917797026,0.0078037207391607995,0.004113472810866314,0.008069010984822487,0.005629376807251839,0.03827064106938676,0.09069467139827285,0.0035268446804247095
2019-10-28,0.009967469220323306,0.008902345419024592,0.005951457273148676,0.004901431539149506,0.01933254722278697,0.008004422861195824,0.024288587720359425,0.010940173127377948,-0.0012807947563153786,0.0035140318478454314
2019-10-29,-0.02339945486798909,-0.008119150571146162,-0.011695727989938528,0.0011527414907021379,-0.02221573718130446,-0.00047527139219251516,-0.009476615915910333,-0.018891953306818147,-0.035690931583353486,0.0031135286373842326
2019-10-30,-0.00012345942180227678,0.009755331152435024,0.00719238506647891,0.001804752586671885,3.1707179807010894e-05,-0.005614994456325296,0.012385432743269349,0.00039439558255404187,-0.0038337382146187405,0.008512016439553837
2019-10-31,0.02235778426332912,-0.0018725073161205933,0.008952237436044898,-0.003321133864827447,-0.001508240551752085,0.017899787732525436,-0.008612368307418041,-0.009801840371139665,-0.00028577073587868494,-0.005408317905971197
2019-11-01,0.027985559039866364,0.008284550823414213,0.012690538952036229,0.013890085214061737,0.010628111208006094,0.010226737929298253,0.0024386022818608942,0.007779851374830676,-0.005125560958197279,0.009062106959120055
2019-11-04,0.006545534038415392,0.007352477288485275,0.02796079056845917,0.010458415842841419,0.013552821627092135,0.00566527080044215,0.0057587543759085,0.03830122651010491,0.013190251778298889,0.026329907464004154
2019-11-05,-0.001437900100473027,-0.001635984259248522,0.029208815229723666,0.01427944664006937,0.0014180098170028918,-0.002056379695870724,-0.0006228964057566792,-0.0042366385283728065,-0.0007877741614316514,0.0011209247612073538
2019-11-06,0.00042766650187603394,-0.0033023668647886115,-0.002806451341322007,0.004079150089552958,-0.0003331462839459072,-0.014357378231905998,-0.0027728090835481317,-0.009491270932300875,0.029079338851648758,0.0016791546960972185
2019-11-07,0.011475228191094157,-0.004224307928792128,-0.004544527000380154,0.0030147837117718897,0.012263794100360248,-0.005916714774536598,0.001387142040812268,0.0034137497101534545,0.027066259147669167,0.0005592520571309667
2019-11-08,0.0027328206323695707,-0.001298291684538671,0.005342795029275192,-0.007015505504355063,0.0015749394346181963,0.002203287556644623,0.011715482747984568,-0.002691439930636688,0.004757095497985336,-0.015774855359116907
2019-11-11,0.007888054379020673,-0.007999998745449705,-0.0021083159936066877,-0.0016301595128356767,-0.008222968836295214,-0.006466040433993404,0.0010273576822458616,0.001923274917835436,0.023307008242272685,-0.004363274447936617
2019-11-12,-0.0009161740642704104,0.003577876408002885,0.008849641459219472,0.0003624873924287819,-0.0008246533052723501,0.02530845427574292,0.0065489414057531906,0.0068456862349486735,0.013927860226281246,-0.008591964952591591
2019-11-13,0.009536222509723708,-0.014097774253444028,-0.005912136274588484,-0.00515967643195648,-0.0007942574386543141,-0.006603735137758616,0.0016301727484534813,-0.004974178892016906,-0.010976517536210168,0.01390105530697277
2019-11-14,-0.006943405668079091,0.0008495689742594642,-0.015097152532394199,-0.00030362651742884503,0.009956503286925763,-0.0002071307224186534,0.005078100127952798,0.0058321559548142506,0.009317706491661899,-0.007593001704360332
2019-11-15,0.011809143188796055,-0.008648952687683294,0.012671147393796656,0.0003127338887834573,0.018458800416386128,0.010045261248738821,0.012818101618294338,-0.027055907148541575,0.008039716546772512,0.015316388422993437
2019-11-18,0.005029419833828151,0.0074684960238794,-0.005897566129443782,-0.0005465891455942769,-0.010326309934318467,0.011719864209506811,0.00246398756926207,0.0388550078470502,-0.006209469761818026,0.002436704666426888
2019-11-19,-0.0030372717541719742,0.0001483515094221294,0.021089663298308945,-0.0018971587841131257,-0.005508315275686548,0.00967950307070872,0.00033255538986419865,-0.020415680930413568,0.02686525453277175,0.006344431250662809
2019-11-20,-0.01170956839501935,-0.00415064502033856,-0.019162669644787075,-0.00576519993388911,-0.008208180243066333,-0.009122410418424909,-0.0017360607767067616,0.015220451504294711,-0.020513868869493704,-0.004848026865632577
2019-11-21,-0.004493236318593292,-0.006217986458149935,0.011420978734028135,-0.004940069634100057,-0.0013219819172272515,0.002124125019005073,-0.0009361924133503794,-0.004746256567643054,0.0073828123156505394,-0.009767219654317545
2019-11-22,-0.0008781849670944538,0.006326901323545818,-0.0010473075826124554,0.005704976949334359,-0.004988950453720777,0.004486581265869806,0.0007353158820253307,0.0033722197737816955,-0.06337614052816848,-0.003592828044690936
2019-11-25,0.017381606660136856,0.015979589635143454,0.014814087059446127,0.004086914303909143,0.009210400133113417,0.004866695365981955,0.010903817996895486,0.04777573082034063,0.009859919333317325,0.018208074564641054
2019-11-26,-0.007839161918693612,0.012938516318668469,-0.010536461264888566,0.0003075971962862106,0.005621043607833821,-0.004112621887080762,0.005276418943269082,-0.019214980116721594,-0.02230801073802288,-0.002421115497462411
2019-11-27,0.013342781803106914,0.011932253434933026,0.006837832637883663,0.006927792934502134,-0.0006628389979116893,0.015113668699884208,0.0019055624750111968,0.006435453012152239,0.007179607623328355,0.004836303770788708
2019-11-29,-0.0022053868576844145,-0.009786452277548634,-0.007027479452066963,-0.0005747300439516436,-0.00614631399588112,-0.0017837454016146929,-0.006190476783859021,-0.006896502207250483,-0.00408331183446667,-0.014956248458180608
2019-12-02,-0.01162966954429841,-0.010719163262200036,-0.017514320506806458,0.00034487766260670697,-0.011747214201228866,-0.009667697103527143,-0.012162432749641643,-0.03516909128780354,0.014831577778426516,-0.0020741863350957766
2019-12-03,-0.017990717522769404,-0.006554897641658675,-0.013609283439871528,-0.009329276292029216,0.004551476203786257,-0.004416299673643545,-0.001605990506730692,-0.007627483766284039,0.0039638352301946105,-0.003782047100678679
2019-12-04,0.008787312719744275,-0.005251180813047949,0.010385599517584372,-0.00011602344907978445,0.018518859304139757,-0.0005534983322224099,0.003610260582831229,0.008439647039810797,-0.009473685044135857,0.0075498441983462864
2019-12-05,0.014564483782389944,-0.011544817962785503,0.004735027767021126,0.006992269474450782,0.006062143462705022,0.003265767872812471,0.0005332940619075012,-0.0032521593523685325,-0.008019273672589195,0.022681972763288833
2019-12-06,0.019132130421881548,0.006368715753630064,0.015496674385262062,0.011579189393200788,0.009323402686074416,0.008441432794339903,0.012066032041084616,0.016298011847382197,0.016570487479172825,0.009877446881910413
2019-12-09,-0.014099073171068422,-0.0011939050988062398,-0.005297763938592697,-0.005216796897266552,0.0026842961047037705,0.0014412656670840364,-0.0025732364775045095,0.0,0.010778479484683797,-0.008775104957732465
2019-12-10,0.0058272045091815085,-0.005904754434733096,0.002160518431033187,0.0006505789176853598,-7.441250472375958e-05,-0.0023370696471627797,-0.0015209458083046254,0.008495151271600037,0.02705113248298345,0.0011010494450916805
2019-12-11,0.008493074965930582,0.005453040216112708,0.01468238917684485,0.0044463210907619045,0.0010123365279528114,0.006896132711716814,0.0037646662757481676,0.01558018226334592,0.011004409475391042,0.024996659354132693
2019-12-12,0.002545486986339977,0.0066172609838292965,0.02495811069115558,0.01546729229330754,0.003149224075648946,-0.02762007734111497,0.010100662123427757,0.030495580470287734,0.01959693606267636,0.04734110956080063
2019-12-13,0.013501587621711084,0.0003464055904998532,-0.03849865394412842,-0.0021274089101527903,-0.0012021553542173342,-0.013508810291128824,0.00838256465711484,-0.00035755247886816183,-0.0035929070843364005,-0.006161065185049074
2019-12-16,0.016973117857910457,0.004685424827782585,0.02414986758417439,0.006780086698784307,0.010216162462003167,0.019437891926184597,0.006450572906206025,0.005165700426494244,0.062488990606601645,0.004965921204183743
2019-12-17,0.0019633695885234604,0.012051086000576885,0.002071298396367255,-0.004062533186080614,-0.004279242621956965,0.0023717845884148685,-0.0054152986531846355,0.01385021392679254,-0.006600966624869255,0.011717799614391395
2019-12-18,-0.0023922477284433656,-0.003709385461905557,0.011178721439475894,-0.004434597067865753,-0.0022019454712059734,0.02050521054305895,-0.0020709967807358482,0.005329542222388406,0.036681334404645764,-0.002197130336265141
2019-12-19,0.0010003167637439943,0.004613685162964642,-0.01025284777585448,-2.6667022228495988e-05,0.003345193439123187,0.01742737090830699,0.008643316549955994,0.025594604838412523,0.0273227300440061,-0.012516409825493882
2019-12-20,-0.0020733741049478323,-0.003230170321979381,-0.005782459126120317,0.006965500502291335,-0.0038555906460330095,0.0011640664042295043,0.010858063683684912,0.01646942601406238,0.0038288839658321035,-0.0005176358072605261
2019-12-23,0.016186540857639018,0.003631847326724357,0.0016599468939891462,-0.005325321076777158,-0.00043678012491331185,-0.0005819383448921746,0.0,-0.0023002932845183005,0.0330530426375991,0.004993623895970129
2019-12-24,0.0009502813526561892,-0.002116000655262421,0.003031186564948968,0.0010200537521407272,-0.004600948395782581,-0.005154305313008747,-0.00019062817042787998,-0.0008379518079377207,0.014281404577191001,-0.007932457030481286
2019-12-26,0.019646167237721578,0.04350624357368459,-0.007893807483817418,0.003716599169300148,0.013328830989590566,0.01293275824984169,0.008163157883645014,0.0023859255251850887,0.013291643487754986,0.008447953736198294
2019-12-27,-0.00037963680995507836,0.0005509958634310166,-0.004570371203413014,-0.00215158430704759,-0.005763280752304898,0.001490835988705952,0.0018263980283949387,-0.009746594619035239,-0.0013003685301450005,0.0035982871718138213
2019-12-30,0.00591758997895304,-0.012328332134618607,-0.009746226939434232,-0.0005017191363526971,-0.011082620778761806,-0.017891003364070162,-0.008655921210334979,-0.019395965477506497,-0.0371131230011561,-0.010489351251365775
2019-12-31,0.007279732695192863,0.0005142525969060166,0.008133535921453192,0.002476635402189329,-0.00023906694912312324,0.0041009402875385285,0.0006974877269262031,0.012745726443978525,0.008715179630272204,0.00431231177441057
2020-01-02,0.022560064269725212,0.026788570977962715,0.019956479719696153,0.007834596304328074,0.021632887225264137,0.021830565268489505,0.0183470764482929,0.01940240253160297,0.02811910133608081,0.03284546101334139
2020-01-03,-0.009769355566079252,-0.012213314472679244,-0.025763926189109273,-0.00911637387781162,-0.005245399000451769,-0.0053052813157668886,-0.012529879843062837,-0.01613546088103993,0.02920267893223429,-0.033534135520367374
2020-01-06,0.007936662631737822,0.014775871094842,-0.0014969329023071555,0.0031058439809749,0.026305157037333115,0.018658565880709216,0.0025813239444884553,0.004184927917248704,0.019071612174755247,-0.011607032832942359
2020-01-07,-0.004714313429916202,0.0020894360230744357,-0.003448608460094736,-0.003855044672011884,-0.001933568247201403,0.0021611742756891287,-0.009159542365993624,0.01203398089833739,0.03806670586808656,0.01607518185932912
2020-01-08,0.01595843496299947,-0.007839287338238509,-0.012553034575358522,0.0008464966018844745,0.00709259200765066,0.010087031504279496,0.015802864402011226,0.001873866901657949,0.048032568493066904,0.007346100673644168
2020-01-09,0.02101838136321014,0.0047876954600311996,-0.008064829921930387,0.011942391267653438,0.010443234140470822,0.014209455597671472,0.01241583630830117,0.010922463069420867,-0.022189385476863444,0.008136870511157504
2020-01-10,0.002257958218495422,-0.009455156242405591,-0.023255502918014724,-0.009007329922182481,0.006437842706041834,-0.0011000422533889403,-0.004637805440310664,0.005335228389400215,-0.006649355680979514,-0.006266436669799992
2020-01-13,0.02113948208647035,0.004313262739376531,0.006529011410425971,0.007818029982257441,0.007717007591225469,0.017501687219669635,0.011952684615130252,0.030870831449468446,0.09320702322102203,0.02018249286445712
2020-01-14,-0.01359539301572091,-0.01162552704635962,0.022976053827459184,-0.0062876819480484035,-0.006576780889055448,-0.012926233203230155,-0.007068233133437686,-0.01882838263059908,0.024578286172624794,0.004319468286114467
2020-01-15,-0.004294592752634658,-0.003977024437111436,-0.01648917463409093,0.005397697135764092,0.006000312220950355,0.00949560245325721,0.006455356653657143,-0.006939216300370863,-0.03676981311758122,-0.032518921710881395
2020-01-16,0.012448751711074214,0.008513567549042408,0.012815654606659158,0.005690971687579969,0.007586405184766015,0.002799572547107691,0.018157437753470368,0.013589742743220395,-0.00970946227670784,0.0061465267189523415
2020-01-17,0.011009881489080074,-0.007064556764163625,0.005650848562387389,0.0013488525921950603,0.020043841763173673,0.0016669971522104041,0.005581224488185912,0.0014049168084423037,-0.005839913304383257,-0.0028977545290571395
2020-01-21,-0.00679987029310106,0.014523546068980422,-0.00233435845565354,-0.006747938696850404,0.001843787536284003,-0.0031560740078180136,-0.0035974030923368815,-0.005389737337834807,0.06942373110021945,-0.005821187940955774
2020-01-22,0.00356333257238117,-0.0024024329949914906,0.015780326082354613,0.00596495549098698,0.0010921064499518046,-0.0005421400156766497,-0.004816563349913843,0.008713919783357752,0.04004983514491321,0.0018869438786356652
2020-01-23,0.004804382713443281,-0.0015270766138824048,0.02111939349667458,-0.0008300513889452949,0.000552388888770348,-0.007073579060876125,0.0061370564242009575,0.010935001266883385,0.004624413044606698,-0.015022290474519183
2020-01-24,-0.0028860973573558504,-0.012247117354348039,0.013516731371664018,-0.012313681623817086,-0.012552177872969545,-0.00831616732367005,-0.010127759066237408,-0.009456851580193692,-0.012981499419033645,0.004339936340808884
2020-01-27,-0.029846626550180996,-0.018049378179086927,-0.047305182381275415,-0.019525122366423283,-0.023770115916507666,-0.014186754106310682,-0.016864770521840326,-0.041907232536645,-0.012112331857897507,-0.04372766172575998
2020-01-28,0.027896590724514753,0.013532388730052893,0.029587469422657935,0.007105541819570292,0.013024862040194297,0.013498269023408678,0.01940641543340147,0.03183624010222175,0.015788092787861408,0.03257963995143406
2020-01-29,0.020716475275308795,0.002559818728975466,-0.0025165733868362235,0.0014156641411623484,0.004265107802199691,0.024671281768664118,0.01547256741806371,-0.009848103644336154,0.02455066473079113,0.0017500100798735643
2020-01-30,-0.001450173193900363,0.00680130777131683,-0.0073018389862061816,0.016283912958238438,-0.0016832032424620974,-0.06333570282698675,0.02781692167204591,0.00109887083004566,0.09799952270077929,-0.02460507328996517
2020-01-31,-0.045352042890384456,0.07119570893188107,-0.03237100223854264,-0.01771148193216791,-0.014873836888976439,-0.037044860832498964,-0.014868524837989554,-0.0389066912205364,0.015115867923964223,-0.03390151483069668
2020-02-03,-0.002749621942152409,-0.002252704013802056,0.0002291905606040934,-0.0033867211020400397,0.03418070297493841,0.011228912177072375,0.024086488086944614,0.016361037552316268,0.18144500086765858,0.015270227126934887
2020-02-04,0.03248017385009293,0.022433811849720944,0.020654639204734725,0.0076188748105013235,-0.025404111341265214,0.027246670052849958,0.03238622253073103,0.027901268976885295,0.1286186970285338,0.04899020566266845
2020-02-05,0.008121343614675326,-0.004792703414039184,0.01837960739640084,0.015275958929808337,0.00044259245901368915,0.0013336126841434017,-0.0012221951053576312,0.014581932591894938,-0.18845037343186985,0.006930020449898448
2020-02-06,0.011629126303521363,0.005065879625856511,0.007251935343825536,0.004269727003410856,0.020479671385389583,0.0035157603949767125,0.020521809497620575,0.013821592744337653,0.019223358515689473,0.0017250270927289663
2020-02-07,-0.013685962975309569,0.014069692433392624,-0.014049207794612896,-0.009287915628260394,0.0021251562663235826,0.006994582591457216,0.0014148407922832916,-0.010517226251754367,-0.0011890304222129079,-0.03187101633421442
2020-02-10,0.004738503198050417,0.025934357987387625,-0.003272790828941289,-0.001582360101239267,0.019781221247155287,0.003432118463687943,0.0258208497316811,0.04423929683675659,0.030554904345579816,0.014485356912242009
2020-02-11,-0.006051839618409473,0.007883866478429244,0.018791067285026372,0.0012302887444749406,0.0009276233946090679,-0.027937443030744153,-0.022834296068573307,0.018536378424117813,0.0040112052857509935,0.028356110776480953
2020-02-12,0.023469987487125,0.004268347229322045,0.014080813071904522,0.0006453694964236529,0.00565931133923717,0.01708368501363965,0.0014628370366681395,0.01720910368316022,-0.009197828567077742,0.016400653689772744
2020-02-13,-0.007146206272161761,-0.004700848772083054,-0.0022507816092163816,-0.0073583849311871,-0.0034565118162410073,0.011229276008129273,-0.005428581681637974,-0.006478897382605947,0.04673438827304504,-0.005043712138876634
2020-02-14,0.0002462217929016772,-0.007001620314183051,-0.019322837388796917,0.005080131858340968,0.0035222121481423567,0.004867510026897887,0.00888738519123673,0.06784989993769204,-0.004949986662921484,-0.019401783309482366
2020-02-18,-0.018480599005937192,0.00969583372641929,-0.022339296980797164,-0.0014088879911677906,0.00046747140270982465,0.016760454825723563,0.01009193055027526,0.02312679102425962,0.0704209168261074,-0.03515262106971585
2020-02-19,0.014379266626939792,0.006726973190216665,0.015771991956672296,0.01244632115389553,0.0035671949564649633,-0.0014243218004286332,0.002994714995705139,0.05933652476642275,0.06649517653196184,0.025656002587472207
2020-02-20,-0.010312315204843612,-0.007919906743473367,-0.020643002802785446,-0.005474258775882008,-0.005180941311799773,-0.013470254847557279,-0.015389128047955229,-0.019249757075163812,-0.019826354777620053,-0.020330241628005438
2020-02-21,-0.02289481843151503,-0.02689219882130043,-0.015446590396086396,0.003871230426165726,-0.022350978644841746,-0.02071831528954255,-0.03212319399188596,-0.048552074328634946,0.0017662480443414094,-0.015883163641763766
2020-02-24,-0.048665440169485874,-0.042235023870589,-0.04328799585388044,-0.03032573118616564,-0.043818893743374596,-0.04605348669979284,-0.04407262479014769,-0.0733210934371505,-0.07752369493467591,-0.026799650260322556
2020-02-25,-0.03445951258174862,-0.018357980231590378,-0.03106794547550045,-0.015699289453372792,-0.023905478065945496,-0.01987525415420174,-0.016639386352781033,-0.04196143490611086,-0.041482357972054684,-0.004815659055940987
2020-02-26,0.015739341723292548,0.0034663008478504113,0.01125708253330418,-0.01134151151102497,0.0029890115010597147,0.002182830475043178,0.012417391823965339,0.02114471432438244,-0.026744949535016983,0.02149046159396726
2020-02-27,-0.06760278075841798,-0.04933339043074011,-0.042626668488243716,-0.03668690018258148,-0.05584325248334451,-0.038511000495105446,-0.07306450654981553,-0.05727489573956921,-0.1371331162906117,-0.03213009491121517
2020-02-28,-0.0005851371189790082,-0.0002918893180325476,-0.004866909326263413,-0.011333288432058547,0.018311203496488047,0.014232931444764972,0.023924688603433587,0.0668739468154894,-0.01634795032742122,0.010268168736180994
2020-03-02,0.08901835869243778,0.036588515664058845,0.044305316134192405,0.04863362788566586,0.03454303748579673,0.02041665648656396,0.0644189257171974,0.023276448369520635,0.1072570247859105,0.038977693933896156
2020-03-03,-0.03227444464580017,-0.02327866936677437,-0.0383440381590607,-0.033166473099652115,-0.03568614232955136,-0.05520189088162705,-0.049105719687622965,-0.03887484966641622,0.0025383850988232293,-0.019845308565800388
2020-03-04,0.04534097068686186,0.03441420829326936,0.040026898150466825,0.03816168041239994,0.03227574977870813,0.031089429851284073,0.03605716794692365,0.06768562159617007,0.005337746224066965,0.039305029269501815
2020-03-05,-0.03297500458327306,-0.026566581546027906,-0.04079299223845421,-0.03470810463125944,-0.049588252113764116,-0.03497024203485885,-0.025415601214491237,-0.040234868334495466,-0.033869376791647296,-0.023935403906723822
2020-03-06,-0.01336903654295958,-0.011994572145720599,-0.016890977765738984,-0.013120620757056072,-0.014571975350260969,-0.022280087749748413,-0.028674659061848726,-0.026886843451996826,-0.029497510135476336,-0.011913504787357462
2020-03-09,-0.08239499328624002,-0.05430184971456644,-0.08408396166803057,-0.06955385385737785,-0.06368811601918598,-0.0661413711316189,-0.07017806440454973,-0.080593961480313,-0.14586457137702016,-0.06063589323201583
2020-03-10,0.06954596448821318,0.04941384267449439,0.05947494250920559,0.045684414560752354,0.04768543514132355,0.049997625408068964,0.06614740923201545,0.06177396132162002,0.059586929551683376,0.050415028805221335
2020-03-11,-0.03534757139849857,-0.03823045590681022,-0.06656436644277425,-0.03838367009877266,-0.051715586132927406,-0.045641185561346484,-0.04636034863762452,-0.05758648352008681,-0.01735009892797303,-0.04253578228732871
2020-03-12,-0.1039781089306143,-0.08253503819368388,-0.11714288888430176,-0.07139684237718166,-0.085608444716502,-0.0972093496103556,-0.09964165118218885,-0.1305276122534873,-0.12349328402408655,-0.07037479975487668
2020-03-13,0.1131575539142474,0.06264454451479513,0.0681940928406234,0.06062462181643484,0.08838763180213428,0.09744426134919396,0.13292869034631774,0.1074201617424913,-0.02516454136147571,0.07018336577272205
2020-03-16,-0.13770795845430694,-0.0551930111496119,-0.22205526155023017,-0.07543970760157548,-0.12368457614292175,-0.1537690997341712,-0.1594530733509638,-0.20397943131329607,-0.20552230217550044,-0.15121917500546683
2020-03-17,0.04303081902688094,0.0679073394904408,0.06165901794289733,0.044687944930666725,0.041136547718171254,0.023085966324981274,0.07912193501474404,0.10098736723560023,-0.03398134500612111,0.07795030171185217
2020-03-18,-0.024784670903194115,0.012183223280898315,-0.1726746860647033,-0.08932629207149807,-0.02432617095231611,-0.016600461818913913,-0.043007730215808275,-0.06882173196133803,-0.17476304366003273,-0.08982466931430429
2020-03-19,-0.007691428199747414,0.027450380856149172,0.14698533957802393,0.020811963743211388,0.018594514333980468,0.04112667098856621,0.0163194637013207,0.048832537651385094,0.16879451260286096,-0.001434434525690842
2020-03-20,-0.06559029711691079,-0.018696493799985222,0.005320641571015168,-0.016739114170045116,-0.03987909985412663,-0.02245369298731185,-0.038282163562430735,-0.034489652433225965,-0.00025720668994270134,0.014476574016499641
2020-03-23,-0.02147306420228454,0.03027242280070844,0.006481834671246994,-0.06978255960120053,-0.013268464952287147,-0.010945676031555926,-0.01002490207763273,0.03317400552986074,0.015688043665694176,0.016260812729121478
2020-03-24,0.09560589430631228,0.019397213114498144,0.09504210219429786,0.10694675691169825,0.06951063222510115,0.08339227853126382,0.08699898175356072,0.15833976953363382,0.15084593365171223,0.07673980632086252
2020-03-25,-0.0055240375914729556,-0.028366146785043376,0.022264077022280948,0.013643446072170629,-0.025444596120803634,-0.03007885564228683,-0.009618592431372697,-0.014390004771981591,0.06562083944686455,0.00265676213988327
2020-03-26,0.05128516765824171,0.036267437779002064,0.11133215943572745,0.01951588306561259,0.054152186952101874,0.044632632567296854,0.06067250290901872,0.04622400972627876,-0.0207800386755252,0.017599299849904753
2020-03-27,-0.042283839994476706,-0.028734293362178455,-0.052685835409140874,-0.029287990112416725,-0.046339786502632103,-0.04092667626989908,-0.04192727885496659,-0.017688063923993063,-0.026475805312348537,-0.06118873558614286
2020-03-30,0.028138339071475015,0.033051285657682734,0.04002206815708438,0.02174772650790678,0.03195385499452457,0.056779349835641944,0.06797677013776598,0.049632228327888876,-0.024064387275638185,0.01921319713100323
2020-03-31,-0.002042819855357747,-0.007271999966000075,-0.012615071826846238,-0.007402679490965548,0.013551518574106096,0.005108842765114019,-0.015852297076914153,-0.007521147560557503,0.04263263821287683,-0.0006278012549014453
2020-04-01,-0.05405201786633947,-0.021787422792954095,-0.058489246659322355,-0.040324263016976586,-0.05288223599252404,-0.044124807679421216,-0.03615386084486871,-0.08108338118661278,-0.08446087652228773,-0.027148989485837556
2020-04-02,0.016549024929403505,0.005817252037933636,0.058320423310762794,0.038392250823943284,0.013455996199704084,-0.008873866850970826,0.020497414770223488,0.04975559166020681,-0.057898921000518445,0.03423834927586577
2020-04-03,-0.01447551720978745,-0.006399314195321289,-0.01188176863286968,-0.013054730115290304,-0.022021768253018787,-0.02567605665572159,-0.009253230293119998,-0.04630571998449327,0.05467504939194526,-0.022482131154731713
2020-04-06,0.08363980852649734,0.04662517920980072,0.07474214509408328,0.03414037012255615,0.07956254673069536,0.0711524802984088,0.07173232415509063,0.09567918883938677,0.07276481895829454,0.059999331905834195
2020-04-07,-0.011649622853256636,0.006988976113008468,0.003282469529555381,-0.0020218073173498136,-0.0005326258815205488,0.01961912422966995,-0.010828830089842529,-0.0355345417745679,0.05503939414254686,-0.005015596409504524
2020-04-08,0.02527237555430188,0.015488887252484514,0.030447467809038984,0.036544844640113136,0.020456317068055185,0.031770859231002084,0.009981403859675041,0.030117508122455512,0.006195761068727163,0.011001293498041046
2020-04-09,0.0071903469411040205,-0.00011749136016948301,-0.02638872818950989,0.01212484485897255,-0.00035626576656153195,0.005207892603617435,6.046414824808741e-05,-0.015097442082492512,0.043078797207400474,-0.039355889450540665
2020-04-13,0.01943744481324844,0.059904424788693234,0.02185903152603775,-0.02686364226954827,0.003177508623282943,-0.0022859729827065505,0.0022381900950695474,0.025902323164888878,0.12754711640906993,0.008652619139978281
2020-04-14,0.0492693606024515,0.05142426317898339,0.029231528013423196,0.024209520793536565,0.044294819867171084,0.019152978719088033,0.04829791776433859,0.050931932814187265,0.0866771798728856,0.03783884827227976
2020-04-15,-0.009169230917278458,0.01061218674730437,-0.03881848899822419,-0.020855886020341864,-0.006287258795185388,-0.0067579535732599895,-0.010533094843179176,-0.01101308508099489,0.02770162075738181,-0.019344588001633103
2020-04-16,0.00791408795499059,0.04263271487419671,0.003296217900041512,-0.005186997524415363,0.00010332001451749451,-0.00407682035610332,0.029579038830151408,0.048172822355936264,0.020854428493631318,0.05370708844426841
2020-04-17,-0.013661437964311693,-0.013877991515518644,0.028961965483143563,0.007475126657888788,0.017008617673073226,0.01682239203954657,0.00877311113580819,-0.008108932192141892,0.011580411041559343,0.024320070134333002
2020-04-20,-0.020975264713382635,0.007805217491159297,-0.029001043866324717,-0.005641763906668126,-0.014054578534834833,-0.005594699723898581,-0.0200199955214624,-0.01819243993200247,-0.010038465581097953,-0.02070061472136622
2020-04-21,-0.03139800194632513,-0.027741595250859077,-0.042027499432843195,-0.025245275888805797,-0.03962014718435132,-0.04263771644843415,-0.042236699238151626,-0.06305118422632233,-0.08328137479063692,-0.02347167171491029
2020-04-22,0.028396470521575602,0.015078276370104332,0.048549955476065325,0.014079921479092771,0.03744518840103657,0.06505065726516747,0.033400937331571026,0.05991079487934117,0.06400415510269607,0.030293854469377154
2020-04-23,-0.003882933198884571,0.015100238852103837,-0.004008516448046583,-0.003259256838376059,0.010088615468435055,0.015514235801233636,-0.01217628666598494,-0.007506599731656487,-0.036839791089286374,-0.005872116711991466
2020-04-24,0.028460791283225546,0.004478467862372162,0.022454511120567518,0.002543846877973298,0.004262655899861445,0.026334223551673076,0.018094467156804368,0.01945648714157291,0.02728753098899391,0.0017085516235371661
2020-04-27,0.0007064270160701413,-0.014299615622890208,0.013652160049697964,0.006434560405233458,-0.004506509410670323,-0.013613484767306078,-0.0028685656691836833,0.02553538667820526,0.09666945779957149,0.014683775179027934
2020-04-28,-0.016342026658990188,-0.02640620627237362,-0.013954248227243851,-0.002363562389174584,-0.030576133034643346,-0.024784651325211418,-0.02466230654250608,-0.019441607119789612,-0.037801017814305886,-0.014115172591511571
2020-04-29,0.03231724033986902,0.025020524430829326,0.04176289166366042,0.014677922800262137,0.08517754982989864,0.059842826590052425,0.043895977534935425,0.024075996254625007,0.040002020280935593,0.03208027804310066
2020-04-30,0.020876490468008,0.04180350395260793,-0.01606924311809603,-0.010765415586295839,0.0033617539934961012,0.052757416126882936,0.009982190160295591,-0.020923543763315396,-0.023547759980736722,-0.025091638174107447
2020-05-01,-0.016230161625686353,-0.07901516917994282,-0.04487698051621257,-0.02780581353287106,-0.02205768862946178,-0.01199108634405952,-0.026232529204024916,-0.033042954546461334,-0.10873700220740792,-0.038957682693941335
2020-05-04,0.0140498647731499,0.013016157575810133,0.009809371185302704,-0.025488622359787785,0.004226943992799767,0.014674003831381198,0.024165528539572576,0.029650015573305807,0.0819187203405193,0.020339921384475327
2020-05-05,0.014897228339279813,0.0007812169559819208,0.009902740407997056,-0.010539091827983103,0.019552068293982008,0.008779409420618679,0.010678747244536786,0.008375504326654255,0.009180180665024101,-0.008473010103995919
2020-05-06,0.010264272739701085,0.014332930141282023,-0.002608409013199823,-0.01979505959362069,-0.00266462540305832,0.006738324039219447,0.009799107136446855,0.013693790566237127,0.018533023597782732,0.008089489292522517
2020-05-07,0.01029168711093704,0.006929629421755947,0.013422846491765875,0.006348006312817535,0.01757113863365544,0.013294378351594695,0.005790249015857755,0.023496839204292474,-0.003250973870209664,0.003829088885535603
2020-05-08,0.023523137982713143,0.005055588339379015,0.026826452948274796,0.01722377806604842,0.01093865322039779,0.005146275521127511,0.005864964265937555,0.024719014677288525,0.04925154604829151,0.011022843034919665
2020-05-11,0.015612528128297401,0.012275095742505182,0.0013445981644228822,-0.013965429741223301,0.013809776705598128,0.0039010549983093685,0.011092674061709624,0.03187075831284992,-0.009971196406895207,-0.009685965335005027
2020-05-12,-0.011494011690470807,-0.021843256899331476,-0.025560019986671383,-0.0061388111901790636,-0.020448659229443018,-0.014553295486020676,-0.02291226111930357,-0.03315140977091261,-0.0023199593370761967,-0.02512236715845231
2020-05-13,-0.012147522952111474,0.004643522716731099,-0.01994061171284278,-0.016618087943852226,-0.019718002889364386,-0.024085873454345173,-0.01523773209216012,-0.0028880301394383235,-0.02305818093053759,-0.003528320132684723
2020-05-14,0.006124527571375642,0.008800091486279958,0.013025238065059605,0.0020119355544900514,0.006306532314842949,0.00830274490116307,0.004329684522809827,0.031690503518484174,0.015518160889563192,0.02290908258329354
2020-05-15,-0.005929637374921772,0.008723388257937748,-0.023491924070196027,-0.010707710829532773,0.011868714226436072,0.01948873701709725,0.014463181671412868,0.05573062154394676,-0.005191880165631997,-0.04515013935871221
2020-05-18,0.023287736097207877,0.006815562402388709,0.04915404970447882,0.03640596393920275,0.008788381886922741,0.01089460805290218,0.009509171929210268,0.030104885694296663,0.01793204109959487,0.04072559953112983
2020-05-19,-0.005794848731250566,0.009463506026665746,-0.005793290777038455,-0.016104642543852132,-0.007812931900653882,0.017160466500400717,-0.006946285259557057,0.0062942886843139235,-0.0069313094591098995,-0.020647362643546358
2020-05-20,0.01926129519985803,0.0196519053240098,0.024446116932948264,0.02065873011110304,0.024976637395215086,0.058604566677966576,0.013775270942280926,0.01850910703144853,0.00930057241369536,0.02006875680546767
2020-05-21,-0.0074833411647222976,-0.020709907813958355,-0.014020738959993765,-0.008342158544393468,-0.0017117316075803603,0.00615576179839829,-0.01208385587245781,-0.021950455468915518,0.014654934735012084,-0.021250383337910586
2020-05-22,0.006417827668085684,-0.004037962709445318,0.006709710018865821,0.004525722010411953,0.0046026532615509085,0.015097832045761,0.00043599367545965866,0.028201648173042746,-0.013037700356063059,-0.018896610355140484
2020-05-26,-0.006796796303929803,-0.006182687942355892,0.019224645927072882,0.02713205214595063,0.005736340271089114,-0.01160335629981523,-0.01062784142236135,-0.03477563174342215,0.002433081947381517,0.02027491444880613
2020-05-27,0.004347712275824412,-0.004747292931811086,0.019557972732147145,0.02975667096975578,-0.0007671756551630732,-0.013265895887321806,0.0013207953978100421,-0.022329115063122153,0.001659467041868106,0.017941433690130112
2020-05-28,0.0004402973704852353,-0.0038615979869802697,-0.015594360702487759,-0.005256253888827064,-0.0014372512632780234,-0.016190376508774886,-0.002257624663201829,-0.004496705847130662,-0.017736751939729612,-0.02862372463420307
2020-05-29,-0.0009748868765547957,0.017041909136995572,0.028309252348725143,0.005776774061761471,0.010716391635258974,-0.0016424978726214472,0.010146843039786765,0.0447592318717532,0.035583725409644835,0.0009938605967425645
2020-06-01,0.012223047417648234,0.011670253098244966,-0.004404244986768004,-0.010970086918242231,0.0009411859229182091,0.029849106268177463,-0.002294585228311878,-0.007832952358233086,0.07284966703702293,0.013812228836278062
2020-06-02,0.004618812070648121,0.0005542421239081785,0.027448444015028193,0.010682936880375506,0.005171513707119859,0.0034865877228502967,0.011312512465171351,0.002154886191794963,-0.01858832621802854,0.019022358996269105
2020-06-03,0.005489673032992812,0.002419803318654912,0.037760072700069654,0.02667297061162036,-0.00212367658193819,-0.011061271810749071,0.0024304852015267424,-0.006336818211113794,0.0015867839932888273,0.01998749084603532
2020-06-04,-0.008649178823797829,-0.0072079631824282725,-0.0020697975473179366,0.006230332644802219,-0.017487638006515305,-0.016957426841239902,-0.013250701376896075,0.00011396643373379346,-0.02126741082055923,0.02273235782453492
2020-06-05,0.028082775031325388,0.009062306094701045,0.026168843227933343,0.04430766941571933,0.018022343153721806,0.019604274685815704,0.023128654873362346,0.017358669466741947,0.024320646383694,0.016807106658139243
2020-06-08,0.005895085795097068,0.01640122058468097,0.0013869363312342877,0.004360411779818417,0.00555405179815121,0.0027261866014383455,0.006177462564726954,-0.012976244058416408,0.07004464847857836,0.006680447735267861
2020-06-09,0.031089590662271276,0.029973414532654237,-0.006953030089729029,-0.02777816607271199,0.0027860939035583604,0.030934052217667332,0.007615920383312687,0.027002461397788224,-0.00978535494822048,0.01854240567445372
2020-06-10,0.02540223136768745,0.01775474019639406,-0.0008882368758081229,-0.023247857225058004,0.008653304689204482,-0.00816147108517662,0.0364201304200452,0.034843804867002254,0.08590431690632504,0.01646834421189019
2020-06-11,-0.04920128482698736,-0.034386807792203426,-0.06997066210093726,-0.07020356229466092,-0.043821909593699644,-0.05335652499585916,-0.055194004135717095,-0.06284063638557744,-0.052277046427824686,-0.0445938719665497
2020-06-12,0.008596566289001352,-0.005071582137180358,0.02188637239142859,0.014042111587217718,0.007830125404787638,0.018322488387316167,0.0078607633994309,0.01537079874430288,-0.03937370329089697,0.017291519885590207
2020-06-15,0.012291360421377845,0.01080967380014712,0.012708214677746434,0.0016229020381677355,0.005519287303702431,0.017003897388272616,0.006371584919670214,0.026649975875152977,0.05776761532071402,0.00035702151343442677
2020-06-16,0.026157016023944393,0.01641919546995653,0.02156864136002255,0.005588204540799454,0.017948285185641573,0.013457339496303424,0.02420968096001323,-0.011539723865689177,-0.008889888882897297,-0.003934945197357236
2020-06-17,-0.0013925142260520708,0.009782656419923274,0.008715828221944975,0.005542604620978195,0.004187638613890632,-0.0005092443147639063,0.003455205449341299,0.018302249398311706,0.009787666254598352,0.01423499907574734
2020-06-18,0.00039819967041063316,0.004910408831544251,0.016673499393805115,-0.007299302481611608,-0.012762429507336828,0.001739152411120307,0.010651440836022192,-0.0019509787161729516,0.012196058432993926,-0.000534042937948921
2020-06-19,-0.005731222175189788,0.007892706403668376,-0.04105819497946902,-0.005141399500418652,-0.006631922955621612,0.012006973334630489,-0.0059775972423370145,0.004681363678502716,-0.003052506049991116,-0.015072832498561771
2020-06-22,0.02582742326007695,0.014404049034053084,0.034953186834765906,0.0014716706114562507,0.01809916331738907,0.0017991906504746618,0.027395169249241808,0.028264273261786318,-0.006595797039905825,0.012397882732952472
2020-06-23,0.02112012231398819,0.018470070932883553,-0.007169776252394546,0.0025702235555456246,0.009140094818434379,0.012545353346886442,0.006658392463014263,-0.008088604568612595,0.007474555771254048,0.01348010027140284
2020-06-24,-0.017809831707989564,-0.010915222785479236,-0.01400705704976113,-0.02322321230656414,-0.02159794516737305,-0.03452238879979096,-0.020363143400930962,-0.02296034580759687,-0.04171541244464825,-0.0031761493532982766
2020-06-25,0.01318827905315362,0.007352966946613356,0.006105744845463263,0.0052407097561317645,0.005845997657618523,0.007068299136107469,0.012557110570461846,0.027183958060383446,0.025817844628587844,0.008097302146897146
2020-06-26,-0.03120789184705046,-0.022657517035347675,-0.004673371680110667,-0.01671599799192978,-0.056056001589992084,-0.08682616656862109,-0.020218726188638927,-0.03593836554640784,-0.02697370050614223,-0.012525571967018864
2020-06-29,0.022785513667073782,-0.004648937652200358,0.007680001500918733,0.006882110478447144,0.02509812716483319,0.020883696026440437,0.01068966951459357,0.004903448514038653,0.05039944763683731,0.0010643903618611558
2020-06-30,0.008312772444460085,0.02884445591830274,0.01864494217859943,0.007815723357245348,0.014833816220549153,0.02872597251502465,0.02522839243589571,0.031851549445927094,0.06747855280845434,0.006716333635531212
2020-07-01,-0.001893132405496491,0.04253577590541981,-0.009167097163423139,-0.0010480611829244491,0.016748385265608855,0.045119790443898605,0.0058301893089750785,0.003389517175915075,0.036213124954005624,0.0008801738148310296
2020-07-02,0.0,0.004021512351305945,0.008723564273823642,0.0019866404075164494,0.019183803805201318,-0.01753884426376665,0.007592284429276807,0.008593569415575505,0.07651403502187115,0.031187594535675933
2020-07-06,0.026398537095420206,0.056086861548230546,0.01046877055258237,0.02400036912266014,0.020016926780972544,0.028965550357305168,0.021297649138014893,0.02334143829878776,0.12645108117682743,0.05412105426676558
2020-07-07,-0.0031077088154839406,-0.018794894393650154,-0.017945980767375795,-0.008832911246534715,-0.006509285115966898,0.0024109927038188754,-0.011696046902361142,0.0032974638963422513,0.01323965619758905,-0.019088525849466607
2020-07-08,0.023023135856345703,0.026637631211038765,0.020389704965845332,0.00047846010371557107,0.009139709460939694,0.011229618310800339,0.021754763035322283,0.034277688370573295,-0.017404076436543313,0.030497201895126058
2020-07-09,0.004290920275343455,0.032418003431597016,0.006021163961726182,-0.011062919230388012,0.009966227833712796,0.0037697601788640065,0.006976369603064518,0.028277368051095583,0.02057924378039391,0.03439135380941086
2020-07-10,0.0017478136574897133,0.005442909266691453,-0.006427789168940566,0.018869875150114474,0.013310920457210496,0.002328613479620967,-0.0030377691853186624,-0.0028349970645230663,0.10241918272489342,-0.014460423735752563
2020-07-13,-0.004623816709391594,-0.030459227148096752,-0.02578050434013966,0.007692135797414961,-0.017553941254131383,-0.02508026738823474,-0.03137563990507503,-0.04160080985040157,-0.03129417979716158,0.018927124115371438
2020-07-14,0.016413172172472915,-0.006464146747407976,0.012037365530516795,0.03126174028640127,0.005690537159469858,0.0030496474895813225,0.006162361395672141,0.03179548859247912,0.013099686323903579,0.028631656982534094
2020-07-15,0.006853728557954625,-0.02466286482562469,-0.004134359266498013,0.002595126829056428,-0.0026203982433482573,0.002291635225549206,-0.0014891140383035358,-0.014536198955465408,0.019074500672006712,-0.013531800377344569
2020-07-16,-0.01238160461651848,-0.002985648858511928,-0.007806666809728578,0.002626835441066783,-0.0012927859294904742,0.0027015312805032683,-0.020002529873611983,-0.009085539321689191,-0.02978572748503654,0.00799071496341381
2020-07-17,-0.002022057173431355,-0.012724365220700149,0.004390699273068148,-0.0004577130847836645,0.0012730218387446693,0.004555280823413181,-0.005113033962197038,0.006564309858008713,0.0001332960594379358,-0.002857047551474714
2020-07-20,0.020854956250638452,0.07630823511693882,0.014035408516196888,-0.0019239856913654831,0.030508490291291462,0.013909349356690979,0.042083090953090506,0.02986409522657165,0.09049888548491702,0.007352481346389723
2020-07-21,-0.01389781382296487,-0.018484694634580835,-0.008836398615140115,0.009100937525209633,-0.0050772974787608735,-0.015066913897502579,-0.013560298243425232,-0.017491774673541984,-0.046493332015906566,0.013659795081438211
2020-07-22,0.0028052133225154956,-0.012305027339411448,-0.0017193664442765964,-0.0008330990724173939,0.005722886174320824,-0.007807088138351425,0.014268981461800374,0.010618076002932932,0.01516786071044045,0.010562211234315541
2020-07-23,-0.04658470313365196,-0.03725419917985109,-0.013248688708776482,0.0051091474619370005,-0.031219962110619243,-0.030776695169245975,-0.04446924949671963,-0.030048268070038672,-0.05105769412846362,-0.0170720412792996
2020-07-24,-0.002480322842305665,0.007458986752838637,-0.012608763310004538,0.00752081224079592,-0.00564636664053798,-0.008158807251403366,-0.006140789540912978,0.0063718468395465066,-0.06559870288489461,0.09251335427397574
2020-07-27,0.023423634948970838,0.015270459525145965,0.022281891198255584,-0.012123075087979102,0.013971547518341836,0.012020561779561177,0.012588032764047546,0.022022419147304177,0.08298067038819532,0.11913506635743286
2020-07-28,-0.016564126459545952,-0.018126069617507432,-0.017193119347048272,0.009785121430947466,-0.016999444923945076,-0.014581225874174361,-0.00901763466491288,-0.019964818662164346,-0.04185494718429495,-0.07908193121871064
2020-07-29,0.01898726130095042,0.011004699826417956,0.004868593669929345,0.012148360311130538,0.013121248279885863,0.01368140376334344,0.010047314530963929,0.024178098916325427,0.01520390470417965,0.07209088369892881
2020-07-30,0.01202747583886752,0.0060308083157400725,0.01046792090053322,-0.010698940340466574,0.009706612092785777,0.005173307492404395,-0.0007846233662100562,0.014089879475086152,-0.00778145458192838,-0.033706136848233814
2020-07-31,0.09956340401092438,0.036294147981264194,0.014789159131090392,0.007757396681651828,-0.03332422458423413,0.07857861163527706,0.005429430639165178,7.031987431871243e-05,-0.038884339639871014,-0.013096210972801187
2020-08-03,0.02488538167512383,-0.01682166001089732,0.014044583838062428,0.01745057626103068,-0.003494002135633231,-0.00676373269707508,0.05471630617556779,0.03658246587130798,0.03720897247565101,0.0007601246002479549
2020-08-04,0.006656172369230123,0.008619861276316521,0.022044519771031706,0.005107416840839801,-0.006400522964703462,-0.008489758511499228,-0.01512246707690233,0.019561771454690756,0.0013458747004375454,0.015584141573518059
2020-08-05,0.0036179441102024055,0.020871316739287018,0.0034960136233813765,0.016085429310799995,0.00392227307228796,-0.0028460534103605804,-0.0016424464987966577,0.005240838349911337,-0.0013323884879126878,0.017797978082768968
2020-08-06,0.03429433425385477,0.0062115284906952865,-0.0011539287939195345,0.007361435663899191,0.017332622582394194,0.06285132947836214,0.01588732124859558,0.00431013981697932,0.0030659693985973365,-0.013691165312477941
2020-08-07,-0.02299799232587479,-0.01800293843304236,-0.009861505137768409,0.022127379779671608,-0.004381792954933884,0.011841370024748535,-0.018049762219349993,-0.012070693271391899,-0.025063424630081314,-0.006104294707467601
2020-08-10,0.014430078567352119,-0.006111826385309402,0.004377954513662444,0.014201930520610253,-0.0010349000160244318,-0.020473351377480305,-0.02010861373555373,-0.0030850800665487383,-0.023781465364230175,-0.002000955578362969
2020-08-11,-0.030190799632597555,-0.02167112480516848,-0.010224469867894402,0.001723571038237937,-0.01093612492568275,-0.02646889759502192,-0.02366283650328778,-0.028618860600864715,-0.03163934754750358,-0.024461122637226492
2020-08-12,0.03269365562082556,0.026133573522779383,0.02922672171675892,0.0019393793810512084,0.017873286246692446,0.01457351352378545,0.028166576679285422,0.052973226439789245,0.12331118921207428,0.018433065314715783
2020-08-13,0.01754296492182226,-0.0003859062604570367,-0.012729223671346894,-0.005911186689947592,0.006223800519992403,0.005410427561808232,-0.002345208941691185,0.00024011721448430554,0.04172205380429948,-0.013824853871919559
2020-08-14,-0.0008916452899909103,-0.004121037907113718,-0.004868793751542932,-0.005873607011757979,-0.007956981853295532,-0.00022959557640073264,0.0009578706826315471,0.010518576691523557,0.018162259872136134,0.0014040203926967507
2020-08-17,-0.0026142932905912357,0.010865072977043023,0.007596953588254003,-0.019254478895461963,0.007686696428824152,-0.0003061310111677317,0.006584296742907567,0.06470606620264951,0.10618769683979797,0.022447328317273117
2020-08-18,0.008298341974747,0.04006138810950659,-0.005098858728968309,0.010259230286521873,0.025743330026442746,0.004508006523453687,0.005737783991625013,-0.006199827032577414,0.02764276800974182,-0.009774616534441642
2020-08-19,0.0012540117964277265,-0.015825714532805114,0.0017330974001436561,-0.00839133498963418,-0.007205501834627799,0.0009524877949004768,-0.006085264059583287,-0.010020808191380378,-0.0045463782503080055,-0.01101631110741165
2020-08-20,0.021946756169379095,0.011250743012291311,-0.001154955100651023,-0.004837938802468489,0.020277163741468044,0.024154989082835494,0.023004648398747926,0.00020581405462623045,0.0635722137952821,-0.022273002095394078
2020-08-21,0.05024870595798106,-0.003843813244746528,0.003612047579144634,0.005886295133792492,-0.0004312987549194295,-0.00746251155420776,-0.007296757692766544,0.04371377771201047,0.023768211540485355,0.01972328425938997
2020-08-24,0.011889337153945384,0.006899163550113672,0.011987837671175497,0.024365972091243374,0.00606176518140792,0.0162706470709248,0.003140493341392506,0.0028934064411994522,-0.017607920006301417,0.007122912269175934
2020-08-25,-0.008237545000245206,0.01173146611135582,0.006387012731770613,0.0036632944829063465,0.012974247209659635,0.034156912274392215,0.012925592078917806,0.002335972131301694,0.004527486632740915,0.014345400501137261
2020-08-26,0.0135073400658837,0.02809711446991023,0.010446594877857228,0.007258650116960849,0.023557920390014513,0.07901785507687853,0.02138912494623474,0.0018022724002468404,0.0621915738853809,0.02113901081317453
2020-08-27,-0.012026483641441037,-0.012233678809977448,-0.0015613978901104994,0.010364930128212591,-0.00953959873921755,-0.03580852472947599,0.024257045813900126,-0.01139714215036691,0.03897652873348478,-0.014166963446517045
2020-08-28,-0.001621061236288853,0.0005292501453169122,0.016609676271092645,0.0054265242106373525,0.006676843788862972,0.00149946497477633,0.010230685799284024,0.040314217422194126,-0.01138789608941323,-0.0019868947246719664
2020-08-31,0.03334972916972978,0.014347795491567642,0.006733966665072057,0.00039389854721042113,-0.006056793728977279,-0.0015676949820350263,-0.014875637278082948,0.01709948864057114,0.11839534141276628,-0.014904452885771524
2020-09-01,0.03905991962428046,0.013858994770032553,0.035068885362370746,-0.0003664122178399297,0.015557640500283933,0.007610784837037045,0.007685610350960027,0.033138129281391364,-0.04782238606695396,0.02860914100949279
2020-09-02,-0.020936145451171454,0.009197048337934825,0.042127086519728886,0.0163570618480815,0.036956391719466665,0.023615579618068396,0.019088703266851775,0.037316962582151995,-0.060034084286439256,0.0075739224168887625
2020-09-03,-0.08344774257260436,-0.047389460231042485,-0.06306573928398142,-0.016601411268967477,-0.052526297366948096,-0.038345713593501043,-0.06394867135656371,-0.09736507044715309,-0.0945727929773044,-0.012121246181976355
2020-09-04,0.0006615420181971876,-0.02202820804028703,0.03037805022183437,0.00012523653685428133,-0.030088963582357426,-0.02924334560926682,-0.014135360332082358,-0.030660066683712118,0.02743348445504921,-0.02836108215027081
2020-09-08,-0.06966635947249457,-0.04493916629572862,-0.0347901924090772,-0.0006141145715237914,-0.03711445723680309,-0.04178323861165931,-0.055613858047666345,-0.05785067708880059,-0.23651789445767657,-0.020355286436651392
2020-09-09,0.03911157357687071,0.037013109131374684,0.026712616164991737,0.007793512413556859,0.015390253762824374,0.009396838851642185,0.04170180491151328,0.0651522372347797,0.10366923114657202,0.026545847491265893
2020-09-10,-0.03319044909847232,-0.029022560577017922,-0.008227467333338194,-0.007750726042843204,-0.013783603712375572,-0.020783040471522272,-0.02841825075187995,-0.0322283085524571,0.013720031040026988,-0.006317396406100197
2020-09-11,-0.013215845085397946,-0.0187214757293059,0.007310554540398848,-0.0003026000704704498,-0.006765751475943202,-0.005535917478664335,-0.0065461839340772154,-0.012032267666200575,0.003709375196707332,-0.001014306092070137
2020-09-14,0.029558877103547543,-0.004261050710177225,0.006926084576889455,0.007947182683113084,-0.004582461013824919,-0.0017267738385099117,0.006740795069312877,0.05655188817785496,0.11852211424147725,0.021090342438403242
2020-09-15,0.0015591801606137398,0.016986906487693396,0.012920051740269764,-0.002797145153800473,0.017274028822492564,0.0232848027415267,0.01627331173986225,0.009183086705483387,0.06936453038904387,0.06434434626603767
2020-09-16,-0.02995797663950746,-0.02503409881608985,0.0003542026796032833,0.0030276137034450194,-0.015115594531254516,-0.033215709269919354,-0.018027265488921227,-0.03736897812798918,-0.017947393738460667,-0.03219593940150173
2020-09-17,-0.016092408626200642,-0.02279449983567252,-0.0030562420642384247,-0.01036275545084401,-0.016705378473742063,-0.033571730438490224,-0.010491460923226819,-0.004083395559283095,-0.04237854336559032,-0.009634675192651687
2020-09-18,-0.03223418733206303,-0.018049831297685878,-0.017060957311659967,0.0036697176665589494,-0.024472662551433044,-0.009027397440473707,-0.012497153164604747,-0.022250203283568734,0.04326101937694436,-0.020723741447332054
2020-09-21,0.029874973393392876,0.0018798451658920035,-0.013243213729180466,-0.024932720046098308,-0.01454251741664873,-0.017496683643609495,0.010671978283463016,0.02655357597773483,0.016241895082045352,0.004477084322642292
2020-09-22,0.01559365819671808,0.055362197019776946,0.02747619284687452,0.0033336748909690724,0.02054088333690582,0.026249261063985764,0.02380844084314238,0.00958053121430807,-0.05761528541471742,-0.0013659301255731747
2020-09-23,-0.042851195601360845,-0.04214463095521935,-0.028045156855277933,-0.018132786047929377,-0.03515619212964439,-0.02274949830885691,-0.033482706958452936,-0.041521877633298454,-0.10915761260898606,-0.03232611334228539
2020-09-24,0.01021628328310854,0.0066217097971920415,0.0026415628827022885,-0.0033724698694398794,0.009511835756368445,0.002046025956988023,0.01287851767351317,0.018327493755595146,0.019345803747202597,0.005886139030531976
2020-09-25,0.03682979338177854,0.024642604582375296,0.012068034647516558,0.004375650926148745,0.011321282891876217,0.020978292371966377,0.022530780689036547,0.04169621635026292,0.0491842305281949,0.006359042932660024
2020-09-28,0.023588382424005884,0.025178461064278568,0.0290034966940091,0.015443848296177487,0.013528156734327081,0.007817930259622253,0.007765080039331076,0.012447920601235517,0.033459528236176775,0.0112199653668745
2020-09-29,-0.007596482957527089,-0.00923261654532486,-0.008311217413480362,-0.013114385253434608,0.005032957332698331,0.019167118513083174,-0.010463410040452781,0.014527634112877094,-0.005069748902601041,0.009233799787120817
2020-09-30,0.014963110800141838,0.0012233973846267278,0.00016493809429409006,0.012926903415188512,-0.0002865445536599459,0.000420274710454995,0.014703759851284167,0.02278068680915497,0.023442192423042928,0.0069314632002145955
2020-10-01,0.008426524172517031,0.022773457377156782,0.01167943525180116,-0.0043877233129413044,0.015100877745557116,0.01789912190473828,0.01007600877984225,0.006189043950184209,0.043670173422939704,0.01893884984019265
2020-10-02,-0.032812403309342174,-0.030338326155417573,-0.03245281547380212,-0.003521573253273368,-0.021947454355907732,-0.025411184618894873,-0.0299556921661498,-0.041409032717170356,-0.07665503512528221,-0.022274776527836625
2020-10-05,0.03032616194631535,0.023466537334268914,0.0256473565035134,0.0047762785621697995,0.018534208516088172,0.01795751983499545,0.020117376082605783,0.04346347098063639,0.025192518630920653,0.04524783392946933
2020-10-06,-0.029088290622581642,-0.03151160525254176,-0.005807849619304236,-0.011507969675184332,-0.021685595638794807,-0.022893768284810913,-0.021476219183694894,0.006866484721456909,-0.02787018407731412,-0.01693927412180297
2020-10-07,0.01682462838707033,0.030413812448158245,0.007554433677483075,0.013296338242450795,0.005580551397375245,-0.0020899869581481358,0.01885833499551187,0.01642614867154533,0.026977120398229415,0.04470277635300788
2020-10-08,-0.0009562467045032378,-0.0016097349459189387,0.017809507125750194,0.01152388282980416,0.016509731696894438,0.021615181192500457,0.003568166111625456,-0.009009950000694517,0.0014567215247855486,0.010072959600401474
2020-10-09,0.017246187313182924,0.02967554216621051,0.00898646512200165,0.0006030197555729393,0.0180507107177314,0.0026124732108320763,0.024532642233681082,-0.00550711222617031,0.018793074176697643,0.011099975254205887
2020-10-12,0.061584607257210655,0.0464540159772508,0.015096511096284845,0.0033640449607035337,0.03521617032308978,0.04184248072330962,0.025572639632191706,0.03310571056790233,0.018943822515122916,0.023708875770678577
2020-10-13,-0.02688536839918887,0.0002033158031418585,-0.002461056782079225,-0.017376499518886958,0.0015837220672827701,0.0014133398065518726,0.0065727887633082295,0.0015629825872640855,0.009786884708723409,-0.014068403056318146
2020-10-14,0.0007430064337904155,-0.023481628688544316,-0.0031240795978572404,-0.009098573276169567,-0.0023189970642469968,-0.015767924215508863,-0.009014799461763066,-0.010796231355009506,0.032273287618783654,-0.01166964843824957
2020-10-15,-0.003968662037366246,-0.007478033616218114,-0.0009736296123374022,0.004608448546230173,-0.005110819828056587,-0.018940602334347273,-0.005447958605802192,-0.008925949747389514,-0.02729299577407529,-0.005092161274368595
2020-10-16,-0.01409951514898015,-0.01994812848396483,-0.0033744154872956855,0.003031239153692436,0.007831877342245261,-0.002966285581809215,0.0,-0.011410508365680581,-0.020731092265373598,-0.016586180244804308
2020-10-19,-0.025873807007514182,-0.020216949722746604,-0.007635237194612588,-0.01583567373008239,-0.024374705475017387,-0.01718139171687278,-0.025077529457598505,-0.022978487601200703,-0.020310891071385614,0.009870427062142608
2020-10-20,0.013105737390651956,0.0030508956211158598,0.0032413193461149838,0.00596304688824638,0.013716495818523527,0.02329207749759215,0.0020050711572240252,0.01088679102071732,-0.020850455371877373,0.007962906619903561
2020-10-21,-0.0054612668562433134,-0.01001890884724982,-0.013190050071278351,-0.0005360136256763254,0.022257307048246477,0.04089967061258796,0.000699011351420968,-0.00888844290068455,0.0016576578966101716,-0.007049638923451902
2020-10-22,-0.009629560789057683,-0.002684886825932588,0.003541501733964708,0.006243042734909324,0.012948665843620054,-0.0021910262595109566,0.0004184749591491393,-0.012181450419069883,0.007425427859397711,0.006482789245387665
2020-10-23,-0.0061528310027489435,0.008776346822349299,-0.0017427355102657184,0.006799455597186687,0.016249149167129884,0.02369956555232435,0.006216678816278176,0.017012600453327354,-0.01219258008931434,0.0011333782195983714
2020-10-26,8.707770305170269e-05,0.0008235515832760146,-0.026314384784198768,-0.020912705101512056,-0.030270317143045122,-0.027337580150278686,-0.028854381589997365,-0.033596513910310134,-0.0008324460631960825,-0.018053867574158184
2020-10-27,0.013382287654990579,0.02442300268945314,-0.009520840189111408,-0.007043469013105566,0.009167028618917432,0.022056625839590442,0.014976925758383858,0.01925622201943515,0.010414737676610572,-0.00023068182722944596
2020-10-28,-0.04741882900585395,-0.038319991707740156,-0.03506207749019168,-0.028746998141095305,-0.056664043207097364,-0.05671615721905467,-0.050836925194749555,-0.05917496951674135,-0.04493353448533056,-0.0335397446131874
2020-10-29,0.0363804886762237,0.015134134911874026,0.02221584139490764,0.004167086097440804,0.03004448331400366,0.04799456486967636,0.0100147967189202,0.030956604925650454,0.011777078527549948,0.01232735359107607
2020-10-30,-0.05764815694995532,-0.055995337191590895,-0.0152704058566055,-0.0016515280384729533,0.037338227776473464,-0.06517741446290662,-0.011051509767426422,-0.0383487746293628,-0.05707106115006527,-0.012088506454591164
2020-11-02,-0.0008271977894556119,-0.010485731675678473,0.004622750044972086,0.01272856437738055,0.005067280599551477,-0.006673286372607051,-0.0006916345426853706,0.003722685925051732,0.03163027338080621,0.02170134284764501
2020-11-03,0.015237024966606269,0.014515652838803237,0.007120811189784015,0.01388600575310729,0.013052248033514456,0.014962223075206931,0.02006151569938579,0.03428058431497761,0.05675891678442002,0.022838281866967326
2020-11-04,0.04002462999828799,0.06131112770815112,0.03026408254941818,-0.003728062470398683,0.05910017671726206,0.07994440432929732,0.04712102243014805,0.057803679835982114,-0.0069123197353376745,0.019872028404224192
2020-11-05,0.03487850301487574,0.024635765802841537,0.04357499001614268,0.007823841839542498,0.00949143541519584,0.02508463216077594,0.031388796411028486,0.026168959227644447,0.03983908014025376,0.01089642567366884
2020-11-06,-0.001136772668418737,-0.0032050668056014093,-0.0006563989074203034,0.006235049816514278,-0.0015727508156517633,-0.004319002026402044,0.0019239888954931507,0.027994552445625986,-0.018755444602258167,0.010778698810390378
2020-11-09,-0.020170183207335546,-0.0519488297063862,-0.013436759867219336,0.05188250859988187,0.0009598677041788432,-0.05118412077026372,-0.02411276804436085,-0.06608729514406045,-0.020418708541599162,-0.026381627994730938
2020-11-10,-0.0030133204988212754,-0.03519509049367411,-0.033604059111051646,0.03682126177901616,-0.013546343689767435,-0.023005371962909575,-0.03437700059628033,-0.06522960738150087,-0.026215382510501505,-0.01550744591521898
2020-11-11,0.029901014640041634,0.03317322672809136,0.034615685271281796,-0.0050857970668211055,0.005457824041178891,0.01475691952915501,0.02591609867951501,0.04949830124982273,0.016363110813065698,0.03607400734593735
2020-11-12,-0.002345920424546146,-0.008678484699991355,-0.015333160335978334,-0.013122707931742692,-0.0025272171510224905,-0.0050765243804070746,-0.0051392836886050754,0.002883721180260371,-0.012957330573612593,-0.011732200961837075
2020-11-13,0.0004193651307299426,0.005939975842648188,0.008874340733408734,0.014569237830512375,0.01675106568801219,0.006775120218638661,0.00495439037045497,-0.011942256047888442,-0.007948653293047676,0.03715474956072964
2020-11-16,0.008682636794638375,0.0007187867984453675,0.019382806356687148,0.02252682434032647,0.0009982364568215708,0.007231219517381531,0.003320071547824988,0.016280264651626748,-0.0010042223136041864,0.06288103290793248
2020-11-17,-0.007593175446054053,0.001468143007621713,-0.0005514375117795548,1.7165270081615322e-05,-0.006997326936349747,-0.014297066222435007,-0.012833388396217974,-0.006904801581194431,0.07893944622909929,-0.03652053150936233
2020-11-18,-0.01145657684470605,-0.009677888280344956,5.2584464651244527e-05,-0.011376281094466869,-0.012003718409320666,-0.011079634902260018,-0.013271631132521621,0.0004840376170278971,0.09709745318946535,0.01266641774818071
2020-11-19,0.005154912442331493,0.003715583547472407,0.009700109405894088,-0.0017144714824701614,0.010248217476194664,0.0035603972428819683,0.0063283065787012385,0.0008559868740137069,0.025622441945055478,-0.0033070772082352045
2020-11-20,-0.011018123807649285,-0.0056688516272875725,-0.002605496589632235,-0.010668298675320806,-0.012698506806426781,-0.011941777947533014,-0.009602621930337212,-0.026577065604512652,-0.019537882465358328,-0.013337724897408317
2020-11-23,-0.03019368647400576,-0.0003259651773973119,0.009528547042101184,0.008971207256057219,-0.005092541585166391,-0.004719979907904855,-0.0013315491057858274,0.00398416550502691,0.06377098448424992,0.028948438395835798
2020-11-24,0.011527306145874676,0.006328425701275153,0.013423564015228059,0.019226605749632798,0.020817358824065598,0.031138427091913702,0.017690205382402256,-0.013966964598112483,0.0622723727366544,-0.015300204606699506
2020-11-25,0.0074395202671792525,0.021263218006347694,-0.0035757419401114205,-0.0020128418076941898,0.00013038224414512828,-0.004814276562707033,4.677007464104246e-05,0.021152064071053526,0.03297682427747412,0.008756954784634247
2020-11-27,0.004814680574704238,0.003219256968037136,0.010486306503104533,-0.008581357224978521,0.012891780535859636,0.008023023462159608,0.006338960587080902,0.0020000024719201777,0.02028074420821668,0.012740320710064985
2020-11-30,0.020880055581043697,-0.008580433078829422,0.016647796286759,-0.01074546325211554,-0.018422483586905226,-0.0030283204400554254,-0.0054040924482455675,0.010520532030132297,-0.031493184788437205,-0.01757297214932556
2020-12-01,0.030361708138695313,0.0162931356533559,0.007418067305535418,0.003041736860189407,0.023078516054467427,0.0340038639431844,0.009946974047155329,-0.0008583200813772213,0.029784568093447848,0.038816267445617954
2020-12-02,0.0029292612574063417,-0.00515287341781244,-0.0020787464284373613,0.003315888155099221,0.016357915968457693,0.003379545540504817,-0.003892760186042973,0.011472401705539184,-0.02763741793314311,-0.013173712907851746
2020-12-03,-0.0011381873558205576,-0.005257991204430573,-0.009781932853496277,0.0023391148023258405,-0.0017163211679098477,-0.019917326949606778,-0.005260347890981701,-0.010729300363567984,0.042270932122950786,-0.00040202422498791243
2020-12-04,-0.005628129550997795,-0.007607189417695092,0.029282132127817526,0.0008937710523038587,0.0010533623104054806,-0.007657688693567121,0.000559730587044636,0.012039110200694746,0.009493325730045684,0.04163392371154836
2020-12-07,0.012195239678853928,-0.001449259101838023,0.02212533750233953,-0.010024137611402001,-0.0036970901125490696,0.0208045721015649,-0.0003265394581755224,0.003570823059751333,0.068886056292822,0.02532016945630528
2020-12-08,0.005078045965707811,0.0060897673194401595,0.005969435779416594,-0.003668605205203431,-0.0031419696497219864,-0.007662688156093684,0.007994526959699395,-0.01904961554835757,0.012573321033348567,-0.007074717612805804
2020-12-09,-0.021125442806527533,-0.023272568006966705,-0.017127128994044904,-0.005213974687436841,-0.018651067654812933,-0.01952613430783301,-0.019682170691078096,-0.03190806675064933,-0.07241913725041024,-0.011615589058718723
2020-12-10,0.011917484517372776,-0.0008734778193995013,-0.014959087568849104,-2.936853249812043e-06,-0.005759371968303456,-0.002882615766698673,-0.00606207192228643,0.003204052791458124,0.03668958724599977,-0.001821542716110803
2020-12-11,-0.006757631404142499,0.004802302959357711,-0.010345207965543007,-0.0012812903992824025,0.004036773076598892,-0.01296628619680551,0.01293147638530665,0.003155825515004033,-0.027615591895456065,-0.0019204904536148256
2020-12-14,-0.005159853113230166,0.012927776593180737,0.01462820002658581,-0.013809985801176169,-0.01278132265163292,0.0023368714950740767,0.004397980940620483,0.02245362226804961,0.04775997018342951,-0.00452806971632463
2020-12-15,0.048876295370717616,0.0025782705182143205,0.015087142788368632,0.005215949876524426,0.005020936176727624,0.004947988790805925,-0.000326486391213286,0.0038807615742569106,-0.010337277993335172,0.014665722190377676
2020-12-16,-0.0005475709096142506,0.023678659082595685,0.01622882055353522,0.00398429308669679,-0.002211461219308012,0.00043541082590663503,0.023766021902469507,-0.008871095178530509,-0.01668801318404443,0.001046302793422686
2020-12-17,0.0069395000195954975,-0.001506881775001751,0.0028204031541620715,0.003844888446587734,-0.00953774308652172,-0.004326051523740631,0.0006381902669482948,0.007429276403621336,0.05183107739238705,-0.008224104909692487
2020-12-18,-0.015978005120500204,-0.010696397444651836,0.02814438037868242,-0.0056189870786730566,-0.008244158398469195,0.0069704552300677335,-0.0037899416018519682,-0.005204095911473155,0.05790353852575241,0.0036507184970182233
2020-12-21,0.012319258698702927,0.001413904523066775,-0.013156909750291823,0.0015347790077681945,0.004819807963038668,-0.013146610053195892,0.01813364490502178,0.0045289617293577935,-0.06715493498509616,0.005260605440977374
2020-12-22,0.028066888886897165,0.00010602891458408637,0.009791601046390163,-0.007831567264644125,-0.008301690067867573,-0.0211167056899734,0.006046934052097513,-0.004058460460334557,-0.01475762913420309,-0.008526422158443975
2020-12-23,-0.007000547727782634,-0.006649178948489452,-0.01779765265926466,0.0027391207036605004,0.004645602884456863,0.003811490957284076,-0.013125073962982717,-0.0204664303435601,0.00876920991536227,-0.0017332658640513106
2020-12-24,0.007682794487077825,-0.003957235360226408,0.014003867525479604,0.010523582927796822,0.0034255238548384637,-0.002651692167220461,0.0077967989924436105,-0.0011922916664875395,0.024149533626973363,0.021075733252628237
2020-12-28,0.03514062718409399,0.034470151618254896,0.0009728946867318775,0.006850595646742639,0.02269107732753797,0.03527210713150545,0.009872576690812769,-0.007241063478154188,0.002897106734780491,0.0016972270892653683
2020-12-29,-0.013404120829945486,0.011517048584034767,-0.006597836678199988,0.006456037006137012,-0.009173963717258817,-0.0007947666353342866,-0.0036070414120404756,0.0033471249065626482,0.0034595328945029335,-0.005573868030083139
2020-12-30,-0.0085631043964021,-0.01094170357368153,0.013405227295885811,0.0007971996972501905,-0.012312672289407587,-0.017898754191071186,-0.011080607624744844,0.015524008895230059,0.042320582323576904,0.031150465861699058
2020-12-31,-0.007732356228286396,-0.008840331459923346,0.006921268726056336,0.007850987779849458,0.009395606818983972,0.004733637227680378,0.003332553184042348,-0.006927060105661579,0.015552413007484785,0.001284839156733935
2021-01-04,-0.025030046798011032,-0.02182109847190733,-0.029269691913045633,-0.01241084000696662,-0.015241217338717993,-0.015569542918489452,-0.021495438876571914,0.004470762796461144,0.03358173995604568,0.024101798101346307
2021-01-05,0.012287892792476973,0.009954646073317086,0.0067502212353188155,-0.004975606497478855,0.00803193869863144,0.007519852678157812,0.0009641567032301462,0.021966865411001343,0.007290726849836652,0.009533713583935434
2021-01-06,-0.0342410121080654,-0.025211776834210834,-0.006185950878226732,0.012700585975654386,-0.009916762993246545,-0.02867610432838173,-0.026271578568660553,-0.06076214795754381,0.027994766442436515,0.02487206429294688
2021-01-07,0.03355364451565433,0.007548565530855581,0.04127878037227259,0.011202539176598957,0.029431371190275626,0.020412444819146666,0.028059651124864006,0.056219896899554075,0.07644846869014829,0.04911556151447226
2021-01-08,0.008594526921899505,0.006474509430722278,0.005061706573898766,0.005554557042666851,0.013151804650654906,-0.0043629700158984855,0.006074381524882458,-0.005052389715457958,0.07548123816080572,-0.022822853266050696
2021-01-11,-0.02352349669926881,-0.021754382256951105,0.00026915184650661705,-0.005665963492072945,-0.023376574746056946,-0.04092804612345661,-0.009745852630244372,0.025634842563497254,-0.08144231364811663,0.032411788710086854
2021-01-12,-0.001396380583296775,0.002123540741920703,0.00811040908274993,0.0011705758570665103,-0.01079688265164142,-0.022642005459110246,-0.011840475012608927,-0.010089823353863846,0.046075003355075396,0.0032574523629224973
2021-01-13,0.016096402227254863,0.014335165650269394,0.004041712680612727,0.007770903762773195,0.005636224773828136,0.0021881298393978516,0.006538850715517222,0.003479438763690785,0.00583390055163722,-0.031129902788651666
2021-01-14,-0.015242617447809984,-0.01220978211670719,0.001904257089170289,-0.0011133224473068048,-0.009390087329938677,-0.024132487986276468,-0.01546509726408262,-0.024802993564126206,-0.011074621019438693,0.0587926013488027
2021-01-15,-0.01382586221541629,-0.007452299659631569,-0.013854253395665471,-0.007057136102596458,-0.0019082580601152575,0.02301915483914211,-0.0017385688128982958,-0.026153055778761522,-0.02254816438492551,-0.009694844956762509
2021-01-19,0.005412432538544247,0.005304424924284414,0.02965556327889065,0.006129838173613438,0.03237669215296127,0.03801743699256337,0.0176658358306972,0.012807011428990003,0.022015499815695144,0.04733252147284079
2021-01-20,0.03232840001452916,0.044686981065348005,0.005666865828824744,0.0009272979289830008,0.05218748794861924,0.024141132235765972,0.035849332957203994,0.02580554797138837,0.00696170884124915,-0.0050393003744554285
2021-01-21,0.03600187420551739,0.01327491862890803,0.010638500699065176,0.0033927545380351143,0.0021677665374273494,0.019950770249656576,0.0028042898636229025,0.03685274620901295,-0.006440854103183227,0.02658774777515495
2021-01-22,0.015946108135204626,-0.004473303364494828,-0.0038631646511864954,-0.009593897208046435,0.0044535818875792894,0.005955620737977912,0.004346626215899253,-0.01124032020187411,0.0019507385857471659,-0.03813597626049562
2021-01-25,0.02730759677839716,0.0005374909810066927,-0.0004948146491117243,0.003644028401811346,0.0009084367418477266,0.012705954114749509,0.01572020376146993,-0.00433024408089389,0.039555086200732226,0.010629401922443129
2021-01-26,0.0016775151642381351,0.009706872588035214,-0.0019813449979973184,-0.007702220362092351,0.0071906379475433655,0.014427232464259773,0.01212494396807472,-0.016095629983354478,0.002596544878530684,-0.03009912080981582
2021-01-27,-0.007713076249067006,-0.028528919404602372,-0.04220465487839972,-0.01660328330555658,-0.04777549593180054,-0.035767579106892655,0.002450463117249856,-0.03927948609056992,-0.021669174678462418,-0.0395399726682839
2021-01-28,-0.03561197311612825,0.001557905206109897,0.015707087100888886,0.013792923278561827,0.018659993713904064,-0.026586863735144222,0.02556138266850118,0.01026235565609126,-0.033811459334112025,0.03304425464336628
2021-01-29,-0.038138637234551555,-0.009752051571646207,-0.0027487621777586946,-0.011902151135017738,-0.014041647692717008,-0.02549217522799355,-0.029605662005177724,-0.004704455888189067,-0.051455133708131096,-0.03485307624487559
2021-02-01,0.01638522242454675,0.041746274050055085,0.03541432303501738,0.006012114737342894,0.035327655566508576,0.01414498222080964,0.03261464749723872,0.01885562067578778,0.05668432585298431,0.041427599519364214
2021-02-02,0.006316699325351706,0.011043015400718599,0.021492594803013333,0.011562847818033491,0.013666894219985348,0.019165531884664803,-0.0005844345632681052,0.02386850208959183,0.03851924269165984,0.013955608054337997
2021-02-03,-0.007808763823720968,-0.020163489626646183,-0.024819106616141767,0.0014267332232332003,0.07029535458147171,-0.001611475099163975,0.0144662379366208,-0.0019379749075723604,-0.020956118951172036,-0.007345480618123869
2021-02-04,0.025431676963661973,0.00556035766663457,0.011626414605915573,0.011507495926207274,-0.002553232678103246,-0.0006000434908941553,-0.004082228093017624,0.009836413766199493,-0.005514295631595512,0.005085072952547968
2021-02-05,-0.003103170396476786,0.0063293425623789645,-0.00986522640085296,-0.001012464110877692,0.016995084017968873,0.006023266869260342,0.0007846497538660974,-0.005375138537825418,0.002631883215661463,-0.002891392986094108
2021-02-08,0.001096242380240735,-0.008751967758836224,0.014253930141582726,0.0075868142030288185,-0.0020654732816980594,-0.005685676488855727,0.0011141086348426075,0.0605079260229808,0.013044842106937113,0.03664984577806278
2021-02-09,-0.006595323124745391,-0.005413479034808956,0.0040745659550257525,0.014180690848910141,-0.004389475973839348,0.010708711532399825,0.005347380891874104,-0.012229195124289162,-0.016300455142510474,0.0009802409181842912
2021-02-10,-0.0045691723124302915,-0.005588994815406755,-0.009696605397255887,-0.0025155855088148295,0.005329392249690539,0.008941111274924769,-0.003904979386134614,0.034522258741945915,-0.053982110546516617,0.007583514783874433
2021-02-11,-0.0019217859634075214,-0.007467083315264711,0.017587543672196167,0.000995933354791596,0.0010873571494188256,-0.005458623496744085,0.006854114532250758,0.03241985915355675,0.008462878423046197,0.040100577833335996
2021-02-12,0.0017741495817198824,0.004764600739063575,0.016440143121046073,0.009220460287201648,0.003002000732814945,0.0004065692925974372,0.002042972114426779,-0.019164936636456218,0.005479859012751231,-0.007935926309608958
2021-02-16,-0.016234919805118767,-0.002676197092374675,0.005761694750049858,0.011801322529144828,0.007451860917865497,0.012746602919275145,-0.005279440899019157,0.02436437900826618,-0.024685864957400334,0.01431131734737495
2021-02-17,-0.017801713556402542,0.012068471325383062,-0.01368876772289337,0.0031547686245053178,0.0037452670459404403,-0.00146104953484625,0.004350088343263657,-0.02806425660172868,0.0024209343993348833,-0.027361405680566463
2021-02-18,-0.00867372626183978,0.005903355134450001,0.0016151240632404388,-0.008402271955116336,-0.006064737750065214,-0.015397374741914603,-0.0016802986367424784,-0.005179033517206065,-0.01358555824881115,-0.012107936182673041
2021-02-19,0.001232563042104985,-0.023816428691007405,0.013769042699465467,-0.008199007395222046,-0.008105759317959142,-0.02949660004474377,-0.01163479141018069,0.006553468194697553,-0.007751801260508434,0.014965635203464755
2021-02-22,-0.030251785780781592,-0.02151030634661799,-0.02814985890053028,0.013221756025685908,-0.016678699622223743,-0.004713403792617405,-0.027174292143422107,-0.038987565369630106,-0.08937612559287707,-0.02287017936724786
2021-02-23,-0.0011117523422867353,0.004316729031036398,-0.009406888819213007,0.00487637818673708,0.002848465353153141,0.021019443528591846,-0.005301497496137962,-0.015001559929570259,-0.022161184525391956,-0.03403855236188538
2021-02-24,-0.004060394913645923,-0.011007327640787778,0.018850894640836283,0.010575726372184608,0.011433750949561373,-0.005847073975538484,0.0054719722904994295,0.024930597094254568,0.059954347975619854,0.024484978406661674
2021-02-25,-0.03540199735646503,-0.03293690001850802,-0.050584508506648654,-0.019386713800190095,-0.03310730362249569,-0.03707548353157583,-0.02399027889483012,-0.08575184596209356,-0.08402401628244044,-0.048790308407480755
2021-02-26,0.002229076654475249,0.011632467716052848,0.027422649078266817,-0.008793306065445239,0.0029519429256728747,0.011438484272985612,0.014695689797615598,0.030125904491917144,-0.009898985904473094,-0.00047625890481337653
2021-03-01,0.05245123226286979,0.017057488725899683,0.0410918739214043,0.03549983122784755,0.023341756514681046,0.027904672154922074,0.019432893459234542,0.009235504006569728,0.061615106636751404,0.025013950114231208
2021-03-02,-0.021114853630008243,-0.016540301818484742,-0.01869976969842902,0.00021175505313439336,-0.002505958379616723,-0.022562259763148865,-0.013041556791215629,-0.03196821481355121,-0.04554943930628858,-0.024537691209417886
2021-03-03,-0.024760677560407066,-0.029358478249911932,-0.03699125799359163,0.010124968822094106,-0.026042379890540642,-0.013957954839526804,-0.027351713694619806,-0.045904913145961186,-0.04963546753524194,-0.024992245255297432
2021-03-04,-0.01593829115928533,-0.009170074897274566,-0.042956146443948344,-0.030431117202539812,0.01113388942750693,0.008693433919684999,-0.0036538303725962723,-0.03452183152789671,-0.04984401019282242,-0.061240072577109304
2021-03-05,0.010681310052372026,0.007658083796422065,0.01465788789624202,0.030221495568819805,0.030571231765466427,0.025445740208444072,0.021251976953716056,0.00734963095317765,-0.038532236280416896,0.04408668591576605
2021-03-08,-0.04256684148003952,-0.016299583149453855,-0.06633223757079719,0.018074658463358026,-0.043650967646416884,-0.03453076982057428,-0.01834527451172671,-0.07222085602042572,-0.06022747806878108,-0.05855201138137996
2021-03-09,0.039845069438289665,0.036879873274693574,0.051697004917818264,0.007435741036888377,0.016236143644063197,0.040040077427299064,0.027713981183274228,0.0772694147137527,0.17932714140524914,0.02127642260692906
2021-03-10,-0.009208675410845375,-0.0017024656850275469,-0.013640870632453573,0.018676994886214354,-0.002045880341152059,-0.003166201319847195,-0.005834439016997448,-0.00416201133655834,-0.008228833280182691,-0.022154481288255028
2021-03-11,0.016367971095035704,0.018133028189585527,0.03613183968859065,-0.006139054212280377,0.03111399308281024,0.033337837096479854,0.020062321715095203,0.04126377647254167,0.046130766690605556,0.057607160526586085
2021-03-12,-0.007654854412545294,-0.0077703841773409145,-0.005570187158465284,-0.004292763512920038,-0.024354653142542468,-0.020211647131963665,-0.005836502952267757,-0.01063856739345624,-0.008425900400429927,-0.019089386450905108
2021-03-15,0.024162490938383,-0.002531144890792291,0.042525508377235094,-0.0212554138970289,0.002163453477215964,0.019736794369761907,-0.003995415549570014,0.025743010209190825,0.02027649657712319,0.006571772360365812
2021-03-16,0.012662509335174743,0.0032979661178309406,0.015617616218239509,-0.009569451016150672,0.014233096374683604,0.01999946742998179,0.012274917928828408,0.007552219971263991,-0.04486533694757759,0.002264567776898
2021-03-17,-0.006471277779892093,0.014089129048404545,0.011250100632415693,-0.003190179369156868,-0.0008017486120715461,0.016794643864043782,-0.0028225679387112223,0.003755043585035882,0.03616869761350537,-0.0011947331336174835
2021-03-18,-0.03449338965164408,-0.03496292546552067,-0.04102956858918517,0.005291335777781795,-0.02967388668859675,-0.019160566010062406,-0.0270239312015428,-0.04748870910584082,-0.07184055905976201,-0.03652995904981943
2021-03-19,-0.004490290360661604,0.015392830040768038,0.029755879344995222,-0.0021586413384438144,0.0027763974228006325,0.040411360955125666,-0.0016049753334204824,0.00964085866336788,0.002614584056873359,-0.007627521693372083
2021-03-22,0.02794165255505227,0.011610547696605156,0.001726970539410941,-0.006014949316924599,0.0018384566693224718,0.011753693687071916,0.02418948080356646,0.02616169204184764,0.02284097771296026,0.030763824535011544
2021-03-23,-0.0069125925140425875,0.008523856571831514,-0.023890441388568138,-0.007819601416103852,0.005225965601186036,-0.009962997397305138,0.006715012622251993,-0.008797740494380361,-0.011770465503008509,-0.019736052622130185
2021-03-24,-0.020196023885238737,-0.016203881085462144,-0.014739645203413483,0.0014825799602228961,-0.004320143350102112,-0.029647637028087058,-0.008963295690340862,-0.033273284242077344,-0.049358942535190804,-0.05299436007234738
2021-03-25,0.004154997913383004,-0.013307791454017294,0.009641042154484695,0.0018501392881613734,-3.441684235042606e-05,-0.012123916176386473,-0.013339284996640291,-0.008559094794893833,0.015929083234572167,0.013582055287192253
2021-03-26,0.005128057198288837,0.0018923206745425616,0.04311186321411423,0.024248118034553283,-0.003810490696382255,0.015238210664022879,0.017661685835224674,0.023962293743039497,-0.03444071328935919,0.05384337233907754
2021-03-29,0.0014841218361879972,0.007735312514846097,-0.019735751337938746,0.009095228406094287,0.010347527818990591,0.027187015196564874,-0.005257217205011445,0.008453566182075073,-0.012065159218404021,-0.018792692103483524
2021-03-30,-0.012350461109184018,-0.006667777807782873,-0.03544770395332225,-0.0030182910751362486,0.00033240766920501085,-0.00974417119015022,-0.014515651694207786,-0.005925455280342061,0.03902942452340498,0.005927345001477412
2021-03-31,0.018591750124062566,0.012616087083554913,0.01630766659244936,-0.012004339695286127,0.007812141604131126,0.02242062406059734,0.016766035112593933,0.03635028265631823,0.04958242699342918,0.02751371590153968
2021-04-01,0.006934458365037751,0.021397878158709596,0.026161504713837977,0.01200433969528615,0.03209025338130204,0.013924825429850627,0.027526253402598202,0.03413450562020198,-0.009295525767170772,0.05365798020682189
2021-04-05,0.023303604325462236,0.020580800847156144,0.02598566849639618,0.013169888594166904,0.04101977100016621,0.03374415728997831,0.02735092815969136,0.012644265786415473,0.043324388497766333,-0.002406696461471749
2021-04-06,0.0024591999101136594,-0.0009022971624071701,-0.00948234849778194,0.0034450809215922067,-0.004381055303735993,-0.008615573908414534,-0.004869823641510827,-0.009048754369655305,0.0008244361718844317,-0.01668471543619709
2021-04-07,0.013301567332785678,0.01709045911872312,-0.0029183053414789236,-0.0025530168208291793,0.013385215936026115,0.02205608421690972,0.008196917694274171,0.020139806176026783,-0.03031223705748461,-0.021046351045321647
2021-04-08,0.019051254296342024,0.006052887214350471,0.006240219134754889,0.0002853935356268821,0.0050785195910268924,-0.00022361778924585615,0.013316370881709307,0.012192597157584908,0.01894107600700144,0.029099339834529222
2021-04-09,0.020049088144276615,0.021855051421528913,-0.0008037266992113978,0.010047810604164539,0.008953690935287773,-0.001790449722272408,0.010214003981864178,0.005780451051584208,-0.00996463824588327,-0.005117193802837868
2021-04-12,-0.01332147577701957,0.002129852126864464,-0.002931571806169583,0.0065286419627003925,-0.011538629630799787,-0.0029487755462454866,0.0002343761781855296,0.05465914989830887,0.03620406408291566,-0.015593250186558756
2021-04-13,0.02401598369381898,0.006080225513606812,0.002663606051960069,-0.00029809221206424054,0.004360743414584753,-0.005729993289607331,0.010031286469434585,0.030466874397852665,0.0824615371588125,0.00305567966019548
2021-04-14,-0.018014140487501055,-0.019902668921269934,-0.0159209884754221,0.0012414650880649455,-0.005569004916665895,-0.022658992413869428,-0.011282300452553415,-0.026005724656525755,-0.04027179907894094,-0.003551880343338614
2021-04-15,0.018534907691542347,0.013733669660684043,0.005640710417147606,0.004429381744311967,0.019147313174497842,0.016376478497175846,0.015182023703498202,0.05478187017415571,0.009000306677510112,-0.020821114396455658
2021-04-16,-0.0025311849885359403,0.006004280530908502,-0.0025240968239118875,0.010960272560249366,-0.001094494633522189,-0.005342058756675239,0.0047671461687702,-0.014025078055356145,0.001257911412789418,0.004131626428142648
2021-04-19,0.005055747102637634,-0.008101740463144907,-0.03569701126382136,-0.0067299872160236866,0.0030660698512003197,-0.012951524102215003,-0.007700261605113834,-0.03522458010946244,-0.034587909254449344,-0.029373649074882803
2021-04-20,-0.01291323657554304,-0.011129268476364956,-0.010312676086228796,-0.008438847798455117,-0.0047057437667415315,0.0013553457725860633,-0.001856742448508378,-0.012478570469256938,0.006082481415169929,-0.003907248204927764
2021-04-21,0.002925895729470572,0.008162267510845943,0.005517657105086132,0.01737287958241507,-0.00028964542117947275,-0.003906512093062062,0.00894303623961554,0.012397227059461271,0.03435484924604316,0.021089917688942406
2021-04-22,-0.01175423384873139,-0.015883879438343667,-0.010230843890071808,-0.010420973316363125,-0.011401903139091422,-0.01655558828677026,-0.013172529162034156,-0.03378260020124004,-0.03338171795091616,-0.017876109645520215
2021-04-23,0.017877648220964437,0.009576191314045886,0.023925468844753214,0.007214593958057994,0.020829018592019813,0.015427229948658723,0.015357406566876787,0.02756239689675555,0.01340170287553078,0.028382627358300577
2021-04-26,0.0029737004711503476,0.020184691912166108,0.012196725535409333,-0.0032166933061888044,0.004338563938537075,0.006322874159591054,0.001530715822339464,0.013840487332777788,0.011992516455123612,0.02398525503328907
2021-04-27,-0.0024526233686663792,0.0024698649221989518,-0.011724842265283553,0.00945878906417015,-0.008237520044274929,0.0017473587379512484,0.0016046278587618886,-0.006237785755770937,-0.046385859854230806,-0.0020594248435496123
2021-04-28,-0.00604569190400831,0.011946146532530181,-0.015450569194278552,-0.001001960229157211,0.029275072036031462,0.011561035335612384,-0.02869357412251394,-0.006849825402465907,-0.014780794025162398,-0.013364849883136307
2021-04-29,-0.0007488779635008752,0.003697092085053035,0.01532199427563946,0.01669011697742386,0.014192741853878584,0.07043328714777197,-0.008085717523312306,0.0031370523856033357,-0.02537683713134589,-0.004690909721475476
2021-04-30,-0.015249053846334562,-0.0011212645540177846,-0.02187652665900096,-0.013017928192387916,-0.01654393770575963,-0.013535277508598427,-0.0013078817414809612,-0.020785750615322007,0.04680461290993818,-0.02001445099565424
2021-05-03,0.008182004712391942,-0.02361686640013657,-0.013372656778876283,0.018018505502678212,-0.004437382791328553,-0.007720258764375729,-0.0012695925823919235,-0.01157613147645458,-0.035203052789871056,-0.006876229064004352
2021-05-04,-0.03602677017213356,-0.022280927908247625,-0.012518676112806583,0.0033752498112475495,-0.015591919474496176,-0.01316837709328908,-0.016291702327204522,-0.033270083587532764,-0.016636360929421883,-0.005015380997984289
2021-05-05,0.0019535835950425873,-0.012557955081461925,-0.0015983788111977309,0.00808266636467748,0.003436084951702753,-0.010546600888742643,-0.005341357461065042,0.007445422871518083,-0.003956776807325818,0.0001733808525398385
2021-05-06,0.012721170784551187,0.010895826077640012,0.010645310061527856,0.023909227661366505,0.009707440218193973,0.01574732048022216,0.013140096566596836,0.004451137986172617,-0.011090612633393284,0.013943039878396441
2021-05-07,0.0053134604502448005,-0.004474051509126132,0.008877502545880683,0.004611066225534093,0.006218397107984333,-0.002941614745755683,0.010872372138699139,0.019720911520740503,0.013219694470214068,-0.0014541209045465567
2021-05-10,-0.026143537745081956,-0.031202294199865952,-0.03709274881567066,0.005313779128881514,-0.025920480797528424,-0.04195485014502062,-0.021135854870582463,-0.03759297984708307,-0.0666139869184463,-0.0394570250694496
2021-05-11,-0.0074377936361610456,0.010420336143649124,0.00906203544199157,-0.021161671709545127,-0.009509481246519926,0.0018285933374587182,-0.0038509009893856303,0.002834888144424325,-0.019001672485714396,0.004796790971248762
2021-05-12,-0.025254541441673387,-0.022576744303825176,-0.041028386215957786,-0.0115714164253113,-0.03123527689189301,-0.013068878731812318,-0.02980248503954256,-0.03903979471423664,-0.04525703659502106,-0.04198576888892892
2021-05-13,0.01776069964781473,0.0030189822880309276,0.01927422081768617,0.012458861918437356,0.013000062222534088,0.008917189556548553,0.01672141908758902,-0.006800620524406255,-0.03133918628539079,0.004977781594797684
2021-05-14,0.019650662652716182,0.019244482527551766,0.0252702524778387,0.01525550959603974,0.021893679489595665,0.03438858552155909,0.020848529753604003,0.04140955357633623,0.031084853734470938,0.03354594383729794
2021-05-17,-0.009301716660189563,0.01462764646007257,-0.003811374634701599,-0.006737184494729512,0.004615362668519904,-0.0015205738103657503,-0.012040778240735857,-0.005456213241047583,-0.02213414578006038,-0.023936955146226034
2021-05-18,-0.011309387223824475,-0.011721487581113643,-0.014193420094101052,-0.005904708464284047,-0.01162296667291009,-0.017588652876090356,-0.008602197433095262,-0.01062760062238644,0.0018013224952045325,0.009427081056493099
2021-05-19,-0.001282484385641309,-0.00014852585753418506,0.018231141342071773,-0.0024278638734197104,0.003983322211044003,0.011643073423734936,0.0024709765865199547,0.003560807225524292,-0.025252562795766022,0.01397635063481679
2021-05-20,0.02079445369442511,0.004901676923524499,0.029621325985017904,0.0016285023932093308,0.01548583920387056,0.01588135861062534,0.013725692049628835,0.03813466577016964,0.040553601408475165,0.007798595733390524
2021-05-21,-0.014877216598513801,-0.013828021471269424,-0.008298073821006415,0.002423918092969411,-0.0055726124513998795,-0.007497808520351721,-0.005328816884535138,0.02562265294737166,-0.010105809239520404,-0.012703904100452855
2021-05-24,0.013226399897427969,0.0129993563234214,0.017464651526661244,0.006825697661004211,0.02874857736340446,0.026216290601347458,0.022624181904986496,0.040540034520924195,0.04306162202970284,0.015788629177380286
2021-05-25,-0.0015749258284589933,0.004323491452926749,0.000761879885158978,-0.007276698717515152,0.0007747070208988827,0.009686937374264147,0.003741342655703125,0.002287081220129849,-0.002889839951081735,0.005704137216542354
2021-05-26,-0.0003941501179214776,0.0018730010825371592,0.0020651820414847584,0.0012160810862956214,0.007353834930314614,-0.00039664686702971236,-0.0009141817673940771,0.0033336789070279134,0.023599290742317446,0.014938804241618957
2021-05-27,-0.012454049943686298,-0.010792589148289969,0.015492999931769065,0.006035354985828762,-0.007434193785023718,0.015415053145835692,-0.008706188257512999,-0.013595105876295957,0.018752900206065234,-0.0019848051673861168
2021-05-28,-0.005362182524476076,-0.002181807353604432,0.009893808556492788,0.0013311608309336895,-0.0024706535468870918,-0.01215475039436696,0.0014830805565029487,0.047688782105685015,-0.008964584890580543,0.013640763536092646
2021-06-01,-0.0026518369601835796,-0.0013723560569097765,-0.008547479598348076,-0.00159760576798899,0.010270222646097536,0.0012161318467557066,-0.009173798686466818,0.0012304329217312023,-0.002113500469111133,0.009751175077862556
2021-06-02,0.006256534869807828,0.004754641593085972,0.01150696375299804,0.0007692811504792194,-0.004457218017948186,6.0595063145537524e-05,-0.00040425492775061596,0.03109843595999629,-0.030563287475861584,0.0037058107784854934
2021-06-03,-0.01222868972971284,-0.014633490299348802,-0.01903030027403572,0.007104459972219968,-0.009753891727238251,-0.009493355080597786,-0.006450074654802269,0.011349264996289306,-0.05482031154624074,-0.0180690869714429
2021-06-04,0.018843512427530414,0.0060095641643640885,0.021707733614556735,0.0006174801765186346,0.019400974176120737,0.013132681731033945,0.02046390267935407,0.035230163580430636,0.044738606325548956,0.022765967927021225
2021-06-07,7.955534893821284e-05,-0.0025639767739557943,-0.023904696495707027,-0.010084480747777803,0.003640643700234159,0.01868302342882283,0.011970156595877997,0.0023150688573794214,0.010098272085864791,-0.010852753125280232
2021-06-08,0.006649676271054518,0.02045844509486988,-0.0005391258134492607,-0.00023241873215504666,-0.0016080733121886493,-0.00865341185993375,-0.004897534659585999,-0.00923696504093913,-0.0025481655598922595,-0.019647209356765213
2021-06-09,0.0030724399320571343,0.005206770515708458,0.0008625888114588211,-0.0031925894561627946,0.003953063855098247,-0.010332453216702859,0.004030209594712256,-0.005443827863666396,-0.008000903407653626,0.010384243009696098
2021-06-10,-0.00805570196186423,0.020661910893956897,0.010165341373002072,-0.013877083857342737,0.01122852568675584,0.006669522514836233,0.014290778632374518,0.003837935374210794,0.018761400839628444,0.0094319433392997
2021-06-11,0.009784717788332257,-0.0008421810689315857,0.004321960093575132,0.007291521602274549,-0.002026713756539144,-0.0036157241639449764,0.002523599111019266,0.02271025431606052,-0.00037708912038201647,8.458263994599837e-05
2021-06-14,0.024280807932714504,0.011006334685231454,0.010839632443718565,-0.0102831912426941,0.007669636993718132,0.01649643371617504,0.0077255985316606705,0.010796960716835188,0.012708130416930218,0.022906929491527662
2021-06-15,-0.0064585773236967075,-0.00021872359760794925,-0.010754627666282768,0.00038735804692473886,-0.00841457868226292,-5.940646374186492e-05,-0.005904783540975361,-0.012860600389774277,-0.03012429716067012,-0.012809986068494374
2021-06-16,0.003926371567946565,0.009449397061352359,-0.010656790749322197,-0.0009393089725370134,-0.005342904102560135,-0.01698080297338562,-0.003800598115627737,0.0012217578785784717,0.009151155788618984,-0.012043806278514448
2021-06-17,0.012521930652767833,0.02143330072900694,0.011569667221240833,-0.012496557439539214,0.0080077933519677,0.016268015288017232,0.013583833950360603,0.04646067864740422,0.0192069740346885,0.013106189558907393
2021-06-18,-0.010143376083020959,-0.000670883305820527,-0.01641258420063304,-0.018317904830961386,-0.013500157200149434,-0.020566160167549308,-0.005650463689918046,-0.0009917883308665706,0.010823457790850385,-0.028353314743928007
2021-06-21,0.014005935382515253,-0.009491708765252797,0.010189372032356864,0.012163774932218081,0.014066689630093455,0.007946259118727865,0.012259628474500496,-0.011412355706502208,-0.003986737073227788,-0.014352559463946266
2021-06-22,0.012618106689143059,0.014794678093753032,-0.0003442105085233559,0.002617567874964055,0.00424347492765889,0.02008040200427589,0.010906285029602855,0.024630094308092883,0.004628256702323365,0.001663253626771911
2021-06-23,-0.0020920504837554817,-0.00046229652298874693,0.004747097985549065,-0.01197230801987896,-0.0016649662796762335,0.004590856102028243,-0.0009046310392647108,0.008986924585840725,0.051343820984031875,0.014932088821478541
2021-06-24,-0.0021711561688778067,-0.015746270765313524,0.007259014504944892,0.002678282193102931,0.0030496543748746,0.007575648081713857,0.005339047143587446,0.007749064352504704,0.03479874196476401,0.010202190691806143
2021-06-25,-0.002251355460007697,-0.013902758645549816,-0.016862651760855607,0.009912157632631967,6.92750827215071e-05,-0.005288099402523345,-0.006281766832644541,-0.009127457528375169,-0.01176322830573604,-0.006074516499428281
2021-06-28,0.012467961095778883,0.012396928694551673,0.02267482885053904,-0.006774915253120679,0.00022442081940156867,0.04095216482389745,0.013864847486217257,0.0489127024803847,0.024769941961746585,0.026087734632289975
2021-06-29,0.011434937560427046,0.0012332733462509843,0.009158548641408444,0.0016704591885917893,-0.002152674220787155,-0.010600565328710593,0.009923777510065372,0.0020869661863767187,-0.011624991064810086,0.005170146460144059
2021-06-30,0.004610149779158923,-0.0023169853895690052,-0.0006500380453436889,0.003831977125676868,-0.0014976962158460023,-0.011949732336092637,-0.0018442676028817878,-0.001211555530774962,-0.0015582931945794674,-0.0005823706017918477
2021-07-01,0.002260876097218227,-0.002092189192267082,-0.015214476235121368,0.005726511171938862,0.002903507175692249,0.019029304729286562,0.002581093263383893,0.010419104023320077,-0.0026222581937176714,-0.014586594799100232
2021-07-02,0.01940698331174225,0.02246941064938596,-0.0031348780706512945,-0.00238999881900311,0.02271371427718817,0.0008743068217426034,0.02203050427371531,0.01351419459658005,0.001444593124038416,0.0041292308755426005
2021-07-06,0.014611438816476424,0.04585930904650017,0.010855428003434685,-0.007336369277071372,0.0074170846840102105,-0.0054277171321732934,3.6030304226176266e-05,0.010270373542520073,-0.028870583198134143,0.009541436150901689
2021-07-07,0.017795806843838222,0.0056535525885647525,-0.007933652354107172,0.005909160823242023,0.0022480274888315916,-0.006512616567457456,0.008142413628706133,-0.015912022364137707,-0.02289574720602526,-0.01510727612513709
2021-07-08,-0.009242487337707335,0.009378115281815287,0.0020427397713287045,-0.01819257841582264,-0.011371053966283191,-0.01390530109946865,-0.009006928848266505,-0.023291191473069153,0.01257859403128338,-0.0032187343880212584
2021-07-09,0.012970741509376552,-0.0032399471675578434,0.020364851604418983,0.024370389628249896,0.003787404767240665,0.01370572284378645,0.0018724953271851183,0.007383813604299359,0.006321812249024031,0.022565201549008068
2021-07-12,-0.004212457546326513,-0.00021237069203424127,0.011533185105456659,-0.002522135256829944,0.01154106980761592,0.0077889073576599575,-0.0022331685299033024,0.022792803537889112,0.042832279170544656,0.017024355250809194
2021-07-13,0.007858203391317757,-0.011138754050319848,-0.0035886663298482276,-0.0026571307933214374,0.002878202584109168,-0.0030346013855874245,0.013111324351347712,-0.012879522384367273,-0.02534398967789286,0.01030284547343589
2021-07-14,0.02381425598853906,0.0011740849089997769,-0.005012318600526136,-0.0031491580563303926,0.00700767434687205,-0.012748174654692518,0.005430601818499962,-0.020379209814651463,-0.0229373231117115,0.003947090960029408
2021-07-15,-0.004501925751146529,-0.013806009042966262,-0.00886406347153657,0.0067869522888324525,-0.00965367417262083,-0.009160723544101081,-0.0052527106285173075,-0.04511471244860465,-0.004263873629526309,-0.05672800410918598
2021-07-16,-0.014175969844953595,-0.015981254351190455,-0.019611275319797367,-0.008937411016785243,-0.00027542893236018584,-0.009626373072085687,-0.000996666159524962,-0.04338456408486631,-0.009854715165981515,-0.015347619097664057
2021-07-19,-0.02728322043070047,-0.006749758546577603,-0.0051405103342641815,-0.017272312407301996,-0.01901892791762913,-0.012416996026332136,-0.013411120861329352,0.03350279551713058,0.003099673103658058,-0.0033752374594610375
2021-07-20,0.02564209877369766,0.006626609097477396,0.0062508755316786685,0.014017507982075331,0.013011238946399079,0.013881659927697212,0.008304601131076233,-0.008972826926009887,0.021857165705963834,0.009061651681640416
2021-07-21,-0.005144496057816188,0.0033554749445127334,0.022014049623955385,0.00911402830850131,0.010557299365184396,0.013287116766503317,0.00741898058961884,0.041981946444959825,-0.007919294852611359,0.012549715751387832
2021-07-22,0.009582333082212045,0.014628121323517897,-0.005631397607169917,-0.005382805962386418,0.0068171750181555595,0.014224195366665736,0.0167041450859127,0.009435222388165087,-0.00924460786068585,-0.011176047019013586
2021-07-23,0.011918112610056231,0.005102345801164877,0.014216117865885402,0.0028680707996723955,0.03514418738346522,0.05160781093364582,0.012261090325388501,-0.0018391577520014205,-0.009097683584931696,0.00197117252290937
2021-07-26,0.002889956115219505,0.011739458318775495,-0.0018851389286082436,0.0011926059851231061,0.007639006194440176,0.007194318823890143,-0.0021426408664786583,-0.013590226535817743,0.02189168871378688,-0.009808937779399167
2021-07-27,-0.015012342758269785,-0.02004647134574264,-0.014369506171501822,0.006673747669146655,-0.016057122290645754,-0.012563130964367394,-0.00872161403534668,-0.004467392041736865,-0.019718078031379663,-0.01841328915403216
2021-07-28,-0.012271144039678833,0.0010831503488784933,0.004805967818957535,-0.007926021305470323,0.03130213169724864,0.01476242416250755,-0.001117400689666971,0.01524165494101395,0.0034062276545409947,0.013385671047829978
2021-07-29,0.004542342312840814,-0.008409199103878962,0.013433586790098618,0.0040516889207380955,-0.0023284653976736107,-0.040902554020642044,0.0009778491162671554,0.008119365648676014,0.04587275846182953,0.009341395239119817
2021-07-30,0.0015095405629723777,-0.07866330887549154,0.002661619044969392,-0.0042307132386860385,-0.007770740550231177,-0.0056533525919071235,-0.005565090421609579,-0.008324633082277686,0.014437208664382839,0.004210044930913028
2021-08-02,-0.0023340439650081316,0.0011683541547145397,-0.0014845689950303926,-0.000489496723579493,0.0009497699942801995,-0.012283864947893472,-0.0003159541360458147,0.012790344724737359,0.03217472594711166,0.0018844266774578143
2021-08-03,0.012565246340594284,0.010379692962522098,0.004343944482505323,0.011897087265783752,0.005733938502124193,-0.002019378991464555,0.008042735491403642,0.0032857666551279517,9.862134908657855e-05,0.01317655997289887
2021-08-04,-0.002786178162878711,-0.003428109147843768,0.002072702959127987,-0.008875587501473176,-0.0037265037389946666,0.02162981286135086,-0.0021266630946236297,0.02289974817912514,0.001661168327351945,0.002782962267213463
2021-08-05,0.0007481672563847837,0.006320347457217287,-0.0002668894470396654,0.003195179522880008,0.0082984492618061,0.011220679714040348,0.010450606978946344,0.017746692359355064,0.005205072568156722,0.004034213434416148
2021-08-06,-0.004778584104808689,-0.009239891315900388,-0.004603437096329103,0.020797821984822322,-0.0037723324036492444,0.001486453708324217,-0.0002072344968537042,-0.013218923760390548,-0.021971130346089583,-0.008507702108378352
2021-08-09,-0.0003420044795027322,-0.0009181548153357011,-0.0015463208982643727,0.003992854832834004,0.008615581565770546,-0.005240412594315793,-0.003911379527462735,-0.0034922575876278165,0.02075293960905606,8.455940411147525e-05
2021-08-10,-0.0033595199712472034,-0.006361004973165342,-0.005005544931619652,0.006298989887413366,-0.0007744330984370973,-0.0013283184610471638,-0.0065765504600979125,-0.017847275068537775,-0.005295892009324611,-0.015858457411570697
2021-08-11,0.0017839139797780714,-0.008640868502137664,0.002671555932676062,0.008135063253795987,-0.0038668599317055255,-0.003245123500410099,0.0017789423686345523,-0.011959269926161507,-0.003061037245157465,-0.003184773626720531
2021-08-12,0.02056024409042887,0.0034538388189029033,0.0014669140582004444,-0.0036926777259996754,0.006691642267301377,0.00744522884988705,0.00991756004889315,0.010402955272999663,0.020181504916966016,-0.002503458656654616
2021-08-13,0.001409533530832402,-0.0028889970825907705,0.003915939075091355,-0.007867401610272658,0.003881083330769028,0.0014605187148822964,0.010435034534527569,0.014117373088644665,-0.0070584091033222005,-0.0017300861840042708
2021-08-16,0.013457028703940284,0.0015227871766333222,0.004064544244243191,0.005172183128456305,0.004216840837826958,0.00926367785099399,0.005958086953934712,-0.011859120351185021,-0.04418754471286682,-0.007561105288936506
2021-08-17,-0.006173043532621305,-0.017438191452478862,-0.019549275219519407,0.0005511033687897855,-0.011986929146216647,-0.022373121315658172,-0.00517334492595758,-0.024970836677631995,-0.030271235169467253,-0.03118871431240874
2021-08-18,-0.025831569375975617,-0.012646113476257194,-0.02051426194500584,-0.011449330332665576,-0.008911709341856686,-0.008404581387037586,-0.006137860216015429,-0.021716230441732043,0.03437259258571844,-0.005957880734039839
2021-08-19,0.0023199604910297384,-0.004216696494284563,0.009676652394066978,-0.003855084487548503,0.0017039534074461972,-0.0009288813149990537,0.020562530324543332,0.03903864838741663,-0.022783267048393733,0.0006336269653240356
2021-08-20,0.010105981150932702,0.0038198497898503034,0.0034571017160873047,0.002358554808647242,0.012811837837972144,0.011896828999427863,0.025253967951913144,0.05014089682563094,0.010031571629142373,-0.02195470009198108
2021-08-23,0.010204770330089714,0.02039103748353467,0.015204637089870002,-0.0117123187004561,0.0188278207194405,0.011014062044980132,0.0009521704257578942,0.05340981755169696,0.03756503320848795,0.025927875434463545
2021-08-24,-0.0006014855309853848,0.012146253464241655,-0.0021162639386098354,0.013322623135648168,0.008674046351301501,0.0059270901048061545,-0.006685564067278344,-0.007542854075601258,0.0030958501857265273,0.01031096265126992
2021-08-25,-0.008457324598582871,-0.0019985098458953207,0.004104223076822876,0.0038329050671944316,0.005770250382458907,0.007848421053712027,-0.0020176387122136912,0.019088924579496146,0.003817748987326931,0.04294973233080231
2021-08-26,-0.00554225437802528,0.005085305152845157,0.00480846619402384,-0.006122498880181187,-0.004504113730195915,-0.010944781860366634,-0.009715834725221119,-0.006548838341006811,-0.014217568331421201,0.009101305800098646
2021-08-27,0.007158947455561922,0.010090674197310714,0.02078135426253323,0.0027561670960871434,0.01796187110461455,0.02238871387351001,0.002104369219619484,0.025412702024011257,0.015229452832627683,0.0032968428185889275
2021-08-30,0.02996394451435281,0.021249618004886027,0.0059307207630711475,-0.002744531544823659,0.004064572642810742,0.021320636036850513,0.01282906591685105,0.0022946638764628625,0.026324794631827943,0.004210878243871185
2021-08-31,-0.008460685738906097,0.014282714711431693,-0.0033733157723999695,0.00041878970389429694,0.0007397722051665762,-0.0033684016971136277,-0.005648642501140474,-0.013268663849297922,0.006559274920001271,0.00016821078463141246
2021-09-01,0.004468671397986012,0.0023626160329893353,-0.008178735579501996,0.00023258518537216323,0.0035734821723359535,0.007013097114911554,-0.00016549668434648318,0.002498399827662307,-0.0022179812627514755,0.012110149472071608
2021-09-02,0.007447391446431995,-0.004574927931495782,-0.0025580648106457286,-0.0031678028913095257,-0.01336919220155741,-0.017878956483915746,-0.00225509416024286,-0.002007317469480314,-0.00231847373209337,0.0027357347851939746
2021-09-03,0.004221232999550828,0.004301820154126882,0.011681801960642722,-0.010410006289900152,0.003153058555289287,0.002607908017059713,-3.3366227400223155e-05,0.019762523321893693,0.0016098361025145228,0.025986225534114685
2021-09-07,0.01537054921973683,0.008941925919554996,-0.002192746962813223,-0.01030751307663785,0.003756571043025731,0.015611397727026601,-0.003193089343627573,-0.007955037537312332,0.026035942688487673,0.005871200169977837
2021-09-08,-0.010134633941107876,0.004608538783881409,-0.004460263793363936,0.0020652659707700457,-0.0040941872702968335,-0.01213575288576894,9.999444249756998e-05,-0.014355657786490969,0.0012609548743898497,-0.022792055216045905
2021-09-09,-0.006727522772839222,-0.011795296134862758,-0.0018019235897579753,-0.0010320998200384413,-0.0010442720331598607,0.0011383358100956146,-0.009908730847478623,-0.007278221933205881,0.001312369553312357,0.00646050603700012
2021-09-10,-0.033661977731400304,-0.004317307606338972,0.009398959924771568,-0.005561673958334305,-0.01874066930273011,0.0018235640145250359,-0.005194323578121001,0.0134813104178198,-0.024935356375548032,0.0023611229529288914
2021-09-13,0.003885775260965141,-0.0034592661286029646,0.001624530562399249,0.006788659224374098,0.01028575825168875,-0.005773263595048222,0.004319303276546656,-0.014609390563698255,0.009099139444443169,0.0052718493470471
2021-09-14,-0.009608116753496964,-0.0020761346389200496,0.0058151584738084456,-0.009083408419876204,0.0014884220479694037,5.3133221608269266e-05,0.009383866831393249,0.004054699929419815,0.002003341828722264,-0.004296581268480831
2021-09-15,0.006124946967907271,0.007447589064120205,0.015559792617857688,0.006666046020879504,0.013137271243357703,-0.006955755287072719,0.016639028894437153,0.004441091681245552,0.015117058319369688,-0.01300149496303752
2021-09-16,-0.0016117099329178773,0.003575505609499879,-0.004699707900071359,-0.0015854003475708157,-0.005690313776977176,-0.002302688676728917,0.0013115819752348207,-0.004441091681245469,0.0015335851645735571,-0.0017616817176091858
2021-09-17,-0.018518541123681606,-0.007400637151307249,-0.0026645452653370526,-0.006510938359150435,-0.019760831993898186,-0.022609380852744634,-0.017683880337851537,-0.015495675375290254,0.0032970919669145526,-0.02548989911269367
2021-09-20,-0.02159250739335552,-0.03132736193754281,-0.0223425170499371,-0.0009610764795505893,-0.014886406293725313,-0.025042167338790947,-0.018749438791481332,-0.03659753132318346,-0.03936976129858423,-0.026243743400335088
2021-09-21,0.003421932177059428,-0.0036122637458179565,-0.0004686205548400039,-0.00771720114440674,0.0022573549192636344,0.004991528144555275,0.0016977271638793966,0.00627949897702149,0.012534643183807646,0.0022642374991578315
2021-09-22,0.01673179049084651,0.010833453848678572,0.019364017977491235,-0.0017481271492116764,0.008953928359410342,-0.040736677925255246,0.0127406457401307,0.03218846085170002,0.01684451236014587,0.007884629286662849
2021-09-23,0.006696865412853095,0.010579777062858911,0.007383753769429218,0.01519407992383131,0.006625363769482587,0.007980664554148259,0.003276627061000742,0.02435797194812923,0.002258262820491851,0.0027578790348395475
2021-09-24,0.0006124863919629212,0.0027829969154169873,0.001228776182069196,-0.0006909817595138394,0.007049310206389834,0.02003149903690364,-0.0007011632579958479,-0.01799779329902557,0.027160841972020323,-0.004744737776229981
2021-09-27,-0.010605827544844097,-0.005773469524888403,-0.0001386452896293337,0.006413243230115216,-0.008069499830534482,0.0017550120524596111,-0.017455421832944205,-0.019250135852062176,0.021677401377557137,0.004400542111010088
2021-09-28,-0.024088957882291543,-0.026732621677354657,-0.02777653823688166,-0.010057753368840489,-0.03786612439724001,-0.03725419714191846,-0.03687541529952457,-0.04538193530867923,-0.017592195347548873,-0.03727686869438337
2021-09-29,0.006462139642318447,-0.004485396155336227,-0.0031411692256432503,0.0014033069967482345,-0.010930028261742926,-0.003057718294883686,0.0016917965285554652,-0.008831554379847424,0.0048111864344248965,-0.002505323947018614
2021-09-30,-0.009355440012543714,-0.004882981617736262,-0.009339042279125792,-0.01396689628545268,-0.005055347064655743,-0.0006478350592545113,-0.00735083327980021,0.009652736815106474,-0.0074897880450971975,0.0002685601051594479
2021-10-01,0.0080941069771676,-0.0005420246980202862,0.004978067594831455,0.008469570403164692,0.021220655732295764,0.010609594259390157,0.025149451843314158,0.0012542383355187818,-0.00033534501293734615,-0.0008063378263303973
2021-10-04,-0.024913271603038568,-0.02888485808454832,-0.023669915185805235,-0.005651330337249146,-0.021344069107161245,-0.05015677542440948,-0.020937498523992255,-0.04991900010693801,0.008106673348889567,-0.023031246993258266
2021-10-05,0.014058889522326428,0.009739950346903852,0.01970144991745136,0.014436904781324486,0.01752838016955293,0.020419440965084936,0.019760444647767845,0.03578998376954843,-0.0012035741082394261,0.0021989497845821613
2021-10-06,0.006287289892230311,0.012651646071788683,0.00689824409231349,0.007998243578520168,0.011272579869849779,0.002040235224044105,0.01495215921082408,0.012101886499269044,0.002763320999873195,0.0007320350423749759
2021-10-07,0.009043630288441533,0.012315060502089633,0.0104610717882878,0.008334453571268548,0.011994914439310006,-0.01333636086178439,0.005918542831376198,0.017953908763636325,0.01377889392912291,0.0135352628316535
2021-10-08,-0.0027255284510314397,-0.004190573462060326,-0.0021688105873670887,0.005471206668057503,0.004017833815999944,0.0025178658812417196,0.0,-0.011645213426558587,-0.010284539562274665,-0.007153513086796669
2021-10-11,-0.0006300496532231116,-0.012952121105274618,-0.0010352843554039058,-0.011201800323341237,-0.00625425350654698,-0.01403520822755523,-0.002104798686415148,-0.006550265678438293,0.008177997401230774,0.0019972828771453654
2021-10-12,-0.009144503854906078,0.0003172241904451794,-0.01444315993364195,-0.008079835458039376,-0.01790402950569425,-0.005175418541991051,-0.0045987396108051306,-0.0011602766818435356,0.01725061613832015,-0.009660164221417794
2021-10-13,-0.004249157411090294,0.011314351840536129,-0.0005569001709257313,-0.0028496507342274705,0.008269132202666916,0.0023753763932063514,0.011643110145039173,0.01288157294972035,0.006630349593761303,0.0071176035795812425
2021-10-14,0.020023815783226158,0.004732543058962018,0.025627033084405452,0.01246022890123522,0.025610031153447257,0.01221951635817709,0.021501156950496078,0.037816326163382825,0.008886865672994949,0.023187633833139983
2021-10-15,0.007484164230084213,0.03254486320029431,0.01129064235582895,0.009521431562327655,0.0015363254789663575,-0.011541764318287755,0.0048108831907234355,0.00532001637459153,0.02974907491710917,0.020227604030711447
2021-10-18,0.01173730426158398,0.01100400576947037,0.00021854336406450006,-0.003541443465245499,0.00992436243082089,0.03205835251145077,0.010073736023959097,0.016333107498028174,0.03161711443997285,0.004170318129897975
2021-10-19,0.014967500485902594,-0.0007517249304827118,0.013869354755896577,0.004485582744499061,0.003209899446605969,0.013771334425496832,0.003054331579906729,0.0030554182990301755,-0.006734486474692475,0.013947704288493828
2021-10-20,0.0033554875508808642,-0.00848206698962188,-0.0019610784320463724,0.010202273014639432,-0.01030169397768608,0.0023207989425716564,-0.002663768038227174,-0.008424686511150647,0.0017687488821671587,-0.01178263549488835
2021-10-21,0.0014729469095390627,0.005824760045406363,0.009301272437965597,-0.0018861925920760146,0.0008248145515728125,0.003222712271751944,0.010838310085076705,0.026298763963395512,0.03205181901693134,0.0060377962555114
2021-10-22,-0.005299026949863502,-0.029382296136388146,0.002447565590987656,0.009319852288055451,-0.030916384240205024,-0.05183536386724686,-0.005162113895892907,0.0014974439703938922,0.017387072543931938,-0.017873117899012605
2021-10-25,-0.00033624314095872127,-0.004561377086082202,0.012838862671061638,0.0015571201245542163,-0.0008690681242627666,0.012490594602653076,-0.003337140878657462,0.019175997968835092,0.11921843486746743,-0.005178503051650755
2021-10-26,0.0045645646403690565,0.016636110939323188,0.022350575845809847,0.0034061918506134085,0.01345257486580793,-0.039974186115436856,0.006405326947595936,0.06480556495139618,-0.0062938149592970775,0.004740568523079063
2021-10-27,-0.003152767172261053,0.004851848967382222,-0.020360466569691288,-0.011114542505560276,0.048404260814851226,-0.011432592614281277,0.041251723263557305,-0.010820155814713043,0.018898727534898532,-0.0037729206021491005
2021-10-28,0.02468454185170963,0.01581542696620515,0.012273846220513515,0.007362278739583233,-0.002523408442873285,0.014941282424539026,0.0036443402069275955,0.01984191726687037,0.03705562944417333,0.019673269771126548
2021-10-29,-0.01832257068495341,-0.021745984346714802,0.003957401006601367,-0.007704099074754244,0.014951315500138377,0.0207661337863035,0.022166566027918107,0.024789448252863288,0.03374062327713504,-0.02011326904272992
2021-11-01,-0.0056231980402750865,-0.01623822909338356,-0.006832136624810857,-0.004533223174251376,-0.03120905249004198,0.019616585642391424,-0.00680783602869039,0.010117948544495195,0.08149724419582528,0.0036874182150216685
2021-11-02,0.007090838970909718,-0.0016167159617979095,0.016937702879000285,0.007630739682516871,0.013397858136151129,-0.005774628877020241,0.011350975525526896,0.02198152578069458,-0.03074274797958024,-8.76703509136649e-05
2021-11-03,0.009750894311451867,0.021279781969291613,0.009819942117336061,0.001783116093119721,0.007982252849210907,0.010732155948509448,0.002608412619694028,0.007434033609705128,0.03509368755165895,-0.0008768387951394022
2021-11-04,-0.003504525528120845,0.02711146442608225,0.011457553805262869,-0.004418740962187924,0.011323838215365816,0.012674885332341656,0.007278572654794771,0.11370601969690103,0.01313564628546233,0.0326172547386448
2021-11-05,0.003575996492248171,0.012004091021206855,0.018600202304673432,0.0020712680193247547,0.003934600549996309,0.015598928258863212,-0.0011298122230223044,-0.001645766429675618,-0.006378469186125081,8.493147218796993e-05
2021-11-08,-0.00556828126596521,-0.008564519878774466,5.375819660884306e-05,0.0027611614413280655,0.0012016106391480271,-0.007384999268513281,0.002763399002914203,0.034748494717157456,-0.049611246175578806,0.026058111841196906
2021-11-09,0.0024564222576681652,0.024699674045048896,-0.002059408549762199,-0.008121122522341782,-0.0007550056633193708,-0.009644203675636821,-0.0030909382732915184,-0.004783721897510896,-0.1277231872890236,0.0071697906999461025
2021-11-10,-0.01934922671933751,-0.026687971077505174,-0.01632112235718132,-0.0025003434180755815,-0.020522299606929258,-0.023318718100248947,-0.015448426812313669,-0.03986155952644968,0.04251283809069096,-0.029838071377978576
2021-11-11,-0.00033813321295906,-0.0027463665972794556,0.012009045583771048,-0.0032565590233829644,-0.0008710187579335093,0.00030506616857272777,0.004915252804040803,0.03111421739713155,-0.0041661953768667185,-8.464404409308202e-05
2021-11-12,0.014235256171449526,0.015048234458080111,0.013981769875967524,0.005513637124680207,0.01977695417858339,0.03933940259586989,0.012822666935619688,0.0,-0.028701065279561472,0.004221653626369812
2021-11-15,6.6472111130862e-05,0.005806911669058077,0.004517252515206847,-0.005280673736152522,-0.0015211095782003542,0.0193772494533817,-0.0019323365316496854,-0.012083253520421947,-0.01957254315692035,-0.00481408493145392
2021-11-16,0.00664480546183073,-0.001405473377029005,0.00528866115123329,-0.003733942569641502,-0.003887728372471779,-0.013323473160811498,0.01018396399690706,0.005910734962805151,0.03998366090579434,-0.00033870966385832354
2021-11-17,0.016355299266137012,0.0023413880700420314,0.001528383901344433,-0.0035226643758791173,0.0011558499089432777,-0.00640604880780844,0.0006786118991265839,-0.031685551944108915,0.031984216103858806,0.008265125164134175
2021-11-18,0.02813660962480656,0.04060149725970322,0.00903505287875134,-0.00823658797133573,0.01202812255542654,-0.0061224699504500504,0.006319612070539596,0.07927223340231092,0.006744812791821567,0.03572262359452683
2021-11-19,0.01683334099257297,-0.0052870662112904825,-0.01065131831700664,0.0015885101132957005,-0.006105191131288605,0.019328281184193847,0.005377088463655173,0.04052474810670082,0.03643213445735007,0.007026058498193494
2021-11-22,0.0029233498795322673,-0.02869509488188082,-0.027524128025564556,0.015761790626791068,-0.01777977182923031,-0.012501840839759372,-0.009605522083624668,-0.031692584071019776,0.017272096909531555,0.00393545231067199
2021-11-23,0.0024191415529307724,0.002088774763957146,0.0033202075240817467,0.011146665610644464,-0.00356060608601124,-0.011087125241459623,-0.006346756067471176,-0.006593213397849931,-0.04223229344871564,-0.027550210300565016
2021-11-24,0.003278048380427825,0.00010331000315118602,0.006481878602899015,-0.003657919849881646,0.0023158408155547643,0.01123382475057665,0.0006809494507617884,0.028812793802231163,0.006265105659810634,-0.005370474919669048
2021-11-26,-0.03219082676860117,-0.021412317856405228,-0.021967439106431473,-0.012773553027266297,-0.027313200983855448,-0.023555619482711558,-0.024656967253738882,-0.03649680160805517,-0.031013582803841335,-0.030448020712785222
2021-11-29,0.021637628664263036,0.016136535670027943,0.03195818502248435,-0.006032185944631613,0.023270660299566346,0.014631790079908776,0.020861631175429152,0.05775447768723227,0.04964715675134432,0.01853088620215194
2021-11-30,0.031089347982409178,-0.015420562086679022,-0.019070089934722867,-0.019911931110944595,-0.02528063094684735,-0.04097236936521165,-0.018105395445478987,-0.021196491800709896,0.006810578672784683,-0.01801857050197683
2021-12-01,-0.0032113093076202126,-0.018228623739821467,0.001948918071078126,-0.0029211970766836962,-0.005980036934888624,-0.043656252894887455,-0.0015437026065079904,-0.038596379606935224,-0.044440653310942796,0.02927291707731883
2021-12-02,-0.006148681720669182,-0.001848596514633391,-0.004173101125589408,0.011733804710527053,0.013481684737396162,-0.0006763843645104137,-0.0017891980392197625,0.02174371398938372,-0.009543130353379798,0.008830837983757864
2021-12-03,-0.011793867514856624,-0.013935728778151546,0.010211276071660148,-0.004504071996274247,-0.006769169665714436,-0.01150318592808653,-0.019862691913936796,-0.04563098372556689,-0.0663521763056877,-0.019666245612240382
2021-12-06,0.021274957467497316,0.011025217696555534,0.012216400256384603,0.017811368559336915,0.008090351841846056,0.035316167687594636,0.009796817753860867,-0.021604660309506522,-0.005889394805839068,-0.0015933155520366608
2021-12-07,0.03483253083426991,0.027602038798318594,0.04401001486172111,0.008481062014926722,0.02833620332609028,0.015421226704960054,0.02641163647137636,0.07656117092923176,0.04148581070093519,0.02634119295016453
2021-12-08,0.022527388847671595,-3.689939734869626e-05,-0.0031215650694772948,-0.005657740219867368,0.006207494576388191,0.023724239085409077,0.0001491569667967452,-0.018707793937332833,0.016230761245708623,-0.004260176094157414
2021-12-09,-0.00297435482863974,-0.011343741238858878,-0.008771680519151493,0.0023299656372003682,-0.0037048547501563668,-0.0022409382783843725,-0.005598347481558206,-0.0428847779490189,-0.06289341727027524,-0.019064071288302727
2021-12-10,0.02762805352890171,-0.011311296797986634,0.07947580562481084,0.015284023991907687,0.0024555690805701347,-0.00021227360861812103,0.027945850615454706,-0.009622868323297118,0.013093827482800639,-0.003101197086621885
2021-12-13,-0.020891084600797433,-0.015475202151186945,-0.01598964801287848,0.006256250855356699,-0.014804653089960682,0.014272293975000834,-0.00920917218155172,-0.06983772757980639,-0.051053775924629424,-0.023010841554108756
2021-12-14,-0.008055474064538336,-0.002811076756339546,-0.010917469699053117,0.01894982674939589,-0.013250513586226035,-0.002244780927792365,-0.033129634239756026,0.00623037735750835,-0.008208173270999982,-0.001117139287048832
2021-12-15,0.02811027123059125,0.024670732493370397,0.03977352364585721,-0.005398942768585167,0.01745537474374415,0.023453815458751925,0.01903552235129426,0.07221313156747323,0.018072325435531507,0.0347323680997192
2021-12-16,-0.04005552655265827,-0.02597563931621664,-0.030433587068447013,0.024154752643015795,-0.013723709415809582,-0.019984101442208434,-0.02956775581945781,-0.07045012264012959,-0.051585055672323236,-0.028199419244915737
2021-12-17,-0.0065226472984342395,0.006766260845510533,0.022746131795861036,-0.02505215362273877,-0.019010235050597696,-0.003320003286672659,-0.0033913691727650123,-0.02085938435418526,0.006076947341899706,-0.0021471207228480386
2021-12-20,-0.008155409712312725,-0.01743466066061881,0.01573495486457106,-0.013304781335876712,-0.0008330258984529975,-0.02530327108444079,-0.012086197639265005,-0.0029539271751956244,-0.03561605979548491,-0.011934665807730846
2021-12-21,0.01890694605237486,0.01978169533389277,0.008250740481827525,0.012618786435883976,0.013087915545171315,0.02653077160810329,0.022806775688715187,0.047760729063374335,0.04198665654283043,0.021517323922917456
2021-12-22,0.015202739843567686,0.003631503982249459,0.01376944183755169,0.0035782405674027727,0.02030150973644698,-0.011284199189793403,0.01789628035872753,0.011115768639421344,0.07227140942458773,0.03233930546504275
2021-12-23,0.003637171718383251,0.00018411946479317587,0.01454563271998203,0.00014844103207275892,0.00341936007742816,0.014391338698719234,0.0044618598483443395,0.00813020108495552,0.05602002567418564,-0.0051244887007787085
2021-12-27,0.022715097895340583,-0.008211646321395375,0.014159254585887756,0.005508197706193616,0.006715909465241163,0.03211207266375194,0.02292086886459182,0.043086694144329356,0.024934916402252656,0.016599867812867136
2021-12-28,-0.005784068217219129,0.005826710732445391,-0.007861398442858328,0.005486921023751732,-0.008279271816331295,0.00011557320550175449,-0.0035102313428865854,-0.02033791699835953,-0.005012818550007935,-0.005229712097241236
2021-12-29,0.0005019364357465673,-0.008591725101779567,0.0053817031791173675,0.005616247716262276,-0.0002182356318265222,-0.009518685409614005,0.0020490859711655984,-0.010642929609872485,-0.002096907250306926,-0.005339198360602438
2021-12-30,-0.006600332611426787,-0.003294427727342962,-0.011258234873891047,0.001321836351094137,-0.00310363418137575,0.004131778704890209,-0.007720806989585439,-0.013929189640304398,-0.014699782732613053,-0.008187747937897543
2021-12-31,-0.003541148290409943,-0.011495217795266778,0.0004959110039515348,-0.004512041590312714,-0.009266480549739078,-0.02353498067840023,-0.008880501393246807,-0.005932715458452917,-0.012749774874751605,-0.0009138565852757443
2022-01-03,0.02469653920195821,0.021877258953900566,-0.0031459038048272606,0.008040159913757318,0.0009624067019047298,0.006489866705007301,-0.004679099136391838,0.023853798715850506,0.1269116289226746,0.06818916291357059
2022-01-04,-0.01277295322002564,-0.017060289689663746,0.011392537931568596,0.024837558410414674,-0.00409131720045,-0.005954974083636904,-0.017295929275569482,-0.027976379068470617,-0.04273287830059682,0.03509120393223521
2022-01-05,-0.026959925348815608,-0.019073846316683307,-0.042505187729268396,0.0033204782067672582,-0.046961893985748994,-0.03741932464387103,-0.039144052222113104,-0.05928550080154757,-0.054953895352910696,-0.0486925887197135
2022-01-06,-0.016834319096761936,-0.006733601858714689,-0.009327896805334204,0.012502994035591717,-0.00019965144205677613,0.02525145173550238,-0.007933436563003653,0.020580809751152323,-0.021758379841487693,0.011035943767267012
2022-01-07,0.0009879556320452048,-0.004296997177475961,-0.02846943809432058,0.014367300483805528,-0.005317177489439817,-0.0020171964894541332,0.0005098279107244764,-0.033598010210295175,-0.03609004895021842,-0.03945431099717694
2022-01-10,0.00011599562486925823,-0.006591854785116594,0.0032412132373771814,-0.005923760877655202,0.011988164919725,-0.011275296190002362,0.0007318893854574852,0.005599382247726868,0.029890740749494566,0.012152526369924133
2022-01-11,0.01664453667826107,0.023718602439306714,0.001431855719781597,0.0066318434613356495,0.007661745440483579,0.019021130659416203,0.002256847496807443,0.0151043744361314,0.005917481776156395,0.032735694100967515
2022-01-12,0.002567022239154739,-0.0009377696670975312,-8.043907424724738e-05,0.0028273271505581156,0.012053396236488531,-0.0033250904979834433,0.010390939602924473,0.006521729049797172,0.03853754612843837,0.02341324403808168
2022-01-13,-0.01921155891741593,-0.024466534551061184,-0.04070484968239357,0.004498895294083612,-0.020309795510488067,-0.02055437744432141,-0.04324450602793408,-0.05219810112246473,-0.06987655465675016,0.05129739529679602
2022-01-14,0.0050978239547927245,0.005715124523055335,-0.0013738328008260658,0.0031096201383494183,0.006426264494050389,0.01646516201604346,0.0175616244783647,0.01371564798638403,0.017346435457551865,0.010505560369153235
2022-01-18,-0.019074812040612177,-0.02006265472349509,-0.03165092844687594,-0.010975189403351097,-0.025284557669579922,-0.042311080367404885,-0.02464028366912289,-0.03932760733934821,-0.018364847454341894,-0.04977503392807113
2022-01-19,-0.021249051551443774,-0.016614359071245203,-0.024209326978796276,-0.013929651013357454,-0.006502950867240841,0.004516282824037447,0.0022443083800904374,-0.0328067498477557,-0.03441330009854252,-0.0212970091403693
2022-01-20,-0.010401025050323455,-0.030080217077818206,-0.029237009043386435,-0.012861161726808769,-0.013478814437559876,-0.009526194337907964,-0.005719480871679268,-0.03726773830252097,0.000622510083264904,-0.020668285747280635
2022-01-21,-0.012847369377623303,-0.06134555364691525,-0.026811136089791285,-0.018822128660307382,-0.022423764045876166,-0.04321920543777366,-0.018641038273629226,-0.0326600939476518,-0.0539980722931419,-0.030058532181888302
2022-01-24,-0.004876132955969747,0.01323896043083007,0.015537818883229512,-0.0038751610352256004,0.003465529700547262,0.01810867806612719,0.0011478777503584937,-8.576925027196355e-05,-0.014835635717323473,0.011417691056606548
2022-01-25,-0.011450070711215631,-0.03204163984338447,-0.01383273008497788,0.010922813805688804,-0.030025070892373863,-0.028119942149612366,-0.02694821108740166,-0.04587635544655486,-0.012551567227813773,-0.028016753570075267
2022-01-26,-0.0005634282371778424,-0.007986135126473034,0.04212274239919975,0.0037447198003044057,0.017941789613124384,-0.01856195264079907,0.02809466642588998,0.019869556334492604,0.02048773822340817,0.004886950986400341
2022-01-27,-0.0029473422316899354,0.005493528624727967,-0.026942901900506248,-0.005302482440647122,-0.0017656757384306519,3.389785429519024e-05,0.010493977866892868,-0.037037854686567714,-0.12277997465910719,-0.05597385844321494
2022-01-28,0.06745074831735695,0.030610731040560255,0.032277276435500324,0.01864555456078126,0.03313340091985184,0.023711947214707946,0.0276943281849435,0.04001938971788205,0.02059221036289143,0.010513302106631239
2022-01-31,0.025790477301499293,0.038127433338896885,0.04499984429744014,-0.00015962796077250246,0.014535601612165033,0.037567325040233635,0.008785156192223361,0.06958818012629861,0.10145138741776683,0.04179751728882397
2022-02-01,-0.0009731059002638021,0.01077253018259915,0.011606957855196647,0.0029309609085656526,0.01715015700758812,0.01815762590319774,-0.00716445014399228,0.006188541982785072,-0.005856643341232021,0.0034190985879298343
2022-02-02,0.00701939326447046,-0.0038501180924552735,0.017907909806572496,0.017495218420014582,0.07254192995984678,0.012461241017038334,0.015107581282814336,0.024219176983237153,-0.02786380690498853,0.008899835885871201
2022-02-03,-0.016861276522937455,-0.08134849507057183,-0.03813736520406591,-0.014629959815851934,-0.03373860759627067,-0.30639075845112246,-0.03973124715089103,-0.05262430513829328,-0.016162405874435497,-0.035332960217247834
2022-02-04,-0.0016808497643892137,0.1269489157684572,0.015901192744003232,0.0017507140532508536,0.0014176777222527615,-0.002821782012958566,0.015448519931711452,0.015373140699486773,0.035474386816493036,0.009798338634775576
2022-02-07,-0.004243394659892988,0.001875974577811346,-0.004296198538339935,0.0032396069941844166,-0.02897263612694333,-0.05273960691960016,-0.016444790572540245,0.016678249427856416,-0.017458706575610557,0.010602790467054136
2022-02-08,0.01829831207347612,0.02178265381683596,0.021198667374598225,0.014902097222554882,0.0014216336234583937,-0.021255002183157158,0.011924099600692652,0.015250295347568764,0.016028052271245364,0.01138135633493557
2022-02-09,0.008259628643970179,-0.0013886979453967615,0.018356991377638777,0.003871921021641918,0.015609282368787858,0.05229205099204189,0.02159957826258063,0.06166435227444252,0.010787525285489406,0.014525145783274608
2022-02-10,-0.02388187866450009,-0.013654506185153747,-0.0332281454922598,-0.007873443819628956,-0.021213485313309872,-0.017084715856060084,-0.02878312715895383,-0.0335466141125424,-0.0298952129692807,-0.0064740582595477275
2022-02-11,-0.020425467463315774,-0.03657177570139793,-0.03080660234886133,-0.0015320881602371248,-0.03179028256594236,-0.038072642980307964,-0.024573744873665405,-0.0753777690595427,-0.050505215210130634,-0.030117970253064136
2022-02-14,0.001422129052652699,0.012147601490993106,0.008958321904089283,-0.014625489218979014,0.009217498553330188,-0.008461989128980402,-0.0001355594013642676,0.013190972140305785,0.018159773032297852,-0.010299990026215483
2022-02-15,0.022888439296203517,0.008621083638872947,0.04095897953139455,0.003317874111626006,0.0079556992647698,0.015044623574060119,0.01837261115904335,0.08783853401996744,0.05191932445845771,0.038893094212366724
2022-02-16,-0.0013900162216987223,0.010107783346743868,-0.009267012538952827,0.000978465405808424,0.008234180702005534,-0.020387345855079595,-0.0011681462727268547,0.0006037492556762885,0.0010402120327626255,-0.007415763767093423
2022-02-17,-0.021498423074504863,-0.022050230393006458,-0.03096616130367084,-0.008018250575411282,-0.038476438143974216,-0.041632291574032934,-0.029719371983160183,-0.07860096180643562,-0.05228610180162916,-0.03156079352487619
2022-02-18,-0.009399928682701845,-0.013350682834785058,0.0017083760111111265,0.0033979873868042595,-0.016247152821652282,-0.007490521554085369,-0.009677532256052201,-0.03593405381231785,-0.022350967561475237,-0.003764641108340796
2022-02-22,-0.017972739935558583,-0.01587889987657254,-0.004371767497541756,-0.0017781550238481815,-0.004530878740891354,-0.01998875381085148,-0.0007296126257947545,-0.010716036356335092,-0.04224617718140919,-0.020320611103676743
2022-02-23,-0.0262045468581695,-0.03641116014436802,-0.021477090800249395,-0.012600854291766222,-0.017292586754410488,-0.018126522695870485,-0.026234326693022673,-0.043828125427241876,-0.07254830168258311,-0.008676655617783403
2022-02-24,0.01654249897123559,0.04410800497645022,0.025866182935009238,-0.007341361633979464,0.03921682013788616,0.04507592176871227,0.049831000384911416,0.05901776087523975,0.04695367409397792,-0.03530094573574593
2022-02-25,0.012882482650176686,0.01593036537376894,0.013715610831921448,0.03661763069724611,0.013239890903859478,0.013777530591583102,0.009190915367308213,0.01707585921399782,0.011299945777284081,-0.005826798048148256
2022-02-28,0.0016363017167128331,-0.0014673390183547882,-0.0009697518097443867,-0.006572154889263169,0.004434088103555496,0.002609611251935799,0.004965667627240709,0.009393952356631,0.07211363413565586,-0.03867784383606719
2022-03-01,-0.011695964380163511,-0.015891148369833387,-0.02992720260178328,-0.0006848135516200955,-0.0073985080997928335,-0.03638339311849758,-0.012935256724742444,-0.03794679901455422,-0.006986492144572377,0.009671983907712808
2022-03-02,0.02037893814273147,0.006006111112644554,0.027097430497430026,0.021269258352898147,0.0037971534385792295,0.02244992259161167,0.017609580479226283,0.031327628402817706,0.01779600470296842,0.014334581522047078
2022-03-03,-0.001983185794572158,-0.02769967430173762,-0.012332859837457919,0.010510106425703025,-0.005006260107570394,-0.025008652817380114,-0.014326301950469945,-0.02111291256123307,-0.04724057511561311,-0.007509295661057785
2022-03-04,-0.01857967501877736,-0.015381483821486462,0.029612324888593333,-0.007775779074386276,-0.014995974868355126,-0.014440723520200543,-0.020691082578769577,-0.03335795681309397,-0.0011922300504741562,-0.03488782089887627
2022-03-07,-0.024003119809500203,-0.05786267214586164,-0.04336023521373418,-0.00599404860796087,-0.04281217578902747,-0.06499867685044,-0.038508685888432044,-0.07156233108635401,-0.04104369101185902,-0.0564867702007155
2022-03-08,-0.011745026041131167,-0.010520594620232346,0.009157427323008492,-0.013510124953254894,0.005728351518184111,0.014930513878669352,-0.011032224255436329,0.007558483574172893,0.024335419149005895,0.007125556263236392
2022-03-09,0.03439891788800459,0.023717698424230754,0.03592957229147517,0.021154296669927287,0.04849231121595805,0.04223986175884959,0.04483805594336344,0.06739889883329037,0.04107819387010212,0.04831344614988959
2022-03-10,-0.027562577558133725,0.05271118653269622,-0.015682915537319396,-0.0008708436976203489,-0.007451431676621977,-0.01671321700571082,-0.010137921577326906,-0.015589868529182456,-0.024358017786858904,-0.009477678267063772
2022-03-11,-0.024199203928267257,-0.008845856240147519,-0.01695330307509252,0.004054742457706296,-0.019512746741213713,-0.039710519568580654,-0.019517569560879282,-0.024935310297868912,-0.05259370365966602,-0.024834319081902256
2022-03-14,-0.02692157476478536,-0.025553208143987614,-0.017545103039330667,0.008098971969945305,-0.030644909377058705,-0.005237395017945844,-0.013045672059613777,-0.03546308341753327,-0.03711720154932235,-0.02102633579437276
2022-03-15,0.029245340655017337,0.03813139923769891,0.04302039688264226,0.008821110785214652,0.025453155579890845,0.028523606358332353,0.038010615826877515,0.07420489181930838,0.04530634609366675,0.027709271768719384
2022-03-16,0.028602673334029,0.03819476755459102,0.023936928985055613,0.011726383527701625,0.031109897065747214,0.058653008408223524,0.024900874101885895,0.06419042070511967,0.046704219074345354,0.03946667187693062
2022-03-17,0.006433166436171586,0.02664947618554765,-0.007356878437369956,0.02817275072880785,0.004181726766830947,0.02046403323307245,0.00281529502220023,0.010961894092044277,0.03665493442277862,0.007540874474463745
2022-03-18,0.02070320365513799,0.025192147663773066,0.012761215009116797,-0.010562143663480933,0.016939403372566556,0.04077573172244269,0.017493988799100274,0.06589773743292428,0.03803519751155836,0.0021574052059364596
2022-03-21,0.008501411911232454,0.001493436589994942,-0.008314010610916692,0.023139961434398552,-0.00017620271671116007,-0.02336657381553833,-0.004236279733429606,0.010566794790073742,0.017268009913468576,0.0018723839494203729
2022-03-22,0.020587195585293164,0.020820051155123028,0.016575861013220852,0.0016253450774404287,0.027298272543835506,0.024105434394792718,0.016246665160646996,-0.007886298744976513,0.0760832835953988,0.0011217954399084143
2022-03-23,0.008199907908913544,-0.009022396175222974,-0.01975755260610991,-0.007775648047935528,-0.011450889498530667,-0.014833785173038757,-0.015143820133804848,-0.034130348496125396,0.005147863044765912,-0.015914474320949643
2022-03-24,0.022424549074679338,0.0014768099843156708,0.04414141427549156,0.013394476659815507,0.023560418492952657,0.02822160932188519,0.015275276205618851,0.09362757817220885,0.014714339594958641,0.024101993029744247
2022-03-25,0.00372723710938694,0.0068448147304497955,0.0038873877738474735,0.018978510485281912,0.0007128922247061859,0.010195284881943587,-0.0013821878351614346,-0.0164036221575994,-0.003240181703986614,-0.011087801409466028
2022-03-28,0.005023926977913497,0.02527066880086216,0.006356202651877444,0.00042852015581605954,-0.0015363847964732801,0.007947702481519558,0.02285344183064918,0.01885190766299237,0.07728050710253655,-0.0037549650409155412
2022-03-29,0.018953690641142593,0.0019184362663260243,0.013481648829855374,-0.013385301102427994,0.007395332661124591,0.027656524851469824,0.01504567315128804,0.015367345011329303,0.007054913567225325,0.027091439606263677
2022-03-30,-0.00667158132277738,-0.017961531171231216,-0.016313905653139973,0.00829055402312557,-0.003986703027656441,-0.008783004643391294,-0.00492659930183707,-0.03429142813662785,-0.005087674440050588,-0.023336474565348053
2022-03-31,-0.017935827843628946,-0.020064520292900095,-0.0022368276184175657,-0.014115637510816455,-0.020434342751372948,-0.024389909581830203,-0.017841176484732366,-0.014697665569961348,-0.01509517416561853,-0.023414575646485806
2022-04-01,-0.0017198267646138458,0.0034450322821231614,-0.004297026333167164,-0.002197447417307475,0.007757282394458882,0.011135916065622297,0.003593892514962887,-0.021260871795414145,0.006465651918934319,-0.014199949631561348
2022-04-04,0.023417420335824227,0.02884445449723015,0.012473973381124989,-0.017288963368193026,0.019928611680545855,0.03941735728031151,0.01777773785750731,0.02396929119662516,0.05459557817973847,0.019270420922391996
2022-04-05,-0.01912391989226461,-0.025822642256601212,-0.03319817434924942,-0.005245906064859702,-0.01679039442201545,-0.00880338524844337,-0.013070341999004594,-0.05364288973574512,-0.048464637280470575,-0.02209572465386117
2022-04-06,-0.01862278675248135,-0.03283328123701215,-0.019933071857630862,0.001939977491337419,-0.029178643476094845,-0.03753131602811324,-0.03729271663111728,-0.060569336803725296,-0.042589069768463106,-0.012961619246791371
2022-04-07,0.001802294400364623,-0.0061382328144399005,0.0017427000436289486,0.005320423599375346,-0.004841744517232515,-0.0015687321225620117,0.00622450011129837,-0.008186713830778129,0.01093679078037125,-0.006544279406545482
2022-04-08,-0.01198047731569617,-0.021291810941382657,-0.02697537657200313,0.01762126528602388,-0.019326266807468077,-0.002784596670705636,-0.014707643583256418,-0.04602837387018828,-0.030510186068030958,-0.012311908901055126
2022-04-11,-0.02584706311994297,-0.021850949776512304,-0.010945454086275803,-0.002668964947607511,-0.034065104754563945,-0.026757007798460963,-0.04023017541461528,-0.05339228678151779,-0.049534931817513166,-0.01747479790729584
2022-04-12,0.01145766943071355,-0.0022158166719546393,0.007652272232702494,-0.006310740706325106,-0.008645899251535269,-0.010775850215478078,-0.011281208017259884,-0.019023793330328654,0.01122853693277581,-0.0013332476761902766
2022-04-13,0.016210291687175787,0.031037763445815297,0.012687004901530798,-0.008564603996976821,0.016921361022008762,0.003961495958535376,0.019520513330037896,0.031988533922185515,0.03525937358618668,0.040821937801713115
2022-04-14,-0.03044719900700557,-0.024961650159491106,-0.032050531944466706,-0.006494688614535363,-0.02465972273552257,-0.022627175153150547,-0.02745793563603261,-0.043494167063185325,-0.03723709338922126,-0.03142451366262454
2022-04-18,-0.0013317230541555793,0.007084013688019547,0.021804597261485124,0.005915452016759733,0.007440801975057491,0.0028032566599376593,0.0024627242218457227,0.02439665870404452,0.01939443951963136,0.004159826623565799
2022-04-19,0.014016532157639915,0.034294010908479985,0.01878247905037113,0.007213586857334962,0.018103851966903648,0.030557321785258756,0.01689613549198649,0.01887235855740338,0.023480261839117743,0.006860987135068277
2022-04-20,-0.001016130353341394,-0.026386116801539967,0.00016733590230139003,-0.0006863188631420167,-0.015260940893837772,-0.08090969412084464,0.003708547013766984,-0.032786795817084255,-0.05082502163771964,-0.004434098007923114
2022-04-21,-0.00485533127513679,-0.03772931062801116,-0.008383482460149728,-0.013643979540245642,-0.025514061091662467,-0.0636009179984223,-0.019571498574240787,-0.06237459525501468,0.03180563608534794,-0.013728869963973244
2022-04-22,-0.02821572242305851,-0.026969363430673157,-0.00979923906712635,-0.0203188370097866,-0.042378993947884386,-0.02128088696836917,-0.024440520418395197,-0.03365747413109595,-0.003704429607069112,-0.02048265340987664
2022-04-25,0.006714665385779102,0.011872429325306142,0.0015830095919757584,0.001502511057248594,0.02833609920744925,0.015521620032105327,0.02411990242559383,0.01963686114793685,-0.007019222592886596,0.005835574435394876
2022-04-26,-0.038042514520260716,-0.046830397470919216,-0.04846098072109883,-0.016779662539432933,-0.03660768553648899,-0.03283425979283326,-0.03812096461089739,-0.05760176767908759,-0.1299278575282087,-0.03672166969829615
2022-04-27,-0.0014676764821668733,-0.008819827903123646,-0.000946759036094399,-0.0019646549523217667,-0.03739959866689566,-0.03372067850509203,0.04698740498633839,-0.02005275635927886,0.005790878918745771,-0.027428863707356782
2022-04-28,0.044165242334306264,0.045483928748159326,0.0340838464617955,0.004418565132249676,0.03632445499964157,0.162064500254276,0.022380139936581188,0.07160688441719129,-0.004548029513557434,0.05349571028715201
2022-04-29,-0.037291441451245994,-0.15139791287665308,-0.04333031892984904,-0.029818956319163054,-0.037944427039582576,-0.025900014005660155,-0.04271117262708925,-0.06446469146105595,-0.007721957937068309,-0.02434367274479232
2022-05-02,0.001964540804953342,0.0017565476902947816,0.03884659743751223,-0.012862648636803977,0.02144506273272317,0.05180962613188223,0.024734613984699994,0.05179775045160996,0.03628977282780161,0.00889195502490288
2022-05-03,0.009576853497739402,-0.001981867083020741,0.008328249199817396,0.006354337020358026,0.006421043809417892,0.004253480652355782,-0.009501194427693125,0.0035259576044833238,0.006963974902024329,-0.0013874624821083282
2022-05-04,0.040189648946556265,0.013390415419768674,0.03796771259865246,0.026950780418886967,0.0411335418887016,0.05228100467426774,0.028685574700010732,0.03666284741481166,0.04659599279666411,0.024893037106746552
2022-05-05,-0.05732830036311782,-0.07862161321968106,-0.04000025947129281,-0.02653108288582512,-0.0482195755139566,-0.07012536379293675,-0.04453173635029192,-0.07609973426514911,-0.08695990905101429,-0.04082625623161077
2022-05-06,0.004715533855626044,-0.014140750847553027,0.00018955678957438955,-0.003954631025478653,-0.006536052751798399,-0.02189141777095291,-0.009491351623080816,-0.009008886877921292,-0.00877557365586079,-0.005659057572590085
2022-05-09,-0.03375209735227842,-0.05354166033985849,-0.030062761198849288,-0.017461261986116007,-0.0283514447919666,-0.037806292560287336,-0.037645383082278334,-0.09691788632719657,-0.0951126361970946,-0.04840831069412432
2022-05-10,0.015983547744075143,0.0006432376717787577,0.03228427044054907,-0.003018132325687425,0.01660632091588703,0.00731225957116421,0.018424743656075,0.03734688447583129,0.016293707630266798,0.01726148726461114
2022-05-11,-0.05323349317864208,-0.032556515700991315,-0.024868617788319666,-0.003796204094042705,-0.006951818431175967,-0.04612744852898308,-0.033773578042545084,-0.05640638686662847,-0.08615264955046516,-0.011208566451201699
2022-05-12,-0.027262386030755117,0.01468209351950873,0.007833722437996052,-0.013702425266430096,-0.0066992085116194325,0.013158819930227878,-0.02015940200937325,-0.02774152136469159,-0.008207980246495447,-0.0015955739622289643
2022-05-13,0.031417769143745944,0.05569537333818581,0.028748065134536198,0.007295190570321399,0.028019197955526383,0.0378642168689723,0.02234449362859559,0.09043677280425287,0.05555683158900242,0.03661216023220396
2022-05-16,-0.010729951246697232,-0.020052883582188548,-0.009514205241191133,-0.0016378609887228981,-0.013931080614256484,0.007123851375450861,0.0014545611286731661,-0.025280080450995158,-0.06055559591829793,-0.006065144352519106
2022-05-17,0.025105104192877255,0.04030980601090871,0.04280061789594078,0.01585638828925031,0.017565083615738292,0.012814959349377536,0.020139940850020764,0.05153344442886349,0.050132289582274676,0.03167969005333366
2022-05-18,-0.05807337728236186,-0.07425163860523787,-0.06378563780339706,-0.022881545525416925,-0.0400583785881705,-0.05258773101367463,-0.04659882374731118,-0.07059728746379822,-0.07043726926027942,-0.030352906922822512
2022-05-19,-0.024949966608895337,0.0019259973748420684,-0.04363229899529832,-0.01083725333682453,-0.013635881545322527,-0.004953965080597487,-0.0037063470157461045,0.010921523499028956,-0.0005496144580126333,-0.003541287000546962
2022-05-20,0.0017457497494959948,0.0025313230136678384,-0.005544245136644595,0.0010279103751991338,-0.013461671707338417,0.011693519795386274,-0.0022940023350391204,-0.025431801883440727,-0.06631616117599509,0.00629881506084858
2022-05-23,0.039335152190590625,-0.00031610064973083124,-0.03147372959050957,0.017394386512430592,0.023413413267921977,0.013803316676717534,0.031529658034654476,0.012145992952308246,0.016432950581559483,0.007899987523016983
2022-05-24,-0.019402840535060327,-0.03266897126205667,-0.004112265629375864,-0.001948032974062238,-0.05076088485226792,-0.079244584694838,-0.003959164675327481,-0.04502763226230619,-0.07176955888757142,-0.030853588651660727
2022-05-25,0.0011392205349234305,0.025371870055026394,0.014074518682376783,-0.001545608707513196,-0.0015582796917653604,0.01396865873376251,0.011108134439402766,0.0495739217887529,0.04762508488803092,0.01886928993783121
2022-05-26,0.02293451693046574,0.03950431937060653,0.035169701840673244,0.012697458869058258,0.018610300974863183,0.04155502439487428,0.012792771622601118,0.05031769974069881,0.07164265445291097,0.006504747541124855
2022-05-27,0.03994807410678913,0.0359770770988458,0.05754971267063542,0.020824520969176922,0.04111262532948003,0.018099583920010216,0.02723051003380833,0.05238238626327691,0.07076881859385181,0.029985294432978087
2022-05-31,-0.005360345591832115,0.043030852834664374,-0.005415092548987279,-0.009698623340145405,0.012787783952623531,-0.0076653750002415606,-0.0050266244240488095,-0.007416573206598094,-0.001805191767721895,0.016185152066682217
2022-06-01,-0.0008738509854939828,0.01219142464906909,-0.011285064093992214,-0.009388944319166431,0.0011422474664628663,-0.02616033521464062,0.002021221487245595,-0.019031717906907056,-0.023876273341224562,-0.005787876464581258
2022-06-02,0.016671581092027134,0.030965911805553418,0.005424536445937529,0.006558235597262045,0.03222949089307781,0.052760566401637975,0.007897218601652342,0.06712781522305354,0.04571303469577831,0.016641608103608457
2022-06-03,-0.039318815776335975,-0.0255076393596147,-0.023543723086745624,-0.010761939761503905,-0.02654747406348245,-0.04147992316843924,-0.016746556206655584,-0.045528952127399255,-0.09672413884722543,-0.027038883705709543
2022-06-06,0.005214072017717967,0.01974655443905197,-0.003717006644525571,0.001602478843002302,0.01970572779158816,0.018024944347969345,-0.00471427029890687,0.0035195434061244795,0.01591980642197778,-0.007063172843881025
2022-06-07,0.01743316266659108,-0.014447976483889591,0.02073742332611784,0.006596470349949934,0.002812373740460352,0.0071814427548360735,0.013856811157293609,0.0074248383588774855,0.002542820180630796,0.0078095053527461305
2022-06-08,-0.005056211582960474,-0.014907309337206952,-0.013405656820609702,-0.017544309650909508,0.0003797211378345385,0.005047173987049968,-0.007699323429380278,-0.014586473800092497,0.012397350726358317,-0.0039506903469995235
2022-06-09,-0.03661816972948019,-0.042394573681651705,-0.016298653135661218,-0.024117556727754647,-0.020329939314370736,-0.06643874864456971,-0.021002072666497104,-0.032703974380117865,-0.008970671737446728,-0.02843055777737425
2022-06-10,-0.03939427570610049,-0.057588983573757455,-0.027245824049958473,-0.02798263382422339,-0.03251661947755018,-0.046898097598990385,-0.045587131643748745,-0.06135219600576012,-0.03168770531986072,-0.024175502560187186
2022-06-13,-0.03903710045882054,-0.056080729107119705,-0.04467668165253061,-0.03724894423811104,-0.043848954541925445,-0.06658715309586508,-0.0433383393793115,-0.08140347324585798,-0.07366972655880115,-0.03593324760597749
2022-06-14,0.006650592926393428,-0.013205363644664271,0.004914279766211714,-0.01954304333701065,0.0030313454016099757,-0.003231983560333056,0.0091628713807146,0.012006549122202424,0.02360632235719876,0.01898866809205775
2022-06-15,0.019911759718347546,0.05106358079343476,0.012494323590914716,0.007433195716396507,0.02817070288688031,0.03374909062463425,0.029301725605805483,0.04270979388217955,0.0533736162801124,0.022006260948229484
2022-06-16,-0.04045900481818972,-0.03795462873180655,-0.057697948075477054,-0.035572716805430935,-0.03458205340546281,-0.05137116412338427,-0.02734047622433628,-0.05766061776725414,-0.08927688581957352,-0.04785466143032252
2022-06-17,0.011467139025127943,0.02439607839682275,0.002952369608378002,-0.002034392075437322,0.010413983831628325,0.01768335295085399,0.010880712479718883,0.017725406887133262,0.017029157609637507,0.005663129958957409
2022-06-21,0.03223563699318054,0.022895360879700146,0.018471522323530873,0.011468157009323725,0.04024993498474351,-0.041715528327890106,0.024293790141355475,0.042292148710815276,0.08942411634475703,0.022681995905470338
2022-06-22,-0.00383439817290816,0.0024812460138330314,-0.015342443981317237,-0.005288604481661143,-0.0005064458210715007,-0.007670153384963514,-0.0024069741228414,-0.012512990407619618,-0.004015858661335937,-0.023741291575348603
2022-06-23,0.021344302916629903,0.031530734371298275,0.0009673310564096634,-0.008290174702951077,0.006744625403947853,0.01843643251473661,0.022384043020480034,-0.008286183264728898,-0.0043156097521520964,-0.00934745964587862
2022-06-24,0.0242213422482103,0.03512809079637107,0.024880189220421157,0.03684931146790923,0.049815569729219286,0.06940847783023935,0.03357968585835863,0.05404459655345217,0.04425503260828766,0.02117212112829829
2022-06-27,0.0,-0.02821501915746544,-0.0066614818191483224,0.0007160810794780533,-0.018318937086998516,-0.003945104511705182,-0.010552146560670805,-0.015120511701827754,-0.003206786761701394,-0.0006984466435866189
2022-06-28,-0.030242234015723568,-0.0527726431080026,-0.014460118671309084,-0.013327585899163096,-0.03358806157247565,-0.053379208738409296,-0.032264122252837625,-0.05401441003176769,-0.05133914578061633,-0.01786191074012622
2022-06-29,0.012939608892437648,0.01405345471235089,-0.01626153889907499,-0.0027210240058241322,-0.0027355432212901104,0.02008585554140083,0.014630467547088051,-0.02791709937083358,-0.018100003611393377,-0.008214741745052517
2022-06-30,-0.018192336353686535,-0.0251953932810785,-0.009424074146873941,-0.005121962417159334,-0.02482197241149225,-0.016544841775802586,-0.013266874184035826,-0.024951485554025335,-0.017735577471772915,-0.022975668020349647
2022-07-01,0.0160353819281217,0.031054064397665036,-0.016541724993051753,0.016731719133713432,-0.002071506860876914,-0.007594631169338194,0.0106504792617383,-0.042860805551356365,0.012352524133575366,-0.05986041971207688
2022-07-05,0.018753586693664847,0.03533051481031728,-0.003228063126308071,-0.004835527094912954,0.04077581642695067,0.04973317336595864,0.012518687020811064,0.029913702448635213,0.025215114905161356,-0.0116258183021045
2022-07-06,0.009560907192854818,0.007286182647943523,0.013161015550636618,0.000734306644653282,0.011490924308866557,0.009350233109399548,0.012701973054785994,0.011032247621288536,-0.005737228466480742,-0.0072526758658438654
2022-07-07,0.023716384790174152,0.017341975999450154,0.032475052368257484,0.012124735142395445,0.03609477829880426,0.014154031679011475,0.008192906335156668,0.04699449145142087,0.05380522947187794,0.0651918045650669
2022-07-08,0.004703294896618019,-0.006814197291832041,0.0003007133421491057,0.0061831350378418175,0.004791454870364166,-0.00763690638362187,-0.002760824362768433,-0.001261870507356021,0.025117078284842168,0.010607027040918262
2022-07-11,-0.014867604879305826,-0.03335256478334072,-0.032257921634439156,-0.009289098590804524,-0.03129220385889984,-0.04794808934044416,-0.01183837250162979,-0.04427960375105796,-0.0677223141456021,-0.02988636616290149
2022-07-12,0.006810467304114988,-0.022900025593117632,-0.0030904465653612523,-0.0034781643240524933,-0.014419209946327415,0.0023917516737225497,-0.04184487968492636,-0.004630658798590395,-0.005448427397798375,-0.00012663078675032588
2022-07-13,-0.00253986991611553,0.0107459397638012,0.0007474226609258058,0.0019215574121272414,-0.023668320637554547,0.0013464690613379817,-0.0037521711469941012,0.0054222960307746615,0.016890005886123306,0.027310232202855864
2022-07-14,0.020275487571152054,0.002081127555719166,0.006022640231367103,-0.01120696190479303,-0.008894198851337014,-0.033840412361821864,0.00536700603303067,0.01362345890392675,0.005357484236889209,0.028857697438617633
2022-07-15,0.011385208895606323,0.026052020207380393,0.020059966661782832,0.01383741175858502,0.012694470273920391,0.041214271804727885,0.010336864612545233,0.025054255381714054,0.007330299130864308,0.023155027942105704
2022-07-18,-0.020859363551323125,0.0018476894058664548,-0.006899985799516984,-0.009363672358201373,-0.02488723257105853,0.01524448076861674,-0.00966803283011918,0.021279492609243986,0.001997430616818738,-0.024231557703111497
2022-07-19,0.02637105895320575,0.03837171118403459,0.0358815427081052,0.025395618927262043,0.042907332083911405,0.049863112167901104,0.020554238193398668,0.05386120619904637,0.020505045463666282,0.030285847004166568
2022-07-20,0.013419491920606914,0.037849962832112935,0.005427446109677413,0.009575051791746201,0.0007904780089170163,0.04074454051921178,0.010502366076883967,0.04684873117931984,0.007991447618970264,0.004747745560668019
2022-07-21,0.014981341145960432,0.015036666950921374,0.011482103756651324,0.003953033865248853,0.0038555823145161143,0.00043680529062783524,0.009751189250139713,0.01355444973998818,0.09331246499887616,0.014109930586653144
2022-07-22,-0.00814381420116785,-0.01789158533462613,-0.010017783057390026,-0.003109959715620296,-0.05797154710288834,-0.07891949856776587,-0.017060522195503965,-0.041341666937858304,0.0019732780255828208,-0.016886410452018673
2022-07-25,-0.007425689022329869,-0.010510843951367733,0.0011506391904628805,0.006998883745182866,-0.0036209527013748243,-0.015599430392209205,-0.005893894724385239,-0.017180065323542923,-0.014093787954092982,-0.00023155772129268524
2022-07-26,-0.008865427132958244,-0.05366832967343505,-0.003944574538663531,-0.009138231058358839,-0.023433070542351105,-0.04604881022747397,-0.027139230352490305,-0.029265751580596373,-0.0363152186530825,-0.022025378761747445
2022-07-27,0.03366146968259214,0.05226402422174644,0.032152766547669374,0.017244837255724683,0.07376775697099355,0.06347793835401737,0.06471229734269231,0.07327822578214334,0.05982904612856656,0.03731925497343473
2022-07-28,0.003565513301119113,0.0107708959770675,0.010966833606858037,0.013438307228977278,0.010207874458335115,-0.05366106091696246,0.028140723177337356,0.010846078829707449,0.021882347827174065,0.011121093755274435
2022-07-29,0.032266830289719065,0.09859082981024253,0.0034982162489781035,0.021708360582860277,0.018218594496557283,-0.010130896053252767,0.01554412956240102,0.009903885102160039,0.056238328890716484,-0.0014680470537902811
2022-08-01,-0.006172413656532966,0.003255181148895761,0.0016607298968182938,-0.015730786814909428,-0.012631080452883053,0.0052033276134881125,-0.009772033063291692,0.015189804512528033,0.0004262206792024022,-0.02483104367794048
2022-08-02,-0.009330697360881523,-0.009126353187385704,-0.009666941739374275,-0.012378104027803727,0.0023479257616105336,0.0016243758387505989,-0.011540681683443382,0.004598673400996497,0.011072869479979633,-0.003016950965468043
2022-08-03,0.037534212824107495,0.03917484597170419,0.02881610976445706,0.009675704004615954,0.025300449731737645,0.05235408783064921,0.027455711932983348,0.019616535373506442,0.022402858626649376,0.005331252970287156
2022-08-04,-0.0019280584920010097,0.0216251677554199,0.011022905219046872,-0.0029381264791767153,0.0009312162713791113,0.010431181711341487,0.004168903229271042,0.016899672191391525,0.004014952135593356,0.02183814444205273
2022-08-05,-0.001390053415748109,-0.012492693140300751,-0.0024633244570949364,-0.00594323032209617,-0.006110572970662339,-0.020493434830674596,-0.002612531609633558,-0.011831544944982841,-0.0686033118290163,0.015152658202120377
2022-08-08,-0.002907113730749793,-0.009921207364734218,-0.010775203566915643,-0.0008239482607861581,-0.001448216692549995,0.0186154337992078,-0.009196755208289185,-0.06505452998972487,0.007789020718917544,-0.020595963337018842
2022-08-09,0.0003031523349575699,-0.011398203042398835,-0.02361173186759517,0.0020267856464695265,-0.005728311375065633,-0.010154171897998615,0.007038335539622057,-0.040545791556049725,-0.0247155543645267,-0.03153590697063178
2022-08-10,0.025857508251164146,0.03465340706112098,0.0325173756899604,0.006211664427609841,0.025982051995149857,0.05657812212904889,0.02400985173761259,0.05748672739257851,0.03816806100817755,0.03980272543231723
2022-08-11,-0.004441488022780496,-0.014471032455294032,-0.009088969875849734,0.005634502837232023,-0.007210522997035435,-0.004777469574395101,-0.007428381670018963,-0.008601900127030288,-0.026599955270312264,0.00954045825075284
2022-08-12,0.021199315796752403,0.020479998229218345,0.023196676224869053,0.016470323843005702,0.02361666174288602,0.016816424588144127,0.016893684141658715,0.04186039698485286,0.045690263130780645,0.014857876124574391
2022-08-15,0.006313461193849055,-0.0025808990121560286,0.0013067505103955147,0.005447948028904422,0.0032818796354828175,0.0021582710685146707,0.005330345927201392,0.017117268655411876,0.030493897831355556,0.007783706927158677
2022-08-16,-0.0009241053535392286,0.011112811619446402,-0.013164109055518963,0.013377615020150899,-0.0031176401334920742,-0.007881000646573955,-0.002593442915933438,-0.008071726225341188,-0.008952025876518947,-0.017849587680671724
2022-08-17,0.00874608948286393,-0.018684262378250237,-0.023959040878573538,-0.008759256375633068,-0.017824209401700142,-0.02607951214397639,-0.002639446109246721,-0.02923839962565537,-0.008407578354357605,-0.008372910683785081
2022-08-18,-0.002294323019945098,0.0014064484864398943,0.036210354635896266,0.0002689474005390899,0.0051726981705829175,-0.0010872836725321865,-0.003955485339181533,0.02360800168760259,-0.0037131047703819653,0.0007843395960879376
2022-08-19,-0.015217042717539762,-0.02901859297383289,-0.018105417007659892,-0.02265299092900687,-0.0249402299705036,-0.0391154360442357,-0.013950930067739314,-0.0504720596835775,-0.02069451464936621,-0.023461113126852694
2022-08-22,-0.02329855916543209,-0.03691702741982209,-0.03654387095274763,-0.030667533529209184,-0.02566566106474868,-0.029668992412276354,-0.029794561388325785,-0.046736415781993994,-0.023027123255798403,-0.022733451721811144
2022-08-23,-0.0020314601923050717,0.002998007806707862,0.0019461473089477889,0.00478502833910261,-0.0033319525689204663,-0.011969457082357889,-0.004727639127947257,0.008592809355599097,0.02230781558771273,0.00922539327076466
2022-08-24,0.0017923738971259828,0.001346256547678855,0.0019986923014810604,0.01476209689980007,-0.0014941001240009228,0.013256662535708943,-0.0023541617746000018,0.002383687315449048,0.0021677745650455194,-0.0054782414816117245
2022-08-25,0.014812848200362168,0.025676456345101635,0.035693942118353174,0.013008350045617794,0.025702638674155343,0.03325213816068456,0.011034240147943158,0.039339103515126726,-0.0034616690754643124,0.023220570641392987
2022-08-26,-0.038428213781922946,-0.04873552390255167,-0.05467336342050284,-0.026690086123720258,-0.05561154683441337,-0.04235891975432247,-0.03935138932082017,-0.09681884729611424,-0.02732301898385137,-0.03285077725436502
2022-08-29,-0.013785083239766826,-0.00736939497405998,-0.012907905097630875,-0.0066728175454011975,-0.008372821933646893,-0.01626463291718908,-0.010725146375575402,-0.0286348609644652,-0.011415491099770154,-0.022556039650143116
2022-08-30,-0.015423727127646395,-0.00820055348874808,-0.015266183044983036,-0.008343037964914278,-0.0043964334597802746,-0.012708070893591251,-0.008557395933047317,-0.02129968493332873,-0.02531598923616216,-0.0007244345156812772
2022-08-31,-0.010691897202349707,-0.01534276001209404,-0.01448063085565603,-0.019723133132210285,-0.006631140705277055,0.03605620493773623,-0.005720359278159278,-0.024476141818194883,-0.007554668468041173,0.00674119569938482
2022-09-01,0.004695663335892149,0.008248627364462172,-0.014327406228602726,0.007053026051779061,0.013947781566578112,0.014804089296997107,-0.00410078638172808,-0.07975012528659967,0.005608200169827373,-0.020729200965487856
2022-09-02,-0.013704578335168987,-0.002428212185707112,0.016548951510997233,-0.015079302148566195,-0.01737260388342387,-0.030952890909162867,-0.0168071774641889,-0.02102745560081077,-0.025395567131662106,-0.009105391368285998
2022-09-06,-0.008249114779283384,-0.011040262841267405,-0.004046426773126717,-0.002587447538427329,-0.009689843605138635,-0.011164999000316539,-0.011034554413016673,-0.013425948577231292,0.015460425583855752,-0.010812391252296506
2022-09-07,0.009211635133973653,0.026371849253352748,0.013814193550800831,0.012366248228401218,0.024416257945293982,0.011601367828391608,0.01893122112817656,0.01862047824041121,0.03325755641840769,-0.0010002210295272835
2022-09-08,-0.009664437477523397,0.002622535962612139,0.013372008839532722,0.011315981214389498,-0.009824161078554178,0.010358296272551998,0.0016646323593368364,0.019925676318407956,0.019408586563541073,0.003620950453434309
2022-09-09,0.01866432992179138,0.02622824562673727,0.020245860408453983,0.006931526382735841,0.02072848091738098,0.0428193482537689,0.022717049958117446,0.02798223171332612,0.035389242849343666,0.0159488349220221
2022-09-12,0.03778506735631446,0.023581047138634757,0.012668278361623386,0.007516714980123482,0.001896097785891831,-0.0011238525152514273,0.008246894021988922,0.008168421698558965,0.015693156705112052,0.0075757294453440965
2022-09-13,-0.06047154435733401,-0.07318946892343868,-0.049220326976250936,-0.03372623179407717,-0.060805073956131564,-0.09837482327570525,-0.056547441367396,-0.09951767624809416,-0.041209445573060305,-0.04150691110805848
2022-09-14,0.009509921172670835,0.013549201586232946,0.013998429329610767,0.00428980638790512,0.0064972098441836565,-0.010899840552471481,0.0009123221224127061,-0.0002284364892314678,0.035245873940170286,0.010727692857211975
2022-09-15,-0.01911145543634227,-0.017816303428596674,-0.020992041378128753,-0.008111285716189832,-0.020105517667990746,-0.012756672892632473,-0.027493716966236523,-0.015274457012734428,0.0037601953268899466,-0.01567535308885378
2022-09-16,-0.011020877176018075,-0.02201762235626526,0.004707694198408046,-0.0061709589315692955,-0.0010694071131510281,-0.022039694246386982,-0.0026115731609829607,0.0205925392243434,-0.0013177201460770078,-0.001154819648204012
2022-09-19,0.024774023276737587,0.009106029090597056,-0.001314386008726632,0.016275500550095988,0.0026230120664397093,0.01175646649176427,-0.0008994019036438626,0.013845091557606753,0.018680537647816527,0.0043554439155387425
2022-09-20,0.015543792898294712,-0.020012830448643784,-0.01765035025979731,-0.003494977452237644,-0.0189026023924929,-0.013124835564718827,-0.0085015083520962,-0.015513567538558924,-0.001100668054834369,-0.0010229416275628312
2022-09-21,-0.020475779682790237,-0.030326766225786016,-0.01404620044974175,-0.02884716680597204,-0.018561576788056606,-0.02755098474096529,-0.014541415650881462,0.006430472230313239,-0.026021592607865372,-0.013008043623603966
2022-09-22,-0.006395638364130453,-0.010430481377003647,-0.009439940047350253,-0.006283026429648112,0.008625095278658308,0.004913328480642827,0.008459657016801514,-0.0542307245367717,-0.041438568478665415,-0.0197693010074831
2022-09-23,-0.015239245408247323,-0.030553234112175812,-0.018874458501172246,-0.0021979116348145172,-0.014079250530981052,-0.017018367658348445,-0.012779460936484209,-0.0035889749344240615,-0.04703665354268194,-0.023545771660027155
2022-09-26,0.0022574592736711863,0.011968890924047326,-0.013792654498050866,-0.013332485543752314,-0.005789481040737884,-0.029195183526683977,-0.0019772670898090946,-0.02327936772213515,0.0024668028538151034,-0.011710435065794972
2022-09-27,0.006544877914199416,-0.00644711979642255,0.005372145713434871,0.005900459027477554,-0.006848238333878199,-0.014551089662303372,-0.00438949891693432,0.015015907285295652,0.024797737333229056,0.00027381453040653195
2022-09-28,-0.012732294236004384,0.030980865018271533,0.002600046687808848,0.02269256874851207,0.025817748628636963,0.05225650472531794,0.019519741186776504,0.025688259491112652,0.017065662059063912,-0.012400388005745442
2022-09-29,-0.05036638316774045,-0.027577874271049487,-0.03456312142605406,-0.00979938231172611,-0.026638667205909863,-0.03741171655002915,-0.014919647018818274,-0.0413585330423026,-0.07053030781738932,-0.04031390835820479
2022-09-30,-0.03049987152164549,-0.015803691756381223,-0.013689441415655703,-0.0005656873867294536,-0.018335619499066567,-0.00536606363454695,-0.01955846094519386,-0.006650621002412121,-0.011097446407076914,-0.010446623559422236
2022-10-03,0.030289364520802553,0.025167330486858045,0.028354718934394202,0.016663595991237328,0.03078105417708061,0.021365123016995953,0.03310830701089342,0.030264868473591916,-0.09008354847845322,0.010013577533535776
2022-10-04,0.02530057232649067,0.043978891324203705,0.04929239256529631,0.025984171929513706,0.029960356732457605,0.01197609075086481,0.033253391387884364,0.05102544452906512,0.02862918608137619,0.05013003646851129
2022-10-05,0.002051014678809275,-0.0011568286989315974,0.01024210630725335,-0.0083163466214386,-0.002068275142400809,-0.009310410146850438,0.001284792008622567,0.003184723561656229,-0.035210184423729626,0.02267760487149597
2022-10-06,-0.006647791198475887,-0.005388563475942685,-0.010992493686842417,-0.010435392624831993,-9.852749902899517e-05,0.0006475507716131189,-0.009717873834804602,-0.005998691048294423,-0.011191467132615623,-0.0017471329410657893
2022-10-07,-0.0374097850509746,-0.04888996644735069,-0.04047438006132589,-0.025028364360652016,-0.027388165163189815,-0.0412505949337552,-0.05219146916859633,-0.08367987461378538,-0.06533110715825653,-0.06386621445647538
2022-10-10,0.0023528389319658347,-0.007799184311071454,-0.0507358993395837,-0.007441227893594735,-0.008344323937327015,0.0025443386869153195,-0.02153333267733568,-0.03419846200044489,-0.0004932430962923407,-0.033679160484798874
2022-10-11,-0.010307858898266157,-0.012927390072384172,-0.01598272508520388,-0.00040703071658305045,-0.006972990201688418,-0.04003124114989099,-0.01689206653058451,-0.0072239910818450445,-0.02940186584357689,-0.060986077091806125
2022-10-12,-0.004615474402532064,0.006130377153208065,-0.0004409223456797001,-0.008939239441809231,0.0039025773010902777,-0.008123639109165585,0.0015072414641081335,-0.007450411949726437,0.0034122110102537424,0.010348117325225252
2022-10-13,0.033060039835285944,-0.0032826427568259787,0.017040386097507132,0.039223025172176615,0.015258184069629902,0.021646422242881158,0.03691815774381192,0.03922068760483239,0.020412571604412393,0.03840446627712837
2022-10-14,-0.032771073875584256,-0.05132600960921381,-0.025132107909253625,-0.005947006712953669,-0.025561254394471294,-0.027467224818657647,-0.02454769877299077,-0.06324614733176638,-0.07845410579918485,-0.04137256574299044
2022-10-17,0.028706700073606012,0.06246082010978991,0.019177840419860395,0.015245630746043728,0.03470566357160576,0.05584272911349809,0.03849526902710029,0.057207860619443995,0.06770743117966105,0.015061345873023444
2022-10-18,0.009365371268375755,0.022334186457693587,-0.001240861061483257,0.022097113428214635,0.007970531374485265,-0.009294035218376651,0.004075441757968705,0.0066235740831321705,0.0038221656467326303,-0.01835193313509432
2022-10-19,0.0007649184823172784,-0.011148202689094493,0.0010802461481451665,-0.01612833831082905,-0.011377403379488707,0.0032326060864054217,-0.008505661684642497,0.00699471891013105,0.008366694500343838,-0.0007851288337384026
2022-10-20,-0.003272426159757452,0.0015630456934787908,-0.011552938700295057,-0.01833552252612811,0.003406872005003355,-0.012841721814653921,-0.001396406777331502,0.011796296855170734,-0.06878698522005931,-0.0012574644247583466
2022-10-21,0.026699900540207898,0.03470527521216521,0.044164748669586515,0.03143686687619813,0.011536727938787024,-0.011623861165713763,0.0249661979333634,0.022061021658746502,0.03395945997966481,0.002670114080892519
2022-10-24,0.014693927656567423,0.0041816570199037775,0.014985217300545329,0.012400265910921103,0.01365102165750063,-0.0022330180975567524,0.02096640655832465,0.010612392575240359,-0.014987724107085643,-0.03935226500327178
2022-10-25,0.019152957181841714,0.006488657531862419,0.007746346646453491,0.008976927586981681,0.018937867949095286,0.058318363267546504,0.013697529156095725,0.05121004361648911,0.051525211920993325,-0.0024504262813565677
2022-10-26,-0.01982235233886232,-0.04182438724790477,0.0024095311240233076,-0.0016971313387053957,-0.09585590397219572,-0.05754766711106572,-0.08029538180661992,-0.027910232316382625,0.009931639962148882,-0.00491894023373739
2022-10-27,-0.030939106715018046,-0.04148511663717591,-0.012612384689308122,0.005128451187142292,-0.028962799049144405,-0.2817938762445631,-0.019954082233958618,0.021479760086069364,0.0020011878357876823,0.0018063693060100864
2022-10-28,0.07283461652999665,-0.07046806314523207,0.03770787653478936,0.03147034260988128,0.04318747980166477,0.012782883279446154,0.03943275594948662,0.048732427553470084,0.015123446596271723,0.017241748375408723
2022-10-31,-0.015530251280894353,-0.009424419446504316,-0.005895701064442786,-0.01527428101229355,-0.01865877577008159,-0.0628193974892088,-0.015983209225285448,-0.02466200107038433,-0.004297734947231157,-0.0074458316058853245
2022-11-01,-0.017698599645307345,-0.056733592543970986,-0.004733427440506139,-0.00460783605519673,-0.043687351082754844,0.021661328900564818,-0.017206715459432583,0.0034025159551574536,0.0012298580156588981,0.00048740340673636683
2022-11-02,-0.03801848543522268,-0.04945158785215427,-0.025696181850704505,-0.009762991177575552,-0.03945526546743221,-0.050188244444861405,-0.03600888520279999,-0.024214685654360094,-0.05801089494975568,-0.01736319349906917
2022-11-03,-0.04333050365336522,-0.031090582711074753,-0.02646387690963881,-0.022825198415576037,-0.041555063619793914,-0.0181669216878542,-0.02693835639833903,0.015165284071444103,0.0015338580999045644,-0.003973708866187606
2022-11-04,-0.0019491652277040022,0.018638216982674413,0.04658773022752089,0.0074349784875179905,0.03706091689785649,0.020924437984322693,0.03278212785711855,0.05331808117550962,-0.03709208198225607,0.0358462111360773
2022-11-07,0.0038945386000773683,-0.004958465035960488,0.021095436177437435,0.015105246571138022,0.021820520336833082,0.06327104038371915,0.02884955932776779,0.010190860839256346,-0.05137700982212229,0.0044716078775235745
2022-11-08,0.0041666003732779575,-0.006093813282808144,0.01439432966264967,0.008005266016949042,0.004622719247828876,-0.0025880719982346256,0.004378741456652731,0.020829100502920802,-0.029766854567743133,0.03537683639525688
2022-11-09,-0.033753353874185356,-0.043613588180190316,-0.02656778579481451,-0.014020012229329372,-0.01793263193038214,0.050531193910903514,-0.019233660873176305,-0.05823053475515861,-0.07436539035358274,-0.0003075517519942501
2022-11-10,0.0852364896740066,0.1149153510471296,0.07605812374290719,0.04862138682976508,0.07307668753579398,0.09757415823953954,0.07905875747881748,0.13391221925506192,0.07132888823212645,0.08603635372357961
2022-11-11,0.01908540194543948,0.042149929862782536,0.022486445100711114,0.024565501212253,0.025953727976920294,0.010227298789075773,0.016854533440380418,0.035979894755256404,0.027155202242509627,0.04134143243048382
2022-11-14,-0.00953090936108232,-0.023084154958510558,-0.00944434900476441,-0.005230617057556742,-0.007391692246103705,0.010561731955999467,-0.02275711830787977,-0.001961732055273208,-0.02594999483044167,-0.014049052257401513
2022-11-15,0.011799431751982422,0.004558631983396615,0.021588283654279273,0.003493675685393068,0.028228842692368753,0.02473101200295295,0.0017373353349251785,0.022512330064667095,0.018009160285334423,0.10004412855748071
2022-11-16,-0.008365750408496101,-0.01856627488370557,-0.024495806149378546,-0.005810974924308094,0.004156361538375348,-0.03343626642906486,0.0018217091772588176,-0.046422864938691626,-0.03934004993858786,-0.012632215587894407
2022-11-17,0.012887825802794961,-0.02365067529774173,0.0007423445570796345,-0.003928051842863201,-0.004969281748460871,-0.01584517431600676,-0.00020684535377890818,-0.01475314460724182,-0.020266034660649707,0.025229497390927606
2022-11-18,0.003774883739174769,-0.007513650804188213,0.005938212101779865,0.00986075362293545,-0.009500058119249978,0.005369163485320598,-0.0019051817236175794,-0.017243006081207875,-0.016402810087859467,0.009648903869244734
2022-11-21,-0.02191906204429607,-0.018006920831346168,0.004415976321825401,0.0013486811858951938,-0.018961269750091176,-0.019738408805501297,0.0034350187968715837,-0.005988315399486414,-0.07082202204033466,-0.028855152983736806
2022-11-22,0.014555094923320173,0.007971580289157953,0.024077784406620787,0.017038117973752126,0.015053475265604785,0.014279558235326114,0.012236210333687903,0.045997458033612326,0.012079065403443036,0.03213198025666831
2022-11-23,0.005908711310764331,0.009929087433161404,0.006749892645383015,8.385744239713927e-05,0.014424016761250508,0.007153091089982494,0.01035320493573692,0.029550225239080675,0.07530952893106566,-0.006929992128459414
2022-11-25,-0.01978821599015634,-0.007678331291085061,-0.007014136067564927,0.0034655406266759082,-0.010208409331832625,-0.007422407493358516,-0.0003635526174205395,-0.01518810340722813,-0.0018575995078746789,-0.006977858429981038
2022-11-28,-0.026615309610835837,0.0057642482872482335,-0.014637358712069563,-0.012537635800270988,-0.014572940747525154,-0.023889519783167782,-0.023424703068430877,-0.027605641822265638,0.00032805270562665304,-0.027146461341209616
2022-11-29,-0.021374952066630558,-0.016419307746887702,-0.001571456838137747,0.006601644335195631,-0.008993944438683524,0.006231502980806542,-0.005932510594292462,-0.011949500708629717,-0.011491515256992131,0.001387408154406075
2022-11-30,0.04744997248879475,0.043614054085946284,0.05529090918745473,0.00928129927038592,0.05914631740537214,0.07597265520707817,0.05979941677787416,0.07916163562015875,0.07390252318127676,0.0449832429499838
2022-12-01,0.0018897886402143747,-0.010831192229061232,-0.0005083542071171083,-0.006674595084397527,0.0,0.019619988123171093,-0.0017651990180618021,0.01244952268554626,0.0,-0.003621850421504805
2022-12-02,-0.003377221834030973,-0.014449471106160716,-0.018231359264006538,0.0006663258454075661,-0.0054608921702934505,0.025008449643267667,0.0012947389375929901,-0.015230797017370784,0.0008214584254523483,-0.014374766727604595
2022-12-05,-0.008014925463100916,-0.03370736231877902,-0.018965679671493846,-0.01839809299486689,-0.009603798291852164,-0.008620709648161744,-0.01908141135350987,-0.015887441291648846,-0.06580520897353867,0.0014715538358817005
2022-12-06,-0.02569737917873054,-0.03079571824833874,-0.009124766380567022,-0.008273947138961568,-0.025451947668849957,-0.0702888697741016,-0.02051265461004033,-0.03822911727517667,-0.01451975486845227,-0.025562907784498295
2022-12-07,-0.013880995611018986,0.002376766277155038,-0.014019249905591833,-0.007005407355507406,-0.021259599961659454,-0.0016663065279195382,-0.0030643992252890277,0.008285074197393003,-0.03267127201155782,-0.004030326878370418
2022-12-08,0.012059590797157193,0.021140538059143867,0.023972794205289194,0.002568228739771426,-0.013040240600095029,0.012213367152305886,0.01232297416694802,0.06304445075456601,-0.003453386948248274,0.0194956635865677
2022-12-09,-0.003440417452707764,-0.014043946522882085,0.0253593102863881,0.00047527491227123753,-0.009435011152209339,0.004930114235656026,-0.008035477974423026,-0.009833233429749472,0.03183338116095202,-0.0013621497285553179
2022-12-12,0.016256956996097263,0.016255164405059457,0.021628904085425033,0.017300876887113625,0.005157439437800901,-0.010320566422370277,0.0284798029624876,0.03092706671062134,-0.06477309340338366,-0.0032275305336698
2022-12-13,0.006759710361678452,0.021198289437405628,0.02555840690672008,0.0019510546122075503,0.024559239723429258,0.04633385684935122,0.017314017301430926,0.030164664830503885,-0.04179828130131225,0.0009941578688386782
2022-12-14,-0.015657995502238353,-0.009887580246293281,0.005936451378065433,-0.008467955538289542,-0.005873044316178286,0.011913678477253886,0.001166893684913525,-0.022269150206356957,-0.02612261140486262,-0.006104800039947008
2022-12-15,-0.04798746770248143,-0.03477554111983294,-0.0290367458902241,-0.022821580848052223,-0.04529368001302531,-0.045772173543404474,-0.03243877533313066,-0.04170887898992505,0.005533102257132837,-0.024928115206520687
2022-12-16,-0.014686025147070835,-0.006692740608663019,-0.0037525423326344037,-0.0062275440278766045,-0.006625427670717939,0.027848035853924112,-0.017500662635316813,-0.022731760653942387,-0.04833680500131505,-0.017023399278652707
2022-12-19,-0.01603743371867984,-0.03403503022155705,-0.0030519119758608496,0.0014507091235314194,-0.020370026372420583,-0.04233037028578691,-0.01748005425932421,-0.019314904336314113,-0.0023992055582815475,-0.002624720921042907
2022-12-20,-0.0005289207337393208,0.003174469440173832,-0.010259270588808534,0.004645667293812324,0.006536563268654501,0.022542612928225104,0.005598726118186664,-0.01045186287678778,-0.08396483835074355,-0.006327412283889174
2022-12-21,0.023530230588715017,0.018376816404560806,0.031144787755390025,0.02205494800923262,0.006271199187718515,0.022546897255508284,0.010817969402396658,0.025533856594103073,-0.0016704490129968075,0.01990105433193053
2022-12-22,-0.02405931409097068,-0.034947221566029855,-0.014610260700855186,-0.01921682799478701,-0.02052625165094867,-0.022290709222457294,-0.025860197437253766,-0.07302256670507383,-0.09302311928148893,-0.02440751344810258
2022-12-23,-0.002802552892452107,0.017274436611979943,-0.0011938506424099358,0.01019421039514956,0.016611406378193146,0.007824516555448477,0.002264657741024444,-0.008708572115916626,-0.017706675474399133,-0.005194107830151987
2022-12-27,-0.013975269772430465,-0.026265685720911106,0.0020072919588192094,-0.0031231282578806164,-0.020836453725215677,-0.00987579515044411,-0.007442047514649262,-0.07402696056658677,-0.12113825810398889,-0.007640291684012634
2022-12-28,-0.031166132400988752,-0.014800721671305868,-0.015750011328464382,-0.004675871411314056,-0.015801117689880576,-0.010838876641700418,-0.010307717563894276,-0.006037673179313049,0.032553261278161744,-0.017099091953846488
2022-12-29,0.027930885993269056,0.028435658196292006,0.023434330039496288,0.01922463019993326,0.027857641422588463,0.03934722933725934,0.027254726074886982,0.03960159655849554,0.07772640277207259,0.03945236185131508
2022-12-30,0.002465801975461337,-0.002140568124387558,0.0023635037836403873,-2.9868705705813373e-05,-0.0024904144581937813,0.0006650027899233684,-0.004949734652673685,0.0007529339915261469,0.011102159833173808,-0.020068343411084537
2023-01-03,-0.03812222212923505,0.021435277164066735,-0.010156305587940858,0.001735171543692559,0.01003688365969673,0.03591048914548179,-0.0010011626314891278,-0.020672057261007886,-0.13058999220665155,-0.00619450853970908
2023-01-04,0.01026127441195185,-0.007955122776173124,0.01213971095126488,0.014242378228795968,-0.011738313691328989,0.020864720599242458,-0.04472875544263032,0.029867355740258002,0.04997884108534127,0.03046467794875794
2023-01-05,-0.010661241939276825,-0.02401157339665977,-0.009361210730587466,-0.005474158861209488,-0.02157536038612603,-0.0033818241051187894,-0.03008580793037656,-0.03336621834762194,-0.02946907696009933,-0.007760779422290414
2023-01-06,0.036133465147396175,0.0349917378504728,0.05845392883490555,0.017360983961753035,0.013138233508416513,0.023973850949085704,0.011716305094215427,0.04079674086834733,0.02435215499827936,0.030431377219874836
2023-01-09,0.004080554829723923,0.014760401298199752,-0.019806460949596726,-0.007434901066531915,0.007755551342435446,-0.004239118819246906,0.009689238327822895,0.05045840207627566,0.057654579278002285,0.028288318504469688
2023-01-10,0.004446382022087397,0.028326693248784427,-0.003403432395790686,0.002161192315455299,0.004534246270663254,0.02682468818691642,0.007588334558332759,0.017820738962051635,-0.007711027963739906,0.011882994595279367
2023-01-11,0.02089242780705848,0.05645956080731301,0.005567886357492309,0.009487205400898249,0.03445924120038169,-0.0007520874768559071,0.029790028189837194,0.0057661435621079345,0.036109204525613114,0.006255643336959222
2023-01-12,-0.000599480147392164,0.0018911574433712077,0.006551372218095607,-0.0023374887821540936,-0.0042704911701213,0.028340185470582095,0.01155444558030085,0.03137578735702726,0.002755462798387791,0.061875493648927575
2023-01-13,0.010068130442226014,0.0294763168996709,-0.0050649463614245984,-0.0038158283676162493,0.010805084882395304,0.0019729263857629063,0.003014057188303274,0.02322747569039194,-0.009432465746952078,-0.0023014465992636604
2023-01-17,0.008718519084534828,-0.021322326395198862,0.00041453622089676476,-0.010493073964971929,-0.009050743563916821,-0.011896938296802854,0.004670933520109946,0.046423592357801524,0.07163646233055776,0.024917282953593144
2023-01-18,-0.005384456320600448,-0.006161619000101003,-0.00858237618894526,-0.02067443578221416,-0.0018639211844056467,-0.01743835062196772,-0.019069941404926984,-0.018530328303408224,-0.020825332244057446,0.005379234758325931
2023-01-19,0.00044368774182095634,-0.018822579439957077,-0.019464278687681302,-0.009286758332451642,0.020959668391809353,0.023257640208711218,-0.016590723410195043,-0.035854296069812504,-0.012580752996881195,-0.012031295170688091
2023-01-20,0.019038405892670307,0.037400259951453026,0.013333655189713089,0.01652043004118586,0.05203449469968054,0.02337493005392344,0.035119623686278016,0.0620938928309575,0.04797727392320404,0.02931725210591541
2023-01-23,0.02322852632367039,0.0027724682514327437,0.018830554227338616,-9.582164405329323e-05,0.01789638615365546,0.027598975340021314,0.009776548287108673,0.07315854981499005,0.07457364612008015,0.04961100041305212
2023-01-24,0.010012661488223398,-0.012381472357830799,0.005828530983630264,0.0029768255025309754,-0.021166405388536595,-0.0009080491725831553,-0.0022288042483049456,0.003744250983473148,0.0009734348560736818,-0.01156576941682447
2023-01-25,-0.00471178906123382,0.008888953725914,0.0011105364442915166,0.0013939324831447636,-0.025711562107581243,-0.011523404596687551,-0.0059256279043702976,0.003006385671051912,0.0037457958683397114,-0.022999326839986393
2023-01-26,0.01469469724307959,0.020774687057825685,0.021786514692093313,-0.003604441800190619,0.023867569751870515,0.04017170716022535,0.03025144270564859,0.0244865704730219,0.1040650092615062,0.011191385109942659
2023-01-27,0.013591557364522429,0.029983350559053976,-0.01276114588512131,8.511000473251702e-05,0.018792708991004554,0.029697269301658093,0.0006450218669522079,0.0280348039583182,0.10436164069972145,-0.0016063482061499028
2023-01-30,-0.02028246268205068,-0.016667823165641346,-0.016273855933414884,-0.010609271311009178,-0.024758069063984117,-0.031328079174027995,-0.022206382366432433,-0.06088842180613216,-0.06526572943550507,-0.0018238473610968182
2023-01-31,0.008980428818304404,0.025335155126435763,0.006103850999363779,0.016971965098837843,0.01941013173739113,0.01290443761687209,0.020794942947688706,0.019380717186432563,0.03860663902242871,-0.004304227932138652
2023-02-01,0.007869850132865161,0.0193976149644124,0.029873647754830333,-0.005074162598689406,0.015958691416804463,0.027476805919387927,0.01973865135852784,0.06949438895610727,0.04619721319012761,0.021444135355387993
2023-02-02,0.03639239100827606,0.07120315696615197,0.004997922272991255,0.003201374083712771,0.070259862415038,0.20930747864907032,0.04581818633030609,0.03592255166878694,0.03711744228973287,0.019959983484378756
2023-02-03,0.024106904433049754,-0.08808283393109906,-0.013545344783767782,-0.011418105239710772,-0.027857954585670173,-0.011937233859427477,-0.023903904704477067,-0.0284539630829219,0.009041655543147283,-0.020804721256295178
2023-02-06,-0.01809159942468834,-0.011772272805910223,0.006138928915506443,0.0005247629316517048,-0.018105235734459036,-0.002522860938618036,-0.006134512772142844,-0.0005214267261763856,0.024849222136681733,-0.030352447915626725
2023-02-07,0.019062072326539527,-0.0006852973444615529,0.021633478885323118,0.01604826514964256,0.04503473515325258,0.02944492033950344,0.04116307466980006,0.05012385685811758,0.010470780820742744,0.02918965084773082
2023-02-08,-0.017810404858928347,-0.02038057801277048,-0.020951869044601563,-0.013911363655312713,-0.07994216133837305,-0.04368099518916925,-0.0031070043420909506,0.0014420325353543513,0.02250783702828191,-0.002859629492681256
2023-02-09,-0.006935619368872112,-0.018256648878253772,-0.003829895454575179,-0.004237607503616119,-0.04486799523259864,-0.030499159947940988,-0.01172802064730276,0.00592693899628198,0.029516907690852447,0.02524086803536244
2023-02-10,0.002453133172396826,-0.006433489213979846,-0.01032996066880714,0.013279954722007986,-0.004641994324715766,-0.021417030039694612,-0.0019744270673387907,-0.04918182384742434,-0.05161833459581209,-0.013745720648162998
2023-02-13,0.018632039477443952,0.019579629188155288,0.013178750893318075,0.008959216712637767,0.00042283193922058746,0.029868188020181867,0.030764698261458185,0.024296706985693164,-0.011493498714308886,0.00772908644120237
2023-02-14,-0.0042338069296891405,0.0016060637303955492,0.0019775444096525757,-0.008429976160459375,0.0007396680424240289,0.00027861545254452086,0.003127771767195721,0.05287332626680997,0.07237801403011461,0.019065901941528105
2023-02-15,0.013807825482933706,0.014537811644538115,0.008892826355405413,-0.007339034263020236,0.023589420511685565,-0.013010431499974376,-0.00802491383740878,-0.00905228668969549,0.023567198213512965,-0.05454362042584143
2023-02-16,-0.010484462395878713,-0.03020652173405669,-0.011835763716687264,-0.0037379627862447174,-0.014861165441289093,-0.027004004077912782,-0.026983268123457083,-0.03404699020013155,-0.05863124321363247,-0.021136083202844737
2023-02-17,-0.007575374137277609,-0.009726256199159627,-0.008276646366819851,0.00016690418454694795,-0.01221981710593312,0.0025484681455255954,-0.015725043769475214,-0.028303172879034336,0.030561678706295534,-0.00795938237203838
2023-02-21,-0.02704177814886818,-0.027324623494127544,-0.02387274863430287,-0.01917826755743015,-0.02750782667184654,-0.004638217115809783,-0.021107780829909103,-0.03487279720789371,-0.05394722804913025,-0.027682641747542813
2023-02-22,0.0028917182511865166,0.012712248376870747,-0.009277053102334223,0.003303189587754463,-0.001526345379554591,-0.005594497705349189,-0.004601504396882116,0.004781707086855485,0.017528035977254008,-0.009285229071428683
2023-02-23,0.003285208776162071,0.0003131233176392935,0.01315565459645967,-0.00138570613230256,-0.008327014886244419,0.005361954185442831,0.012878477503295477,0.13121579456768406,0.006006057267467943,0.03674612390582648
2023-02-24,-0.01816942708215115,-0.024509991975448668,-0.010417091833411603,0.005059289030196385,-0.019554024026587506,-0.009637234866874133,-0.022025115118279023,-0.016102448289859798,-0.02601977738759486,-0.02211233744131759
2023-02-27,0.008213601555393085,0.002776912318089041,0.013239452251690369,0.00044823775107167245,0.00826821022613069,-0.0050010245208350875,0.003764607261757033,0.009190554335729158,0.05316324215501689,-0.009235561211977905
2023-02-28,-0.0034536733971218736,0.005000289230826088,0.014986765121292048,0.0034859242355477532,0.0021120248736757404,0.03135430723795449,-0.0029626253546891804,-0.012201224180847325,-0.009290230436857878,-0.002638131791453252
2023-03-01,-0.014348512103292145,-0.02210395970404292,-0.0012123970682363509,-0.002354314448724892,0.0033255147224031194,-0.008726774373545307,-0.012709607803031212,-0.022564915306261937,-0.014395089751065604,0.01538587060001402
2023-03-02,0.0041207774280706865,-0.0004340848307001873,0.008522054971767452,0.009373471197016477,0.01798679316540105,0.006380395508416032,0.01946262842912961,0.02677718867932702,-0.06032265409146793,0.006875242335108387
2023-03-03,0.03448827436201839,0.029623128385877155,0.05541406249608327,0.013756990565285815,0.017776018013807123,0.059609493040279495,0.016509008245203138,0.02440593331582551,0.035456129089512615,0.008500087456046418
2023-03-06,0.01836984546628311,-0.012192056844170188,0.00025287723644793256,0.014597451986383608,0.015679878463539593,-0.0018911686906052537,0.006170070496263768,-0.014164174869022368,-0.02032754273314496,-0.002341398533107468
2023-03-07,-0.014602612384045125,-0.0021355795087460443,-0.012352559763674631,-0.01831481821036595,-0.013440137077063393,-0.002111497669575709,-0.010645626847259495,-0.01118758070175877,-0.03198003067013721,-0.008182643600937733
2023-03-08,0.008342318143298971,0.003947251242114644,0.011309178625006338,0.0010641207912015463,0.004146618646246754,0.0024902003904752603,-0.001772134276388874,0.0376287991172385,-0.03089156736881823,0.022040197734045478
2023-03-09,-0.015027064835062763,-0.017941053663252313,-0.015525036632994465,-0.023520106063502216,-0.0206901943303896,-0.01789171466508862,-0.005454214650276077,-0.03129396466209842,-0.05117763786639216,-0.021702497412431684
2023-03-10,-0.013975995315758844,-0.016614182739941783,-0.012429850445176622,-0.0012327835118157472,-0.01847547379440176,-0.012071069946410754,-0.014893218946906891,-0.020302020156985814,0.0030026831172517087,-0.018509661872376213
2023-03-13,0.013179045197512505,0.01856350439768763,0.0026638638580273643,-0.005251984828178068,0.005282304186277703,0.007713464707635813,0.021214191811981847,4.355583160053517e-05,0.005978365078895034,0.00560047735241757
2023-03-14,0.013990710058293426,0.026161301723076753,0.02560724930549976,0.008164375598484873,0.03090803378443714,0.07001686964689008,0.02669626318855264,0.04666058813126365,0.04909578215581365,0.017511536924706105
2023-03-15,0.002618051484906153,0.013816419647147053,-0.010202815328872718,-0.028852844323122857,0.02251781565987842,0.01904231511275286,0.01767346307844202,0.00683370220940573,-0.015452165385496418,-0.029435691837358273
2023-03-16,0.018521419146603442,0.03914078921242471,0.016570304008781702,0.014776474277248057,0.042871550996050056,0.03566489961113548,0.039736398734747776,0.052775975432929806,0.020188342220549882,0.03473981845701021
2023-03-17,-0.005468939550518559,-0.010955473953869642,-0.008726070012069752,-0.02802719876045668,0.012875456873161925,-0.04654553369621442,0.011626226523826775,0.007178360445773021,-0.021963216854791676,0.0019017553434259335
2023-03-20,0.015365180395868669,-0.012610742620752562,0.01999003665622652,0.029271620149951924,-0.003944028120620335,0.011184010543054184,-0.026104224074910726,0.006779523532951986,0.01717250122413543,0.006350816944856365
2023-03-21,0.011873334752943924,0.029247763784060337,-0.003699619364544756,0.010034653051442867,0.035901744682928415,0.02175263879313426,0.005677606201124207,0.011478497558594498,0.07529223411697607,0.026954709699500885
2023-03-22,-0.009145269075386347,-0.019166746850565648,-0.009198082402561212,-0.0105985110838616,-0.014883142122941362,-0.011692680303369285,-0.005457111883111324,0.010215114704698025,-0.03308514667181837,0.001296347297386887
2023-03-23,0.0069453854336244255,0.0001013336349731114,0.013085301581122212,-0.006406820607381311,0.021343316712668446,0.02212477692944835,0.019529472571065732,0.02694954721903254,0.005582127533771847,0.021046617019843557
2023-03-24,0.008271439212534077,-0.005893146925693609,-0.004798528305794343,0.0006977134712109419,-0.0015162092769968685,0.008432974505574268,0.010426067639242196,-0.015268160136292121,-0.009460894526444722,-0.019212796994965326
2023-03-27,-0.012369542250188902,-0.0009175342309669643,-0.014774469445149532,0.010438283529125169,-0.028669782067833653,-0.015507296992883921,-0.015046653689836542,-0.009303962260232545,0.007325624786097679,-0.023222580306197442
2023-03-28,-0.003988410344105907,-0.008193440518932924,-0.003419737137614031,0.0025741162966861886,-0.014054873006066884,-0.010705831624783297,-0.004169567451373624,-0.004571266421487162,-0.013753472002494866,0.0016530269444710814
2023-03-29,0.019597676582969178,0.03048493870739539,0.0012797033372453912,0.0067311078156754465,0.0035569595119344043,0.02300431112260129,0.019002234597769563,0.02150134394591704,0.0244876221590413,0.021246131897583002
2023-03-30,0.009841192388161207,0.017305747097592427,0.013103312611089853,-0.0006927306853631935,-0.004943535516627714,0.012052737965508948,0.012540813144552099,0.014678551488165886,0.0071949836717746535,-0.003131095433446481
2023-03-31,0.015523055361371628,0.012567761597929928,0.01221690507462261,0.008238309226370703,0.02776062857878829,0.01953461228738781,0.014851461025873392,0.014285890501599889,0.060504162532241994,0.005929900019069043
2023-04-03,0.007672230577946435,-0.008556175035560798,0.0014487589300641282,0.00889502956886797,0.006055007522737635,0.00531753688981746,-0.0037184447924504104,0.006745299087686982,-0.0631191851881688,-0.0019367795602558571
2023-04-04,-0.0032550024005739615,0.014925585099441844,-0.012624801356080802,-0.004480389820848855,0.0034436561280401933,0.007714154548428295,-0.000174075398528558,-0.018478238410135895,-0.01130773585757867,-0.007242933224150912
2023-04-05,-0.011354605468630197,-0.027799874012425067,-0.00854825873997895,0.008177565908265022,-0.0023901527899940003,-0.015204516674487538,-0.009938303048439031,-0.021055754144428354,-0.03734894534323136,-0.02160513879637366
2023-04-06,0.005480940151546953,0.009450740780884159,-0.010178633027491151,0.013702090614281822,0.03711256140504368,0.02161097490987416,0.025212334962802115,0.005786509414332035,-0.002482632348555329,0.0004433820976418332
2023-04-10,-0.01610120769544503,0.001077222967143844,0.00759969574936797,-0.00315346959353717,-0.01843102824608478,-0.006266711207332589,-0.007607800381094377,0.01984830736491817,-0.0029764508462150788,-0.013611850008271874
2023-04-11,-0.007620096987896746,-0.022268227189569913,-0.009319763754861935,0.008983660126740938,-0.01029337074369784,-0.004199779858174507,-0.02292941235622229,-0.014977956169734363,0.012281322445656677,0.002468425344597961
2023-04-12,-0.004362890410243614,-0.02113855030607884,-0.007865800990534518,0.005599931672351299,-0.00676223420201509,0.0007011653911287111,0.0023308629045226425,-0.025120533241477408,-0.03403263254550459,-0.02691670315528636
2023-04-13,0.033534977982490534,0.04565543032053212,0.012152155051225811,0.014903895029633067,0.026313545541042316,0.02924118931639608,0.022152191237875506,-0.0012086287242482955,0.029256539212836878,0.0020699266290618726
2023-04-14,-0.0021162562566604,0.0010736481279814353,-0.007557560843630424,0.010620716801945339,0.0133150176551134,0.005160265496910093,-0.012847615906861964,0.011085855164237336,-0.004853036816821199,0.001721611112013437
2023-04-17,0.00012121812908250439,0.0022411286119837716,0.012543236189291217,0.003823326923209627,-0.02699837835310695,-0.01194518189766164,0.00925268720425997,0.00907758344976319,0.010966636750077955,0.009018868820927499
2023-04-18,0.007476659013524876,-0.004291801457498827,0.007875068686199135,-0.0034201823904363594,-0.013969039979879564,-0.004442052392678301,-0.0014896307537809299,0.02432943120147057,-0.014703352511066695,0.0017033250102978803
2023-04-19,0.0069441235689461705,0.01936168847711433,0.0034417788618922173,-0.00252636471225155,-0.0030668617499150356,-0.010101707747682546,0.00027720564140220125,0.009496878226801491,-0.02038986113166757,-0.01037797172350608
2023-04-20,-0.005863330172605147,-0.00470910957902097,-0.002335358093724245,0.0027278760479461004,0.010598356906285801,-0.012267799884719956,-0.008145166903932818,-0.030055785008010975,-0.102540365251667,0.023341233916770836
2023-04-21,-0.009829148707127991,0.029892642547029304,-0.00018950295147476012,0.00021154320848902833,0.0011390099624052489,-0.0008451751232948082,-0.0012241579421247446,0.0005531447539020787,0.012741333042302827,-0.044894816414621466
2023-04-24,0.0018766312089486677,-0.007036666520682404,0.002587790155576935,0.0037098332910199343,0.005298534861103719,-0.00046975429725782986,-0.014061142145616238,-0.0028433303326303094,-0.015444550452118741,-0.008587869838117419
2023-04-25,-0.009480425047516046,-0.03487276836944828,-0.019927963769926046,-0.0063179594914786474,-0.020208568252185494,-0.02493352757334245,-0.022793921578887946,-0.03006828809134117,-0.011633104865311444,-0.028157545648290698
2023-04-26,-6.119477704482548e-05,0.023224398457013323,-0.009416929085427036,-0.00732206001420419,-0.001348898670162494,0.008873982325229705,0.06993160954545675,0.026882934561499736,-0.04402465397224694,-0.00048603416419718595
2023-04-27,0.027999573061994555,0.04507277127081395,0.00359634977621077,0.01654597876293816,0.03672904347134213,0.13037454073171492,0.03152561830857732,0.009966477622408099,0.041032719267455574,0.01711687478854318
2023-04-28,0.00751292558964267,-0.04060578108740084,0.012997072500650905,0.00634365469909821,-0.002326392154815372,0.007350630339158234,0.007939876584258954,0.019027548059166684,0.025394246651119615,0.007501784489324069
2023-05-01,-0.0005305096741408983,-0.032773958824064836,0.01811104680555287,0.0010335096519579442,-0.001305012695192254,0.011830428846410244,-0.005548329040580419,0.04098768908227287,-0.015208459761728233,-0.003803467777319512
2023-05-02,-0.006210960037075359,0.01536391753200235,-0.0409721025501142,-0.018647156849511206,-0.01769287887656686,-0.01633457148880897,-0.0004908745240773486,-0.02451117634639043,-0.009436987371174365,-0.012220131128043363
2023-05-03,-0.0064878482226888535,0.00019301691085360208,0.001403455834137409,-0.011181487119835933,0.000854172316476502,-0.009280589748702328,-0.003312424886677934,-0.014568437533345564,0.001869644402715088,-0.003138921761933716
2023-05-04,-0.009963097600319536,0.0033710455381283566,-0.004970011740558143,0.0019097359368953667,-0.00685389529206471,-0.01491907663327717,0.003312424886677996,-0.008670042796466226,0.0036667412660127767,0.009507291224389416
2023-05-05,0.04585911258168987,0.015835527254169667,0.03218915059555427,0.004687285681467105,0.008370608499976999,-0.0031739104012395323,0.017011746675858627,0.03976212360861751,0.05350549046047228,0.01757138846202497
2023-05-08,-0.0004035336699242937,0.0016076240119395433,-0.0016837001580958424,0.010436565746397742,0.020625015765403935,0.0021029192898474386,-0.006459027972565466,0.016289097142353177,0.01012145995502574,0.006685939481988228
2023-05-09,-0.010021245902280946,0.007437086747609702,-0.016913311045995614,0.004016069654889965,-0.0039047727094905973,0.0004285209287606537,-0.005360104773792527,-0.020097033207091084,-0.015486902413259212,-0.005627391765479715
2023-05-10,0.010367129144335352,0.032935033500925935,0.012468108395270861,-0.014127379259210565,0.04016971173201177,-0.0012433949342793515,0.01714846210065225,0.010930363231055982,-0.003612788634512576,-0.0018826067654290038
2023-05-11,0.001094167137329691,0.01789855614458502,0.0022330864299253427,0.0020304575503819213,0.042227758390927156,0.011559734289062797,-0.00706925103383306,-0.010685387429959236,0.020786425091438347,-0.01746617614866553
2023-05-12,-0.005432371151337781,-0.017263494264582263,0.005529050463367339,-0.0036944428323401283,0.0080315022381038,-0.008432749732882185,-0.0036827250639340876,-0.008362962591887353,-0.024114596337054404,0.0
2023-05-15,-0.002901490090056608,0.008489121836596263,0.01361211577700952,0.009559562284738064,-0.008546390134389941,0.021368980742038447,0.0015846912556623054,0.021399549858915005,-0.009750860107846383,0.026378018823037325
2023-05-16,0.0,0.019591050376757332,0.002559917480157728,0.005469989104372414,0.025422927730851266,-0.00016752401602740426,0.007340438693499737,0.008940142727797789,0.0010214088288270423,0.0025648466882690416
2023-05-17,0.003596439407661859,0.018349125212474244,0.024683403347382997,0.003963096398213132,0.011067276299438603,0.015250297442117368,0.00940734306690068,0.03249937957537235,0.04313493317739194,0.05658902129371301
2023-05-18,0.013573743653836326,0.022684486585828632,0.03060062945361981,0.0074829198073517456,0.016333975208291582,0.01782040127274265,0.014291969671021306,0.04850931412964417,0.01727768584344739,0.019288935129117515
2023-05-19,0.0006282384794492916,-0.01621197208021114,0.006396446977597542,0.005538208617112304,-0.0005699784172871896,-0.004913910241755935,-0.0005649252488689446,-0.013155218414336714,0.018206255962432197,-0.000755553112773834
2023-05-22,-0.005495864713875999,-0.010723944788673759,-0.005703301131557787,-0.011927040780337609,0.018482426225082685,0.01085124277082885,0.00888163042044256,-0.002818767064994532,0.0473245988875953,-0.009332956050251435
2023-05-23,-0.015271002041185491,-0.00017395019575132932,0.011913577982192562,-0.01846340138224658,-0.020113024088275276,-0.006383174074189892,-0.018604059919463758,-0.015776926926886585,-0.01654954945301326,-0.014053617226786965
2023-05-24,0.0016306615040759906,0.015189747065966132,-0.010205022398388315,-0.011108670480490803,-0.013636892571447226,0.009960824817446225,-0.004482438939723234,-0.004899770975495064,-0.015569850375932186,-0.0034336085297923544
2023-05-25,0.00667020063319117,-0.01510276818575663,0.06999799335306328,-0.005244488062431462,0.02111545118901084,0.013867513073376248,0.03773684494912168,0.21808802799677665,0.008547333224801211,0.11337232944093498
2023-05-26,0.01400622120099505,0.04347586628475364,0.10899962952352786,0.005460272155870854,0.009109680479082154,0.03633360892088102,0.0211598350516672,0.025116085542482874,0.04608376548838008,0.022140380645661213
2023-05-30,0.010603151371112729,0.012822304345733589,-0.011620907654311638,0.005277327477766721,-0.007572147843733741,0.0018301607072709974,-0.005059371358494349,0.02947471865303089,0.04053000876950061,-0.011989029321439358
2023-05-31,-0.0002820040285936809,-0.008916850747085097,0.005734675309893429,-0.0024579213785660098,-0.006489887322891286,0.008345449902601988,-0.008550703807955716,-0.05844241622402545,0.013676132280176286,-0.03380704655366124
2023-06-01,0.01589538419607133,0.01799921060282327,-0.02254288848099864,0.008114131520604771,0.006894017007969158,0.02936941923771884,0.012678727319996402,0.04990446085709748,0.017450979367424443,0.0025326268215885434
2023-06-02,0.004764108816138397,0.011983006127262639,0.027530429504194272,0.022111453607431185,0.007649321589913363,0.0,0.008443336915523915,-0.01120152029881103,0.03060808282755694,0.0010112735537090522
2023-06-05,-0.007600000289646062,0.008415221280893044,-0.012017645658581471,-0.008130377635194917,0.010690999864350011,-0.0044851159823804075,0.0016086588246889875,-0.003974482548839604,0.016868648629117366,-0.009035964441403402
2023-06-06,-0.0020624450931000754,0.010400614095252173,-0.015449702110266582,0.018415278421519413,0.010263860388827428,-0.000995374863559094,-0.006750114249039756,-0.013286423517418797,0.0168599499197107,0.01789095020629099
2023-06-07,-0.007786628456107552,-0.043421904903774046,0.0033235570915718725,0.007049083350715436,-0.03851399438965883,-0.02812860575026154,-0.031354413102344963,-0.030872804578905434,0.01462307267215497,0.004697294483556061
2023-06-08,0.015346924035146793,0.02460606952762862,0.014491428187546396,0.001403873475850376,-0.0029431604816511463,0.0037105254238548645,0.005796961468955951,0.027243826690491905,0.04480209933086133,-0.0034958742125218156
2023-06-09,0.0021574548224209044,-0.006621468748440394,0.000522190137528379,-0.003271598084568269,0.0007365868768484188,0.0013975756007657966,0.004692775833189985,0.00672901249563511,0.03981660778824795,0.028215453137178888
2023-06-12,0.015517575090251165,0.025121316164936732,0.061152380449495454,-0.003600554562247777,0.011469563457955093,0.022762152590245357,0.015365308189275577,0.018197941122754805,0.02197449156261295,0.040603984062641915
2023-06-13,-0.0026149241344985896,0.0007108476079609743,-0.004969214889432685,0.009097905634046981,0.0015356066696476417,0.0009959717175929469,0.007325758930397185,0.03826370791724659,0.03492701634188564,-0.00243146705692752
2023-06-14,0.003485356044355269,-0.0018966774409431106,0.040366698457362085,-0.007143054981489043,-0.0012929136613097382,0.007453906793759115,0.009082345793122688,0.04702201566239717,-0.007449046704933148,0.005695227894480772
2023-06-15,0.011136450903763438,0.005443175548084132,-0.0031077690613558035,0.012453504752124426,0.011416780550260392,0.03055068953860106,0.03139867516794952,-0.008032735193309408,-0.003471944208969137,-0.016800374395156383
2023-06-16,-0.005877176634553837,-0.012826801009233037,-0.017493943464059244,-0.004640965015330714,-0.012549561785851945,-0.0029491896149921397,-0.016714736328717027,0.0009137422304772964,0.01796971375181672,-0.0058163841292731226
2023-06-20,0.00048653669128634867,0.002308282311188502,-9.199668964435972e-05,0.0019436352085710307,-0.003486989361296446,0.01178102832130996,-0.012581239798204748,0.025804899523619564,0.05201270640767318,-0.005658080690038552
2023-06-21,-0.005691407878984693,-0.007581513078945958,-0.01843322623199251,0.0009995003330834232,-0.0209323546439287,-0.00950604257058595,-0.013371091715987844,-0.01757024021694081,-0.05616662426467672,-0.022761552668304735
2023-06-22,0.01639018613537416,0.04173475821321792,-0.006189171949549987,-0.007857917053852203,0.021338480095074185,0.011438396967968086,0.01826947964363554,-0.00046490935437762485,0.019654473293680905,0.014553002278171644
2023-06-23,-0.0017127780781328854,-0.006320292959406817,-0.02436760958368291,-0.002897758224596061,-0.006599186362555894,0.013423992623647817,-0.013902061425166706,-0.01914769514336284,-0.03073851253541729,-0.011900094545754107
2023-06-26,-0.007581490861754307,-0.015585135619426043,-0.0006326411183788955,-0.005899722127188271,-0.033242198003623026,-0.036181606566453854,-0.01934901264861421,-0.03807766795854622,-0.06251408245574486,-0.017820484262649833
2023-06-27,0.014946711537704825,0.014424567940817595,0.0320619257084272,0.007036330844664373,-8.431806181027885e-05,0.03034595956899432,0.01800489814386518,0.03015693300048055,0.03729619858071868,0.019487155391535387
2023-06-28,0.006307789116266088,-0.0010843421189455317,-0.0005423324917191919,-0.007726904541520959,0.015513170340725127,-0.006150143693084036,0.003818597672718245,-0.018291335601463007,0.023813875097039847,-0.01142854868664999
2023-06-29,0.0017950345905721646,-0.008873661272556729,0.017106521537694177,0.011011878752047469,-0.009027258096335965,-0.013267192764219905,-0.0023849954332060466,-0.007200205946465768,0.004905252914132209,-0.002778427758023879
2023-06-30,0.022839655678234233,0.01905113813636069,0.005618375409325076,0.010776070960439126,0.005025172113673946,0.019173644684217877,0.016253027434640705,0.03561311381336396,0.016446493545468958,0.002778427758023955
2023-07-03,-0.007815125692892519,-0.0010745214685311468,0.010333474872426376,0.003181430855430687,0.001669525472102348,-0.0033508885725908187,-0.0075163286254725835,0.0026202979728868025,0.06668035183063045,0.021855928481755677
2023-07-05,-0.005888611776005301,0.0012279637641415527,-0.016775267248921966,0.002960231291123023,0.015311712383037796,0.028775763362895283,0.0004732285572452192,-0.0022657948570762552,0.009461225032650612,-0.021162624089132567
2023-07-06,0.0025056119276942873,-0.015614479950363446,-0.01621228826010373,-0.0023059195459770527,-0.013561766119832333,-0.008118045312642635,0.009184296448881787,-0.00506989656336027,-0.02125228365266279,-0.01576882693725855
2023-07-07,-0.005908949730157604,0.011001878790426247,-0.0014750739083801707,0.0034952312282400372,-0.005258988269376935,-0.005012459319208651,-0.011938397667666608,0.009455541613890592,-0.007659314226953743,0.00821492123668914
2023-07-10,-0.01091503367633474,-0.020630536429565176,0.03593347095076516,-0.008633457427545023,-0.025687067603685387,0.012212869375805362,-0.01611270827595186,-0.007628491559669007,-0.01771977662648564,-0.004600129169484165
2023-07-11,-0.0028139449666391854,0.01289534927354134,0.004909694609160634,0.00818283637783466,0.00590790519128005,0.01414626993354476,0.001926840061620162,0.005320148622582497,0.0006674942605875906,0.014824072920850927
2023-07-12,0.008945364717609492,0.015563949723523061,0.00891651244194246,0.007671144865519932,0.015165253630540025,0.036374763776120284,0.014126563779702925,0.03469366319494247,0.008121354742896705,0.02573747842893299
2023-07-13,0.004049210980801831,0.026406663898050423,0.00046062447344762195,-0.006812263926847594,0.046091878743826885,0.013071280372386456,0.01606255462221965,0.04618136572352042,0.021496049775542363,0.015945273435675162
2023-07-14,0.0007872099058926995,0.0028254136578632553,-0.0020011801827399998,-0.008515881767187788,0.007041131319772477,-0.014591687728340038,0.007501026212048123,-0.011110300498547833,0.012444771516691934,-0.004081417718778407
2023-07-17,0.01715737169411447,-0.008350743114511814,0.024204431161183846,0.011705298753187451,-0.0061583201089088725,0.005649703674807173,0.0014183828764870773,0.021582242983645163,0.03148434056863512,-0.003334469792006029
2023-07-18,-0.001341333308721257,-0.005480667866621604,-0.007630364848062098,0.002384928390150856,-0.007165648272266098,0.004593309870316066,0.03902804618615292,0.021990147198937722,0.010141906463636843,-0.015774278315488735
2023-07-19,0.007046928429728828,0.01886777143765127,-0.0022827872026297763,-0.008132070645718774,-0.014077220775786645,0.012610509566470373,-0.01234304102540692,-0.008818782036421446,-0.00711596075110357,-0.0008728695747918911
2023-07-20,-0.010148747905648866,-0.04071113790508541,-0.014561457638406581,0.01096749438572331,-0.023464154446921,-0.04362666909723258,-0.02339311072720802,-0.033632729813426555,-0.1024426640636013,-0.051773374714531424
2023-07-21,-0.006180592161512168,0.000307687993656272,0.00942266252811431,0.0028653042876830466,0.006855637716971535,-0.027683544588178812,-0.008977265484355016,-0.026964007577493506,-0.011015199637560409,-0.0062528984527214174
2023-07-24,0.0042111478391474635,-0.009273613091557636,0.005382604940357941,0.009236229096638574,0.01250271752000017,-0.009046559145670508,0.003890449425923087,0.006814988657610168,0.03417588510139735,0.010230220591974454
2023-07-25,0.004503501470664623,0.002558849307688174,0.01802678110581059,-0.007905045405979465,0.005579820199931263,0.009759902224763216,0.016866041255757615,0.023635936646001127,-0.014148526638195701,0.020849817337080086
2023-07-26,0.004534527515703037,-0.007618281489535843,-0.027499211746059453,0.006501631329182905,0.05616242370506785,0.013827297017316813,-0.03836414554459232,-0.004981897511215247,-0.003511861575139069,-0.009112346213401035
2023-07-27,-0.006602645987429024,0.0007800788687019062,0.0004925204349315914,-0.00047012365117678195,0.0010050477298630257,0.043068589143118015,-0.02109313084129469,0.00980836506203622,-0.03322998965193553,-0.0006036447655466674
2023-07-28,0.013417536075690647,0.030410134252966122,0.0069815225990031565,0.002748031103024682,0.024277663402185713,0.043228102831212506,0.022867922519423274,0.018349022231127447,0.041105070589749985,0.01508432167933404
2023-07-31,0.0031609305890986147,0.0110572111941032,-0.0012677726245402142,0.004280721886132218,0.0010554977520391329,-0.0213647153770878,-0.007267010318291737,-0.0004492970121128659,0.0037087357528333273,-0.01709950601810099
2023-08-01,-0.004285064122212727,-0.014998135236778893,0.023480053924883983,-0.001869508863816211,-0.008854508820599067,0.012817760966765117,0.0012495799156477397,-0.00476206408476879,-0.02406922380883306,-0.007593055534441052
2023-08-02,-0.015611105827611393,-0.026781097330387048,-0.030571317916579983,-0.0011233852520121954,-0.024392546063648317,-0.026374537656744246,-0.026634428838056105,-0.04931820105797309,-0.027021352113566002,-0.02782262216049962
2023-08-03,-0.007348686085437067,0.005444917932495522,-0.008237136856828814,0.01339804187605777,0.0005451534530634532,-0.0035694725543773493,-0.002568119830155386,0.0055415925083851176,0.020295602012260543,-0.0075518041025565315
2023-08-04,-0.04921141870280128,0.07945180513430172,-0.003769919054805448,-0.013772784245067577,-0.0026504365063400597,-0.007885754705485729,0.0034228227651952013,0.003699736160377697,-0.021279912186420162,0.012347185258963476
2023-08-07,-0.017404099868939978,0.018808843040995626,0.01732762110144495,0.03375661363643938,0.02634565447437316,0.01858840501361941,0.007083108986298952,0.01636070562732252,-0.009538785882980292,0.0019738078326814097
2023-08-08,0.00529769768335896,-0.016161386274731373,-0.015616388464038329,0.00213751675246621,-0.0009888810172613582,-0.012460573764010864,-0.012375213637413172,-0.01671876457226433,-0.00698396541730477,-0.019493194074251548
2023-08-09,-0.00899485220121945,-0.01504759501753799,-0.03741163512901345,-0.014241200789423343,-0.013330645082517937,-0.02405217176892722,-0.011785073011179868,-0.04839414909235482,-0.030537632908455258,-0.005412014156701047
2023-08-10,-0.0012353129308437238,0.005137245447970533,-0.009246474028873694,-0.002938585717329032,0.0002316634369818749,0.001735046776855242,0.002169889876217609,-0.003908350400819164,0.012922436522360333,0.008687340331850294
2023-08-11,0.00033751229984405105,-0.0010831058272496987,-0.015711846088559665,-0.0014356975721618258,-0.0010029178679345108,-0.013500727814322008,-0.005963207365377867,-0.03683621711572339,-0.011024937980288016,-0.030089586325488155
2023-08-14,0.009349130244393959,0.015485316080358403,0.028911771616991683,0.00046038396835439984,0.013569163880051449,0.01497165389249299,0.009394688733688449,0.06853096791059984,-0.01198165060033462,0.01167200209928208
2023-08-15,-0.011263352759779513,-0.020846133672850414,-0.01365094771195792,-0.009328099734562832,-0.011872762160735212,-0.013944529189534802,-0.006750408475345492,0.004264946793912035,-0.02877160626916368,-0.015047807377251492
2023-08-16,-0.004971397056807071,-0.019066286976507706,-0.011375762325043176,-0.0011342465543040725,-0.008356464199190287,-0.025695793493565395,-0.002431445817691568,-0.010386119804729643,-0.032103247149655095,0.0010902373563233937
2023-08-17,-0.014662252653412033,-0.008102713606702033,-0.007096070131443108,-0.0031230285194353627,0.009434722053673702,-0.03176082160368785,-0.011046996978002568,-0.003270816100577406,-0.028687749322523545,-0.001526561625959049
2023-08-18,0.002812191679641415,-0.005688597043229265,-0.001524399333035905,-7.465207467519846e-06,-0.019116279731267265,-0.006474925155681279,-0.0012631553598824192,-0.0010387538567696209,-0.017161267109647226,-0.0059100434536866935
2023-08-21,0.007707183531785141,0.010899633762398327,0.04649023820827203,-0.002086842909304268,0.007114245699929308,0.02320606975956295,0.01691880101953145,0.08131568343842496,0.07071456218373605,0.01589935995385292
2023-08-22,0.007873566278520112,-0.003197806521519639,-0.010866423352944837,-0.005363149727657243,0.005515692678252409,-0.007965346536893935,0.0018002630501922912,-0.02804743899821669,0.00822448994977978,-0.0034631563154150884
2023-08-23,0.021711500516179084,0.009415529041193322,0.024002891896663412,0.00993469288552264,0.025168483774330182,0.02282500784952381,0.013981044682144308,0.031215096220815957,0.015615669490355368,0.02123861539020079
2023-08-24,-0.026518906413890937,-0.027530224045928062,-0.02555813684784331,0.0011721694847738441,-0.019760400275727858,-0.025785028677681524,-0.021732918499599903,0.0009968940815489916,-0.02921607421029239,-0.018099615620246513
2023-08-25,0.012563940844999453,0.010713027528748599,-0.0030945436539532036,0.004119584960994672,0.0007705395430761738,-0.004368526370102837,0.009363367362214017,-0.02457692468061025,0.036493404628287436,0.006141247760324218
2023-08-28,0.008807176386560369,-0.0009008643247144191,0.010812373459188656,-0.0007317491445954085,0.008662551662565732,0.0165350738205591,0.002226732574913522,0.017598001701571893,0.0009635784854130897,0.009620553192403231
2023-08-29,0.02157576887490951,0.013206715007284348,0.032955362599443906,0.007363414664827154,0.02681101840343894,0.026282691314310686,0.014445673193392313,0.0407715098488141,0.07406603958973092,0.011424007491135216
2023-08-30,0.018990872971546603,0.00118530020246871,0.0026370794594564816,0.006883992496214947,0.009687705997839436,-0.00974568842085593,0.0011563210072708483,0.009791307450203894,-0.001089320005828064,-0.0031602943762077712
2023-08-31,0.0011716069336421787,0.021532889699268778,0.03373001125549607,-0.0011388638003798112,0.0021317449941350686,0.0026736742266949263,-0.003137630004750185,0.001845582544323509,0.004582681990043304,-0.012848477064700544
2023-09-01,0.008427886483234356,0.0007967306725371615,-0.05612445432341025,0.005972344452129894,-0.003752381876716979,0.001654553475333415,0.002742045366100354,-0.017289839542408685,-0.05197055872941754,-0.004069498758872596
2023-09-05,0.0012657946857077417,-0.006173016781758742,-0.0004011007559236956,-0.006151609684666905,0.0008105335130344847,0.012639892158671869,0.01476893052971297,0.0008037157475361079,0.04579063580383254,0.015017010822588214
2023-09-06,-0.03644945643692074,-0.014011920021062172,0.0001146553530464647,0.003712273284949069,-0.00969548106579021,-0.0032702857003555686,-0.0020106017149629112,-0.031026056331338817,-0.017978069897591802,-0.025046696191782035
2023-09-07,-0.02968561243551679,0.018228281379293984,-0.017626220639253558,0.0004919869996012796,0.005932023168255828,-0.0016728587161250336,-0.00896208068754769,-0.0175777415229691,-0.0017083203640210316,-0.024245779176947584
2023-09-08,0.0034855890918137266,0.0027527518216119884,0.0006065175727626265,0.004498637549532432,0.008246268380603848,-0.00261491792906427,0.013129020676608066,-0.01457341828844574,-0.01196040362366727,-0.004563339727622374
2023-09-11,0.006600580957125503,0.03462479564658769,0.0018523887985626422,0.007055149195719106,0.003951925508184866,0.031945949270255264,0.01091951345761696,-0.008683237988396033,0.09615118904304938,-0.00044625614375909227
2023-09-12,-0.017207817740664984,-0.013153992385327589,-0.01716337137517162,0.0037853097707309397,-0.011606979176490777,-0.019369726759217106,-0.018426415824661313,-0.006840882566229858,-0.022549196320499374,0.009773412889496753
2023-09-13,-0.011925685342971388,0.02530902952298205,0.009908980614355075,0.0009682886256421424,0.010071874558785478,0.011208089334106473,0.01284766360653393,0.013613214194413891,0.01418033641106544,0.008145318922718877
2023-09-14,0.008744135945646625,-0.0008979168301894522,0.021699039202839082,0.006760795425836443,0.010116176495626879,0.021596767734307902,0.007825044046734488,0.0021083954024315485,0.017320639037477315,0.007913543355799333
2023-09-15,-0.004162485257978201,-0.03037658988565322,-0.023165673450128182,-0.003995581641881201,-0.005081660695320307,-0.03729004241169485,-0.025355577158310414,-0.03757655968862919,-0.0059953082833390835,-0.024569576633708942
2023-09-18,0.016771981283956124,-0.0029247348968620985,-0.0019743163828947878,0.00588079748825416,0.0058779903212579625,0.00743136433355234,-0.0035191250735038967,0.0015021705836126438,-0.03376463807907184,-0.004716910158681786
2023-09-19,0.006161776746689317,-0.016930564270193287,-0.0009417566501548609,0.00048495701620059295,-0.001230928296278518,0.008294548514359346,-0.0012466844390056787,-0.010196019303093978,0.004588376260533905,-0.0074578284764330776
2023-09-20,-0.020194634041116034,-0.01714838747973992,-0.016750840522171975,-0.011598366257229731,-0.03164570772247938,-0.017859313534946304,-0.024269079916799215,-0.0298765522211676,-0.014780377139554338,-0.010030785807291524
2023-09-21,-0.008929457586109076,-0.04505328140436448,-0.027104744740772214,-0.010021661867465134,-0.024984382140257288,-0.01323495826545105,-0.0038731599335650488,-0.029357401213544226,-0.026588996104119158,-0.02235820210636767
2023-09-22,0.004932492870670312,-0.0016251248796010811,0.025309108161223733,-0.008776583001261322,-0.0014578517201222247,0.01126408345240639,-0.007917802431692059,0.014353892789893408,-0.043236555785455495,0.0032747399859778072
2023-09-25,0.00735315659990106,0.01651413665688319,0.0057848042543378496,0.003919334437221152,0.006581302000004714,0.005834203556728194,0.001670354008177394,0.014600826930092233,0.008579557642105126,0.006981774308548594
2023-09-26,-0.02367651963243623,-0.04113311252209692,-0.021454165625617735,-0.004551153410060946,-0.019563203315562862,-0.006235526540527248,-0.017151837051974258,-0.007392888231194125,-0.011687984544271047,-0.022871094980628
2023-09-27,-0.008937118803346345,0.0,0.0007594077867650078,-0.006201983375358845,0.015205924061482393,-0.004089199565582973,0.0020803538292664884,0.013202341411881199,-0.014939798128788435,0.01355124960570386
2023-09-28,0.0015243237528492547,0.0,0.018425849357828553,-0.0025655237401342765,0.013468214293639966,0.020675583258634358,0.0027135910544599105,0.01451694115906744,0.0241549898062297,0.01128920153256371
2023-09-29,0.00304187464337851,0.009008352994332959,-0.0017082745607071303,-0.017953421950006664,-0.011019887398861276,-0.01241392516066185,0.006704953676017968,0.00947022779216499,0.015465456415727708,0.0056545566950212105
2023-10-02,0.0147265099821748,0.018240461143240468,0.005247524381456056,-0.006639399831385168,0.02497990230653286,0.021779129717635327,0.01897934423262435,0.029068331357302996,0.005500013317317833,0.008593446902815766
2023-10-03,-0.007800165758637593,-0.0373007704408456,-0.02439211950487047,-0.011508119832392767,-0.01305362123989713,-0.01935031789756972,-0.026481578919855846,-0.028654574842368066,-0.020356864105244107,-0.025888318577267252
2023-10-04,0.0072820788541545604,0.018115851921521226,0.010960182492196302,-0.00046761480891256094,0.020996984410063365,0.015300718030358837,0.017617264716334124,0.011969360624468014,0.05764957536105983,0.014644549009727495
2023-10-05,0.007172207544990257,-0.008222697494164894,6.069883579973148e-05,0.003578197882190662,-0.0012579776272949137,-0.0025886809371315645,0.001253048427996946,0.01458400589256989,-0.0042593870629195184,0.004145143254797653
2023-10-06,0.014642832415634428,0.015753318962097584,0.02564364209579139,0.0035844724118368953,0.018412314679004955,0.03431357955749232,0.024436107001410846,0.02374894688113127,0.0018441397469999051,0.02563655432939748
2023-10-09,0.00841548018699744,0.0023417029658428425,0.012485869345446569,-0.0033075527120051216,0.006087040997788683,0.009246106507906481,0.007792154594216335,-0.010743159618012966,-0.0033063672235030548,-0.0033654261838987906
2023-10-10,-0.0033577330109869387,0.00946698516860395,0.0029518406140429227,0.009199661925407634,-0.00260416437335895,0.010871747854524664,-0.004345092818003411,0.01152960432747055,0.015097007960672728,0.01804048690029531
2023-10-11,0.007872973844596615,0.017986831598422272,0.01863914975146704,0.0005485411779859361,0.017874825506984708,0.018410305950826013,0.012197163250214445,0.02177099419014069,-0.0023926822540326844,0.015223989210526501
2023-10-12,0.005048322028035734,0.003785588962598881,0.034876688265129026,-0.008170270172982514,-0.01130506430288442,-0.011227555952955135,-0.0037975193326552025,0.002965342462916704,-0.015789985181823882,0.004554837158786643
2023-10-13,-0.01034592833637856,-0.019381108651019514,-0.025068685829826475,-0.00347015341300569,-0.011652786151214171,-0.029649158491949303,-0.010411471481759365,-0.03212189490536939,-0.030395093236742683,-0.021435566868847362
2023-10-16,-0.0007271416653658604,0.021042247787508333,0.021717340784406056,0.009093785143315497,0.012587715216406403,0.020320096216389187,0.014870709702307765,0.01384965567986944,0.011088356477393282,0.008366430835996386
2023-10-17,-0.008823521010828077,-0.008181257764936053,-0.020336867894737976,0.0005212158662382888,0.004447363646782468,0.008835405461510454,-0.0017451201448587246,-0.04792501377937971,0.003655911168542643,-0.002414776363459087
2023-10-18,-0.007422247250765629,-0.025733286363791553,0.00296927550338638,-0.018367560860095784,-0.012676588545133025,-0.021936472624375907,-0.005889990368628953,-0.0404541712144382,-0.048931487841958825,-0.015504246058431549
2023-10-19,-0.00216363701372109,0.00210493209093831,-0.021883008002417378,-0.0050208339043816734,-0.001523412157275734,-0.01321102926732366,0.0036589625055631512,-0.0022537893353744677,-0.09761624872658338,0.036276059925385164
2023-10-20,-0.014813151955346307,-0.0254775450093018,-0.016497824269555594,-0.008864701760248101,-0.015730873549070882,-0.013388198505553452,-0.014134126912548138,-0.01710484132317408,-0.03758829450641688,-0.01737092717873917
2023-10-23,0.0006937490052938728,0.011043686017449744,0.010012554583796927,0.0029311208088587263,0.006614890511971142,0.01721706974254078,0.008079414162630125,0.037651884925253294,0.00042444095402800134,-0.0021928993239547683
2023-10-24,0.0025401701385255123,0.015679217710014463,0.021671986368921974,0.007290433262679274,0.016781603394584503,-0.0046605318620493415,0.003667441211565087,0.015882352386279188,0.020719371046622376,0.005800397677881266
2023-10-25,-0.013583479476403927,-0.057387204557163146,-0.03638160359421834,-0.007485574252663325,-0.09992405506046954,-0.04254989761990121,0.030216829653779777,-0.044107072620232085,-0.019117503387764426,-0.044630271167686864
2023-10-26,-0.024913388595958715,-0.015106526502479031,-0.027298533501249674,-0.0044497762966094435,-0.02686845462970472,-0.03803946149776518,-0.038235974876743795,-0.03539742792898669,-0.03185502392111449,-0.0021704094719057917
2023-10-27,0.00793775135886787,0.06609496003096173,0.013945217428485123,-0.013320374554351526,-0.0008999922494954272,0.028647820205597332,0.00583856948539522,0.004305490572575571,0.007456619810883741,-0.016836201896099988
2023-10-30,0.012230353232695435,0.03816941562949805,0.003441268563113496,0.019067123625689394,0.01857080027034889,0.019787291483905727,0.022485553132604894,0.016189374171776193,-0.0491375588495086,0.0008138253673769982
2023-10-31,0.002814667295299406,0.0028592165427562357,0.00014263267996010717,0.009234804544278849,-0.003057807758190162,-0.004603336767189187,0.002368808284223928,-0.009299582814392178,0.017479077618859314,0.0029006028410789486
2023-11-01,0.018565084431183883,0.028955362245697565,0.013657688644106934,0.011375214585062108,0.018920447030946964,0.03451547846126599,0.023269973420658667,0.037186311134924856,0.023715784675123197,0.017116065578700383
2023-11-02,0.02048221827697743,0.007779930147075702,0.02129711554300289,0.012505748374262752,0.008191099220192559,-0.0031474965951145983,0.0064804647230326745,0.027520799429587104,0.06060741733192271,0.030067545940287578
2023-11-03,-0.005194658091803681,0.0038312748175106013,0.012976394893507343,0.006531026686842387,0.012549222031887282,0.01192729123218888,0.01277963443455063,0.033874776402108286,0.0066139872231546415,0.014374353689147839
2023-11-06,0.014499642786533234,0.008191461641482902,-0.0020980669407056614,-0.013892976684985622,0.008868238779791267,0.0038069325983180907,0.010516878670498655,0.01643994188922875,-0.003141875517399729,0.008785610560499922
2023-11-07,0.014347373633200917,0.021031053723631822,0.019105031765867187,-0.00222490654948585,0.005512953656753008,0.009517685883072507,0.01115697013529687,0.004449182289840024,0.013183964542986409,-0.002053864765052857
2023-11-08,0.005867516918728894,-0.004424354026475328,0.014715826728648523,0.0026237252916562048,0.00662068814799332,0.0030065728038060472,0.007378591984900362,0.013379826665521791,-0.0003150737899407528,-0.004446566480963611
2023-11-09,-0.0026279805980666997,-0.010471269344291862,0.0002745508891122914,0.0029671502546451184,-0.012210131530726231,0.0024049790487640143,-0.006934847212447428,0.008040629172938097,-0.05616048965858225,-0.004139000685440953
2023-11-10,0.02295452448894852,0.02083402648617425,0.049386599548702975,0.006906851365310774,0.01788279392934447,0.025320101643416457,0.02459189327831329,0.02907278020281308,0.021996498496030515,0.06158737763861067
2023-11-13,-0.008620611044866387,-0.006779695661997966,-0.01112138022887671,-0.0011249335726096555,-0.003778352414536273,0.0012766651027552181,-0.008121230374912195,0.005878964101527648,0.04134183399945281,-0.010523278859333908
2023-11-14,0.01418476764596146,0.022262486894446033,0.027117544297474826,0.01143844908910594,0.011516425624668529,0.0213983790965112,0.009742922680486094,0.0210841764831199,0.059438019477541446,0.02549672760500835
2023-11-15,0.003036109426405292,-0.017993607290294027,0.0025049314780560467,0.0094453892332237,0.007455868583378412,-0.010762160109923844,0.0004058503342881236,-0.015587122907531547,0.02261415546906529,-0.0011127525752161521
2023-11-16,0.009001610246540793,-0.002587108521031568,-0.01638326197342831,0.007593218228428028,0.017013980485574648,0.004438616979946824,0.01743029002890818,0.01203656431574214,-0.03883534904080814,-0.002634987883349904
2023-11-17,-0.00010547367371867778,0.016319176713110995,0.018769149655665448,-0.004482853059936912,-0.011901274017858168,0.002540087997580183,-0.01694353719713032,-0.0036850004062357663,0.003034932397664385,0.010498626070188873
2023-11-20,0.009235415931304744,0.006522368493262836,0.018222484194591163,0.006677521501692395,0.006923005978093301,0.014607575510929201,0.020314066780736086,0.022286276207443282,0.005533119144943252,0.0038088548571386287
2023-11-21,-0.004239802897068481,-0.015378098422388055,-0.014679813785870853,-0.0003852259507355565,0.005270482228893645,-0.008833916829001419,-0.011645339773010247,-0.009267552566325221,0.023490974516940342,-0.015627663195548803
2023-11-22,0.0035083707020960313,0.01933932343605667,-0.009420400725850044,0.0034544237715635503,0.011036340896123743,0.013294856973012362,0.012730973774149798,-0.024894682014513267,-0.029408274734311717,0.0024357094336744803
2023-11-24,-0.0070290123366717775,0.00020445580612358505,0.007042960540654746,-3.6396061950152265e-05,-0.013082735872680436,-0.00959237974180647,-0.00111205755578699,-0.01948413542908485,0.005280386261856706,-0.008346851644369695
2023-11-27,-0.0009479577154682006,0.006723903692254734,-0.029684156334750897,-0.003746773820129067,-0.002050478592814178,-0.010491470450463078,0.003121513949840387,0.009706640695221837,0.0026721746625813217,-0.006357603215840801
2023-11-28,0.0032088475684326715,-0.00474961512561893,-0.004102052915745268,-0.0010527144004261113,0.00577474973930513,0.012735948199593257,0.010744964174794862,-0.008765338184013862,0.04408335693193017,0.007889789973022365
2023-11-29,-0.005424304047760482,-0.004840585148378569,-0.005850014214435208,-0.005434686370124287,-0.016239076161407427,-0.020233383946691993,-0.010111249892476783,0.0066487954674246804,-0.010512266581044115,0.009143508496045642
2023-11-30,0.003058003786572271,-0.001573209061844679,-0.016179967648560525,0.0036612095347151774,-0.018391715642717563,-0.015318463170141954,0.00015842714738713583,-0.02887139592149361,-0.01676961998268328,-0.016005336686442537
2023-12-01,0.006768505927136495,0.006413794210223246,0.004601898327618074,-0.006406261285190125,-0.005068299585521586,-0.007147427365825881,-0.011680279207159312,-0.00010700365891717922,-0.005220199323597404,0.012662421642043164
2023-12-04,-0.009509831427165768,-0.01500697967354326,-0.006504826540850841,-3.5029207910176854e-05,-0.019837351914736488,-0.01488784805694335,-0.014442604037561417,-0.027203090654030527,-0.01370144313218934,-0.015749888619708417
2023-12-05,0.02084456852571821,0.013986300502114904,-0.011812563035829726,-0.00581523302534584,0.013217787975882127,-0.005420442185831533,0.009114773405929874,0.0230266475405574,0.013240755825754019,-0.003304219245717219
2023-12-06,-0.005703165967321179,-0.016198024273178,-0.010436108417122187,-0.0075014079456857735,-0.0074329105297567645,-0.0026425734348679017,-0.010036220045714474,-0.02309265946458272,0.002719129460769398,0.011925781752996868
2023-12-07,0.010088243286147013,0.016198024273177868,0.020396252630942687,0.004771677273745198,0.0517814754991946,0.028385051245816542,0.005812773180907659,0.02373645791227857,0.013568409275163597,0.014609057727901494
2023-12-08,0.00738495305932454,0.003669683224747049,0.02361667524632597,0.004119584960994672,-0.01426898580234452,0.01868602024983075,0.008803292320168552,0.019341544584214998,0.004933396614923965,0.010619253385286466
2023-12-11,-0.013011584894204278,-0.010432734440314026,0.08613208660615439,0.01270963012737914,-0.01267364308241805,-0.022705203212902203,-0.00786023992539408,-0.01867622199471129,-0.016957231787828677,0.0059613031142049955
2023-12-12,0.007888875470564322,0.010839635496016388,0.04096637195636593,0.004256734767851925,-0.005793478347880164,0.027113313165574183,0.008260983345786937,0.021849670295492254,-0.011452714531077001,0.006418045396043612
2023-12-13,0.016553691198256847,0.009179334477907091,0.016106193372187126,0.011873012854852389,0.00037720402951320933,0.0015545455571264652,-2.6639530748755607e-05,0.00900312929967412,0.009573866272891631,0.005105174017762953
2023-12-14,0.0007574083929472969,-0.009586235533609468,0.015299515459989654,-0.010926697952567484,-0.00476364334065352,-0.00470134324388641,-0.02280263897777799,0.005433438708856878,0.04797595720291628,0.017641398512414003
2023-12-15,-0.002729374780564063,0.01714963889276147,0.02079464230642979,-0.009654281839489923,0.004989990236093008,0.005238807921459766,0.013031999517876244,0.011106738396069243,0.009711688394547188,-0.008835442537547136
2023-12-18,-0.00853979778761648,0.026971809898698733,0.015162391620588946,0.012237525626661304,0.02384607487615994,0.028550601310225868,0.005165582236328721,0.023988893246538218,-0.0056173183184346845,0.003796224741952704
2023-12-19,0.00534591378139012,-0.0018191003361762064,-0.0019024486401919517,0.0062722210416615,0.006239600276407013,0.016518963691238286,0.001635600388794772,-0.009490417155713977,0.020185249870892544,0.00909107236109987
2023-12-20,-0.010771788372867372,-0.01091834083412718,-0.02595749673172248,-0.019866092755485364,0.01229148104101669,-0.003087221100623427,-0.00709781092446815,-0.030560553504724516,-0.0399767793773106,-0.03757005796558925
2023-12-21,-0.0007702435363384027,0.011243426514228085,0.015114186926844955,-0.005051912582701678,0.01492365806021552,0.013677160768095224,0.007847739178933869,0.01810548968245163,0.029345860784192233,0.024780260591048233
2023-12-22,-0.005562954608680972,-0.002733830879625901,-0.004721385816759612,0.0029531213783499295,0.007591148227714181,-0.0019788129847421137,0.0027802981031079276,-0.0032714199946472624,-0.007731210565404946,0.005833947851963154
2023-12-26,-0.0028449058920033063,-6.514686816695571e-05,0.008793732410185655,0.001905665557125643,0.00021186146121532327,0.0040664000344182985,0.00021347293761796813,0.009153062202197013,0.01598774007390915,0.01252399556435602
2023-12-27,0.0005178434759160819,-0.00045644547960358643,-0.005066356889513515,0.00021151662093691405,-0.008159232367895997,0.008419291637019773,-0.0015758285263222575,0.0027964889346875988,0.018647455510860632,0.0019131242767782318
2023-12-28,0.002223787692261062,0.00026087992298881607,-0.0033443639192344723,0.002296212260350157,-0.0009979456212059119,0.0013683480553534472,0.0032293194630845508,0.0021226138554536283,-0.032104151730159784,0.0004776535614762816
2023-12-29,-0.005438876541487036,-0.009432812028151797,-0.005503248110031367,-0.00436732104348643,-0.0038580245607426245,-0.012242407265920203,0.0020232035846419775,0.0,-0.0187383270737913,-0.006708303065597985
2024-01-02,-0.03644278717029165,-0.013317252487412825,-0.028044742446014077,0.013112456870037006,-0.01094090250079845,-0.021907327283391086,-0.013844108397457904,-0.027722246033963737,-0.00024148746074566403,-0.02403653602487773
2024-01-03,-0.00751571768709896,-0.009785543802100045,-0.025001589737129334,0.011327287775056429,0.005413482109524078,-0.005269653910909858,-0.0007280838021485446,-0.012513546905391524,-0.04096122279932548,-0.013485516759709281
2024-01-04,-0.012781343230010567,-0.02661905587134582,-0.009081567071429089,-0.008125721849460208,-0.018379943944655676,0.007663640919305358,-0.007203483619352227,0.008978201735083775,-0.0021831499656647054,-0.010436774162753015
2024-01-05,-0.004021157381930717,0.004623714384981175,0.0002572305387659852,0.004973560010368197,-0.004850878894617936,0.01381853000111517,-0.0005165677100413238,0.0226384443431554,-0.0018509415250830851,0.004830632580556914
2024-01-08,0.023887252651734345,0.026229678338986727,0.024076880393086898,0.008049779335862409,0.022654737684954004,0.01888574001831098,0.0186956516084064,0.062299389510883235,0.012386614576639058,0.026060241841494646
2024-01-09,-0.002266017027866786,0.015109875810597672,0.007082879658425937,-0.004088665046021981,0.015082808896339788,-0.003435235258515883,0.0029313545202665605,0.016832688624026475,-0.023096839566935645,-0.0034290801983957167
2024-01-10,0.005655443750048149,0.015470650615520465,-0.001775119817056901,0.0019567545670289223,0.009391704712302842,0.03583279193268216,0.01840384903648797,0.02251462885818155,-0.004350632806278706,-0.0107555000089167
2024-01-11,-0.003227740966891938,0.009387897135060054,0.017803210730222233,-0.010628567941813504,-0.001406461552133701,-0.0021617080324507283,0.004847700342289274,0.008646954750611988,-0.029145966144498332,0.004158155407518644
2024-01-12,0.0017764886657959545,-0.0036152239546972612,0.006975648883869664,0.00019030444237059792,0.004003756293349214,0.012954373027142412,0.009934066129805992,-0.0020450805617648494,-0.03734939877742937,0.000197532517399205
2024-01-16,-0.012393578893999615,-0.009487311793446907,0.006550856904603474,-0.007786671079357103,-0.001122134273275082,-0.01895062532652405,0.004622789040152048,0.030103606294329687,0.004649070658851297,0.004238309919322103
2024-01-17,-0.00518681379195089,-0.009512302504832145,-0.010177612358262936,-0.0041545856220902445,-0.00718431070443071,0.002473479527562685,-0.0020520234281527117,-0.0058523302132260265,-0.020025473044372716,0.012511092913909295
2024-01-18,0.03205142684619427,0.011729719012639512,0.035811342897988915,0.0077225116530019785,0.01410791600825296,0.02084689535318505,0.011234216645664995,0.01862903268151598,-0.017172815629643214,0.09340990495324443
2024-01-19,0.01541356868858327,0.011915672389449407,0.05715937628648587,0.013077541289616617,0.020010416374816185,0.019274415872074964,0.012113121658639486,0.0408981877053765,0.0014620115002590317,0.010297943420891407
2024-01-22,0.012089969080245122,-0.003611493461086361,0.00764908474420335,0.0028806523086815005,-0.002667814867749824,-0.00436479157337604,-0.005432739007952652,0.0027361842128772085,-0.016105240597581734,-0.01029794342089137
2024-01-23,0.006631181744441618,0.007979485588611064,0.004748933137311245,0.010364928967728112,0.007166451744907619,0.008918140436867662,0.006009341752725276,0.0036646032304738876,0.0016270106278732431,0.00968477429170678
2024-01-24,-0.0034901612924782906,0.005433174197432314,0.022225201350970204,0.012058889333816169,0.011226201622953099,0.014177416678995696,0.009133473183706444,0.02456490503313323,-0.006283434610725192,0.02072480885439298
2024-01-25,-0.0016978178354412725,0.005594095679664069,-0.01922065409385885,0.009124984427165809,0.02109391783943638,0.0063275264559918,0.005721791944172265,0.0041471487892298705,-0.12925817170128795,0.0003432321975940373
2024-01-26,-0.009053817734522334,0.008647102438040672,-0.020634218734917976,0.01051186578132535,0.0021051262984444173,0.0024386487010407123,-0.0023243240666674333,-0.009555821574149227,0.003389065826718794,0.00598760485376974
2024-01-29,-0.003592368438646651,0.013359331333490848,0.010641310740826533,-0.006028784085745414,0.008635790422902977,0.01730512735748752,0.01423251878767943,0.02322445561563,0.04105548959785763,-0.0023907280882153404
2024-01-30,-0.019433231741898024,-0.014113732972622603,-0.00792276942156095,0.0101076942637632,-0.013444117091771813,-0.0023968372624005693,-0.0027618765587820223,0.0049344902141003595,0.0034508226289791306,-0.007895736249757788
2024-01-31,-0.019547539011702204,-0.024189614134501332,-0.023584049190685505,-0.011456218871227957,-0.07796511338571815,-0.02510875614281082,-0.027316067446241408,-0.020064838851358895,-0.022699471099276638,-0.027073473960582344
2024-02-01,0.013252423474843723,0.02594906400632865,0.01681552970403756,0.006174456069445611,0.007537631288043491,0.011822934209425397,0.015474004143253187,0.024087160675920694,0.008347821172369478,0.0037994046969548564
2024-02-02,-0.005419851090300069,0.07572554877189726,0.020071966499335066,0.013488401046677995,0.008605395621469211,0.18496503684657953,0.018258221874137455,0.04851279360271184,-0.005042858776994667,0.0205994278022519
2024-02-05,0.009798500614814177,-0.008768909348284514,0.015206253361748892,-0.00015947042281578078,0.009089075955651902,-0.03335062863863453,-0.013637599078667692,0.04683052217788591,-0.037134689726363995,0.0259245831836557
2024-02-06,0.008594750827866886,-0.006834432372405122,-0.016587667710643468,0.00501958280967608,0.00291914327208144,-0.010261290181779889,-0.00039467009552212213,-0.016124818493965964,0.02206779799027196,0.004954505361436819
2024-02-07,0.000580958803325471,0.008125368023266808,0.027755079060558362,0.011630867811291905,0.00994333785806819,0.032178123764908216,0.020890574171606186,0.027126760040541563,0.013309178288648946,0.04584203855441778
2024-02-08,-0.005771257668384336,-0.0040544313336464575,0.013982258557237068,-0.003845194071537535,0.0025390849951467185,0.0008728072320377609,0.0001450344171307844,-0.006555103659441375,0.010500153377802503,0.06766911657678215
2024-02-09,0.004085611590898434,0.026781354306300166,0.0067859789742742375,0.0034947238537460608,0.02095634843768733,-0.004029455165117309,0.015431606939556398,0.0351583183281242,0.02093365777497024,-0.004646931756067939
2024-02-12,-0.009042719116368092,-0.012168901576895616,-0.01447180203201145,-0.0033406318739287355,-0.00991491847776823,0.0016863365606263436,-0.012658386551846373,0.0015930195185175507,-0.02850600281752684,-0.020109192156948768
2024-02-13,-0.01133841114109853,-0.02170298682855135,-0.010609356764204055,-0.005444443152170123,-0.016332703325608506,-0.018902314324835683,-0.02176385362490552,-0.0016622330015008623,-0.02208876860591063,-0.02255827120936757
2024-02-14,-0.00482136761927588,0.013780303876272836,0.008409418831080607,0.011968172314958232,0.005496717639652726,0.028199886901077796,0.00961887906479225,0.02427047804708993,0.0251670101471127,0.01339488793851066
2024-02-15,-0.0015761567159929173,-0.006925273760105457,0.0022553832200026915,0.009933856524290675,-0.02196039890604894,0.02245980743270518,-0.007180909689245606,-0.016949557430893474,0.06035334314528131,-0.001858439101617948
2024-02-16,-0.008466076121611847,-0.0017094021256489145,-0.015606609885581681,0.005071139777161448,-0.015885417615921063,-0.02237527026714316,-0.006168153493087988,-0.0006195364793791255,-0.0024975038337594173,-0.01830162812413533
2024-02-20,-0.004122333287923022,-0.014439139136134756,-0.015315570385747409,0.004993364015513026,0.004260795283114888,-0.0033225155220642276,-0.0031479842923336078,-0.0445078976176358,-0.03144706857579224,-0.010793035609046481
2024-02-21,0.004177431717315202,0.008996959517601153,0.0007335940845112999,0.006293557095267129,0.01008225682639182,-0.006856394446629965,-0.0015156420014115382,-0.02892327244411215,0.005199145723307322,7.97710876779882e-05
2024-02-22,0.011180994636123279,0.03491338968982024,0.06118757819256314,0.013680465041963753,0.010745226067786672,0.03794371709794866,0.023273827231896728,0.15186987003972327,0.01346340565061809,0.029324912945141012
2024-02-23,-0.010084888603318173,0.0023457610294128446,-0.006558444908917298,0.005452645759748406,-0.0009024300252487176,-0.004329128755995348,-0.003187564168542707,0.0035461520352407486,-0.027943686650054752,0.0035574948894794723
2024-02-26,-0.007478902649044131,-0.0014869599257995307,0.00979461052271563,-0.021819000629874217,-0.045402531432941505,-0.004742450036811982,-0.006846869317812667,0.0034830481518366412,0.037973710740030475,0.008532828848211427
2024-02-27,0.008081341897365632,-0.006833819221537168,-0.009902525626194963,0.0031541672805725325,0.009477332261238652,0.010962275492637692,-0.00014732827558186452,-0.004956003953295493,0.0016536061675660274,-0.01581613311752438
2024-02-28,-0.006647386390396276,-0.0021920379551390117,-0.0052676668456807605,0.006064515439515822,-0.018165327216378913,-0.006240628108418196,0.0005888037877822247,-0.013276911166540667,0.011499231283567918,-0.009454353262078613
2024-02-29,-0.003699853845429488,0.02057680546309288,0.008548600313811924,-0.007262381468776661,0.015136519429820404,0.012544523480787337,0.014415575937981042,0.018485755107730505,-0.0007921787106965236,0.010076296451566784
2024-03-01,-0.0060485799684785735,0.008225899848415687,0.07313817822666818,-0.004219340105523328,-0.009579307667050299,0.02452686347369772,0.004486348815114815,0.039251255993634625,0.0037575170226514664,0.03984213858758875
2024-03-04,-0.025709016285087448,-0.0035975271186564546,0.002205956395127943,-0.00953280464749632,-0.028024843630084097,-0.008216011395007774,-0.0013967449310848634,0.03531969289828977,-0.07424463938175002,0.032042768360989904
2024-03-05,-0.028853216892549122,-0.019676533274039055,-0.04336544589600924,-0.005806611029966307,-0.005112606241911232,-0.01612722976097321,-0.030018082719741473,0.008539941273120197,-0.040126798433230214,-0.024083535729945853
2024-03-06,-0.005895392392101294,-0.0035094856867787733,0.005384810086674721,0.004676298379032915,-0.009618786817062549,0.01190312057859047,-0.0013917588377433219,0.031331187994963164,-0.023512123304642838,0.047741925129710136
2024-03-07,-0.0007100177538833241,0.018897104445031784,0.04136232214284193,-0.003121156222958372,0.022425533865662123,0.03193828534214551,0.017381486223155152,0.04377416062659307,0.01188110874296599,0.052493337994882934
2024-03-08,0.010184747419236095,-0.00834829600574499,-0.07241740073136849,0.006892107314172064,0.0076357333440928545,-0.01225783778001487,-0.007162644044513253,-0.05707513000151741,-0.018701625030085045,-0.019150065655530474
2024-03-11,0.01176214165144056,-0.01952208072253206,-0.011991656776193049,-0.0032722714298891726,0.016552228767980376,-0.04520048007258775,-0.004193573119231784,-0.020242893975590134,0.013763678693560029,-0.05151984300805956
2024-03-12,0.0027745736614432103,0.01975013161880721,-0.0009593024026582226,0.003209948660245155,0.006010700959021522,0.032870625216003646,0.02625170874965634,0.06912665463584369,-0.0012947061441473569,0.03796954256853494
2024-03-13,-0.012196600774411334,0.006648685830772736,-0.02667874895886747,0.006848614145244605,0.00927092144809269,-0.008399394199377307,-0.00043351137365542716,-0.011214640276547503,-0.04646099727496628,-0.015774930606316923
2024-03-14,0.010868120743842942,0.012327433453265669,0.003491836284630097,-0.0022831060145686323,0.02340256220434529,-0.0075754047078889705,0.024087247094879048,-0.03292762756180635,-0.042056898779332184,-0.017888111648602163
2024-03-15,-0.0021990214616308314,-0.02452200827324045,-0.02143575696239794,0.00915632001387587,-0.013508066737800315,-0.015841729089034598,-0.02091234606066592,-0.0012175498011240422,0.006563076277915342,-0.019089424715251692
2024-03-18,0.006352224352292656,0.00034392410567333365,0.0014072893284422198,-0.0004109985867077223,0.04501204644762706,0.02625829881774544,0.002159044718870832,0.007011107793575553,0.060664152342604714,0.0015675596453076598
2024-03-19,0.01349367410923892,0.008105519638180665,0.0006221449044291396,0.00789424543828662,-0.004411128595689918,-0.0014901241100537203,0.009752885175022773,0.01060454505616603,-0.014372034891457558,-0.01303859261205187
2024-03-20,0.014602021798534504,0.01271024074657137,0.03447461544210437,0.008972483539573499,0.011563358381405594,0.01852792060598575,0.009023972157290772,0.010836170589810947,0.025017133837829976,0.013843268597431539
2024-03-21,-0.04171550304869449,0.0,0.05489175927500512,-0.005257354638338409,-0.007694029748371544,0.004421383980726202,0.009688764455563353,0.011693643306756884,-0.016299696542812377,0.01955159823418793
2024-03-22,0.005296169594688357,0.004033399915744371,0.004049505765110378,-0.003292916001737089,0.021249667264709556,0.0035779679586492317,-0.001468330538541725,0.030736220679589532,-0.01158171211632812,0.007786046044552528
2024-03-25,-0.008335155075746238,0.00468522019633587,-0.0013971777494779646,-0.005698021114637779,-0.004653626312585602,-0.012957082006776014,-0.013809494399696618,0.007533516624680398,0.010481683435756076,-0.002208157792762779
2024-03-26,-0.006695014777804715,-0.007876935918428052,-0.01497555831509526,0.0046381376025945555,0.003990088669814004,-0.014275661170574171,-0.002865639019084899,-0.02603017152808277,0.0287772826285837,-0.009961833912924439
2024-03-27,0.020990839931271394,0.008544428374293455,-0.009629478035621194,0.01154974140564783,0.0013265333924473328,-0.00410207054324856,-0.0005217353031204475,-0.025284212499601076,0.012084083617363902,-0.01560647608753098
2024-03-28,-0.01061521604654511,0.003053793447902987,0.005052610805917581,0.007642139957919587,0.00039754581699069153,-0.016908098133082753,-0.0016863160304954367,0.001173864274157829,-0.02272190773999231,-0.004693073219938173
2024-04-01,-0.008491723723288887,0.00326551461029285,0.018575240594496816,-0.0006464481056360424,0.029765456584891468,0.011812776800758195,0.009109412565372598,7.746527867757355e-05,-0.0032477284143495326,0.03920666651418692
2024-04-02,-0.007023389122325664,-0.0015484091821309372,-0.008553394567453451,-0.005917827569927575,-0.005999305941461668,0.012177459734443279,-0.0073994754193300325,-0.010132747925358445,-0.05026651935105258,-0.009016573875012134
2024-04-03,0.004785913232299669,0.009474051539763172,0.018098477150628938,0.00571119139319188,0.0023265802621859695,0.018663726082920305,-0.0023517894661913273,-0.005470244589828899,0.010447544054431742,0.012614400284879201
2024-04-04,-0.004904365174890679,-0.013300069884865783,-0.03410606863969659,-0.008680903016113756,-0.02874650311129283,0.008215126657426571,-0.006131327264693612,-0.034989949930011095,0.016083269202606634,-0.01661626005371303
2024-04-05,0.0044917020900274935,0.027777320574842966,0.01650815663686362,0.004501168613405846,0.013002222803304838,0.031632530182091737,0.018117650430500055,0.02418569837780512,-0.03696743555877544,0.01209885709228214
2024-04-08,-0.006685780293286683,0.0006481667921116775,-0.002489402919182471,-0.00415114554012988,0.015292542337507157,-0.015460065499683838,-0.0021879475428474267,-0.009992075071209649,0.04783676362708771,0.010065301479103884
2024-04-09,0.0072163158455357465,0.0025885563003378185,-0.0015129506197185975,-0.00277171753022681,0.011237683990776473,-0.004536162897083655,0.0039723898654387794,-0.020628447443771236,0.022295607975213145,0.018113463727137298
2024-04-10,-0.01120170384144706,0.0015069094018642995,-0.00881631193766738,-0.01276254430210352,-0.002941694764605754,0.00565243900473187,-0.007109768885250217,0.019549097035291216,-0.02937344256551801,0.005623857137195041
2024-04-11,0.04236079026667146,0.016533742520170792,0.04443891408959359,-0.0036904591827622586,0.020726492054565167,0.006385540163865091,0.010972961776572263,0.04027454996122152,0.016399556773736196,0.006679915860527529
2024-04-12,0.008589723560406883,-0.015566165935951603,-0.028162132829272348,-0.01400949297585302,-0.010594805086611944,-0.02175805264758587,-0.014191290760697159,-0.027182616586098402,-0.020541749097701737,-0.03230984253564656
2024-04-15,-0.022106126489510693,-0.013577002419975346,-0.025148632534941248,-0.005922871764356747,-0.018363342440117027,-0.023061250811687046,-0.019772096310851816,-0.025089271876629193,-0.05757465973833702,-0.016840423598127877
2024-04-16,-0.01935328645940378,-0.0016350785294987403,0.013918188541224317,-0.010543393363187244,-0.002974896446840848,-0.0009400491468978043,0.0022696650129831386,0.01630794235117951,-0.027435068682222955,-0.0024291897565137635
2024-04-17,-0.008180742469738175,-0.011190509048215303,-0.03555926077455333,0.0035712535661373175,0.006906282766984006,-0.011248365799536435,-0.006630967506263355,-0.0394334740968339,-0.01062208397137564,-0.005523187600571016
2024-04-18,-0.005730629977959885,-0.011428682278624262,-0.018602872224435324,0.006383049857754074,0.0034673155872184617,0.015321989077512243,-0.018551905721787824,0.007539753754370341,-0.036155647217109545,-0.049844356619297724
2024-04-19,-0.012287862205876037,-0.025944630354616176,-0.04407097216260515,0.011683644674433228,-0.012383308289596578,-0.04218882549333807,-0.012820883803239022,-0.10541162331206413,-0.01939578390268632,-0.0351614787942135
2024-04-22,0.005077919951747456,0.01477882204751945,0.016261096063561197,0.009832984947856262,0.014112468125665634,0.0013710240781639245,0.004599530953839127,0.04262183745836147,-0.0345935559693179,0.015925636855487164
2024-04-23,0.006371265489967726,0.0129496869735391,0.01999548658056812,-0.003422429563277315,0.01258996125899912,0.029393795047305684,0.016351089760242042,0.03588120766828387,0.018345226676437152,0.027967510253123065
2024-04-24,0.012622394057675814,-0.01656734624660272,0.006089343859288304,-0.002856923874335168,0.005482445387455543,-0.005254686614496514,0.003648995234665785,-0.033883543764555504,0.11387415621830609,-0.003453498052320255
2024-04-25,0.005134210733050518,-0.016673704471388103,0.02947785107658353,-0.003036786607815776,-0.01986562309518884,-0.11161670673439518,-0.024800177312074366,0.036416026878960575,0.04845814470471284,0.026787245585618243
2024-04-26,-0.0034790272544589825,0.03368654484295438,0.03763977157530933,-0.007616083035372549,0.09734768575470626,0.0043180237096009325,0.0180795037421789,0.059924034701258656,-0.011168015552988686,0.01251447737906357
2024-04-29,0.02450531119050477,0.007432568410519159,-0.004063141975334923,-0.0023424236638935067,-0.03431271027423268,-0.024364537160570233,-0.010067201042337347,0.0002505397927709866,0.14242723171122051,0.0014452904969251795
2024-04-30,-0.018439767585506733,-0.03349007554568368,-0.029067342563245387,-0.009958588525577955,-0.020491482622153327,-0.005679173426873114,-0.03264651671833205,-0.015560808041129734,-0.05710084205665045,-0.008410910383287147
2024-05-01,-0.006065543604998141,0.022599831917240992,-0.04515675486548203,0.004327570002833304,0.006612893094269189,0.020751537217388732,0.014306553787911196,-0.03967651370020991,-0.018113707174260838,-0.017629096534622003
2024-05-02,0.021792762532482895,0.031455365813882176,-0.0034576949080029396,0.0071377276226921235,0.016703278934794806,0.005653565858682371,0.007316034643268682,0.03288290277847287,0.00011105007606901516,0.009514274412449354
2024-05-03,0.058095583366342435,0.008033933494385928,0.0314249589551316,-0.005644075365908871,0.0037141714395224038,0.023007956942543616,0.021927501440071297,0.03404561401436558,0.006533843535574036,0.03837881664134228
2024-05-06,-0.009148530802657668,0.013283331052944075,0.024881333957260356,0.00956439690877235,0.005129288940955862,0.029905090194724267,0.016776815179411955,0.03704636428176383,0.019511437908750914,0.008931714894922633
2024-05-07,0.003789903911997411,0.00031790155490497884,-0.005509932938485749,0.004037535002037991,0.018565316857787513,0.0054823108184760775,-0.010208173760334643,-0.017362785365593485,-0.038342105093620064,-0.012115483120821705
2024-05-08,0.001862473304644533,-0.004034374926922856,0.0169379186189721,0.0013765392190282207,-0.010979738824312489,0.009268382427786662,0.0029272914238830765,-0.0015693783593613733,-0.017530851194269642,0.017492010207463306
2024-05-09,0.009964462350089338,0.00794706169253194,-0.014975476915924794,0.006083402653506679,0.003418328131962119,0.005949251339207895,0.0043264972570263155,-0.018587325365758328,-0.015864649448707812,-0.005656746455833401
2024-05-10,-0.00691410158603653,-0.01071687425686526,0.020565848503874194,0.009961022228648517,-0.007737522083006422,0.00163926689080271,0.00585198923951877,0.012663498060023766,-0.020562350450525728,0.044314758146571404
2024-05-13,0.017491475070167614,-0.00486560722449323,0.003527566290508077,-0.0016090108057006626,0.0029013195982023213,-0.017348137120187658,-0.0024624578122868918,0.005780036414424294,0.020097034145307512,-0.019278760826081463
2024-05-14,0.006154527354330145,0.002676374471979152,0.031295589899784794,-0.002822013564009839,0.007069714216432628,0.008171354547972897,0.0068411266007911455,0.010530844969148093,0.03239754278801776,0.03714058546912896
2024-05-15,0.012144021714477071,-0.005789979151338446,0.039874557244673946,0.005740456078760728,0.012658616549749879,0.02032817131280684,0.017332869770286228,0.03521051167272901,-0.020254418706909572,0.023608531001317223
2024-05-16,0.0006321276721411035,-0.012770048240180923,-0.01688057633584477,0.0036621124895370788,0.009633919147987433,-0.017407638960191704,-0.004952224969478626,-0.0028678613575989754,0.004873391179277019,-0.021767400004321667
2024-05-17,0.00015803018522689193,0.005809980560830076,-0.01199678173742336,0.006815626535060039,0.01073553548934295,-0.0027933497104609553,-0.0018545209065841074,-0.020125170471141277,0.01487402019069651,-0.0036197491721865114
2024-05-20,0.006143215645253517,-0.006300279871404103,0.013341342966321645,-0.009779541069159433,0.004873041937806554,-0.006526800974481281,0.012134342321769843,0.02457699649572971,-0.014245067870223688,0.012253185027891607
2024-05-21,0.006833960011612668,-0.002127134911413819,-0.010543122423591279,0.0030438985373413994,0.005242894894956132,-0.009020124931316419,0.008661215672897304,0.006373309446380634,0.06446711975223281,0.0007813498978954949
2024-05-22,-0.007566967476912837,-0.00010914608364288576,-0.0049867119803446635,-7.998400324202301e-05,-0.008299871840311893,0.006756713945666699,0.003443704879728821,-0.004581520312448215,-0.035399542384592496,0.01600953296981139
2024-05-23,-0.021282996142974825,-0.011423056748417279,0.0007537090067360429,-0.020656615260374586,-0.016174923247054832,-0.004284717301031213,-0.00820973756875694,0.08910607799155924,-0.036007818288810785,0.0060018335207529215
2024-05-24,0.016452018406762376,-0.001658392028660058,0.010388969607468344,0.005829591015605512,0.00826307424726906,0.026357540762653228,0.007373166591646079,0.025397396198456487,0.03116576011599187,0.01835501783392046
2024-05-28,5.272153923535387e-05,0.007715628907514878,0.0032690138161070204,-0.011266344983100555,0.008025243629386032,0.0035484897184865343,0.0003719036953606679,0.06747576546145619,-0.013989415788236143,-0.003694376082107274
2024-05-29,0.0015777716558184234,-0.0007138953246986688,-0.015540193726089993,-0.00030218029883029074,-0.002838555597250737,-0.011652882240515663,-0.0026759811847360065,0.008079529515090193,-0.0031733327174769638,-0.032321499451077415
2024-05-30,0.005241305513561451,-0.014944634490047038,-0.01930531114804333,0.014470626071187749,-0.021781862865334938,-0.015530218461769711,-0.0343701913818129,-0.03839362217143452,0.014648923152829736,-0.008981515722666946
2024-05-31,0.005006076878554222,-0.01619107105787046,-0.026391979700103305,0.015597582274323443,0.0022634854422735164,-0.0004711165727211569,0.001108764697921332,-0.007877063988542756,-0.003978997402597566,-0.012631820032349578
2024-06-03,0.009216168322235208,0.010710931098535235,-0.0050181879404183225,0.0058958780574697,0.0038764598091281703,0.022578061476202924,-0.0038858056509166647,0.04779365727773488,-0.010102569596006488,0.02555767735318733
2024-06-04,0.0016478675359724976,0.0055916049316681584,0.006725306420343581,-0.021906374010365125,0.0035740256664262664,-0.0010477160711549827,0.006147642670507267,0.012418330081238146,-0.008659479988969872,-0.016134422239761886
2024-06-05,0.007790539413909523,0.010759365441920877,0.05998349069306995,0.0009146576540081848,0.009278403189951559,0.03718342750063984,0.01890352294707772,0.050270695250397956,0.0013151256990527008,0.06629120479165687
2024-06-06,-0.007121803933124293,0.02031303453242799,-0.008399701501595037,0.00323102058144654,0.007497071214544745,-0.0026293493695643587,0.0012020515604780277,-0.011847069583679063,0.016660454613497404,-0.005230669606919259
2024-06-07,0.012315767407493893,-0.0037909438439048654,0.003824836654174105,0.0036883509535478465,-0.012927733492345734,-0.0016215856019148405,-0.001579490857379131,-0.0009095466889600981,-0.0025885260992180074,0.014213151421223825
2024-06-10,-0.019333523639837483,0.014864526720524128,0.023765466535312772,-0.007404926290831606,0.004294643923210676,0.019366644500493697,0.009439810726912712,0.007433774551423107,-0.02101026729322036,0.02267415172476276
2024-06-11,0.07013147578847193,0.0009083768397987709,0.01417235025912907,-0.003131009498416755,0.009157426297159033,0.009642890572899647,0.011178911840614572,-0.00716961719291531,-0.01817434057762428,-0.014676409536813326
2024-06-12,0.028177668844294117,-0.0018175795783647649,0.023325487804890008,-0.00028748677474613014,0.006602593988215916,0.002696026464380145,0.019182562656236923,0.03486597097876333,0.03811347747393242,0.04293665530310071
2024-06-13,0.00547607073777541,-0.016508777761010902,0.11572515805449853,-0.006669451301463531,-0.014903107472972953,-0.009358931680489103,0.0011782538384589487,0.03461746887476532,0.028799010597446485,0.0027451034054013614
2024-06-14,-0.008201859567446953,-0.0009251853303780781,0.03283802464366219,-0.0009816754715057554,0.009262719931578229,0.0011113615760010526,0.0022395365936372313,0.01736246814113167,-0.024746085007725318,-0.0023160957660607667
2024-06-17,0.019480426315459716,0.002175536021534634,0.0526679172205286,0.004833609463182243,0.002542016801380543,0.00488723520956212,0.013019999338071436,-0.00684775911285353,0.051619109593938894,0.027049577594169812
2024-06-18,-0.011045260627888482,-0.006814429382413544,-0.014512644789266924,0.001855378687614279,-0.012204596471701213,-0.014193316298616799,-0.004537690175554985,0.0345172738699792,-0.013860022086213656,0.013728462939381895
2024-06-20,-0.021747620457268035,0.017836847681061457,-0.03843203092649109,0.0036518604187710177,0.00688694279761832,0.004414832391965593,-0.0014349145925983426,-0.03604543907948259,-0.017957490517488177,-0.024278187458173596
2024-06-21,-0.010499442139710942,0.015886019163884733,-0.04476158029572553,-0.0036502344038327928,0.018712184502512684,-0.013889214752494664,0.009112492847671893,-0.03272094566002621,0.007899471520701,-0.008129517648341253
2024-06-24,0.0031278564617674602,-0.018738006784044702,-0.03769887588056957,0.01465787617081035,-0.002285175152523067,0.008312608439457478,-0.004702300628765065,-0.06917920193294326,-0.0023523229758256902,-0.03599316448218556
2024-06-25,0.004458170651158984,0.004140733544431425,-0.007198250695553051,-0.005272801123257569,0.026484661501100695,0.023160700221758826,0.007300095349573747,0.06537954281596187,0.02579011465212662,0.02814439594772796
2024-06-26,0.019796101978869596,0.038272887184110135,0.007066527587841275,-0.006024878650453901,-0.0008152600154980715,0.004923347356869582,0.00267972387770541,0.0024556083779142027,0.047022052078928164,-0.003075302367558325
2024-06-27,0.0039780231203065215,0.0216633691270863,-0.003359934202253734,-0.00336182241203726,0.008286104547301682,0.012472520994772664,0.0015248305490529808,-0.019250541080983435,0.005332819818052439,-0.002560364463217898
2024-06-28,-0.01638772557161576,-0.02352451121310847,0.01182257341330312,-0.004496271959786002,-0.01773910282723385,-0.029969616754886033,-0.013114247577188622,-0.0036359783325157083,0.0023273813203096337,0.012621656884899576
2024-07-01,0.02868901732447699,0.020233739225558187,0.021730068749460974,-0.0029132245080258257,0.0046009732256734265,0.0009117943884386284,0.021645703550018033,0.006133002065651427,0.05877983360300819,-0.008551597892334352
2024-07-02,0.016109488186711225,0.01409893985494711,0.010114505050875912,0.00034066863098982606,0.012220843847744358,0.009505321002854011,0.005567646811967506,-0.01320017849045325,0.09710195030947966,0.01936681021074745
2024-07-03,0.005794219087088035,-0.012123208336190783,0.04237203254246802,0.0011570788898255565,0.0031262534190076414,0.0009024098213913404,0.0032389608629228325,0.04471753300919978,0.06337304899541438,0.03791747933525423
2024-07-05,0.021390015958631478,0.012123208336190851,-0.015097093329546788,0.011659426995744692,0.025398547596367404,0.05707002781471802,0.014628702522565838,-0.01928352457202652,0.02060688228437311,0.008185994048248883
2024-07-08,0.0065176207208986325,-0.0035563498917093785,0.02467382255825405,-0.006683074745456638,-0.008271328485888017,-0.019809061799162524,-0.002827215694882789,0.018659531903513073,0.005629789876539194,0.014246588120233333
2024-07-09,0.003767752854022151,0.0002508745118111371,-0.0072142351813685454,0.0074184015747868655,-0.00026454654755691214,0.0012837764564685493,-0.014474451485256412,0.024502659451738153,0.0364508858978897,-0.011370151881076774
2024-07-10,0.018628985525917397,0.002254890139097774,0.0065439329305489805,0.005647994162032865,0.011574185327327109,0.008810278439608004,0.014495962538811441,0.026513873960626343,0.0035389720904070512,0.03477732267671224
2024-07-11,-0.02349473409165663,-0.02401082970854252,-0.02245476785640051,0.010505167775895722,-0.029783085627686515,-0.04199635671802033,-0.025084052127792213,-0.05727611203403826,-0.08822077208547265,-0.034885679137167246
2024-07-12,0.012966510053314496,-0.002875175499739089,-0.0030998161832359273,0.016428186396372762,-0.0026981536211250576,-0.027345423567896026,-0.0025325231038741524,0.014339379850500716,0.029434316513726,0.015329108787503928
2024-07-15,0.01660464774453812,-0.009142411458262677,0.007924208796718811,0.020885914066275962,0.007858032732236876,-0.005446993284733922,0.0009035774826784892,-0.006209227813907967,0.017609829570940913,-0.011434225076326035
2024-07-16,0.001790242636875178,0.0015554679731075735,-0.011971982459093478,0.011255005990136083,-0.014091194689352498,-0.012921653449864165,-0.009828625886811292,-0.016326945621330077,0.015396997777534727,0.0044173272514144305
2024-07-17,-0.0256215016973473,-0.02672431851841236,-0.0824168444738144,0.016358796486504495,-0.015893470388488325,-0.058433724352244726,-0.013437521456173086,-0.06853521250741727,-0.031919700332288976,-0.08312926900312104
2024-07-18,-0.0207485309272863,-0.022493376002440963,0.028690761072446617,-0.012682877449575225,-0.018567071491358143,0.029559512462294834,-0.007127566244078759,0.02593430185260875,0.002933302220995548,0.003905969527267782
2024-07-19,0.0005797775366363526,-0.0033798282769946274,-0.019945988141015135,-0.016397550374149687,-0.0001687978515773695,0.001973521263028929,-0.007430459584669338,-0.026442822364290474,-0.04107613843938718,-0.036137086842471966
2024-07-22,-0.0015615001549421203,-0.003172184996925187,0.023304300912525264,0.004926193699602961,0.022320161301235486,0.022008920524184072,0.013249498941173094,0.046473741309625685,0.05018271902171032,0.021366367833872642
2024-07-23,0.004677341147525673,0.020924443707583142,0.01668611011560619,-0.005631920857965057,0.0006602947145073379,0.002643278674840697,0.004302832625467668,-0.007719466062277951,-0.020607648987956476,0.002771400578264224
2024-07-24,-0.029175819276695585,-0.03039119500388646,-0.07893409640764629,-0.0023047503403104378,-0.051701442990149254,-0.05774496098774096,-0.036513401013717896,-0.07045650010383217,-0.1316429436033912,-0.0608161112960279
2024-07-25,-0.004816221275763409,-0.005434169444389781,-0.013839268421416296,-0.00019999538538851595,-0.03148154782345911,-0.017186599030349844,-0.02478588334644056,-0.01739332145981777,0.01953112906763447,0.0029993478564667177
2024-07-26,0.00215881935027885,0.014626968944213104,0.015753616793747233,0.011062516709682136,-0.0016753002028730656,0.026744926021355128,0.016286347242022572,0.00692287179472805,-0.0020452089625195087,0.010303503444515355
2024-07-29,0.0012837945162155152,0.0038282625594168156,-0.00934244693993194,0.0013381590148046135,0.015036039638786563,2.1336136006923013e-05,0.0034272475446063596,-0.013087184339626447,0.054450283723543685,-0.011989553863160418
2024-07-30,0.0025625849893965856,-0.008166388972744573,-0.045626449627171724,0.006158247286176119,0.004472911141950068,-0.0054257160467887314,-0.008968403518103964,-0.07304006375768192,-0.04170207944562903,-0.03478339482164346
2024-07-31,0.014879610766840277,0.02858958980412218,0.11294037869976899,-0.004410694515449625,0.007313700732396282,0.02481944159211337,-0.01086475785344343,0.12055345648334906,0.04157282172336867,0.07032933284628512
2024-08-01,-0.01689265299272758,-0.01568547657831172,-0.08884605702225197,-0.018697370848340576,-0.004557506402074851,0.047120932337510246,-0.0029683692825398507,-0.06907213730409979,-0.06778709499652093,-0.04704862549437862
2024-08-02,0.006845985513765509,-0.09194763210362274,-0.022006089981242285,-0.008638440598421596,-0.024303100185188563,-0.019475441649334416,-0.020882528585327347,-0.01792362132094416,-0.043301714320780345,-0.05403210177098058
2024-08-05,-0.04936567655241121,-0.041839920325843556,-0.012172351492091048,-0.03392386181538539,-0.045480395581663176,-0.025751727990380543,-0.03320198059274659,-0.06568896042369515,-0.04324862022379944,-0.012827162551340808
2024-08-06,-0.009796031390569771,0.005635490449044775,0.012867173812837869,0.02096285314411918,-0.006046555625032651,0.0378671026548871,0.011223648022894977,0.037131806772541916,0.008810602088580683,0.04906372944507062
2024-08-07,0.012420793905450339,0.005174089797253657,-0.05461922623925166,0.01228261168945728,0.004098029122364393,-0.010518741404063135,-0.0029572860387292025,-0.052581435427749464,-0.045267692922441254,-0.0022549342113384226
2024-08-08,0.016496437707935116,0.0184440734555928,0.06718595625257483,0.012230671701431366,0.019254604250594488,0.04148599648676951,0.010635222200791413,0.059464136003412854,0.03625590132901283,0.05953139296162849
2024-08-09,0.01364246002649994,0.0068522199395901024,0.017143148130225515,-0.002105814443751509,0.010070657384803955,0.01584636082993228,0.008235420662381896,-0.0020979267910425014,0.0058169037389324395,0.015497454944849227
2024-08-12,0.0071045473599129485,-0.0008389728264874979,0.0024253543306023517,-0.0016584584777875851,-0.008467396048293066,-0.003521399076935936,0.001943850532893253,0.03995465038459686,-0.01262938858524463,0.003047265732996193
2024-08-13,0.017046978831008558,0.020354930507755713,0.04948846572775606,0.004098635282540481,0.01145671475628129,0.02410867233638536,0.017543913870434684,0.0632650535675243,0.051032468678537876,0.027709996479649987
2024-08-14,0.002031707785561994,-0.0007639034445704183,0.009749988874945504,0.012275202804638478,-0.023357847059286056,-0.0033734826938744645,0.006860210186159173,0.016566072939208264,-0.03152675190710158,-0.013847282053439361
2024-08-15,0.013439741621663772,0.043090966761615855,0.052139500972040474,0.006103486606141593,0.005782353929383288,0.01986728315648201,0.011754420310254534,0.03968306376202214,0.061436309145650216,0.023203562294160113
2024-08-16,0.005901093821014129,-0.002988857651035908,-0.0024710057405545934,0.009011749079432183,0.01023879978041547,-0.018615066289428384,-0.006098854085912125,0.013902621869791368,0.00920378250292453,0.003328257851913545
2024-08-19,-0.0007080533775679618,0.006530104639669463,0.011936703228426266,0.00867124315098123,0.022511110141880505,0.003520277307511678,0.0072857474204321825,0.04258646948645954,0.0300815962441386,0.005200348360150324
2024-08-20,0.002740876321069862,0.0036964682293246748,-0.010549832103602304,-0.0008027710898358085,0.0030551939851108656,-0.0048294345183920295,0.0077275038222585695,-0.021380865157290135,-0.007300267158314843,-0.0196271586315632
2024-08-21,-0.00048570603624693024,0.006852561474421805,-0.001024860686485071,-0.004322236403233368,-0.00798716928652539,0.015877697982474685,-0.0015548351656450186,0.009775194757819345,0.00976670507756754,-0.0034935866002043874
2024-08-22,-0.008294054497219693,-0.02234539227075752,-0.02096876587828382,0.0066989457810797655,-0.012437840689398703,-0.006053956268240089,-0.020460589001686885,-0.03774632721227267,-0.05813634375381801,-0.0295984864768693
2024-08-23,0.010235667718196432,0.005153271352930898,0.024461305039374544,0.009347863658385535,0.011049936119244723,-0.007415634566875473,0.00297946457965304,0.04449382952378814,0.0448355914315171,0.02866474989827716
2024-08-26,0.0014976276733854753,-0.008736614913990125,-0.04135813127458188,0.0027448954138528238,0.0032550458045664155,-0.013115823480366792,-0.007949158252752433,-0.022750385326457116,-0.032803441227522996,-0.012986838429965064
2024-08-27,0.0037345550084876295,-0.013654075452589952,0.01102762775776266,0.013323337850081721,-0.008947039011416934,-0.0038839593743683694,0.0008460898266905644,0.01444532076420052,-0.018939062709292416,0.008715680945766632
2024-08-28,-0.006776296282680988,-0.013491668231426824,-0.020090189036656395,0.007424456881469611,-0.011174466751334293,-0.004479199566963529,-0.00785982059218226,-0.021189411703242712,-0.01667672472989858,-0.007947062663779822
2024-08-29,0.014465022810559253,0.007698580379841969,-0.007933781361777125,0.00831847590185676,-0.006592187865845237,0.0027825578463446052,0.006118533041316955,-0.06597795130646171,0.0025726237078790366,-0.00029553834420127157
2024-08-30,-0.0034438653239036916,0.036396721617948,0.036845627384549696,0.01831289449638488,0.009841509727191586,0.005944931762043863,0.009683823419883383,0.015023957658015128,0.03725544123667223,0.014962823915990584
2024-09-03,-0.02758213299494575,-0.012685159527315687,-0.06358098613997634,0.0008524256215886625,-0.03754283723168813,-0.018489098606570494,-0.018631626879399663,-0.10009675168230266,-0.016529275820300237,-0.06751710335132183
2024-09-04,-0.008656185582512077,-0.016706139175178974,0.008667086602016602,-0.00018439771846100552,-0.005799658948780502,0.0019132242145502587,-0.0013197408237452283,-0.01671292551759501,0.040981513663141275,0.002364880109976042
2024-09-05,0.0069040358385824225,0.025968075788917713,-0.008470646007635646,-0.027790544045095872,0.005036912601389936,0.008003141658991115,-0.0012480148040714372,0.009371338332029603,0.04787601603580388,0.017438998935011364
2024-09-06,-0.007039739551656116,-0.03722372046282126,-0.10927986661443775,-0.00992178897136253,-0.04102337457724478,-0.03262406529506221,-0.016517065012502868,-0.04171247923386803,-0.08824048544582787,-0.04293683937283748
2024-09-09,0.00040740321107307376,0.023127387297091972,0.027501510920971407,-1.0155473038399831e-05,-0.013425785523095545,0.008994537603164333,0.009957684963050413,0.03478611989187761,0.025949973905267213,0.03730096238261887
2024-09-10,-0.003627930488891209,0.02338469252840609,0.051147921875071854,-0.0017482775791679477,-0.0003362525102349094,0.0,0.02068577193578087,0.015193472879855167,0.04475927395598352,-0.002152548666300713
2024-09-11,0.011518485307032143,0.02730414417528608,0.06567207215648686,-0.011747676979272889,0.016677058324227508,0.013850023465945627,0.021117822767808936,0.07834766645701925,0.008628742512625562,0.0469034136325792
2024-09-12,0.0004939312663721028,0.013350735010506974,0.03897286064943159,-0.006876124538236567,0.023084257601106457,0.026548038419508282,0.009317293610887612,0.018980483048460495,0.007337206636805016,0.010708534508645527
2024-09-13,-0.0012127686518429493,-0.0027309690556897217,0.01884171813853645,-0.005389247935690971,0.017748389753769057,-0.0018664273844892262,0.008372317816981237,-0.00033591852520183357,0.0020864851607279924,0.006222379342396331
2024-09-16,-0.028168319361662437,-0.008616597457795857,-0.022128674588863948,0.008864206554399063,0.003803020583974677,0.017326167883474644,0.001740259408059711,-0.019671658828542212,-0.0153589759450266,-0.020025242422344318
2024-09-17,0.002170312072849845,0.010705675426824473,-0.009494912606684185,0.011033281132895457,0.007940334797068902,0.005684293686852342,0.008794207182038202,-0.010242291560157695,0.004794890315022082,-0.010284473690832012
2024-09-18,0.01782992902357412,-0.002410931547252041,-0.004936191402891561,0.002345295800134866,0.003070779352281859,0.003034562316323387,-0.010023732783413144,-0.019392625831456546,-0.0029445960609886415,-0.00041853942962135867
2024-09-19,0.03639513313389034,0.018283807518041345,0.03823194285847067,0.0014272217649414667,0.014474543955137639,0.03856273722358513,0.018125927984098855,0.03892544525710271,0.07100962175825201,0.05206421590300209
2024-09-20,-0.002931760691789941,0.009070295653554335,0.021742739074577206,-0.0034223417440562205,0.008903125945069838,0.004016084809912961,-0.007826648008973423,-0.015992083747859764,-0.023519752638904136,-0.01221830445768657
2024-09-23,-0.007609899725530578,0.011829538769620705,0.010696532143712877,-0.00024802853914331866,-0.010693245833040628,0.005436432498529091,-0.004051522559809819,0.0022389332928810703,0.048140375327935025,0.003898658447124606
2024-09-24,0.003966207312092121,0.00041255068996117736,0.01092650893926067,-0.0020551659143909105,0.002714739188930181,-0.0019152399420082128,-0.010061701565513786,0.03888645591137626,0.016935793509053436,0.04042827045348522
2024-09-25,-0.004407937407552325,-0.007400007450933529,0.003881694033999594,-0.00595853094868593,-0.004941591420606635,0.008801303494063212,0.0068269728676923404,0.021606560136133362,0.010757148762662457,0.002086095980147292
2024-09-26,0.005067478989358768,-0.0071411865336607,0.014535945051330731,0.005120353912619817,0.00764898074912533,-0.0008272383543166906,-0.001852992526457469,0.004281946423277933,-0.010953821465680538,0.024271294859486692
2024-09-27,0.0011858911499750082,-0.016828410744614587,-0.03079088149392005,0.004150359146573567,0.007469321319066334,-0.0008456357019082797,-0.007657345389122735,-0.02151317670293674,0.024249227064234113,-0.04858423278611527
2024-09-30,0.022614322051986574,-0.008763077056375612,-0.0011008115694047375,0.007257383225141709,0.011522201978747083,0.008913879723708074,0.005312731575861898,0.0003294296587950299,0.004482044837533062,-0.024457961107087065
2024-10-01,-0.0295746086880853,-0.006460997690134298,-0.029592915716790884,-0.008981443623804796,0.0068502214122698165,0.0070151697509306405,-0.022586341999706376,-0.03724641346315664,-0.013894251852425751,-0.009255575329464754
2024-10-02,0.002516581721816939,-0.002000651545077134,0.01886886165245511,0.0,-0.006789840497447319,-0.006369039059171135,-0.008498405782049452,0.01568831120408797,-0.03550382703625716,0.02144554235956783
2024-10-03,-0.004906639539190451,-0.01527073623176283,0.00718147236246118,-0.009328042762746002,0.0,0.01723856880065387,-0.0014152651217372546,0.033101871602724424,-0.03414806745440729,0.02071681314386501
2024-10-04,0.004994800822026112,0.024697907897679557,0.027259043295317077,0.022149149621214583,0.0072089952223137865,0.022347327157433157,-0.0011530685769796539,0.01670942364560938,0.03839570976808356,0.009316854546762005
2024-10-07,-0.022788508284297005,-0.0310933626597043,-0.008870676786506158,-0.0201471469505414,-0.02472564047225829,-0.018904202126631988,-0.015794962015395268,0.022166897445296874,-0.03768957599969925,0.018323043243861175
2024-10-08,0.01823680740153975,0.010563468311108654,0.031761037424524914,-0.002945510229756803,0.008553434802361861,0.013772989053113987,0.01254497267936507,0.03968121835874096,0.015124010919583781,0.008311675223581593
2024-10-09,0.016560388628420426,0.013319379012842232,0.028473675301340852,0.007933051740795921,-0.01544913865194898,-0.004022105327477157,0.006609218258739818,-0.0018076084834877319,-0.014210915403026646,0.0058415952794945445
2024-10-10,-0.0021806712638664668,0.00796086049904925,-0.0013991505939624897,-0.0013617696321278608,0.0013582544057330285,-0.011376813547818967,-0.003888147925194669,0.016152379064638775,-0.009503630132407041,-0.007293772028333386
2024-10-11,-0.006526521354163607,0.011559046433524522,-0.02293324493658669,0.01314458105574944,0.0071315171504486635,0.010427909071884685,0.0011536042746910743,-7.416586196334603e-05,-0.09192353886888918,0.02671492509991716
2024-10-14,0.016345532267550072,-0.006802098901968148,0.004563105962868614,-0.009444312842587592,0.010481543104981983,0.0007963514857865681,0.006750882290154814,0.023968674299814138,0.006224848869363441,0.00731035613210322
2024-10-15,0.010964278934211669,0.0007995584839864811,-0.0353381699667626,0.012496771544807737,0.0030263789993659534,-0.007053689189330324,-0.0009549211015066728,-0.04799380535772407,0.0018690482583790414,-0.026784896822182516
2024-10-16,-0.008891283873501634,-0.0042714734594326426,0.004762048994973148,0.008325802010094568,-0.0018147095306496421,-0.016302155014670333,-0.0062764309036545465,0.030826930664835744,0.007983687088569507,0.0018685277863768964
2024-10-17,0.001595160112541297,0.003418620886077508,0.026288593546975495,-0.002538201416659683,-0.013594275346878569,0.00024272433916108503,0.0014407910663812925,0.008875859364973556,-0.0019899714413276278,0.09342695560347708
2024-10-18,0.012201778723737981,0.007755306570388279,-0.009075471790592836,0.0012319682965488377,0.003003219197520275,-0.0007978656429335228,0.0034496882244258054,0.007783781428640294,-0.0008605378505268966,-0.024889343009537535
2024-10-21,0.006278028465326309,0.00042322292512559934,0.0005558648841550967,-0.0007160759346440843,0.003969531560491258,-0.0022748961554678606,0.00148158039200431,0.040543752561590804,-0.008417707909120924,0.005810422558959541
2024-10-22,-0.0026252342205887306,0.0033265052557146266,-0.0033949121688512675,-0.007766470794050848,0.006500340106516912,0.01183942611551488,0.02063198697751131,-0.0008354032948210759,-0.0040291472851928115,-0.017331786993574006
2024-10-23,-0.021860062271666873,-0.026656796914304174,-0.033271189788184885,-0.001994479711904973,-0.014393982449406371,-0.031983260371558485,-0.006830164503967595,-0.028467435795200613,-0.02001831071853799,0.01191982384349345
2024-10-24,-0.0008237616608946492,0.009000562616286057,-0.012526881143915317,-0.006123860034067268,-0.00036863191616407637,0.0072296647652748715,0.00030618175096405,0.006072148961645175,0.19818699146920754,-0.01469480872966201
2024-10-25,0.003636514756112348,0.00774968161813032,0.009583198690759595,-0.0073061006556220534,0.015549540753280206,0.009587820515539719,0.008019806121435812,0.008015612806595346,0.032891334056112616,0.02745779673771333
2024-10-28,0.008562640068559405,0.0029769707636567114,-0.005680753222465225,0.009275048922653642,0.008735338967155747,0.008528732857737982,-0.0036502091418313034,-0.007232553024209549,-0.02512824530239814,-0.0440139659647065
2024-10-29,0.0011562296562397955,0.01286871001658346,0.04111499037363202,-0.00792551808634797,0.01759840705337772,0.025815885548341518,0.012486544506968214,0.005181553256891474,-0.01145548515134625,0.011541881407887125
2024-10-30,-0.015395922123960123,0.009907234588807516,-0.014612064781402243,-0.0004686859304261976,0.027781287564098513,-0.0024977627704874036,0.0013418059819890972,-0.01361439046007221,-0.007619899978935549,-0.012569816117996109
2024-10-31,-0.018377234023488467,-0.033395354035536236,-0.039669006416785065,-0.008296849500849314,-0.019388884209378548,-0.04178700167592459,-0.06243674509846539,-0.04837397391993502,-0.030353066395916374,-0.02046723389996571
2024-11-01,-0.013368607512732226,0.060018526321249224,-0.005019512719429096,0.001535100968638237,0.001051222109923419,-0.0007403527279042334,0.009844293554920319,0.019690394617313173,-0.0034882074251497285,0.012569055691016509
2024-11-04,-0.00404579340258076,-0.01092182223034851,-0.0021927014345560825,-0.019736257817266414,-0.012040067871558991,-0.01149097829917712,-0.004665241938410229,0.004789125093520309,-0.02496977961188871,-0.007230061100252145
2024-11-05,0.006465339689087913,0.018822662731709527,0.031247787725540103,0.002905140412849416,0.0029501370420079898,0.020739996865028986,0.007317804349910065,0.02797685265099885,0.034801627017114346,0.021688344702520422
2024-11-06,-0.003272329945295333,0.03733922736991464,0.031973492312233676,0.05304072127468639,0.0391095931657786,-0.0006640199276481607,0.0209712376107193,0.039932421864104485,0.13759466024737685,-0.013059951554390646
2024-11-07,0.021146976536520257,0.014192148444279072,0.02344890991746569,-0.02120184187135668,0.023737349658786145,0.03377335858743433,0.012417297635615113,0.02220896646405993,0.028630012464395397,0.04042028432616409
2024-11-08,-0.001188926393853462,-0.008942557238934116,-0.0009253933130038316,0.011019307674165401,-0.01336691048548776,-0.003996521624004184,-0.0068162134415234174,-0.008431678846409392,0.07869717552417867,4.973386791446129e-05
2024-11-11,-0.012101565487308633,-0.006457525082191674,-0.026094407398293575,0.00622592624085108,0.011151477355164967,-0.010524602491908416,-0.010778783245365528,-0.016183888719462716,0.08580690404849912,-0.036183580410669026
2024-11-12,0.0,0.009958024917574623,-0.015149653731612346,0.000679551522163409,0.007017090395760579,0.0028255887553049704,0.011937699091607764,0.02064446335160836,-0.06342678815128278,-0.011819136708765094
2024-11-13,0.003961321745307248,0.024539669362855586,-0.015094676854078816,0.002209630607864792,-0.015201372895562998,-0.008276194326691603,0.005116630960082699,-0.013715443064053586,0.005313266949669512,-0.027007907724155348
2024-11-14,0.013676490647911214,-0.012312812938838414,-0.018607376636534164,-0.0023523552209666573,-0.01862045544999237,-0.004908483024000949,0.003966679985010397,0.003344407371180235,-0.059448133931949705,0.009809111206349985
2024-11-15,-0.014209619714001516,-0.04284745921407255,-0.033055979296218216,0.00767671029825766,-0.017755489080898086,-0.040810417646360696,-0.028247857790019912,-0.03311252080769096,0.030196972790488486,-0.01329753892033384
2024-11-18,0.013332967834874788,-0.004501522120521847,0.005022673263392554,0.0028302726320757017,0.01615955116685805,0.0005775675963824743,0.0018296555612626897,-0.012972945520205012,0.054664350493325395,0.007871721188511852
2024-11-19,0.001139490937315012,0.01432430133148399,-0.0019334957023162068,-0.0057225573317096195,0.01595870599186167,0.01199472281863781,0.004870741225931938,0.04778743785781205,0.02120595242401374,0.011613596781299633
2024-11-20,0.0031490934929695206,-0.008491035845116046,-0.012781611963663484,-0.0009379930480376114,-0.012087216224482363,0.007864270252082159,-0.005520437353173034,-0.00764767857197726,-0.01154032611298051,-0.006930727679002103
2024-11-21,-0.0020982263369843527,-0.022430287385072762,0.004217633317365641,0.005600666867704056,-0.04861111516186358,-0.004306190484494396,-0.004326044547364558,0.005332295810406392,-0.007012172684276001,0.015174256471419819
2024-11-22,0.005890180576800343,-0.00637175235688548,0.0017675740789595128,0.00989083214724737,-0.017269292939966176,-0.0070394340110246315,0.009953386697125723,-0.032710385530366294,0.0373345373484672,-0.006084261548456785
2024-11-25,0.012966373848445407,0.021728540914003922,0.00358603136900683,0.002962231988428582,0.01738849448370788,0.010620357191464553,0.004283437778850285,-0.04267290233126281,-0.040430888534493496,-0.026656873899380578
2024-11-26,0.009360531884026144,0.03132358260823746,-0.000485491751210905,0.002956266583282489,0.00873011952121834,0.014807173277649025,0.021730227219537216,0.006594968234006868,-0.001063755153845317,-0.006722316636302369
2024-11-27,-0.0005533127892789751,-0.010251516694207376,-0.03125938441950701,0.006974729207917959,0.0006502491014875122,-0.007595610184989771,-0.011751275498637566,-0.011606858737019754,-0.015914020837727676,-0.01451952452605582
2024-11-29,0.010164030323116146,0.010395828320660513,0.014980946180061827,0.0006783693697993507,-0.0016559624267920754,0.00895475937264064,0.0011105072711509489,0.021273680171536198,0.03619593916712737,0.018970158140023934
2024-12-02,0.009477583263637124,0.01347372166869659,0.02696526642701063,-0.011334084329144619,0.014922212265664916,0.03172096059244282,0.017602632586114234,0.0027448559211086104,0.03397975234247804,0.05140139826432908
2024-12-03,0.01269086754384269,0.012872961773847143,0.009800989351485127,-0.014380437172268789,-0.0008752626156331454,0.034517098811570376,0.0005103221244532283,0.011689316864795008,-0.016005713052796626,0.02283414265098821
2024-12-04,0.0014825356955805958,0.021872981158047995,0.01423079001543343,-0.005767251606412249,0.017529772850237324,0.00021187327102252038,0.014321850694748173,0.03420103380451847,0.018355288553428408,0.009009520455682749
2024-12-05,0.00012349278740256072,0.01089568506430313,-0.0005278310585163445,0.003990028102811382,-0.009970915237217971,-0.00793336202589236,0.011817722978543282,-0.00048251976603180536,0.03178623389945424,0.017828026492507903
2024-12-06,-0.0008232999446754663,0.0289577215747153,0.0517830503563237,0.0011790220591509776,0.011918901730709593,0.024078596901085908,0.0021440352235636206,-0.018226551311687555,0.05202108959673976,-0.006285020750018836
2024-12-09,0.01597294835647563,-0.004149028072046192,-0.003291807895891333,-0.01295439756011903,0.004916060857065071,-0.016487429508393533,0.005508120002680851,-0.025814915499084164,0.0014634148953150045,-0.019145843143260503
2024-12-10,0.004125171732869524,-0.0046549995431563376,-0.04066137542631098,-0.0022145855266778535,0.054376185220088274,0.009327627917379152,-0.006049349602578705,-0.02731286112944623,0.028328310501358537,-0.036975847070703685
2024-12-11,-0.005179385393836323,0.022930947041668835,0.06418912208647651,-0.005708583985859199,0.053774433854558115,0.021342633733539968,0.012686219513976898,0.0309084311483683,0.0576113551148347,0.013763458612229872
2024-12-12,0.00594594555096542,-0.005618085452278452,-0.013961482868860418,-0.005540421688618727,-0.017761774942438063,-0.002991807649029806,0.0012687117586976638,-0.01424210616179813,-0.01582716714006912,-0.013096796095424251
2024-12-13,0.0006854238998910985,-0.006616567663893641,0.2185943528712045,-0.0013345145863359249,-0.011210608588675681,-0.016689084662348908,-0.0051069405630439725,-0.022755774043186742,0.04244899941747966,0.04857620235662735
2024-12-16,0.011659479378356959,0.023763519526408726,0.10624975808888962,-0.0031334851245957327,0.03539997620482703,0.007057233016032395,0.009612238715374866,-0.016901848268824068,0.05960057359180242,0.006101014147520601
2024-12-17,0.009672582362291305,-0.007671123770165903,-0.03986411843715453,0.0004854127712083043,-0.00632529132041251,-0.007718870171134206,0.00633531453896277,-0.012271951214800422,0.035724138195772255,-0.0077442863778441435
2024-12-18,-0.021654508388762934,-0.047078410933269275,-0.07164856525992475,-0.01975474210696313,-0.036583733413860654,-0.0365805134931186,-0.03828467003128864,-0.011415383792069227,-0.08642421525210743,-0.02574470158009861
2024-12-19,0.006990150800012302,0.012482931876037162,-0.023986279472343542,0.0037737803080413407,0.0005837070471784524,-0.0027164267198960166,-0.0008233961398401332,0.013636866005376279,-0.009038042516689774,-0.004715498250102828
2024-12-20,0.018640955170060546,0.007273430311082978,0.01125003550493078,0.013610148026545919,0.015266831890775186,-0.01747978380581188,-0.0009843942264890783,0.030298651978549456,-0.0352567708528249,0.013117431719442409
2024-12-23,0.0030602705719517636,0.0006222471909635992,0.05370866306585803,-0.0007343354923874577,0.016682541151860943,0.02464036607404595,-0.0030968043316382554,0.03623243097870165,0.02240426356053564,0.05018729004992413
2024-12-24,0.01141279320635401,0.017573311182246015,0.03105978757076213,0.007949270778823665,0.007575335828546398,0.013084117985694666,0.009330159262245901,0.003930235506984125,0.07099116636191981,-0.004979536767731053
2024-12-26,0.003170589209833,-0.00877006267142877,0.023421891172032753,0.00022981116314323396,-0.0026038927604354945,-0.007266255798922543,-0.0027808034412168266,-0.0020704025741608064,-0.017787254049436575,-0.01597543656940518
2024-12-27,-0.013330598676385325,-0.014640913829901727,-0.01482243334013137,-0.003921290786703789,-0.014626012189058936,-0.00588441506029862,-0.01745304097071034,-0.021088404543140524,-0.05074526160258332,-0.007067051637673347
2024-12-30,-0.013352189847318853,-0.011010096307821616,-0.02585358080959677,-0.009961719292238129,-0.007916539933069597,-0.01439096246685996,-0.013327928579020556,0.0034971960687214094,-0.03356928885086787,-0.0061689266790869975
2024-12-31,-0.007082863168246858,-0.008668295678212696,-0.016003105295731807,0.004120561516617348,-0.010196137085995576,-0.009738637250139745,-0.007869282659496936,-0.023549451472917045,-0.03305021011916344,-0.014577391378798592
2025-01-02,-0.0265861683678937,0.0037760870596221323,0.0006036908979313336,-0.007991667546116176,0.0006864690240974345,0.023178798352730377,-0.006951754330891277,0.02949582670516579,-0.06274403546918701,0.020498249638208507
2025-01-03,-0.0020115129665825167,0.017866865271653997,0.0024541618832352808,0.008784397956543462,0.012381333122738536,0.008954599775763588,0.01133124512629892,0.043574400201068245,0.07895504556688626,0.03428017008577055
2025-01-06,0.00671637408489883,0.015139723199454136,0.016462361243402675,-0.007151387115160478,0.026142739672820353,0.041420528148393004,0.010573391347594491,0.0337561131445502,0.0014850709586743428,0.05320648313918992
2025-01-07,-0.011453079657173515,-0.02446088330127337,-0.033418904243523215,0.0028867374846440206,-0.007034395753726971,-0.019726873863116317,-0.012890981650089084,-0.06418614152068752,-0.04145067133894472,-0.039826344831874284
2025-01-08,0.002020927557186251,9.006065292234922e-05,0.002926092681191452,-0.0009362433736962411,-0.007908855581415056,-0.011671858241949365,0.00517167324252128,-0.00021403548964395224,0.0014697002488738569,-0.020548253399691543
2025-01-10,-0.024398991249591037,-0.01446508722386957,-0.022045810724135795,-0.022261672166721844,-0.00989675488398374,0.008381072179487836,-0.01330180526750087,-0.03043482193681023,-0.0005065652243020289,0.006016945497230407
2025-01-13,-0.01039801835352601,-0.002194768679336334,0.0043593612886558735,0.0049350124230445516,-0.005377921641517359,-0.012302095908555685,-0.004209800900384384,-0.01991600481167559,0.021478195369560783,-0.034220956721925114
2025-01-14,-0.004789553582225577,-0.0032094484707200195,-0.0026222159129550416,0.014127980810334225,-0.007092831932424949,-0.023417434583425056,-0.0036499566143914633,-0.011095036614642187,-0.017382638722844804,0.00044687443180722755
2025-01-15,0.01948480007789161,0.025346561447878488,0.014579448500928046,0.018677334749468307,0.03058317376824288,0.03776336523109619,0.025274999377569954,0.03343617937444988,0.07731423282838396,0.02621092177244942
2025-01-16,-0.041238886078255925,-0.012117003196939351,0.006165151598456576,0.006376143286756831,-0.013592256737896272,-0.009475643723718855,-0.004066443135811161,-0.019792432622157387,-0.03420597069137641,0.03790859803853521
2025-01-17,0.007506857903525839,0.023646416176010977,0.034404148892331655,0.014123978041387077,0.015890803076483464,0.002401847361975028,0.010426559434964386,0.030524356055252534,0.03018125256143425,-0.01543574717177286
2025-01-21,-0.03243613559130265,0.02089205157407654,0.012014866943617808,-0.00029459629491375596,0.010404889600248662,0.006003784546504783,-0.0012361898638245693,0.02240341958008801,-0.005713813715474979,0.03347587232708231
2025-01-22,0.005330737892775529,0.018466503377704484,0.0024936338712154794,-0.01585769209712674,0.0016143951038811097,0.011355347726643417,0.040476652398013895,0.04335540197533314,-0.02135504315494303,0.02036729512611146
2025-01-23,-0.0007597963897555634,0.0017431021503983082,-0.002618578263114327,-0.0030414970220478703,-0.0019678554506682407,0.02055710872014609,0.0011421738259488696,0.0010192250188104746,-0.006598243859181292,0.0063418645959723435
2025-01-24,-0.003942371558049615,-0.0024241067445139475,0.018228061105612686,0.007517365578087856,0.011200788702332605,0.017197414498530322,-0.005949834718788012,-0.031744404192271244,-0.014164587635274254,-0.012273372599332711
2025-01-27,0.031285705717210406,0.002424106744514067,-0.19112184872859314,0.02473889175112304,-0.04286153137013268,0.018954683554269842,-0.021625631239945015,-0.1859460668695016,-0.023466650856007368,-0.14302804500283928
2025-01-28,0.03589209892425728,0.011529556411484978,0.02554537489500606,-0.00988010859970711,0.01803158871079982,0.021661641262212452,0.028671928524132695,0.08549724273298615,0.0023640734639690623,0.0511372270499499
2025-01-29,0.00460617893667475,-0.004545214548106087,-0.004882687619240453,-0.0004540037533292032,0.000563011861644975,0.0031980423105282844,-0.010949878530831646,-0.04187558561397645,-0.02284170549807513,-0.0003457928186810006
2025-01-30,-0.007422231461823826,-0.01030306500192206,0.044129402538573025,0.0062301971831604025,0.02755804611883577,0.01541657672171503,-0.06380180544701276,0.007650570240044596,0.028327903495885404,0.02835883200124805
2025-01-31,-0.006714689166491974,0.012872778270920829,0.02568055027674759,-0.009166330619710058,0.015560016248170517,0.0031681177655128946,0.00016874134111039183,-0.037434927004856136,0.010734640646320742,0.005605304937033763
2025-02-03,-0.034442316412519346,-0.0010944834258047257,-0.01612792577539776,-0.008665216180042172,-0.013769562636034054,0.011942848573769387,-0.010024456499066324,-0.028811164226487492,-0.05309008706919777,-0.04654732315816663
2025-02-04,0.020790225235481307,0.01935490231141661,0.021356629813132823,0.00804590783510666,0.025270769494734623,0.009602979068621604,0.0035223316343742854,0.016914199282481994,0.021988536096152256,0.021048123453603105
2025-02-05,-0.0014184980382040931,-0.024633742288564034,0.04212487118399776,0.010851235249628034,-0.07571951781001529,0.00096517394918358,0.0022286102808129226,0.050774801343862565,-0.03645352337012321,0.021909773168413645
2025-02-06,0.0032210495286589275,0.011200132499427723,-0.0027623383346485593,0.007059716597463372,0.0014102843951604666,0.010050444433128056,0.006103025354415376,0.030375760845873883,-0.010232799351092904,0.009210799686443671
2025-02-07,-0.02426065605834434,-0.04137522511569357,-0.02845250636009861,-0.008380604363937512,-0.03321806098702643,0.003547189131373397,-0.014705386704610102,0.008974225658910127,-0.03451714290429015,-0.02102702934478921
2025-02-10,0.001186639587161788,0.01726234455405173,0.04423323555526806,-0.004161542608096887,0.006078493065391906,0.004022696312272059,0.006010023895347485,0.028322945173449184,-0.03057719520938892,0.008839113544646551
2025-02-11,0.021596930272569727,-0.0016312726853764637,0.0,0.004987830451430772,-0.0061862758771793775,0.0033396602804957863,-0.001893995098589205,-0.005781341989361664,-0.06547989008634725,0.003791784215615401
2025-02-12,0.01810519327212046,-0.016591608211964794,0.005558089577682337,-0.002807363086549395,-0.009270169692709947,0.00772231567495464,-0.005850302193538772,-0.012578895683965845,0.024091057420887543,-0.011370353035399298
2025-02-13,0.019482158151255525,0.006270442838655877,-0.0023297689287753924,0.01959474869653288,0.013685115801925432,0.004374298685588846,0.003660485216271926,0.031155164209648773,0.05613428883532556,-0.02229334429348575
2025-02-14,0.012630731048703865,-0.007363076447512864,-0.011773841963784783,-0.003267981301445483,-0.00490077417697862,0.011069917666370188,-0.005152886859732176,0.025973661086288753,-0.00028100285016493403,0.010203925143014218
2025-02-18,-0.0005317059866364233,-0.008916663909923328,-0.019542657911918077,0.008107257942194673,-0.007913213268570573,-0.027943094422030846,0.0029581890101815222,0.003953290448324862,-0.004873623368530301,-0.005705380513855766
2025-02-19,0.001634726316221055,-8.819720145905549e-05,0.0008747880594326637,0.0012171899581393752,0.008129202741825268,-0.01774515309852331,0.012445507613695861,-0.0012203578743576655,0.018050813649058695,-0.00886826499768256
2025-02-20,0.003912835630097251,-0.016685221316839496,-0.00873823428538005,-0.004007285553952936,-0.0038396864488198694,-0.012769975759860329,0.005276656073260582,0.006300596414258499,-0.01723217010242546,-0.004238803214441215
2025-02-21,-0.0011396136910757596,-0.028673529284667792,-0.03628599357004667,-0.005867967147300948,-0.026908384788231304,-0.016381893583310946,-0.019216060607282707,-0.041384246483312785,-0.04797223327197698,-0.00933879809589557
2025-02-24,0.006292543737412716,-0.018030235415601108,-0.050316613829688786,0.03920064606230638,-0.0022846162135089394,-0.02281703009360917,-0.010366895806540082,-0.031357517942195226,-0.021756545199510743,-0.033807679673101776
2025-02-25,-0.0002428610468428315,0.0004230045694208501,-0.02626404004408251,0.0034136335289882817,-0.021598494184234655,-0.016038145154719945,-0.01521408876459946,-0.02841659136033324,-0.08762494178787733,-0.011967896456710314
2025-02-26,-0.02741243032228451,0.00725744971005982,0.05007306666308084,-0.012129945465741199,-0.015453497029836021,0.024340377279150924,0.004588626053810191,0.036063047953365956,-0.04043677756749929,0.02734611301042514
2025-02-27,-0.012812651969177875,-0.02652073681079169,-0.07375406738460986,0.016571822345132815,-0.024793860449029474,-0.023215446212266514,-0.01817638715495682,-0.08859151391902952,-0.030905910133740465,-0.07205476617688505
2025-02-28,0.01895115592125555,0.01681666750153105,0.008206799248888787,0.028293280771100493,0.010508391925662925,0.015017953442946702,0.01129812549135796,0.03893253980132861,0.03837459125197188,-0.003097242230910485
2025-03-03,-0.015879618923224256,-0.03479859601476035,-0.062377859615321836,-0.012778067068894203,-0.019390478812178844,-0.019875929030872506,-0.02164359965196981,-0.09094892754289016,-0.028844050845269347,-0.04277870351972357
2025-03-04,-0.008861591847085348,-0.005968420431592987,0.0005868685058096249,-0.029658132805902047,0.023141911637323383,-0.02324338276020264,0.0003087464091299677,0.016779369117156984,-0.045311188236941684,0.0398386101365087
2025-03-05,-0.0008056217234627742,0.022128220043401252,0.021633278457551464,0.005558031143198915,0.012211699697252982,0.025408702951152582,0.03143507269047272,0.011230816324945502,0.025621016692865903,0.023499498221989566
2025-03-06,-0.0017406408569600107,-0.037456115209580504,-0.06540881148011982,0.00022756935943734586,-0.0038798283610028987,-0.04444815904198192,-0.01035212141898282,-0.059085993787739266,-0.05770651942025788,-0.046824947809630785
2025-03-07,0.015767587593123793,-0.0072509229263983,0.0828977489645452,-0.005649637748144398,0.008722880548227256,-0.0036217228627763356,-0.009061066447111124,0.018991904763500322,-0.0029651004058366417,0.007083197091054625
2025-03-10,-0.049694154676558876,-0.023922554740530594,-0.0554160677372425,0.0027462555360425345,-0.04589497605149413,-0.04523304183081031,-0.034005847934470375,-0.05199882194375943,-0.167545740677576,-0.0371000233527771
2025-03-11,-0.02962379115709308,0.010482560161564325,0.03011931103050829,-0.00031685252928127897,-0.01109408678955231,0.012827405649485604,0.0007625419638474885,0.016501763695200098,0.037245079838722016,0.001873544735216537
2025-03-12,-0.01763328192659334,0.011631581915007296,0.021545279358975475,0.0013070406251538015,0.018542122513908948,0.02260811512751443,0.007384857007016327,0.06229469221637939,0.07319368705023727,0.03562152399420478
2025-03-13,-0.03422273735955725,-0.02546092021137873,-0.014886481313471573,0.014945120147801434,-0.02637569483819171,-0.047802768857778496,-0.011810483585375288,-0.0013833840574487073,-0.030323348875332203,-0.0320018163618515
2025-03-14,0.01800756147430486,0.020723473340341268,0.021608473909999457,0.01876821920683846,0.016634088917160252,0.02919935754392579,0.02551842813202982,0.05134949041335229,0.037912677650069934,0.014464521204629727
2025-03-17,0.00238598898151849,-0.011227182074080435,-0.005332794379683159,0.0176163639924287,-0.007277553675780577,-0.004453516593118817,0.0003602352581217095,-0.017745064770153786,-0.04906823105490024,0.012274375915085423
2025-03-18,-0.006140266076748315,-0.015030126840267867,-0.03043268751235725,-0.0016230613371169755,-0.022280589338141307,-0.037974438883356484,-0.013416056136493904,-0.03490312163335799,-0.05483544563443504,-0.013915254117779786
2025-03-19,0.011917956816990882,0.014007778521538292,0.03591893292053996,0.007875157314199686,0.019842920828151537,0.0029149093234057556,0.011149538863096421,0.017944196821366065,0.045761190368065426,0.00363214750396405
2025-03-20,-0.005310529214353347,-0.0030218279679656837,-0.023034875257899146,0.003790850909344083,-0.006673063029363826,0.0033160475526749764,-0.0025301115102107264,0.008557581401578177,0.0016944590202751025,0.02112665433384634
2025-03-21,0.019289717003862974,0.006442448675219972,0.0058608944304502485,-0.014226436462365268,0.007282990814998076,0.01734014517052393,0.011361109525563523,-0.007027078048479673,0.0513547158131408,-0.004178495846846529
2025-03-24,0.011207325945740405,0.03530037223454001,-0.0021415195264178617,0.010143093295333033,0.0222519642376308,0.03720289297847585,0.004640872199822358,0.03103430562474683,0.11273547481030481,0.024757498249806578
2025-03-25,0.013589105521617751,0.011981521917604515,-0.015757532427556342,0.004191802626632172,0.01702983965566476,0.011982556247730314,0.005277514739386901,-0.0059479908769027885,0.034423463077927825,-0.001436283585729982
2025-03-26,-0.009971329166654374,-0.022515953159889142,-0.0489309197962042,0.007534291251122507,-0.032778154619487354,-0.024781237126266172,-0.013220928070954496,-0.05913430012136279,-0.05742390273973778,-0.04176669279266369
2025-03-27,0.01041827529143247,0.001142864416179142,-0.041456608117906496,0.0037316249742115953,-0.017232364866127507,-0.013843683919766816,0.0015630876527579036,-0.02069442004162556,0.003925268964187628,-0.03078601712945431
2025-03-28,-0.02694012671190371,-0.043855989217514546,-0.016827906374354003,-0.014696910687659902,-0.04998363918407666,-0.04382885273093078,-0.030624473698900093,-0.015920744795885223,-0.035704833212183235,-0.017932259606345567
2025-03-31,0.019226654761999185,-0.012846835734262367,-0.01004324976921965,0.010312977728342373,0.002006746314092244,-0.0006591065589042802,-0.00904287138467908,-0.011832273351264484,-0.016797411271064034,0.004528358199493586
2025-04-01,0.004760601508669265,0.00998885850959964,0.006489199207117064,0.00232432854893091,0.015591837724246226,0.016587285939137983,0.01795236211660503,0.01619954940747826,0.03525624951763979,0.015778575120473603
2025-04-02,0.0031314425236710053,0.019785262896236656,0.020963077650276416,0.007945360482072375,-0.00019114589292787578,-0.0035387450360349483,-0.00013078026826173527,0.002448133233361493,0.05189662060946535,0.010323559839775624
2025-04-03,-0.09701334939472404,-0.09408135739928568,-0.11100006625032612,-0.015201410888178404,-0.04107675418956601,-0.09385216085490629,-0.02391381319284543,-0.08128105707713335,-0.05630172235818194,-0.07942661867577078
2025-04-04,-0.0756802586596973,-0.04242073641032032,-0.051426557226043425,-0.06765386568721475,-0.03456054587989244,-0.051905245077545945,-0.03621382021525922,-0.07642294168087824,-0.11003572551557192,-0.0695920352310956
2025-04-07,-0.037425985358315234,0.024606997782102066,0.052270408613622345,-0.007488849090343184,0.007867234291506675,0.022567538070933136,-0.0055175820409396874,0.034699973952530584,-0.02597878190231111,-0.004300947565284547
2025-04-08,-0.051101840149941236,-0.026597259717812963,0.012186991709305917,0.002846690597477224,-0.014067845354576669,-0.011298541985064123,-0.009264195579734019,-0.013818879309976054,-0.05023573100190593,-0.0333896669666822
2025-04-09,0.14261735065644743,0.11312358861813517,0.17111794365853408,0.05183292613833658,0.09241612312290254,0.1376345672248126,0.09652459501610683,0.17162066493468509,0.20449058000160142,0.11594994694497547
2025-04-10,-0.04331863309889568,-0.05308511365514066,-0.07192913548435609,-0.00569563533542339,-0.037817976578714614,-0.06977728517222685,-0.023684654334806,-0.060947211600031796,-0.07552202857803939,-0.049190063982164085
2025-04-11,0.03979217057049045,0.019941079422269643,0.05443982978940945,0.012837146760680682,0.027876288672218988,-0.004991486551293633,0.018446854932802577,0.03075757418913992,-0.00035662594507004263,0.038614830722510256
2025-04-14,0.02181437785531405,-0.014987065296594422,-0.019872951916045968,0.012407402726317362,0.01220731224682102,-0.022492859982025857,-0.0016489567012706835,-0.001985229013343767,0.00015855643290671638,-0.007925425105619539
2025-04-15,-0.001878210374514302,-0.013989329016472998,0.003302378266963947,-0.0016239173252895899,-0.017503119941550738,-0.018918012389119304,-0.005377886005244386,0.013368834883011008,0.006950209565496345,0.009515591885893175
2025-04-16,-0.03971153289626027,-0.029726389380639047,-0.02455151971294734,-0.02328347970166166,-0.019248709223230298,-0.03753011615495289,-0.03729272800460987,-0.07119156980110442,-0.050690742903996715,-0.03663828199329016
2025-04-17,0.013853232116374709,-0.00991534732389348,-0.020949824906119654,0.0058876194319213634,-0.01425363559551102,-0.0016536676101834111,-0.010360048704772855,-0.02913112824523016,-0.0007454979855451015,0.0004613035414884402
2025-04-21,-0.019583390012687947,-0.031126527586896723,-0.028352924241438093,-0.02383499805526529,-0.023358849330584866,-0.034116169997263614,-0.023828279171115695,-0.04617749498605528,-0.05918076725792799,-0.025902590981989805
2025-04-22,0.033497790966756265,0.03442328337941731,0.020072671275097317,0.025332272257207262,0.02540763615335161,0.03172031643485431,0.021214738937953004,0.020225371836407862,0.04499438204493094,0.023659367248096988
2025-04-23,0.024040216034862238,0.041953201051518486,0.04231629596337778,0.011217615855505974,0.025293008196485833,0.03918001259039259,0.020426764723584782,0.03790134837271239,0.05227194715975201,0.04146647093427867
2025-04-24,0.018258585835608618,0.03236098252849648,0.061598400141737786,0.01051878654508582,0.024983005396838818,0.024454932817753672,0.03390138231278414,0.035577911803156774,0.03437870754426389,0.039571515476656056
2025-04-25,0.004357684268579442,0.013048475365695443,0.021869151089183966,-0.0017326892400707148,0.016685656792463876,0.026139352882967766,0.011679655291929304,0.04213294932429731,0.09351849398026,0.00558812229987624
2025-04-28,0.0041009150270929,-0.006849205339079859,0.0008316201213045879,0.002497632314194296,-0.008370330471338183,0.004503139375677277,-0.0017624805235211918,-0.020752616473487473,0.0032583903115033577,-0.01035023490881288
2025-04-29,0.005078956600485457,-0.0016529240033086564,-0.006777187491864574,0.004490061261583134,-0.002805656786859696,0.008513152838519394,0.007335773601002335,0.0026636079397150537,0.021284373105168935,0.006587802523304765
2025-04-30,0.006089064814629984,-0.01597624814818092,0.006777187491864516,-0.0009988264620449695,-0.00852781430492523,-0.009860061316422409,0.0030913655987962678,-0.0009176963616907128,-0.03438223363024816,0.013346746057783042
2025-05-01,0.0038514415743526203,0.030860378884021808,0.024937253871074268,-0.006441367184300855,0.01562045615033104,0.04140766385039266,0.07348611462395332,0.02439700546152174,-0.005829314402079844,0.035536047514418884
2025-05-02,-0.038077548957887154,-0.0011573530932638618,0.031476203098725175,0.017386323606379237,0.016783393535112375,0.04244457598770763,0.022959563727747614,0.025564215698522838,0.02356864125337387,0.03727711579777836
2025-05-05,-0.03196394591314697,-0.019292122294797282,-0.0144428087545673,-0.04989289093353482,0.001096665991114063,0.003761550633242888,0.002042643132850122,-0.005956584000711437,-0.024495847170982712,-0.016194691531313015
2025-05-06,-0.001912522950301794,-0.00721681069789819,-0.00314365611148441,-0.0025488322987625785,-0.005985809467947523,-0.02015951402925391,-0.006578685782484525,-0.0024630217871406987,-0.01767474071206643,-0.023633121545177452
2025-05-07,-0.011450072435285355,0.01980163273836391,0.023315501906347326,0.01315913134983916,-0.07536692898947407,0.01604603933418832,9.232746064547032e-05,0.030531378042712477,0.0031546161942166075,0.013032827728284345
2025-05-08,0.00629861663508141,0.01770048072706834,0.014348973216004018,-0.011857894991867273,0.018975800762716336,0.0020087293320518217,0.011061207690987177,0.002644782740471907,0.030659773437438274,0.0038884458252434776
2025-05-09,0.005252258912645172,0.005089047328858073,0.0020674116768853654,0.0025961070399832392,-0.009966441189286182,-0.009273522101016115,0.0012772805412403414,-0.00615342331378826,0.046108194570086934,0.007391889057766504
2025-05-12,0.061232577690344396,0.07760926703827985,0.06228450597586831,0.0014269987691429482,0.036699594476380056,0.07624320477719689,0.023717584881590155,0.05300640963667599,0.06528003118679684,0.05756738454248609
2025-05-13,0.010101140823397865,0.012999853383055317,0.047762408438612215,-0.0066272739475138715,0.006729757602144647,0.025629394205993573,-0.0002671284341179979,0.054811420323891746,0.04810492051681205,0.03680498119217297
2025-05-14,-0.0028217340280494163,-0.005312830342904736,-0.0012915549360772206,-0.0181360897533517,0.035953281271449616,0.005063091443109469,0.008424926226858481,0.04079424072047593,0.0399319216619113,0.003961513870011672
2025-05-15,-0.004153139255795237,-0.024458403999516362,0.0022377329425796737,0.007782809408818023,-0.00856277334446427,-0.02375738850458925,0.0022536708978595898,-0.0037753720889584135,-0.01407694599861275,-0.002776495027930332
2025-05-16,-0.000898984741776323,0.002044981599618388,-0.017474773274380566,0.015113769544988782,0.013509142038461775,-0.005512946947922217,0.0025125708350595744,0.004218664191661227,0.020670491941373468,0.0
2025-05-19,-0.011808550392953584,0.0027687076543828405,0.008797255189558133,-0.0044997669984828135,0.002103769146177292,0.00014051823165986196,0.010075191736655208,0.0012547405719632264,-0.02280219175263177,-0.0037140258768591414
2025-05-20,-0.009238774316743506,-0.010189475975831036,0.00454235392178144,-0.006381108529295679,-0.015491041263179274,-0.005213234292151286,-0.0015265728512058323,-0.008816426724526465,0.005044436283555748,-0.0002584446772393324
2025-05-21,-0.023329096822368448,-0.01456138756787949,-0.00845240464391315,-0.001233838838683939,0.0275473685055529,-0.002514514817006033,-0.012297819990039077,-0.019386077399918406,-0.027122740878422213,-0.008774560887420211
2025-05-22,-0.003618809503893116,0.009796778074282054,0.0034763326688774555,-0.006760566856197592,0.013611152476512928,0.0016822668928147314,0.00504719045461815,0.007784512855801306,0.019004252475032086,0.022839009462365886
2025-05-23,-0.03071115674128091,-0.010443315729919602,-0.007882485338103325,-0.002310104253870173,-0.014145229886847317,-0.015052134936595728,-0.010342207926866836,-0.011661483872564344,-0.004997253689502847,-0.02169245268579563
2025-05-27,0.024983626043138994,0.02471808928544102,0.0298491574061082,0.007388098480813749,0.025955705454745223,0.02404442419192173,0.023077920122975996,0.031562968160399975,0.06709725458197968,0.029258374855721407
2025-05-28,0.001048375995039847,-0.006330074379308423,0.015913349912713877,-0.006970693343320501,-0.0031280817591707653,0.001959693110436915,-0.007254615836669581,-0.005105189149587356,-0.016644185010272462,-0.007820822824836458
2025-05-29,-0.0023478899531155133,0.004775584008620333,0.010552786983687192,0.004964999557793586,-0.002905142340416868,0.0022815759781156767,0.0028820324185030825,0.031973571155819315,0.0042777491260106125,0.005136107258468415
2025-05-30,0.004491065205679781,-0.0033600501810792565,0.00041308986122661596,-0.0015527943187734039,-0.0006985167602290318,0.0037754450007652187,0.0036559118158888404,-0.029602640571393966,-0.03396601533337422,-0.01961787629071331
2025-06-02,0.0042230412957919876,0.007967779780350943,0.027060682423347148,-0.003518196388858474,-0.015905451149829587,0.03551665797374724,0.0034912614061212255,0.016513503211900253,-0.010941091649071494,0.007831759032460455
2025-06-03,0.007753748829332053,-0.004559068820302432,0.03220467152491216,-0.011379658291778488,-0.01700474728542978,-0.006054919037820123,0.0021622300124801677,0.027568087063057165,0.004599945784019605,0.014116753254184664
2025-06-04,-0.0022163156344559864,0.007361824330479196,0.01633443965580945,-0.011293768374646556,0.011190124500460096,0.031151089804093944,0.0019420969563245499,0.004944574134038392,-0.03614067809813415,0.023950414862059254
2025-06-05,-0.010856447903960377,0.003276044436817532,-0.004414305383735323,-0.0066183126361082055,0.0009516552688609292,-0.004852256046402606,0.008179939094749872,-0.013692470068517678,-0.15384948606327908,0.004633620670948321
2025-06-06,0.016265311310348054,0.0268593707089079,-0.05130751747230845,0.010103598423303176,0.03200126564583481,0.018939550382334976,0.005756682611047564,0.012282212231139946,0.0360138325066553,0.009008141157815983
2025-06-09,-0.01218656200557631,0.015840481625608156,-0.010789729798066987,-0.0006363484891369342,0.014990576617953635,-0.005245162160173158,0.005025772748304801,0.006400698545660533,0.04453121583281344,0.008831203957871276
2025-06-10,0.006037909254940444,0.0028993089092675243,0.0014317584063700754,-0.005318710981592597,0.014153531548081891,0.011944698981084316,-0.003878402296898686,0.009281611458354953,0.05519232015438431,0.026034951648725553
2025-06-11,-0.019380398396932036,-0.02047379463536856,0.033286778613290706,-0.00528568377711484,-0.007023547363944426,-0.01182942085750118,0.0036033714691982117,-0.007811001101833298,0.0010421025390305668,0.00768943903755431
2025-06-12,0.0021106373444385223,0.00018763973740853443,0.012417199107503699,0.00392606426107532,-0.009347172784593889,-0.0011242642875210077,0.013137484445023209,0.01507861112994089,-0.022679683166052338,0.009842576875813844
2025-06-13,-0.013901372087019618,-0.005360427367806428,-0.029203536489934612,-0.005156127149370669,-0.005879543947748864,-0.015244810219097274,-0.008198594722346929,-0.021117993537486574,0.019242741328905938,-0.020304015177238906
2025-06-16,0.009978075593870499,0.01868340140955021,0.01357853577830923,0.006407045105435925,0.011950995830858721,0.02856891475903526,0.00876230544339521,0.018977761536786732,0.011674257976472,0.021463847627502326
2025-06-17,-0.014109814759666576,-0.0059407894922021915,-0.010888184456042178,-0.014398190320099792,-0.00464964060330114,-0.006989033514628445,-0.002298456540498782,-0.003947307497325792,-0.03960360944657592,-0.008287202267065
2025-06-18,0.004793283389081861,-0.010764380578029675,0.0075505689950772425,0.0038525088925311164,-0.015060170818369871,-0.0020961938711339645,0.0045915147506775,0.00939233805282406,0.017857560202303197,-0.0018717400982173444
2025-06-20,0.02223547028360247,-0.013405860444963391,-0.002716336691788835,0.002468798401103813,-0.03930385469477751,-0.019476341636214495,-0.005931212606842353,-0.011267455916311066,0.00034155282181088666,-0.0188653985698297
2025-06-23,0.0024843855497351116,-0.005835109391705959,0.015007361607804044,0.003375119787698209,-0.008739449622151821,0.02343545282162674,0.017853927947056213,0.002222050879093315,0.07910624722725408,0.003858728063469215
2025-06-24,-0.005973064723825546,0.020416638315931847,0.03864918743210601,0.010345390536481697,0.009519315857833159,0.019380571640627772,0.008421152464384763,0.025543120279273714,-0.023827555571310416,0.04540632716606201
2025-06-25,0.006270794852481886,-0.0036726605052767557,0.003330623976951429,-0.013720510324180058,0.023174800891437374,-0.004954701971823371,0.00439757128076107,0.042427331656703225,-0.03868634165630777,0.011968748335032727
2025-06-26,-0.0027821156783913795,0.023911043937020576,0.02064329058603528,-0.0002630482927989257,0.016617568307214635,0.02426999451782878,0.01046769676610369,0.004590540690939521,-0.005418374727754274,0.005685343792105829
2025-06-27,0.00039794102555481815,0.028065998915184062,-0.0030397895136052237,0.0015498911880816493,0.02834863560199731,0.010330719705106265,-0.003040085554322292,0.017457338664192308,-0.006621400161764133,0.020151932990800554
2025-06-30,0.02013598262377197,-0.017665207343808734,0.023120325115815462,-0.002932031091970999,-0.012966723004227158,0.006060966954262559,0.0029596798811845773,0.001520346964371515,-0.01861926308527601,-0.009141692260930192
2025-07-01,0.012833452102963735,0.004865337820140418,-0.04038386464297606,0.005950973477339706,-0.0022155121588968082,-0.02589849600597024,-0.010834382138509353,-0.030134912635816864,-0.0548353231730864,-0.008023710859829412
2025-07-02,0.021987260950303428,-0.002452467458083949,0.019303386009545488,-0.017404903983511417,0.015798119056176837,-0.007886685013345449,-0.0019528658332494174,0.025439991512918394,0.04848766871497916,0.03893310097599409
2025-07-03,0.005211392838460682,0.015744829251554494,0.019373879902494694,0.009606726022826745,0.004969732318171367,0.007594703375258407,0.015658018803898992,0.013203399005691072,-0.0009508330128998894,0.005123914903402317
2025-07-07,-0.01700159639848792,0.00026851753624558485,-0.0036405503336266955,-0.015292533471593655,-0.015379746046276791,-0.0009184064839751064,-0.002247765136433476,-0.006927365806581251,-0.07030747928005848,-0.0242700628698583
2025-07-08,0.00028574888794971224,-0.018562963722362966,-0.008718462191211364,-0.0016009122749976283,-0.013840446003176897,0.0032244799695399,-0.002212559747340906,0.011060905408483479,0.013080017887538436,-0.005732697763782174
2025-07-09,0.005366265423001007,0.014392611963869897,0.02219496584417175,0.0060062333529159965,0.01287838082041159,0.016664198793587,0.013778494117145214,0.017839962163414727,-0.006501707849529647,0.01731607679466507
2025-07-10,0.005997031271867079,-0.0012589875178303628,-0.009036783309880798,-0.00333807395078363,0.005645936308151887,-0.007589038771079571,-0.0040398584370253485,0.0074622680681916175,0.046198855706690405,-0.009012170353233944
2025-07-11,-0.00590230942922182,0.0123414630874901,-0.0037105268902599586,-0.00606705813828825,0.01436549654656488,-0.013469664745252661,0.0036623808786938575,0.004984463414259462,0.01167844971117151,0.0027816052934066375
2025-07-14,-0.012101746276944433,0.0029730809278073135,0.004436491276292959,-0.0024467300901840337,0.007574205086737134,0.004741352309945637,-0.0005962241465655737,-0.005167308525615258,0.01075495879659973,-0.007536983714908114
2025-07-15,0.0023460746789217817,0.0029201137891530816,0.019190559270711387,-0.008615264077203586,0.0024205734229133576,-0.01471408807799329,0.005550962519524451,0.03961437385098575,-0.019500985006087518,0.03556922016099749
2025-07-16,0.005008699526908365,-0.014059063272129541,-0.00046290125409168204,0.003795624374803054,0.005315551456221267,-0.010585266488622644,-0.0003954381387963846,0.0039174033575546515,0.03444095462458378,0.002571078327782264
2025-07-17,-0.0006663983172961444,0.003086778258328562,0.019885817568312206,0.0030179895796155864,0.0033282407348442142,-0.0021363174908775916,0.011953123320828776,0.009466658284056214,-0.007050661595447646,0.03328402189691706
2025-07-18,0.005508083259678032,0.009999860894734277,-0.010916423039590669,0.0016314767353825428,0.008029535770679939,0.004083490425377045,-0.0032298381199724895,-0.003416241383617945,0.031555911584314186,-0.021400002866286894
2025-07-21,0.006137030133482208,0.013921126445029842,0.017041793966543636,2.953630117109995e-05,0.026870189224574778,0.012263340754110947,1.9693927546293193e-05,-0.005992001805248622,-0.003525100711992725,-0.006468481108409547
2025-07-22,0.008995508989266177,-0.008012836242670535,-0.03394821305175851,0.0052044362095137455,0.006501705015959325,-0.011511046757792033,-0.009435463279729736,-0.02570990571991363,0.010959828902223289,-0.017953768460432774
2025-07-23,-0.001166683955418151,0.003598354221935051,0.018140995412284512,0.011698317477401016,-0.0058180481606291915,0.01236631173252073,0.0011867271270397653,0.02220269919281504,0.0013540923687317768,0.024131011797644743
2025-07-24,-0.001822789338734743,0.017111520335049226,0.017540588165936132,0.003561522793935715,0.010146514991942128,0.0017080820928616792,0.009855126349316113,0.01718376581271994,-0.08552542784602518,0.005270513115247478
2025-07-25,0.000561234220812427,-0.0034075702705455803,0.005078618005606271,0.0007162929393262397,0.0052420012023603885,-0.00297015451204854,0.005524216861557849,-0.00138234018759436,0.034637201499348805,0.016420727522236885
2025-07-28,0.0007945430080788463,0.00581605955069594,0.014098250128945144,-0.00555089038006017,-0.0031107622660985746,0.006921599252500482,-0.002358296695597241,0.018558693695374974,0.029706848621967902,-0.011672093516600368
2025-07-29,-0.013072746112031753,-0.007675754918146183,0.010545793056804847,-0.011832397146165114,0.016326699234071467,-0.02487379158589128,0.00013659292104220076,-0.007040323972502665,-0.013574889801361277,-0.005866898723991687
2025-07-30,-0.010563460319450515,-0.003555910385462956,0.017332477659334225,0.0006583186499903849,0.003976755289651152,-0.006866331281990748,0.0013062502702621708,0.021197135383230325,-0.006747506520358081,0.0065258185611464445
2025-07-31,-0.007104788725402036,0.016886027515609428,-0.029919015995601043,0.007914826625181563,-0.023840739018045252,0.10663405039925287,0.0387155031530411,-0.007840177954872254,-0.03434052685502853,-0.005324844429752336
2025-08-01,-0.025321570639362537,-0.08631653211497635,-0.01737856087238264,-0.01169554946508756,-0.014539718374992844,-0.03076151057280808,-0.01775756282725426,-0.02360814562512422,-0.018465033347039538,-0.026887500197181658
2025-08-04,0.004781562115817958,-0.014540622735209882,0.030973178440068624,-0.02689467553895503,0.030770000962831376,0.034542572800988956,0.02176080591626019,0.035512047010701125,0.02167142527004271,0.015984839920668382
2025-08-05,-0.0021168743093808893,0.009873169687714855,-0.016219877094170238,0.0030994366542914614,-0.0018987844860535827,-0.016768356931848468,-0.014839664302042262,-0.009713704115700585,-0.0017476574412364776,-0.027702322945838447
2025-08-06,0.04965333502612002,0.03926568541504039,0.029400087917868505,0.01196839444681294,0.007267827769847607,0.011110827755799618,-0.005338644963747344,0.006486247054774044,0.03560499649944306,-0.004743062703817032
2025-08-07,0.031298747504991196,0.003681789897764909,0.00690427013917023,-0.004440128026021323,0.0021905559696840265,-0.01324819442056138,-0.00784109284467797,0.007496190108397356,0.007349951735303974,0.047478234779561056
2025-08-08,0.04148530415843068,-0.0019739023688590293,0.003975407353193085,-0.0028039273327342593,0.024628017933321127,0.00975763555044512,0.0023013364057168644,0.010619848541053738,0.02264179762598033,-0.0032613911767468357
2025-08-11,-0.00837231602866578,-0.006261419913672536,-0.003514716845592026,0.0005728689432562172,-0.002087330623050464,-0.004468691350988404,-0.0005173156503593669,-0.003509131953484002,0.028057128395424267,0.0010744917980469557
2025-08-12,0.010813746316393955,0.0007678847964323423,0.028961226056867347,0.008922903679050147,0.011574543018871088,0.031020558728372213,0.01421509607437297,0.006023824627074495,0.005324552775796538,0.009046498216702644
2025-08-13,0.015897421651124923,0.013855775538096454,-0.012027409702414945,0.015195442325468867,-0.00680973643596159,-0.012636365476370722,-0.016498446391669145,-0.008608689799895675,-0.004292710283261014,-0.011734990921161287
2025-08-14,-0.002359966075287742,0.028188187008165968,0.006899801418024632,0.004448573405925639,0.0048406394926026365,0.0026243951102297453,0.0036430781308046905,0.0023651455035522623,-0.011260099884090402,-0.0018240765534718163
2025-08-15,-0.005125279942778364,0.0002164587456877612,-0.015836594624665065,-0.0019917412028971552,0.004719289960431359,0.003955718484647959,-0.004430984851587565,-0.008662840887425811,-0.015072159502432556,-0.008835567728964783
2025-08-18,-0.003027109285002568,0.001989132843084511,-0.0018951457101420166,0.0011175349626309297,-0.0019636085754090563,-0.023007618236744878,-0.005919459000966554,0.008607840542821066,0.013819862125930686,0.010535357947285766
2025-08-19,-0.0014302786403733944,-0.015147236228621335,-0.036130266525666206,0.01265955303916396,-0.009529300433350001,-0.020924477031927798,-0.014276560630550883,-0.03562514018542912,-0.017608491717904177,-0.03674670162341076
2025-08-20,-0.01993195232786818,-0.01859199682633854,-0.012762929064157637,0.0076903751176504625,-0.01122514711666485,-0.005016009246873105,-0.007976482283820752,-0.0013673764352676154,-0.01656474162017639,-0.01777622353170242
2025-08-21,-0.004923352764199779,-0.008345349193359648,-0.0054066614705375925,0.00036291846875642945,0.0021549428168430836,-0.011595362403358254,-0.0012882742962437505,-0.0023973952169626654,-0.011770166368817137,-0.005571072430653715
2025-08-22,0.012636554777213866,0.03057093586711227,0.015079031715293114,0.0018058111122955982,0.031246413447438035,0.021006317054089254,0.005912247498901862,0.017055751507662406,0.0603104166993377,0.024592848018030192
2025-08-25,-0.0026377932083888694,-0.003940606259072966,0.0007820715859745697,-0.006444972489728948,0.011578102723097002,-0.0019760252132578256,-0.00587253222768058,0.010173355391656097,0.019196337227210383,0.011097378811161676
2025-08-26,0.009420188869658648,0.0033724076943096397,0.01276526437759833,0.010216420675539413,-0.006496203231337877,0.0010614559437708004,-0.0044122062999990335,0.010841399531384095,0.01452187916170169,0.013198372994784342
2025-08-27,0.005132705068832231,0.0017910076284830656,0.007488434425206695,0.0096752282051015,0.0016400728646111926,-0.008951182691109881,0.009318199707767025,-0.000935696238819023,-0.005903612812939926,0.0023848381213301406
2025-08-28,0.008940769368325639,0.010765909591411497,0.0275924234153481,0.00686964025702957,0.01985176276149068,0.004978327991224309,0.005706562059152193,-0.007905618349265803,-0.010408659566889222,-0.004271715523503281
2025-08-29,-0.00180765361792773,-0.011289768498294493,-0.03716342223093074,0.007711577214348165,0.005982824206885,-0.01666025137279853,-0.0058052163870483,-0.03381163293554937,-0.0356293206445078,-0.0315497265624949
2025-09-02,-0.010479427277002538,-0.01611164706970365,0.0028541164924395677,-0.005512464769158653,-0.007353939743976327,-0.00487173783889732,-0.0031033729504502125,-0.019713030852508813,-0.01360034804236362,-0.010800024995901035
2025-09-03,0.037382362478189754,0.00288041832828813,0.013819007309008683,0.0009048955463181847,0.08742917925407505,0.002635614824792557,0.00045526030519227377,-0.0009372646684936146,0.014259073808795026,0.013049902937500722
2025-09-04,0.0054782551474289055,0.041984146824532165,0.012194313009697954,0.010571636276989472,0.0070848880014414434,0.015615898151703693,0.005171145573807328,0.0060769320037896,0.01320230431684188,0.01637411315259477
2025-09-05,-0.00037538090420976503,-0.01431613896889294,0.08989021526227742,-0.012840744894721062,0.011555905721816872,0.005063004640440946,-0.025864627390316836,-0.02740221161888302,0.035717557533237444,0.03426854117829013
2025-09-08,-0.007580058845623845,0.014994810804568525,0.03162454499673802,-0.013427902549942384,-0.00319953020951778,-0.00019945469720795064,0.006443857765429145,0.007693863192308633,-0.0127361095766315,0.015409998102652336
2025-09-09,-0.014950617910709828,0.010124998519937195,-0.026323358688113422,-0.0017824304188939026,0.023604041429670916,0.01765528929589819,0.0004214025687047002,0.014451526353461664,0.0016441653277190816,0.014976864241149322
2025-09-10,-0.032791289244217724,-0.03376552082845374,0.09323694178219041,-0.001065836128730629,-0.0019214802714950863,-0.01808073598781144,0.00392477496482748,0.03775340543171461,0.0023605495234688204,0.03723839640616803
2025-09-11,0.014185256289725907,-0.0016511904499798356,-0.027264453031400408,0.009449866174415565,0.005004819946966033,-0.0014372102053956059,0.0012782763399045002,-0.0008462989178140306,0.05868272574299215,-0.005892019151785687
2025-09-12,0.017410544677714464,-0.007858600093329381,0.0006670554026334187,-0.006307087811766346,0.001787306830838095,0.006226449717750562,0.01758854730011585,0.0036620765474140366,0.07098109112687562,0.0016208305700902577
2025-09-15,0.011173251296468912,0.014274139722700788,0.011658250429021902,-0.005211328802744156,0.04391355241683611,0.011984616983829074,0.010650995251252678,-0.00039379713382049606,0.034992045964953526,0.007873922279937164
2025-09-16,0.006107199861764178,0.011257360441086762,-0.01129711090909024,-0.0006465362319448524,-0.0017900881590270342,0.018527416688991365,-0.012339034259009866,-0.016277970865324422,0.027849686096646824,0.005747997313565236
2025-09-17,0.0035210514987462998,-0.010436704109897131,-0.0391740196091134,0.004591389364004399,-0.006511046957297057,-0.00421937556244976,0.0019233027680551189,-0.02659720291787311,0.010006196509857018,0.0027818378979109102
2025-09-18,-0.00465539646949225,-0.0016852089863250992,-0.002371537361534406,-0.003970652242534737,0.009968985789329672,0.005822749435214127,-0.0030830192546234267,0.03434388090451526,-0.021384159862326838,0.022016992863721396
2025-09-19,0.03153055905443974,0.001080590559717161,-0.0011879698850416373,0.005349235763790362,0.010616798637963883,-0.0023995864144693915,0.018473137542949315,0.0024368043532322354,0.02187720971082706,-0.014133195938873798
2025-09-22,0.04219292680949939,-0.01677193303853678,-0.016278122477303418,0.0027784164724890346,-0.008634847735487762,-0.01645513967787314,-0.006741633839998002,0.038530399012176364,0.018924599151657024,0.02887653117584714
2025-09-23,-0.006464106315850793,-0.030871872178262885,0.00044267100062993356,-0.003743225348981264,-0.0034510803263411204,-0.012837509618783147,-0.010198562570060122,-0.028617611486171632,-0.019441082441463448,0.03630605464031869
2025-09-24,-0.00836727303900431,-0.002267986025112884,0.0010910426543351522,0.006621389615766329,-0.01812398695426717,0.0069390180511237015,0.0018049446838036337,-0.008216120990264475,0.03900845039857305,-0.007099577734789976
2025-09-25,0.0179115863617917,-0.009398795415484247,-0.009505463006711748,0.0009745451216491377,-0.005477541363280845,-0.015567652227074263,-0.006134616615669382,0.0040602930682581756,-0.04480186162620923,-0.01453278211899302
2025-09-26,-0.005504203212560821,0.007444168873481592,-0.004682126382320321,0.005851419948750679,0.0030467475032324456,-0.006913814567383431,0.008699204190431221,0.002809922620334833,0.03938961629749567,-0.011999790156363929
2025-09-29,-0.004040110110226674,0.010815805882780046,-0.02001788232713651,-0.0005336891387513001,-0.010151069624223536,-0.00047072142417497423,0.00612044144581852,0.020331824003759894,0.006360288086303643,-0.0004755229764567231
2025-09-30,0.0007857916558778501,-0.011771724709007034,0.006111215501596322,0.006518147453991729,-0.003900209407327423,-0.012207631388299944,0.006488947269661438,0.025677844594396645,0.0034011943142930328,0.021936686742762834
2025-10-01,0.0032151561931075237,0.004815990813160187,0.010493097708828218,-0.011057997921768781,0.0073770393701803,-0.023476691999647574,0.0033922544893785077,0.003531167751598281,0.03260699487618123,0.03234038817608039
2025-10-02,0.006555106605745169,0.008035429408424596,0.014265233952052342,-0.0017148220881582645,0.0032206397591085264,0.013445324960633886,-0.007668204594977582,0.008773587555646736,-0.052409624917241146,-0.0012487725521520764
2025-10-03,0.003455274986035184,-0.01312477732054764,0.0005616705135790663,0.007965473082280104,-0.0013848363404396177,-0.022941859935964155,0.0031167516996714194,-0.006746268582615817,-0.014252492909231236,0.014061978149451839
2025-10-06,-0.005167942554398963,0.006312318256467651,-0.008547766027012708,0.00022246896682979352,0.020493662162124223,0.0071517760648933245,0.021455728651506266,-0.011148125248544874,0.05305409919515741,0.03434631591668145
2025-10-07,-0.0008183689390839821,0.003975811225101454,0.002738505540344002,0.003941605605645447,-0.01882398691126116,-0.0036115544569888824,-0.008721839235137807,-0.002698459918937808,-0.04549829949251959,-0.028068766648145997
2025-10-08,0.006141391255695327,0.015391813667974614,0.026661963762035473,-0.005207808167273309,-0.004649451267085061,0.006653147609519006,0.0016590558523225463,0.021756865566211918,0.012847468714676217,0.03505487639283577
2025-10-09,-0.015700466177770656,0.011126943813862119,-0.0013902921006626924,-0.006818337494685705,-0.012712305491077313,0.021594438087548625,-0.004678834544344629,0.01813087269768971,-0.007206358713169257,-0.015354253973153069
2025-10-10,-0.03513202373666418,-0.051214768870408295,-0.060916265767335616,-0.014233936649336568,-0.02074953691895277,-0.039217988314609,-0.022142349274500945,-0.05009960028526953,-0.05195335338705128,-0.06623849380507439
2025-10-13,0.009697171504895576,0.016955828210376053,0.09420903131423948,0.00536573069130086,0.03153863344934446,0.01463786283297029,0.006029170251344131,0.027782559952435757,0.052779538485349636,0.07622578897323354
2025-10-14,0.00044406003543302855,-0.016863378479674927,-0.03587558575846292,0.0072824292336346715,0.005310463282646123,-0.009899327043387486,-0.0009341227581389464,-0.045019206055716764,-0.01539666493428667,-0.023213028254501607
2025-10-15,0.0063165381668474005,-0.0037966156016826813,0.020706369158238782,0.00069240674602499,0.022479203736449856,0.012480899507072638,-0.000272701281730714,-0.0011115036073662836,0.013674604901329141,0.029203809877887427
2025-10-16,-0.00760888030307317,-0.005115842622809568,0.007994661404230994,-0.014839960379074259,0.0017114736880103104,-0.007666397128163029,-0.0035510639580491293,0.01095022064409201,-0.014816786729139185,-0.016111554923677947
2025-10-17,0.019370614298066767,-0.006689964147498498,-0.01370350652462921,0.006959954146222403,0.007290661148204658,0.006787982013837044,0.003843292085263904,0.007725462757472726,0.024331310172500658,-0.016002520702198708
2025-10-20,0.03868091586874815,0.01601823469533244,-0.00025771406889408584,0.0032458778836141726,0.01274897411641045,0.0210484371375758,0.006230626662165641,-0.0031706339466408204,0.01831477587612344,0.008839863720666473
2025-10-21,0.0020189842515379616,0.025314357693141158,-0.019020603623542628,-0.005415664468547406,-0.02402432954299572,0.0015013631508518518,0.0016821185981848483,-0.008136393403132757,-0.010853643121685474,-0.010773258448936394
2025-10-22,-0.01657679531385159,-0.01854683769726401,-0.006911138674240535,0.0002063322281970868,0.004898969402180641,0.00019083315388704214,0.005548105265548849,-0.004869465701334962,-0.008235365016010689,-0.01930167024884887
2025-10-23,0.004362573196799657,0.014304177190941961,0.01165677661237618,-0.0015648435089959405,0.005507442869943129,0.0008041643807585911,3.841293043138177e-05,0.010374239229939845,0.022547291398770954,0.006383667853505993
2025-10-24,0.012404622431380775,0.014013300747684945,0.02817972080030286,0.003934609241268517,0.026668351868953104,0.005922479653611209,0.005841995068404034,0.02225807308601528,-0.03457920037137167,0.014444704477707437
2025-10-27,0.022535281491603727,0.012234712914707927,0.022118251529028077,-0.007953003887400348,0.035340525824867096,0.016734409300663694,0.014993770300163762,0.027692106494185256,0.042211814191010485,0.011092361833181142
2025-10-28,0.0007065817472201407,0.009995255600938363,0.029715646635316437,-0.013957598536618036,-0.006707087266567199,0.0008254391865893537,0.019654283321668336,0.04861859050894962,0.01781041931942346,0.010937384310807314
2025-10-29,0.0025989202282576647,0.00456970894129321,0.0342876042907059,-0.013369341423833348,0.026198857667130145,0.0003060119173459616,-0.000959772689728643,0.029457827948534257,0.002082342411769511,0.011737300915978195
2025-10-30,0.006283443804923906,-0.03283904572023767,-0.024947226901722845,0.00701976992592878,0.024855172447437388,-0.1203022510996158,-0.029590554584473662,-0.020248031680764292,-0.047501755655160294,-0.006148182028337673
2025-10-31,-0.003802316392924,0.09152568904562086,-0.01833585066312845,-0.0030439555276020737,-0.001030853007831744,-0.027564439419363672,-0.01523651714532901,-0.0019734620898285613,0.03671813319553837,-0.009243875888341337
2025-11-03,-0.0048941700975957455,0.039264803615285844,-0.01934016133711706,-0.005000325564588087,0.008957255167688243,-0.01654697231557618,-0.0015074033124727472,0.021448410478101188,0.025538450543862383,0.01463783231891958
2025-11-04,0.0036728713253906245,-0.018597025701107325,-0.0297016453695508,0.02625822247383185,-0.022022783538314116,-0.016426949787369673,-0.005235797823321971,-0.04039309665395447,-0.052848572813666,-0.0361027964202438
2025-11-05,0.00037028919398077734,0.0035233445181079427,0.019806041098907712,0.00685903288026433,0.024100087489862785,0.0136631960648558,-0.014038627544444297,-0.017669873289304115,0.03930641199562339,-0.001395219885954124
2025-11-06,-0.0013706648568130519,-0.029034574612610754,-0.009488347636604118,0.005081139620087734,0.0015464643400361362,-0.027111632765790015,-0.02003530684422974,-0.03720852305928514,-0.035599264459214984,-0.01509783729467015
2025-11-07,-0.004830551924742772,0.005621146751201127,-0.017475178825696394,0.01131565204607092,-0.021009460933140118,0.004465438536276326,-0.0005634318029910585,0.00037209133726219876,-0.03744886561150212,-0.009518194952987561
2025-11-10,0.004538365265673548,0.016193167513876918,0.025318645819636422,-0.005117841853512399,0.039623527681966475,0.016035827240922708,0.018308864444895333,0.05631656037854874,0.03592274671529928,0.030151589412836678
2025-11-11,0.02137118643594642,0.0028141212824004096,-0.018104343621973846,0.0016789122018429205,0.00416226313041181,-0.007435389059722185,0.005282454884459312,-0.030037222950149853,-0.01268032095842644,-0.013982789951805932
2025-11-12,-0.006487844507194079,-0.019866897590761556,0.00921981123539898,0.014129655344469352,-0.015916712125490527,-0.029239472404906482,0.004824468538220908,0.0033078616866165345,-0.020731107188327342,-0.0018907299930808097
2025-11-13,-0.0019032581452385258,-0.027483132611142096,-0.04385046672559385,0.018109326059864178,-0.028801859840836632,0.0014439079546312203,-0.015477024527652983,-0.0364670645217309,-0.06875241071018368,-0.02940045349364006
2025-11-14,-0.0019803751859178826,-0.01223891180071706,0.007267940647212151,-0.008237055487691243,-0.00778414619321842,-0.0007052558482812994,0.01359701489479531,0.017558729188080546,0.005853666241942873,0.009241252317144403
2025-11-17,-0.01833830726819936,-0.007785167790615942,0.0005547420522610163,-0.011119804275491878,0.030674077385103048,-0.01229932988591982,-0.005286583357794761,-0.018951080520199615,0.011238716089416035,-0.009914851768329831
2025-11-18,-7.473925559643532e-05,-0.045328527802621185,-0.006294423130315179,0.0002342792977306929,-0.00259963494919905,-0.007201811057902887,-0.0273666221292721,-0.028483321948272338,-0.01893489628165649,-0.01464520145683785
2025-11-19,0.004179092340407183,0.0006288715862684946,0.04006757098880282,-0.004155010317712976,0.02956423166222157,-0.01240749518392443,-0.013599872454874285,0.02805447178564917,0.006805426562391663,0.015920968197230267
2025-11-20,-0.008638626557415352,-0.025238376767976148,-0.02167671827699771,0.002867782169515694,-0.011541310413729484,-0.001983874335724793,-0.016130717372056392,-0.03203235291540865,-0.021922199285516537,-0.01739738738648278
2025-11-21,0.019489553289023798,0.01621670892983362,-0.019272242038149392,0.0009205633967868257,0.03466586729415952,0.00861925409925716,-0.013276714172975601,-0.009790915648216417,-0.010530198558583292,-0.008831715897638507
2025-11-24,0.016185746981243,0.025014152157624068,0.10525462660445922,0.010116530771079872,0.061225095093701394,0.03114637292069064,0.003974141476520722,0.020308940766502713,0.0660172720981127,0.034236049118939
2025-11-25,0.003798184186466807,0.01487032297548011,0.018532936784708083,0.0,0.015140063773891547,0.03709782814310947,0.006288184139484632,-0.02625230295007782,0.003870128654219355,0.00014049797040098418
2025-11-26,0.002091851674423675,-0.002223022534822027,0.03204976559386288,0.006357207473287979,-0.010848837727411001,-0.0041107548148767445,0.017683781896818542,0.01362837076139389,0.016974787220379935,0.0183772163507679
2025-11-28,0.004672971568938359,0.017561753805358658,0.013466264790957062,0.0029051377874596104,0.0007185359731443283,0.022379995844114292,0.013319773606054174,-0.018250481451215203,0.008380619474776033,0.005331364447801361
2025-12-01,0.015126188953698135,0.002825964858582112,-0.04279273680808099,-0.011675477328037311,-0.01665992654866456,-0.010986981398502604,-0.010768981786818071,0.01636262063691597,-6.97394621241348e-05,-0.013225607247966833
2025-12-02,0.010855720764224917,0.0023061862991379644,-0.011750245732722287,-0.0013948956451724046,0.002917312782281654,0.009674201055549482,0.006675311554056698,0.008522950888142249,-0.0020945908399217085,0.015213242287098024
2025-12-03,-0.007153688178430315,-0.008740386717129234,-0.002519155141112356,-0.0027666179296230832,0.012023412079451672,-0.011657874829207703,-0.02535964876263152,-0.010358810989460964,0.039960567737700375,0.011437742228851243
2025-12-04,-0.012215719407566574,-0.014171743534491207,0.0011029414211117796,-0.004302116837602472,-0.006308412732255769,0.03371251049329149,0.006488824477946213,0.020939727959519348,0.017287167308555625,-0.008566044866599737
2025-12-05,-0.006863590932648934,0.0018314943611840917,0.02388382714439693,0.001395522110619345,0.011426094445484456,0.017813779175403853,0.004813302496586745,-0.005303608473423211,0.0010335035967348669,0.006092101170607443
2025-12-08,-0.00319753127588418,-0.011568418747626617,0.027448846981585014,-0.014231511681321557,-0.0231270466589624,-0.009879083658219613,0.016136968471426146,0.017067483178621695,-0.03447772390855956,0.023970666644524043
2025-12-09,-0.002558316430519311,0.004529366309921425,0.012856406780307836,-0.01190763485939589,0.010653193385332872,-0.014866907788968167,0.0020345059555792527,-0.0031307475877748172,0.012636566806914386,0.005088579647669959
2025-12-10,0.005755847706403448,0.016793958483706913,0.016307744434081627,-0.0013917054440645412,0.009822938249675506,-0.010450834424699287,-0.027737753963508884,-0.006454272935382109,0.014008389943791177,0.02193889119056993
2025-12-11,-0.002693918776111477,-0.006492686132941979,-0.016110892765842995,0.009844269546347493,-0.02459658322857577,0.003960557936591403,0.010207678143323889,-0.015629207780489252,-0.010152139695978488,-0.014508047705642142
2025-12-12,0.0008987795219441775,-0.017920589673159203,-0.12135452701266952,0.008497895834805345,-0.01010104491621273,-0.013077111861833347,-0.010270365621871403,-0.03320989813109434,0.026650529578487583,-0.04292906392789058
2025-12-15,-0.015098364430199547,-0.016268534273204432,-0.05752292478088208,0.013281912098107513,-0.0034655580580204882,0.005893679380504947,-0.007783102028747796,0.0072300506944736895,0.03500417593015653,-0.0148335477774807
2025-12-16,0.0018224236954371396,8.98866451848032e-05,0.004375211150980723,-0.012970832107321148,-0.0053676794846445035,0.014778087527754367,0.003301076972831595,0.008078956722964145,0.03019325551468915,-0.003028126221801221
2025-12-17,-0.010138211482018081,-0.005813022613826343,-0.045803143194393645,0.009300909439418569,-0.03265720088775454,-0.011709503968792702,-0.0005669642013516311,-0.038896652916282415,-0.04727460429487326,-0.035156073872675636
2025-12-18,0.0012867163670800797,0.02450847063987791,0.011770322810164834,-0.0005556217152902658,0.01916007177585736,0.022756813038495007,0.016373693204499575,0.018546937875409245,0.03389652701091261,0.027492656127819304
2025-12-19,0.005422689224387653,0.0025985418858299946,0.03127485400730958,-0.01345520865529279,0.015419787313641272,-0.008585159575083596,0.004000422682315486,0.038582241575907276,-0.0044993863680712525,0.014887988306788238
2025-12-22,-0.009914931893719238,0.004739078487121393,0.005109003838804973,0.005891943126974873,0.008493567794240016,0.00413549398094484,-0.0020600723620700385,0.014807755977448005,0.015527202757108985,0.014874074919192515
2025-12-23,0.005116548681590436,0.016110849706755952,0.022787137354942238,0.0007383880817917113,0.014644670066311193,0.005186831137981822,0.003972123392512731,0.029607977378472258,-0.006507353223946919,0.012436035640754033
2025-12-24,0.005309759449072081,0.0010333484556670999,0.002573103416679656,0.0009122356730777969,-0.0008274768615970477,0.003917460856794122,0.002400286146341494,-0.0031761505282191112,-0.0003295782832779731,0.006210596835238857
2025-12-26,-0.0014985243151121033,0.0006022774408405259,0.005438907535960179,-0.005666645120408314,-0.0018482687435713396,-0.006402008393173236,-0.0006354167141099218,0.010128261776981343,-0.021258551524587485,0.013430188737407563
2025-12-29,0.0013159438507369832,-0.0019371793526925382,-0.007811620741389296,0.006671138817022601,0.00015943289422478579,-0.006959249336692101,-0.0012514960509342136,-0.012198158159957593,-0.03327112293491262,-0.006360107828257972
2025-12-30,-0.0024871024374482713,0.0019801618568183687,0.0013156899141406747,0.004511086328516728,0.0009244626763467157,0.01096159315737014,0.0007798331494734757,-0.00361937772433004,-0.011399736021774638,-0.004463044395586051
2025-12-31,-0.004477569353830084,-0.007381025988312501,-0.010776740361578382,-0.0007945967839613417,-0.0027119936706252114,-0.008838380932576455,-0.007949822210215307,-0.005560881107953781,-0.01041870064110701,0.014284393104691515
2026-01-02,-0.0031314174227282093,-0.01889327280046985,0.0043821468125052115,-0.014250501344608275,0.0068455060519480165,-0.014773338065621023,-0.022330928568365094,0.012521842393978721,-0.026246437918021278,0.050435614658390394
2026-01-05,-0.013933752709382118,0.028550975746587545,-0.012155688103233466,0.005534834583021523,0.004400946307797316,0.012801893742596474,-0.0001903093442500957,-0.0038730503568413913,0.030573122743440866,0.008226185137508333
2026-01-06,-0.01850445330052291,0.033210483799024845,0.001018570162406355,-0.0003341687583310561,-0.006974451901869085,0.0027739948925622235,0.011898903355173657,-0.0046887853515816015,-0.04230652917497186,0.015946627583439395
2026-01-07,-0.007767545179558986,0.0026114748641676943,-0.0007856854856940826,-0.004018759594917744,0.024014274937269067,-0.01822383219674455,0.010312138198767437,0.009937613797250397,-0.003586402728205757,-0.02708682787355955
2026-01-08,-0.0049674824964186315,0.01939179681615764,-0.03260737070796603,0.007088908172123615,0.010688654426759616,-0.004062573469867062,-0.01114846702195872,-0.021756877926822283,0.010124471981728621,-0.0021045819940049932
2026-01-09,0.0012730719488525312,0.004415959535942419,0.036877719312822695,-0.0029899378904256076,0.009571806955528126,0.010776629983427929,0.0024441743272820607,-0.0009731965015264062,0.020913381268702357,0.017518043485506344
2026-01-12,0.003387112630019483,-0.0036853485099490966,0.020770104089446285,-0.00026739397988084844,0.009963221776641442,-0.017127476940797956,-0.004391212380582897,0.0004326762122366477,0.00883700211279967,0.024841021620409305
2026-01-13,0.0030692056002053552,-0.015826265506308508,0.006790988366801488,-0.007462320557875348,0.012308724801853669,-0.01709300232090392,-0.01373652280618257,0.004693171754836819,-0.003927828743923325,-0.001689335148180611
2026-01-14,-0.004184172939277149,-0.024831791107773286,-0.042396473774415015,0.0015318989250416699,-0.0003870287280860322,-0.02498105493408204,-0.024279475151207697,-0.014473748758520005,-0.018051031148363036,-0.012456128506640464
2026-01-15,-0.006754565919430446,0.006444429028140061,0.009166643526597256,-0.006405672153794622,-0.00915323784883259,0.00854147847033588,-0.005938625364054578,0.021125092762471806,-0.001435467097246193,0.04346113296850153
2026-01-16,-0.010433359433029877,0.003938837966679267,0.02501822562851962,0.0027834855589263076,-0.008388952858636688,-0.0008863266337104006,0.006982923953040525,-0.004393531107790258,-0.0024427450941922413,0.002222032487131012
2026-01-20,-0.0351668036385547,-0.03454778703396358,-0.05586636299446445,-0.018049187408027016,-0.02454110891611766,-0.026349776956290413,-0.011680170601197762,-0.04480567345721959,-0.042609305094350874,-0.04553026738149117
2026-01-21,0.003843423223522748,0.0013410811217221105,-0.011490959053729358,-0.004712115526732208,0.01961994370887009,0.014526871183521067,-0.023169646366770685,0.029056527049768917,0.02866105598439217,-0.0031839622381387117
2026-01-22,0.002822631741110808,0.01301424496916034,-0.01011791684837021,0.0029235754613201347,0.00655621731080176,0.05501983636279246,0.015705498576054473,0.008257266595632558,0.040695858938020815,0.0038256179687380675
2026-01-23,-0.0012490697156274547,0.02035976271241001,-0.01685451376064793,-0.007280639596616468,-0.007927557924928453,0.017039741668327228,0.0323006133420048,0.015194525356657421,-0.0006678119583802994,0.022651367436697756
2026-01-26,0.029280115023907816,-0.0030989827151845415,0.014886360668260936,0.007583540564085068,0.016122846774646885,0.020434594748333864,0.009249900974024904,-0.006414716764022211,-0.03135078007637361,-0.006471168229266166
2026-01-27,0.011135395361916245,0.02591738783059459,0.024148129980036574,-0.018646939533407996,0.003863313327113599,0.0009068190158369401,0.021665420443567347,0.01093374993632049,-0.00992969313376057,0.016780082224951802
2026-01-28,-0.007110778160384995,-0.006848632287987722,0.0013512357063315173,-0.004920923814198573,0.0043546417476716765,-0.006320346579962272,0.0021825147040121667,0.015788139399133445,0.0012987560805733547,0.011636213650957024
2026-01-29,0.007149534392551533,-0.005281189009015846,-0.007560556048341561,0.006322465739487108,0.006644316562313292,0.09898342528172764,-0.10528439833082896,0.005155807778264151,-0.0351442835440217,-0.008066334265162473
2026-01-30,0.0046354076526533994,-0.010103375476311452,0.0017219067067099462,0.011834457647002798,-0.0007393715678786329,-0.029985540027970492,-0.007432376387847021,-0.007194221552516745,0.032707748293060876,-0.026832997063578803
2026-02-02,0.03977936083255737,0.015178840703943746,-0.0005736702474905889,0.009539132546993848,0.016694199911898737,-0.014182479810115351,-0.016212930158988753,-0.02930614884421937,-0.02018328139266714,0.03214941742214566
2026-02-03,-0.001964814656119158,-0.01802454038618342,-0.033098929710169284,0.014596315825920006,-0.011647808076057425,-0.02104341420370296,-0.02914247754230818,-0.028803763734296522,0.00035553266889641583,-0.016570760564404964
