Date,AAPL,AMZN,AVGO,BRK-A,GOOGL,META,MSFT,NVDA,TSLA,TSM
2015-01-02,24.237545013427734,15.425999641418457,7.560339450836182,223600.0,26.27894401550293,77.90580749511719,39.85845184326172,0.4830113649368286,14.620667457580566,16.63180923461914
2015-01-05,23.55474090576172,15.10949993133545,7.439480304718018,220980.0,25.778228759765625,76.654541015625,39.4919319152832,0.4748533070087433,14.005999565124512,16.228710174560547
2015-01-06,23.556961059570312,14.76449966430664,7.2702813148498535,220450.0,25.14203643798828,75.62175750732422,38.91229248046875,0.4604564905166626,14.085332870483398,15.945042610168457
2015-01-07,23.88727378845215,14.920999526977539,7.466674327850342,223480.0,25.068090438842773,75.62175750732422,39.40667724609375,0.4592567980289459,14.063332557678223,16.17645263671875
2015-01-08,24.805084228515625,15.02299976348877,7.839819431304932,226680.0,25.155433654785156,77.6376724243164,40.565948486328125,0.476532906293869,14.041333198547363,16.28095817565918
2015-01-09,24.831687927246094,14.846500396728516,7.923666477203369,224675.0,24.84825325012207,77.20072174072266,40.22498321533203,0.4784524738788605,13.77733325958252,15.825601577758789
2015-01-12,24.21980857849121,14.570500373840332,7.79223108291626,222424.0,24.666629791259766,76.18781280517578,39.722076416015625,0.4724537432193756,13.480667114257812,15.51954460144043
2015-01-13,24.434856414794922,14.737000465393066,7.748422145843506,223000.0,24.90184783935547,75.91966247558594,39.51749038696289,0.47173383831977844,13.616666793823242,15.713630676269531
2015-01-14,24.341745376586914,14.66349983215332,7.809606552124023,221878.0,25.10679817199707,75.75084686279297,39.1765251159668,0.47365355491638184,12.845999717712402,15.72109317779541
2015-01-15,23.68110466003418,14.34749984741211,7.653247356414795,221510.0,25.011518478393555,73.53633880615234,38.767372131347656,0.4702942371368408,12.791333198547363,17.08716583251953
2015-01-16,23.49709701538086,14.536999702453613,7.842084884643555,223615.0,25.331600189208984,74.65848541259766,39.41521072387695,0.47893235087394714,12.871333122253418,16.87068748474121
2015-01-20,24.102319717407227,14.472000122070312,7.92140007019043,222636.0,25.305795669555664,75.71112823486328,39.54307174682617,0.4803721010684967,12.795332908630371,17.236467361450195
2015-01-21,24.28632164001465,14.862500190734863,7.959920406341553,220895.0,25.82438087463379,76.20765686035156,39.1424446105957,0.48709046840667725,13.104666709899902,17.3260440826416
2015-01-22,24.918148040771484,15.515999794006348,7.946327209472656,224915.0,26.663536071777344,77.11135864257812,40.173851013183594,0.49548861384391785,13.441332817077637,17.699295043945312
2015-01-23,25.046724319458008,15.619500160217285,8.080780029296875,223751.0,26.89429473876953,77.29010772705078,40.21648406982422,0.4969281852245331,13.419333457946777,17.908309936523438
2015-01-26,25.073320388793945,15.482999801635742,8.061895370483398,224184.0,26.634756088256836,76.96240234375,40.071556091308594,0.49476879835128784,13.770000457763672,18.035215377807617
2015-01-27,24.1954288482666,15.337499618530273,7.91535758972168,221511.0,25.864076614379883,75.25431823730469,36.363590240478516,0.4710141122341156,13.732000350952148,18.057607650756836
2015-01-28,25.563262939453125,15.195500373840332,7.931219100952148,217160.0,25.429363250732422,75.71112823486328,35.110557556152344,0.46333590149879456,13.291333198547363,17.863521575927734
2015-01-29,26.359140396118164,15.58899974822998,8.046788215637207,219998.0,25.469064712524414,77.45892333984375,35.80954360961914,0.47461333870887756,13.680000305175781,17.385765075683594
2015-01-30,25.9733943939209,17.726499557495117,7.771081924438477,215865.0,26.675945281982422,75.38343048095703,34.437171936035156,0.46069642901420593,13.573332786560059,16.952796936035156
2015-02-02,26.299283981323242,18.223499298095703,7.736337184906006,220100.0,26.410451889038086,74.46981048583984,35.18727111816406,0.47077420353889465,14.062666893005371,17.124496459960938
2015-02-03,26.303714752197266,18.177499771118164,7.795253276824951,222183.0,26.465038299560547,74.87696838378906,35.460044860839844,0.4825313985347748,14.557332992553711,17.281261444091797
2015-02-04,26.50545310974121,18.237499237060547,7.916107654571533,221027.0,26.107736587524414,75.10536193847656,35.66462707519531,0.48373112082481384,14.569999694824219,17.602245330810547
2015-02-05,26.694637298583984,18.694499969482422,8.021859169006348,224560.0,26.29283905029297,75.08551788330078,36.18457794189453,0.4916493892669678,14.732666969299316,17.661968231201172
2015-02-06,26.4698429107666,18.714000701904297,7.911577224731445,224880.0,26.49382209777832,73.95341491699219,36.15049743652344,0.489489883184433,14.490667343139648,17.243934631347656
2015-02-09,26.64566993713379,18.527999877929688,7.72274112701416,224000.0,26.265546798706055,73.92362213134766,36.10787582397461,0.48901012539863586,14.498666763305664,16.922945022583008
2015-02-10,27.157581329345703,18.649999618530273,8.085312843322754,225140.0,26.805463790893555,74.66841888427734,36.31244659423828,0.5026872158050537,14.419333457946777,17.811269760131836
2015-02-11,27.79410743713379,18.756999969482422,8.153291702270508,224393.0,26.698274612426758,75.97926330566406,36.124908447265625,0.49932774901390076,14.186667442321777,18.132259368896484
2015-02-12,28.145771026611328,18.85849952697754,8.286232948303223,224460.0,27.095773696899414,75.70120239257812,36.73012161254883,0.5350798964500427,13.525333404541016,18.266626358032227
2015-02-13,28.283761978149414,19.09149932861328,8.32022476196289,222555.0,27.351341247558594,75.21460723876953,37.39500427246094,0.5353195667266846,13.584667205810547,18.542829513549805
2015-02-17,28.4506893157959,18.771499633789062,8.374611854553223,223300.0,27.0461483001709,75.07557678222656,37.41218566894531,0.5369992256164551,13.623332977294922,18.490568161010742
2015-02-18,28.648778915405273,18.668500900268555,8.308897018432617,222800.0,26.92902946472168,76.17787170410156,37.369239807128906,0.5307607054710388,13.630666732788086,18.44577980041504
2015-02-19,28.588672637939453,18.950000762939453,8.37687873840332,221495.0,27.117605209350586,78.86907196044922,37.343482971191406,0.5322003960609436,14.11400032043457,18.303943634033203
2015-02-20,28.822370529174805,19.183000564575195,8.464498519897461,223100.0,26.886850357055664,79.34574890136719,37.65254592895508,0.5360395312309265,14.473999977111816,18.244232177734375
2015-02-23,29.601360321044922,19.006999969482422,8.524173736572266,221000.0,26.54939842224121,78.2930908203125,37.9015007019043,0.5317203998565674,13.822667121887207,18.080001831054688
2015-02-24,29.41663360595703,18.929500579833984,8.54909610748291,223405.0,26.730531692504883,77.90580749511719,37.84999465942383,0.5373807549476624,13.607333183288574,18.692123413085938
2015-02-25,28.664356231689453,19.26849937438965,8.511327743530273,222855.0,27.161277770996094,79.00810241699219,37.764137268066406,0.5332861542701721,13.583999633789062,18.692123413085938
2015-02-26,29.027135848999023,19.239999771118164,9.762953758239746,222250.0,27.754793167114258,79.85221099853516,37.82423400878906,0.5347313284873962,13.812666893005371,18.423391342163086
2015-02-27,28.59090805053711,19.007999420166016,9.639827728271484,221180.0,27.920541763305664,78.42219543457031,37.643959045410156,0.5313590168952942,13.555999755859375,18.311416625976562
2015-03-02,28.73111915588379,19.283000946044922,9.745575904846191,220365.0,28.5353946685791,79.19679260253906,37.66971206665039,0.5443660020828247,13.155332565307617,18.38606071472168
2015-03-03,28.791215896606445,19.230499267578125,9.685147285461426,219000.0,28.722482681274414,79.04782104492188,37.154632568359375,0.5342496633529663,13.303999900817871,18.28901481628418
2015-03-04,28.608707427978516,19.13599967956543,9.77427864074707,217612.0,28.69965362548828,80.33880615234375,36.96577453613281,0.5402714610099792,13.496000289916992,18.162118911743164
2015-03-05,28.134647369384766,19.39150047302246,9.862659454345703,219500.0,28.853492736816406,80.64665985107422,37.00869369506836,0.550628662109375,13.375332832336426,18.25916290283203
2015-03-06,28.17693328857422,19.004499435424805,9.660223960876465,218811.0,28.430191040039062,79.45499420166016,36.364830017089844,0.5431618094444275,12.925333023071289,17.982955932617188
2015-03-09,28.297119140625,18.92799949645996,9.602059364318848,220500.0,28.4897403717041,78.88894653320312,36.78548812866211,0.5446069836616516,12.725333213806152,17.505207061767578
2015-03-10,27.711769104003906,18.475500106811523,9.4509916305542,217400.0,27.782583236694336,77.01204681396484,36.08153533935547,0.5540009140968323,12.687999725341797,17.206607818603516
2015-03-11,27.206541061401367,18.318500518798828,9.416244506835938,217500.0,27.576143264770508,77.03190612792969,36.038612365722656,0.551110565662384,12.916000366210938,17.535066604614258
2015-03-12,27.69841766357422,18.711999893188477,9.526524543762207,219898.0,27.848087310791016,78.3824691772461,35.21448516845703,0.5460522770881653,12.73799991607666,17.56492042541504
2015-03-13,27.50700569152832,18.52899932861328,9.441926956176758,217118.0,27.442651748657227,77.50858306884766,35.52354431152344,0.5467748641967773,12.578666687011719,17.826196670532227
2015-03-16,27.8096981048584,18.667499542236328,9.809782981872559,219502.0,27.871414184570312,77.5284423828125,35.67806625366211,0.5532780885696411,13.046667098999023,18.12479591369629
2015-03-17,28.274856567382812,18.59600067138672,9.75162124633789,218600.0,27.671422958374023,78.80948638916016,35.798248291015625,0.5600228309631348,12.982000350952148,18.147184371948242
2015-03-18,28.593135833740234,18.756999969482422,9.881924629211426,219699.0,28.095718383789062,80.3487548828125,36.48503494262695,0.5508695244789124,13.380666732788086,18.44577980041504
2015-03-19,28.377235412597656,18.66200065612793,10.003141403198242,218000.0,27.972150802612305,82.17598724365234,36.30475997924805,0.5593001246452332,13.043333053588867,18.408458709716797
2015-03-20,28.021141052246094,18.92449951171875,10.0978364944458,218300.0,28.035667419433594,83.21869659423828,36.811248779296875,0.5653218030929565,13.20533275604248,18.490568161010742
2015-03-23,28.31269645690918,18.75550079345703,10.184959411621094,218646.0,28.0565128326416,83.84432220458984,36.7940788269043,0.5470157265663147,13.308667182922363,18.51296615600586
2015-03-24,28.19696617126465,18.704500198364258,10.084959983825684,217005.0,28.660449981689453,84.71822357177734,36.82841110229492,0.5395486950874329,13.447999954223633,18.28901481628418
2015-03-25,27.460264205932617,18.54800033569336,9.426615715026855,217000.0,28.137399673461914,82.34479522705078,35.59220504760742,0.5067903399467468,12.953332901000977,17.30364990234375
2015-03-26,27.65167236328125,18.36750030517578,9.447831153869629,216240.0,27.970661163330078,82.43416595458984,35.37759017944336,0.505104124546051,12.694000244140625,17.318580627441406
2015-03-27,27.43132972717285,18.527999877929688,9.712985038757324,217000.0,27.66844367980957,82.72216033935547,35.171573638916016,0.5149798393249512,12.333333015441895,17.124496459960938
2015-03-30,28.125741958618164,18.72949981689453,9.8902587890625,219700.0,27.846595764160156,82.62284851074219,35.1629753112793,0.5171478390693665,12.704667091369629,17.355905532836914
2015-03-31,27.69396209716797,18.604999542236328,9.619802474975586,217500.0,27.52701759338379,81.64965057373047,34.90544128417969,0.5041407942771912,12.584667205810547,17.52760124206543
2015-04-01,27.65390396118164,18.51300048828125,9.517532348632812,216300.0,27.268465042114258,81.10346984863281,34.95695495605469,0.5060678124427795,12.505999565124512,17.340980529785156
2015-04-02,27.892047882080078,18.612499237060547,9.471315383911133,216500.0,26.862537384033203,80.99423217773438,34.58781051635742,0.5072721838951111,12.733332633972168,17.68436050415039
2015-04-06,28.343856811523438,18.851999282836914,9.532681465148926,216275.0,26.99354362487793,81.86813354492188,35.66948699951172,0.5219652652740479,13.539999961853027,17.572389602661133
2015-04-07,28.04561996459961,18.720500946044922,9.519042015075684,215500.0,27.03870391845703,81.74895477294922,35.65230178833008,0.5265417098999023,13.550000190734863,17.460411071777344
2015-04-08,27.954364776611328,19.059999465942383,9.605408668518066,214828.0,27.23621368408203,81.70923614501953,35.55787658691406,0.5303958058357239,13.844667434692383,17.318580627441406
2015-04-09,28.168027877807617,19.177000045776367,9.637986183166504,215523.0,27.195514678955078,81.60001373291016,35.6093864440918,0.5426802039146423,14.005999565124512,17.497745513916016
2015-04-10,28.288209915161133,19.13249969482422,9.60767650604248,215211.0,27.221324920654297,81.47089385986328,35.815425872802734,0.5482199192047119,14.0600004196167,17.54252815246582
2015-04-13,28.232574462890625,19.118000030517578,9.496317863464355,215950.0,27.226287841796875,82.43416595458984,35.84976577758789,0.5431618094444275,13.985333442687988,17.415626525878906
2015-04-14,28.11016845703125,19.25550079345703,9.392524719238281,214420.0,26.786609649658203,82.94064331054688,35.75532150268555,0.538585364818573,13.830666542053223,17.30364990234375
2015-04-15,28.217004776000977,19.172500610351562,9.537981033325195,214675.0,26.849136352539062,82.1362533569336,36.27899932861328,0.5450886487960815,13.85533332824707,17.549989700317383
2015-04-16,28.08123207092285,19.302000045776367,9.494800567626953,214350.0,26.972206115722656,81.7390365600586,36.193153381347656,0.5417163968086243,13.779999732971191,17.348438262939453
2015-04-17,27.76518440246582,18.777999877929688,9.231162071228027,212982.0,26.4372501373291,80.21964263916016,35.72957229614258,0.5347313284873962,13.78600025177002,17.33350944519043
2015-04-20,28.399499893188477,19.475500106811523,9.320555686950684,214100.0,27.02232551574707,82.51361083984375,36.83699417114258,0.5320818424224854,13.684666633605957,17.37084197998047
2015-04-21,28.245929718017578,19.55900001525879,9.325859069824219,213440.0,26.94243049621582,83.0399398803711,36.60520553588867,0.5313590168952942,13.96066665649414,17.415626525878906
2015-04-22,28.626514434814453,19.489999771118164,9.689497947692871,214789.0,27.253082275390625,84.04293060302734,36.90568161010742,0.5373807549476624,14.629332542419434,17.796337127685547
2015-04-23,28.860214233398438,19.499500274658203,9.399344444274902,214740.0,27.663978576660156,81.83834075927734,37.20613098144531,0.5352131128311157,14.573332786560059,18.139720916748047
2015-04-24,28.9959716796875,22.2549991607666,9.053130149841309,214490.0,28.467905044555664,80.96443939208984,41.09501266479492,0.530636727809906,14.562000274658203,18.595077514648438
2015-04-27,29.523454666137695,21.92799949645996,9.102371215820312,212585.0,28.093730926513672,81.34181213378906,41.23237991333008,0.5347313284873962,15.436667442321777,18.96832847595215
2015-04-28,29.058298110961914,21.465499877929688,8.897822380065918,215150.0,28.006887435913086,80.1203384399414,42.20244216918945,0.5373807549476624,15.36533260345459,18.66973114013672
2015-04-29,28.63097381591797,21.4685001373291,8.866004943847656,214400.0,27.859004974365234,79.91179656982422,42.11659622192383,0.5332861542701721,15.49666690826416,18.505502700805664
2015-04-30,27.85420799255371,21.089000701904297,8.854642868041992,213400.0,27.232738494873047,78.22357177734375,41.75603485107422,0.5347313284873962,15.069999694824219,18.244232177734375
2015-05-01,28.69996452331543,21.14349937438965,9.303128242492676,215800.0,27.351341247558594,78.44205474853516,41.77320861816406,0.5479792952537537,15.0686674118042,18.468177795410156
2015-05-04,28.644332885742188,21.152000427246094,9.178884506225586,219290.0,27.43471336364746,78.2633056640625,41.41266632080078,0.5446069836616516,15.36733341217041,18.154651641845703
2015-05-05,27.99888038635254,21.059499740600586,8.847821235656738,218000.0,26.948387145996094,77.02197265625,40.863224029541016,0.530636727809906,15.529999732971191,18.132259368896484
2015-05-06,27.82305335998535,20.954999923706055,8.847065925598145,216620.0,26.553373336791992,77.5582275390625,39.730045318603516,0.5323227047920227,15.362000465393066,18.25170135498047
2015-05-07,27.995145797729492,21.3439998626709,9.278889656066895,218720.0,26.898759841918945,77.88594055175781,40.09060287475586,0.5417163968086243,15.786666870117188,18.19197654724121
2015-05-08,28.522602081298828,21.684499740600586,9.343287467956543,222880.0,27.241668701171875,77.96539306640625,40.99199676513672,0.5017322301864624,15.77400016784668,18.326339721679688
2015-05-11,28.232046127319336,21.642499923706055,9.303887367248535,219550.0,27.08435821533203,77.46885681152344,40.6657829284668,0.4969148337841034,15.965999603271484,18.19197654724121
2015-05-12,28.1314754486084,21.551000595092773,9.314496040344238,217800.0,26.7345027923584,76.92266845703125,40.64860153198242,0.5017322301864624,16.31599998474121,18.19944190979004
2015-05-13,28.16276741027832,21.3435001373291,9.328132629394531,217200.0,26.772216796875,77.8958740234375,40.888980865478516,0.5046228766441345,16.211999893188477,18.244232177734375
2015-05-14,28.819843292236328,21.61400032043457,9.616769790649414,219270.0,27.25407600402832,80.80555725097656,41.8247184753418,0.5128122568130493,16.273332595825195,18.221834182739258
2015-05-15,28.779611587524414,21.299999237060547,9.687226295471191,218640.0,27.119590759277344,79.86214447021484,41.46416473388672,0.5130532383918762,16.589332580566406,18.333810806274414
2015-05-18,29.096982955932617,21.261999130249023,9.862229347229004,219125.0,27.128524780273438,80.31893920898438,41.21519470214844,0.5123304128646851,16.583332061767578,18.221834182739258
2015-05-19,29.070159912109375,21.085500717163086,9.808439254760742,220400.0,27.258045196533203,80.07069396972656,41.111515045166016,0.5091363787651062,16.47599983215332,18.356204986572266
2015-05-20,29.067920684814453,21.19300079345703,9.781167030334473,219526.0,27.418333053588867,79.99124145507812,41.111515045166016,0.5091363787651062,16.290000915527344,18.348743438720703
2015-05-21,29.365177154541016,21.581499099731445,9.817529678344727,218280.0,27.63172149658203,79.92171478271484,40.973262786865234,0.5055064558982849,16.374666213989258,18.09493064880371
2015-05-22,29.6221923828125,21.381500244140625,10.048592567443848,217000.0,27.518081665039062,79.98130798339844,40.523956298828125,0.5047804117202759,16.51533317565918,18.065073013305664
2015-05-26,28.969587326049805,21.273500442504883,9.9470796585083,215700.0,27.15433120727539,78.77970886230469,40.25609588623047,0.5016346573829651,16.497333526611328,18.1098575592041
2015-05-27,29.510440826416016,21.570999145507812,10.719054222106934,217440.0,27.504680633544922,79.99124145507812,41.13744354248047,0.5284950733184814,16.495332717895508,18.363666534423828
2015-05-28,29.452342987060547,21.328500747680664,10.786480903625488,217580.0,27.50120735168457,79.5940170288086,40.999168395996094,0.5357546210289001,16.76333236694336,18.25170135498047
2015-05-29,29.11709213256836,21.46150016784668,11.217544555664062,214800.0,27.06153106689453,78.64067077636719,40.48938751220703,0.5355124473571777,16.719999313354492,18.12479591369629
2015-06-01,29.175201416015625,21.54599952697754,11.107694625854492,215400.0,27.25457191467285,79.73303985595703,40.80909729003906,0.5415620803833008,16.6299991607666,18.02028465270996
2015-06-02,29.04557991027832,21.54949951171875,10.921329498291016,214820.0,27.489797592163086,79.88200378417969,40.5412483215332,0.5309147834777832,16.55666732788086,17.669435501098633
2015-06-03,29.081335067749023,21.829500198364258,10.837998390197754,214600.0,27.556291580200195,81.86813354492188,40.48075866699219,0.5251073241233826,16.599332809448242,17.661968231201172
2015-06-04,28.91147804260254,21.538999557495117,10.697084426879883,212585.0,27.377641677856445,81.4808349609375,40.057373046875,0.5345447659492493,16.39466667175293,17.15435028076172
2015-06-05,28.752790451049805,21.34749984741211,10.894815444946289,211560.0,27.27045249938965,81.5702133178711,39.867305755615234,0.5386584401130676,16.609333038330078,17.064777374267578
2015-06-08,28.562828063964844,21.174999237060547,10.502385139465332,210000.0,26.9702205657959,80.11041259765625,39.513023376464844,0.5263171195983887,17.086000442504883,16.908008575439453
2015-06-09,28.4778995513916,21.27400016784668,10.622086524963379,209700.0,26.904712677001953,80.11041259765625,39.443904876708984,0.5289790034294128,17.066667556762695,17.04238510131836
2015-06-10,28.804203033447266,21.53849983215332,10.822844505310059,211400.0,27.422800064086914,81.59008026123047,40.27339172363281,0.5195418000221252,16.713333129882812,17.415626525878906
2015-06-11,28.7393856048584,21.648500442504883,10.756935119628906,211940.0,27.29576301574707,81.26236724853516,40.126495361328125,0.5251073241233826,16.76066780090332,17.549989700317383
2015-06-12,28.42201805114746,21.496000289916992,10.641782760620117,210760.0,27.16822624206543,80.96443939208984,39.72039031982422,0.5108300447463989,16.71266746520996,17.669435501098633
2015-06-15,28.366151809692383,21.183500289916992,10.84254264831543,209300.0,26.946399688720703,80.15011596679688,39.2970085144043,0.5098623037338257,16.691999435424805,17.363374710083008
2015-06-16,28.51812744140625,21.363000869750977,10.756935119628906,209760.0,27.03919792175293,80.49769592285156,39.59943389892578,0.516153872013092,16.874666213989258,17.602245330810547
2015-06-17,28.451082229614258,21.390499114990234,10.688560485839844,210150.0,27.12505340576172,81.22264862060547,39.72039031982422,0.522203266620636,17.360666275024414,17.61717987060547
2015-06-18,28.580705642700195,21.969499588012695,10.864056587219238,214050.0,27.60045623779297,82.33486938476562,40.36843490600586,0.5309147834777832,17.459333419799805,17.736616134643555
2015-06-19,28.294626235961914,21.746000289916992,10.855700492858887,212200.0,27.666955947875977,81.93765258789062,39.83271408081055,0.5292210578918457,17.500667572021484,17.467878341674805
2015-06-22,28.52035903930664,21.81450080871582,10.885326385498047,212580.0,27.774145126342773,84.15216064453125,39.94504928588867,0.527042806148529,17.319332122802734,17.796337127685547
2015-06-23,28.390735626220703,22.29949951171875,10.760733604431152,211900.0,27.958255767822266,87.2703857421875,39.668556213378906,0.5134918689727783,17.844667434692383,17.863521575927734
2015-06-24,28.632104873657227,22.04199981689453,10.633858680725098,210500.0,27.71906280517578,88.24358367919922,39.43525695800781,0.5084103345870972,17.67799949645996,17.841123580932617
2015-06-25,28.49576759338379,22.0049991607666,10.57763957977295,209600.0,27.688291549682617,87.36969757080078,39.443904876708984,0.512282133102417,17.91933250427246,17.975494384765625
2015-06-26,28.328155517578125,21.905000686645508,10.267670631408691,209900.0,27.445629119873047,87.39948272705078,39.10691452026367,0.5018767714500427,17.805999755859375,17.63957405090332
2015-06-29,27.83199691772461,21.493000030517578,10.029119491577148,205000.0,26.859556198120117,85.20482635498047,38.33792495727539,0.486873596906662,17.468000411987305,17.237510681152344
2015-06-30,28.03313636779785,21.704500198364258,10.09901237487793,204850.0,26.79951286315918,85.17501831054688,38.147823333740234,0.48663151264190674,17.884000778198242,17.49168586730957
2015-07-01,28.294626235961914,21.86949920654297,10.294265747070312,206365.0,26.96129035949707,86.30712890625,38.40703582763672,0.4936491847038269,17.94333267211914,17.661142349243164
2015-07-02,28.258874893188477,21.885499954223633,10.4568452835083,205923.0,27.161773681640625,86.68448638916016,38.36383819580078,0.4941331148147583,18.667999267578125,17.830591201782227
2015-07-06,28.160533905029297,21.802000045776367,10.195499420166016,205500.0,27.076416015625,86.94268798828125,38.355194091796875,0.4880835711956024,18.648000717163086,17.66884422302246
2015-07-07,28.091249465942383,21.836000442504883,10.09217643737793,208150.0,27.29526138305664,86.61497497558594,38.27743148803711,0.4788881242275238,17.858667373657227,17.68424415588379
2015-07-08,27.393939971923828,21.485000610351562,9.72826862335205,206186.0,26.881885528564453,85.05585479736328,38.225582122802734,0.47550028562545776,16.997333526611328,17.121986389160156
2015-07-09,26.83519744873047,21.719499588012695,9.472243309020996,207740.0,27.02828025817871,85.28426361083984,38.467525482177734,0.4696927070617676,17.19466781616211,17.114280700683594
2015-07-10,27.552621841430664,22.175500869750977,9.864259719848633,209800.0,27.596982955932617,87.33990478515625,38.54526901245117,0.47792020440101624,17.27666664123535,17.383859634399414
2015-07-13,28.084543228149414,22.778499603271484,9.814119338989258,211720.0,28.372129440307617,89.47498321533203,39.34886169433594,0.4810660481452942,17.477333068847656,17.60722541809082
2015-07-14,28.0733699798584,23.278499603271484,10.05115032196045,211767.0,28.989959716796875,89.05789947509766,39.41797637939453,0.4813079535961151,17.709999084472656,17.561004638671875
2015-07-15,28.343793869018555,23.059499740600586,10.007084846496582,213800.0,28.979040145874023,89.13734436035156,39.5389404296875,0.47792020440101624,17.542667388916016,17.376157760620117
2015-07-16,28.72149658203125,23.77400016784668,10.23348617553711,215950.0,29.863361358642578,90.21977996826172,40.31658172607422,0.4885675013065338,17.778667449951172,17.507097244262695
2015-07-17,28.969587326049805,24.15049934387207,10.1544771194458,215960.0,34.71867370605469,94.31121063232422,40.28202819824219,0.48566365242004395,18.310667037963867,17.738157272338867
2015-07-20,29.51715660095215,24.405000686645508,10.228927612304688,216480.0,34.38220977783203,97.2308120727539,40.5412483215332,0.4767102599143982,18.817333221435547,17.63803482055664
2015-07-21,29.222135543823242,24.399999618530273,10.219050407409668,215796.0,34.50677490234375,97.70748901367188,40.85230255126953,0.4788881242275238,17.784666061401367,17.622623443603516
2015-07-22,27.986204147338867,24.41349983215332,9.845264434814453,215380.0,34.49436950683594,96.36685180664062,39.34886169433594,0.4696927070617676,17.857999801635742,17.114280700683594
2015-07-23,27.972795486450195,24.108999252319336,10.026079177856445,213520.0,33.48351287841797,94.7779541015625,39.841346740722656,0.47550028562545776,17.81333351135254,17.183603286743164
2015-07-24,27.82529067993164,26.47100067138672,9.760936737060547,212032.0,32.49298858642578,96.27745819091797,39.69446563720703,0.4699347913265228,17.694000244140625,16.667556762695312
2015-07-27,27.438634872436523,26.570499420166016,9.469963073730469,210725.0,32.666683197021484,93.51675415039062,39.1846809387207,0.46727287769317627,16.867332458496094,16.65985107421875
2015-07-28,27.574970245361328,26.30150032043457,9.756377220153809,215091.0,32.73566436767578,94.62899780273438,39.17605972290039,0.4774361848831177,17.654666900634766,16.85240364074707
2015-07-29,27.487812042236328,26.450000762939453,9.768532752990723,214320.0,32.82349395751953,96.31719207763672,39.99690246582031,0.48324379324913025,17.58799934387207,17.029560089111328
2015-07-30,27.349241256713867,26.83799934387207,9.697881698608398,214745.0,32.97881317138672,94.54954528808594,40.506690979003906,0.48445382714271545,17.785999298095703,17.48398780822754
2015-07-31,27.11009407043457,26.8075008392334,9.50718879699707,214000.0,32.62846755981445,93.35786437988281,40.351158142089844,0.4827598035335541,17.74333381652832,17.029560089111328
2015-08-03,26.470903396606445,26.75149917602539,9.557328224182129,213500.0,32.98676300048828,93.48696899414062,40.44620132446289,0.49098727107048035,17.332666397094727,16.729169845581055
2015-08-04,25.62161636352539,26.594999313354492,9.380315780639648,214150.0,32.8160514831543,93.40751647949219,41.076961517333984,0.49292320013046265,17.75200080871582,16.52121353149414
2015-08-05,25.791471481323242,26.850500106811523,9.477559089660645,215201.0,33.412044525146484,95.7710189819336,41.111515045166016,0.4980049729347229,18.0086669921875,16.644445419311523
2015-08-06,25.847597122192383,26.472999572753906,9.365118026733398,215650.0,33.25623321533203,94.46017456054688,40.28202819824219,0.49485906958580017,16.408666610717773,16.390274047851562
2015-08-07,25.935157775878906,26.131000518798828,9.31042194366455,215463.0,32.97038650512695,93.64585876464844,40.385711669921875,0.5560815334320068,16.167333602905273,16.19771957397461
2015-08-10,26.87808609008789,26.200000762939453,9.66977310180664,215300.0,32.90835952758789,93.49690246582031,40.89550018310547,0.5754399299621582,16.076000213623047,16.644445419311523
2015-08-11,25.47940444946289,26.37299919128418,9.436534881591797,214500.0,34.256168365478516,92.97057342529297,40.10055923461914,0.572536289691925,15.824666976928711,16.04368019104004
2015-08-12,25.872289657592773,26.295499801635742,9.55201530456543,213000.0,34.314231872558594,93.53662109375,40.385711669921875,0.5739881992340088,15.878000259399414,15.982061386108398
2015-08-13,25.852081298828125,26.482999801635742,9.435012817382812,213185.0,34.06808853149414,92.7818832397461,40.3770866394043,0.5691484212875366,16.167333602905273,15.820311546325684
2015-08-14,26.033933639526367,26.576000213623047,9.265597343444824,213981.0,34.21001434326172,93.7650146484375,40.61036682128906,0.5696322917938232,16.209999084472656,15.697076797485352
2015-08-17,26.3033447265625,26.76099967956543,9.536057472229004,213300.0,34.44524383544922,93.27842712402344,40.88685989379883,0.5660024881362915,16.999332427978516,15.620054244995117
2015-08-18,26.155176162719727,26.750999450683594,9.286869049072266,212100.0,34.178253173828125,94.50981140136719,41.11299514770508,0.5608508586883545,17.381332397460938,15.427504539489746
2015-08-19,25.820663452148438,26.645999908447266,9.226849555969238,210660.0,34.44176483154297,94.64884948730469,40.538963317871094,0.5586640238761902,17.016666412353516,15.335074424743652
2015-08-20,25.29081916809082,25.788999557495117,8.739107131958008,207862.0,33.7192268371582,89.93179321289062,39.71269989013672,0.5384947657585144,16.14533233642578,15.10400676727295
2015-08-21,23.74395751953125,24.723499298095703,8.46712875366211,202500.0,31.960018157958984,85.4630126953125,37.460052490234375,0.5217277407646179,15.38466739654541,14.541748046875
2015-08-24,23.15125846862793,23.168500900268555,8.352409362792969,196005.0,30.673738479614258,81.52055358886719,36.25111389160156,0.5032590627670288,14.591333389282227,14.449320793151855
2015-08-25,23.290451049804688,23.318500518798828,8.243767738342285,194200.0,30.39385414123535,82.42423248291016,35.198707580566406,0.4928101897239685,14.66866683959961,14.449320793151855
2015-08-26,24.62627410888672,25.03849983215332,8.827999114990234,200500.0,32.739627838134766,86.58517456054688,37.14694595336914,0.5299897789955139,14.989333152770996,14.980780601501465
2015-08-27,25.3514347076416,25.918500900268555,9.592276573181152,204940.0,33.14753723144531,89.10755920410156,38.181949615478516,0.5499157905578613,16.19933319091797,15.358182907104492
2015-08-28,25.434499740600586,25.90049934387207,9.695599555969238,205344.0,32.737152099609375,90.37867736816406,38.20804977416992,0.5523459315299988,16.565332412719727,15.40439224243164
2015-08-31,25.315515518188477,25.644500732421875,9.570245742797852,202531.0,32.14810562133789,88.80963134765625,37.8514404296875,0.5462709069252014,16.604000091552734,15.311966896057129
2015-09-01,24.183990478515625,24.82699966430664,9.068829536437988,198144.0,31.241943359375,86.6249008178711,36.372859954833984,0.5239145755767822,15.908666610717773,14.949966430664062
2015-09-02,25.221216201782227,25.52750015258789,9.423615455627441,199360.0,32.003684997558594,89.26644897460938,37.7122802734375,0.5397095680236816,16.512666702270508,15.358182907104492
2015-09-03,24.77894401550293,25.236000061035156,9.403106689453125,199665.0,31.613637924194336,87.53852081298828,37.83404541015625,0.5411677956581116,16.3713321685791,15.458308219909668
2015-09-04,24.531982421875,24.950000762939453,9.204057693481445,196501.0,31.212169647216797,87.64775085449219,37.05997848510742,0.528531551361084,16.1286678314209,15.15022087097168
2015-09-08,25.214487075805664,25.87700080871582,9.812602043151855,200600.0,31.952577590942383,88.908935546875,38.17325210571289,0.5511309504508972,16.544666290283203,15.442900657653809
2015-09-09,24.729543685913086,25.844499588012695,9.661413192749023,196875.0,31.92925453186035,89.81262969970703,37.460052490234375,0.5401959419250488,16.5939998626709,15.311966896057129
2015-09-10,25.272855758666992,26.11199951171875,9.779168128967285,197639.0,32.309879302978516,91.34196472167969,37.651405334472656,0.548700749874115,16.565332412719727,15.173333168029785
2015-09-11,25.64104652404785,26.472000122070312,9.958465576171875,198329.0,32.519290924072266,91.41146087646484,37.81665802001953,0.5504017472267151,16.682666778564453,15.327371597290039
2015-09-14,25.888004302978516,26.069000244140625,9.966818809509277,197598.0,32.37885665893555,91.66966247558594,37.4339485168457,0.5513741374015808,16.87933349609375,15.43520736694336
2015-09-15,26.10577964782715,26.118499755859375,10.209173202514648,199305.0,33.00413513183594,92.25557708740234,38.25151824951172,0.5574489831924438,16.904666900634766,15.704781532287598
2015-09-16,26.134971618652344,26.36949920654297,10.0209321975708,199415.0,33.02646255493164,92.80175018310547,38.529850006103516,0.5613371133804321,17.483333587646484,15.920439720153809
2015-09-17,25.57594871520996,26.943500518798828,9.95386791229248,198100.0,33.33165740966797,93.68558502197266,38.48635482788086,0.5664401054382324,17.471332550048828,15.912742614746094
2015-09-18,25.47042465209961,27.01300048828125,9.723711967468262,192200.0,32.79819107055664,93.74516296386719,37.81665802001953,0.5659540295600891,17.374666213989258,15.874232292175293
2015-09-21,25.86556053161621,27.41950035095215,9.698562622070312,197022.0,33.098907470703125,94.8871841430664,38.364601135253906,0.5717859864234924,17.613332748413086,15.812610626220703
2015-09-22,25.45920181274414,26.920000076293945,9.503463745117188,195386.0,32.41508102416992,92.31514739990234,38.181949615478516,0.5562340617179871,17.395999908447266,15.365884780883789
2015-09-23,25.665740966796875,26.803499221801758,9.567479133605957,194479.0,32.419551849365234,93.31814575195312,38.15584945678711,0.558907151222229,17.40399932861328,15.412096977233887
2015-09-24,25.81841468811035,26.6875,9.457737922668457,193800.0,32.49993896484375,93.7551040649414,38.19064712524414,0.5695992708206177,17.541332244873047,15.396690368652344
2015-09-25,25.753299713134766,26.212499618530273,9.65893268585205,194620.0,31.767473220825195,92.12646484375,38.21673583984375,0.5737301111221313,17.12733268737793,15.442900657653809
2015-09-28,25.243667602539062,25.202999114990234,9.210051536560059,193305.0,30.978435516357422,88.5911636352539,37.651405334472656,0.5661971569061279,16.562000274658203,15.119415283203125
2015-09-29,24.484838485717773,24.803499221801758,9.120123863220215,193621.0,30.897050857543945,86.06877899169922,37.78185272216797,0.5761600732803345,16.44333267211914,15.319670677185059
2015-09-30,24.763221740722656,25.594499588012695,9.527090072631836,195240.0,31.67914390563965,89.2763900756836,38.495052337646484,0.5990025997161865,16.559999465942383,15.982061386108398
2015-10-01,24.601577758789062,26.035999298095703,9.308363914489746,195739.0,31.859277725219727,90.31908416748047,38.79945373535156,0.5873384475708008,15.991999626159668,16.066781997680664
2015-10-02,24.781187057495117,26.62700080871582,9.399055480957031,195500.0,32.6031608581543,91.43131256103516,39.63442611694336,0.602647602558136,16.504667282104492,15.989767074584961
2015-10-05,24.870988845825195,27.18400001525879,9.238250732421875,198561.0,33.3321533203125,93.35786437988281,40.55636215209961,0.6177137494087219,16.40999984741211,16.48270034790039
2015-10-06,24.989974975585938,26.874000549316406,8.925026893615723,196720.0,33.33016586303711,92.15626525878906,40.66072082519531,0.625732958316803,16.097333908081055,16.351768493652344
2015-10-07,24.870988845825195,27.097000122070312,9.04162883758545,199000.0,33.248783111572266,91.75904083251953,40.7042121887207,0.6322939395904541,15.46399974822998,16.89092445373535
2015-10-08,24.583620071411133,26.658000946044922,8.89301586151123,200616.0,33.09990692138672,91.82854461669922,41.269527435302734,0.6359390616416931,15.114666938781738,17.13739013671875
2015-10-09,25.171825408935547,26.989999771118164,8.90977954864502,199650.0,33.31031799316406,92.59320831298828,40.97383499145508,0.6335089802742004,14.712667465209961,16.906326293945312
2015-10-12,25.05507469177246,27.50950050354004,8.968464851379395,200000.0,33.567867279052734,93.60613250732422,40.878170013427734,0.6403129696846008,14.371999740600586,17.0141544342041
2015-10-13,25.097740173339844,27.44499969482422,8.64380931854248,198578.0,33.90234375,93.46710205078125,40.78248596191406,0.6415280699729919,14.616666793823242,16.898622512817383
2015-10-14,24.743017196655273,27.241500854492188,8.95169734954834,196899.0,33.765384674072266,93.4174575805664,40.599849700927734,0.6648564338684082,14.458666801452637,17.20671272277832
2015-10-15,25.113462448120117,28.121999740600586,9.287790298461914,200499.0,34.39114761352539,95.29432678222656,40.88685607910156,0.6665574312210083,14.753999710083008,16.906326293945312
2015-10-16,24.929363250732422,28.538000106811523,9.22681999206543,200469.0,34.50528335571289,96.8633804321289,41.32172775268555,0.6770065426826477,15.133999824523926,17.068071365356445
2015-10-19,25.084272384643555,28.657499313354492,9.066017150878906,200695.0,34.735050201416016,97.78693389892578,41.41740036010742,0.6757915616035461,15.206666946411133,17.121986389160156
2015-10-20,25.542264938354492,28.04400062561035,9.136890411376953,201480.0,33.74503707885742,96.3271255493164,41.54788589477539,0.6748194098472595,14.20199966430664,17.183603286743164
2015-10-21,25.54002571105957,27.78849983215332,9.183379173278809,199900.0,33.33810806274414,96.43635559082031,41.0521125793457,0.666071355342865,14.005999565124512,17.114280700683594
2015-10-22,25.930667877197266,28.195499420166016,9.552236557006836,206020.0,33.801605224609375,98.97859191894531,41.774009704589844,0.69012850522995,14.114666938781738,17.337646484375
2015-10-23,26.734397888183594,29.951499938964844,9.875370025634766,206584.0,35.696781158447266,101.48112487792969,45.98358154296875,0.6947455406188965,13.939332962036133,17.30683708190918
2015-10-26,25.881269454956055,30.430500030517578,9.420394897460938,205380.0,36.28186798095703,103.05016326904297,47.18384552001953,0.6915866136550903,14.350666999816895,17.068071365356445
2015-10-27,25.717388153076172,30.550500869750977,9.258830070495605,203280.0,36.36622619628906,102.98063659667969,46.69676971435547,0.6911005973815918,14.023332595825195,17.098875045776367
2015-10-28,26.777057647705078,30.854999542236328,9.6856050491333,206940.0,36.56968688964844,103.4771728515625,46.94902420043945,0.6966896653175354,14.197333335876465,17.006450653076172
2015-10-29,27.0599308013916,31.327499389648438,9.152134895324707,206817.0,36.963218688964844,104.15245056152344,46.409759521484375,0.6726324558258057,14.108667373657227,16.806196212768555
2015-10-30,26.828697204589844,31.295000076293945,9.383816719055176,204596.0,36.59300994873047,101.26265716552734,45.783546447753906,0.6893997192382812,13.795332908630371,16.914026260375977
2015-11-02,27.20586585998535,31.417499542236328,9.43487548828125,207745.0,37.106632232666016,102.59335327148438,46.30539321899414,0.6974188089370728,14.252667427062988,17.0218563079834
2015-11-03,27.5179386138916,31.265499114990234,9.308363914489746,206704.0,37.16022872924805,101.86842346191406,47.096866607666016,0.6925589442253113,13.890000343322754,17.537900924682617
2015-11-04,27.389968872070312,32.04750061035156,9.45849895477295,206120.0,37.482295989990234,103.21897888183594,47.31430435180664,0.6811375617980957,15.442000389099121,18.138675689697266
2015-11-05,27.263702392578125,32.782501220703125,9.226058959960938,204694.0,37.74828338623047,108.00555419921875,47.29690933227539,0.6733614206314087,15.451333045959473,17.699647903442383
2015-11-06,27.295263290405273,32.96849822998047,9.882229804992676,203100.0,37.79443359375,106.3570556640625,47.766571044921875,0.7666746377944946,15.490667343139648,17.576419830322266
2015-11-09,27.184795379638672,32.77450180053711,9.640642166137695,201000.0,37.45549392700195,105.75128936767578,47.10556411743164,0.7632725834846497,15.022000312805176,17.68424415588379
2015-11-10,26.32801055908203,32.98400115966797,9.134603500366211,201754.0,37.62868881225586,107.16144561767578,46.54022979736328,0.7486924529075623,14.433333396911621,17.337646484375
2015-11-11,26.17919921875,33.662498474121094,9.141461372375488,202355.0,37.97556686401367,108.2538070678711,46.6619873046875,0.7414023876190186,14.60533332824707,17.391557693481445
2015-11-12,26.09126091003418,33.279998779296875,9.133842468261719,199371.0,37.54283142089844,107.27067565917969,46.37498092651367,0.7387292385101318,14.196000099182129,17.12968635559082
2015-11-13,25.329181671142578,32.11750030517578,8.957795143127441,197825.0,36.726009368896484,103.2289047241211,45.957496643066406,0.7241489291191101,13.812666893005371,16.860109329223633
2015-11-16,25.74404525756836,32.390499114990234,9.257303237915039,199800.0,37.239627838134766,103.31828308105469,46.766361236572266,0.7387292385101318,14.287332534790039,17.214414596557617
2015-11-17,25.633563995361328,32.165000915527344,9.302268981933594,200045.0,37.019290924072266,104.40072631835938,46.38108825683594,0.7387292385101318,14.266667366027832,17.34535026550293
2015-11-18,26.445253372192383,33.176998138427734,9.596439361572266,204280.0,37.71553039550781,107.02241516113281,47.151634216308594,0.7569015622138977,14.73799991607666,17.34535026550293
2015-11-19,26.781204223632812,33.063499450683594,9.542329788208008,204901.0,37.712059020996094,105.52289581298828,47.23044204711914,0.7590970993041992,14.786666870117188,17.46088409423828
2015-11-20,26.89844512939453,33.42250061035156,9.633023262023926,204600.0,38.558658599853516,106.57553100585938,47.449337005615234,0.7656829953193665,14.667332649230957,17.584117889404297
2015-11-23,26.548969268798828,33.949501037597656,9.48136043548584,203779.0,38.54377365112305,106.2081069946289,47.449337005615234,0.754218578338623,14.516667366027832,17.383859634399414
2015-11-24,26.803743362426758,33.557498931884766,9.78087043762207,203360.0,38.19292449951172,105.0064926147461,47.50187301635742,0.7603167295455933,14.550000190734863,17.329944610595703
2015-11-25,26.61210060119629,33.766998291015625,9.784679412841797,202285.0,38.174560546875,104.67879486083984,47.01152801513672,0.7593408823013306,15.309332847595215,17.376157760620117
2015-11-27,26.562488555908203,33.66299819946289,9.910428047180176,201624.0,38.309051513671875,104.718505859375,47.221675872802734,0.7656829953193665,15.440667152404785,17.29143524169922
2015-11-30,26.672969818115234,33.2400016784668,9.94167709350586,201360.0,37.85647201538086,103.51689147949219,47.58943176269531,0.7737326622009277,15.350666999816895,17.530197143554688
2015-12-01,26.45652198791504,33.952999114990234,10.1276273727417,204945.0,38.89561462402344,106.37692260742188,48.351219177246094,0.7988569736480713,15.812666893005371,17.930713653564453
2015-12-02,26.2175235748291,33.800498962402344,10.07580852508545,202930.0,38.60084915161133,105.33422088623047,48.34244918823242,0.7927588224411011,15.465999603271484,17.86139488220215
2015-12-03,25.97402000427246,33.3125,11.033771514892578,198801.0,38.1219596862793,103.65592956542969,47.458099365234375,0.7910513877868652,15.513999938964844,17.661142349243164
2015-12-04,26.837570190429688,33.63199996948242,11.245638847351074,204500.0,38.668331146240234,105.44343566894531,48.95539855957031,0.8232495784759521,15.358667373657227,17.95382308959961
2015-12-07,26.668468475341797,33.49150085449219,11.342427253723145,203500.0,38.35966873168945,104.87738800048828,48.86781692504883,0.8076383471488953,15.408666610717773,17.899906158447266
2015-12-08,26.657194137573242,33.86650085449219,11.26240348815918,200105.0,38.46636199951172,105.75128936767578,48.85032272338867,0.8186147809028625,15.114666938781738,17.77667808532715
2015-12-09,26.068721771240234,33.239498138427734,11.100076675415039,197660.0,37.84157943725586,103.87439727783203,48.14105987548828,0.7978812456130981,14.968000411987305,17.507097244262695
2015-12-10,26.192724227905273,33.11600112915039,11.22811222076416,197505.0,37.717018127441406,104.688720703125,48.394996643066406,0.8044674396514893,15.137999534606934,17.445476531982422
2015-12-11,25.518571853637695,32.00749969482422,11.00633430480957,195757.0,37.239627838134766,101.41160583496094,47.335514068603516,0.7925147414207458,14.468000411987305,17.083473205566406
2015-12-14,25.360748291015625,32.89550018310547,10.8607759475708,198040.0,37.84108352661133,103.93399810791016,48.28116989135742,0.7944663763046265,14.571999549865723,17.114280700683594
2015-12-15,24.912065505981445,32.93199920654297,10.918692588806152,202440.0,37.71950149536133,103.82474517822266,48.33370590209961,0.8042232990264893,14.739333152770996,17.576419830322266
2015-12-16,25.103710174560547,33.78850173950195,10.998961448669434,203800.0,38.5383186340332,106.04920959472656,49.14802932739258,0.8091018795967102,15.633999824523926,17.838285446166992
2015-12-17,24.57160758972168,33.532501220703125,10.739048957824707,201000.0,38.202850341796875,105.48316955566406,48.77149200439453,0.7969055771827698,15.559332847595215,17.68424415588379
2015-12-18,23.90647315979004,33.207000732421875,10.717642784118652,194720.0,37.558719635009766,103.31828308105469,47.39680099487305,0.7839773893356323,15.36400032043457,17.661142349243164
2015-12-21,24.199586868286133,33.22549819946289,11.145739555358887,196801.0,37.75473403930664,104.04322814941406,48.00973129272461,0.8025158047676086,15.503999710083008,17.676542282104492
2015-12-22,24.177030563354492,33.157501220703125,11.092228889465332,199680.0,38.06885528564453,104.77809143066406,48.46504211425781,0.8032476902008057,15.329999923706055,17.761268615722656
2015-12-23,24.48818588256836,33.185001373291016,11.20001220703125,200000.0,38.13734436035156,103.90418243408203,48.876590728759766,0.806418776512146,15.313332557678223,17.77667808532715
2015-12-24,24.357397079467773,33.13949966430664,11.185489654541016,201137.0,38.00484085083008,104.2914810180664,48.74523162841797,0.8091018795967102,15.371333122253418,17.830591201782227
2015-12-28,24.084592819213867,33.7599983215332,11.187783241271973,199876.0,38.81869888305664,105.19518280029297,48.99040985107422,0.808370053768158,15.263333320617676,17.722755432128906
2015-12-29,24.517488479614258,34.69850158691406,11.309329986572266,200050.0,39.400299072265625,106.5159683227539,49.51577377319336,0.8215420842170715,15.812666893005371,17.77667808532715
2015-12-30,24.197328567504883,34.45349884033203,11.265759468078613,200081.0,39.21867370605469,105.48316955566406,49.30563735961914,0.8144683837890625,15.87266731262207,17.622623443603516
2015-12-31,23.73286247253418,33.794498443603516,11.096048355102539,197800.0,38.608787536621094,103.93399810791016,48.5788688659668,0.8039794564247131,16.000667572021484,17.52250099182129
2016-01-04,23.75315284729004,31.84950065612793,10.87664794921875,196295.0,37.68724822998047,101.51092529296875,47.98344802856445,0.7895877361297607,14.894000053405762,17.0141544342041
2016-01-05,23.157913208007812,31.68950080871582,10.512770652770996,197000.0,37.79096221923828,102.01738739013672,48.20235824584961,0.8022717237472534,14.895333290100098,16.906326293945312
2016-01-06,22.70472526550293,31.63249969482422,10.189406394958496,197415.0,37.68178939819336,102.2557144165039,47.326759338378906,0.7690980434417725,14.602666854858398,16.436492919921875
2016-01-07,21.746475219726562,30.39699935913086,9.865279197692871,195580.0,36.772159576416016,97.2407455444336,45.680599212646484,0.7386074066162109,14.376667022705078,16.25164031982422
2016-01-08,21.86147117614746,30.352500915527344,9.800299644470215,193900.0,36.27144241333008,96.65483093261719,45.820709228515625,0.7227520942687988,14.066666603088379,16.02827262878418
2016-01-11,22.2154598236084,30.886999130249023,9.788069725036621,193060.0,36.37863540649414,96.8335952758789,45.79444122314453,0.7239717245101929,13.856666564941406,16.120702743530273
2016-01-12,22.53787612915039,30.894500732421875,9.93178653717041,194000.0,36.98752975463867,98.68069458007812,46.214725494384766,0.7361680865287781,13.998000144958496,15.982061386108398
2016-01-13,21.95842170715332,29.090499877929688,9.426482200622559,190500.0,35.70869827270508,94.7779541015625,45.216529846191406,0.7137269377708435,13.354000091552734,15.774100303649902
2016-01-14,22.43866539001465,29.649999618530273,9.570198059082031,192250.0,36.29526138305664,97.6876220703125,46.50366973876953,0.6993351578712463,13.745332717895508,16.806196212768555
2016-01-15,21.899799346923828,28.509000778198242,9.171154975891113,190000.0,35.25809860229492,94.31121063232422,44.64738845825195,0.6612829566001892,13.666000366210938,16.25164031982422
2016-01-19,21.793827056884766,28.724000930786133,9.178797721862793,191700.0,35.68437194824219,94.59921264648438,44.27086639404297,0.6666494011878967,13.64799976348877,16.682958602905273
2016-01-20,21.823139190673828,28.588499069213867,9.466232299804688,188470.0,35.65857696533203,93.69551086425781,44.47227096557617,0.6703080534934998,13.24666690826416,16.243934631347656
2016-01-21,21.712656021118164,28.750999450683594,9.519743919372559,189455.0,36.061038970947266,93.50682830810547,44.200828552246094,0.6781137585639954,13.33133316040039,16.428787231445312
2016-01-22,22.867055892944336,29.819000244140625,9.518214225769043,191396.0,36.99348831176758,97.26060485839844,45.785682678222656,0.6939687728881836,13.50333309173584,16.89092445373535
2016-01-25,22.42063331604004,29.826499938964844,9.516690254211426,187001.0,36.405921936035156,96.3370590209961,45.34787368774414,0.6932369470596313,13.092000007629395,16.7830867767334
2016-01-26,22.544641494750977,30.0625,9.509041786193848,189640.0,36.41436004638672,96.66475677490234,45.680599212646484,0.7000671029090881,12.904000282287598,16.629047393798828
2016-01-27,21.06330680847168,29.167499542236328,9.353092193603516,189091.0,35.60994338989258,93.79480743408203,44.84877014160156,0.691773533821106,12.538000106811523,16.6983642578125
2016-01-28,21.214372634887695,31.767499923706055,9.660402297973633,188300.0,37.13442611694336,108.35311889648438,45.58429718017578,0.6842119097709656,12.646666526794434,16.65985107421875
2016-01-29,21.9471378326416,29.350000381469727,10.221510887145996,194360.0,37.78202819824219,111.4316177368164,48.237396240234375,0.7144586443901062,12.74666690826416,17.214414596557617
2016-02-01,21.74197006225586,28.74049949645996,10.524998664855957,194759.0,38.2495002746582,114.29164123535156,47.90464401245117,0.7147025465965271,13.129332542419434,17.29913330078125
2016-02-02,21.302309036254883,27.604999542236328,10.185586929321289,189902.0,38.7526969909668,113.81497192382812,46.40736770629883,0.6844555735588074,12.185333251953125,17.376157760620117
2016-02-03,21.72393035888672,26.553499221801758,10.041869163513184,189861.0,37.18801498413086,111.90829467773438,45.671852111816406,0.6878708600997925,11.565333366394043,17.6534366607666
2016-02-04,21.89848518371582,26.812999725341797,10.405746459960938,192200.0,36.2277717590332,109.72354125976562,45.5317497253418,0.6881147027015686,11.688667297363281,17.892208099365234
2016-02-05,21.31361961364746,25.10650062561035,9.812531471252441,190820.0,34.92412567138672,103.34807586669922,43.92063522338867,0.644695520401001,10.84000015258789,17.52250099182129
2016-02-08,21.53805160522461,24.405000686645508,9.315637588500977,191255.0,34.943973541259766,99.05805206298828,43.263916015625,0.6151808500289917,9.866000175476074,17.561004638671875
2016-02-09,21.53350830078125,24.103500366210938,9.151277542114258,192635.0,34.78814697265625,98.8495101928711,43.15008544921875,0.621766984462738,9.883333206176758,17.376157760620117
2016-02-10,21.370288848876953,24.52400016784668,9.112293243408203,190520.0,35.07746124267578,100.29937744140625,43.526588439941406,0.620303213596344,9.57800006866455,17.1758975982666
2016-02-11,21.241073608398438,25.19099998474121,8.891359329223633,190000.0,35.05314636230469,101.20306396484375,43.50908660888672,0.6171322464942932,10.031332969665527,16.94483757019043
2016-02-12,21.306814193725586,25.354000091552734,9.300346374511719,193999.0,35.07945251464844,101.30238342285156,44.218326568603516,0.6276209354400635,10.06933307647705,17.12968635559082
2016-02-16,21.907550811767578,26.05500030517578,9.650463104248047,193465.0,35.6129150390625,100.90514373779297,45.056129455566406,0.6583554744720459,10.344667434692383,17.9769287109375
2016-02-17,22.24306869506836,26.704999923706055,9.989880561828613,195903.0,36.32404327392578,104.47023010253906,46.22904968261719,0.6746987700462341,11.245332717895508,18.20799446105957
2016-02-18,21.8214111328125,26.25,9.713919639587402,196025.0,35.60647201538086,102.75224304199219,46.026222229003906,0.7327532172203064,11.118000030517578,18.33123016357422
2016-02-19,21.771535873413086,26.7450008392334,9.836227416992188,197310.0,35.83474349975586,103.84461975097656,45.699920654296875,0.7425099611282349,11.10533332824707,18.315824508666992
2016-02-22,21.961963653564453,27.975000381469727,9.986827850341797,198650.0,36.179141998291016,106.4166488647461,46.43189239501953,0.7688540816307068,11.849332809448242,18.45446014404297
2016-02-23,21.465505599975586,27.64699935913086,9.797240257263184,196502.0,35.595542907714844,104.72843170166016,45.1355094909668,0.7708054780960083,11.814000129699707,18.02313804626465
2016-02-24,21.785137176513672,27.70199966430664,9.96389102935791,196511.0,35.774696350097656,106.13858795166016,45.294254302978516,0.776171863079071,11.933333396911621,18.03854751586914
2016-02-25,21.93475914001465,27.75749969482422,10.126721382141113,198899.0,36.182613372802734,107.3203353881836,45.946861267089844,0.7778794169425964,12.495332717895508,18.246501922607422
2016-02-26,21.968759536743164,27.761499404907227,10.175642967224121,198191.0,35.971214294433594,107.17137145996094,45.2413330078125,0.772756814956665,12.689332962036133,18.308120727539062
2016-02-29,21.918888092041016,27.625999450683594,10.241389274597168,202555.0,35.59207534790039,106.17830657958984,44.87094497680664,0.7677382230758667,12.795332908630371,18.138675689697266
2016-03-01,22.789384841918945,28.95199966430664,10.58233642578125,205500.0,36.830223083496094,109.05818939208984,46.37017059326172,0.8017675280570984,12.423333168029785,18.932004928588867
2016-03-02,22.83926010131836,29.010499954223633,10.470723152160645,205500.0,36.69673156738281,109.18729400634766,46.69646453857422,0.8064188957214355,12.555999755859375,18.96280860900879
2016-03-03,23.00927734375,28.874500274658203,10.498244285583496,206000.0,36.3051872253418,108.81986236572266,46.167335510253906,0.7993192672729492,13.049332618713379,18.91659927368164
2016-03-04,23.351585388183594,28.756999969482422,11.16561508178711,207945.0,36.23720169067383,107.63812255859375,45.885128021240234,0.7968711853027344,13.402667045593262,18.985916137695312
2016-03-07,23.09315299987793,28.139999389648438,10.97067928314209,208500.0,35.37273406982422,104.99657440185547,45.00322723388672,0.7917298674583435,13.685999870300293,19.024423599243164
2016-03-08,22.902732849121094,28.01300048828125,10.674070358276367,207989.0,35.408958435058594,105.19518280029297,45.55000305175781,0.7772859334945679,13.506667137145996,18.985916137695312
2016-03-09,22.923133850097656,27.973499298095703,10.852185249328613,209250.0,35.99850082397461,106.76422882080078,46.599464416503906,0.7767963409423828,13.914667129516602,19.05523681640625
2016-03-10,22.934467315673828,27.946500778198242,11.040241241455078,209120.0,36.33396911621094,106.57553100585938,45.90275192260742,0.7755722999572754,13.678667068481445,19.05523681640625
2016-03-11,23.18156623840332,28.480499267578125,11.376603126525879,211600.0,36.964210510253906,108.65103912353516,46.802284240722656,0.7887923717498779,13.833333015441895,19.525070190429688
2016-03-14,23.24050521850586,28.668500900268555,11.324621200561523,210300.0,37.23069381713867,109.1277084350586,46.890472412109375,0.7907508015632629,14.34333324432373,19.424943923950195
2016-03-15,23.707489013671875,28.85099983215332,11.349847793579102,211070.0,37.2470703125,109.90229797363281,47.26088333129883,0.7868337035179138,14.555999755859375,19.163068771362305
2016-03-16,24.022594451904297,28.713499069213867,11.399700164794922,210200.0,37.58402633666992,111.40180969238281,47.93110656738281,0.8103361129760742,14.795332908630371,19.856266021728516
2016-03-17,23.984058380126953,27.972000122070312,11.623659133911133,213600.0,37.63960266113281,110.24986267089844,48.204505920410156,0.8034811019897461,15.092000007629395,19.84856414794922
2016-03-18,24.011259078979492,27.604000091552734,11.695757865905762,213330.0,37.48725509643555,110.67688751220703,47.17269515991211,0.827717661857605,15.515999794006348,20.0565242767334
2016-03-21,24.008987426757812,27.698999404907227,11.72643756866455,213300.0,37.82223129272461,111.0740966796875,47.49898910522461,0.8301659822463989,15.887999534606934,19.971799850463867
2016-03-22,24.192607879638672,28.02400016784668,11.86986255645752,213400.0,37.7175178527832,111.47134399414062,47.684181213378906,0.8286969661712646,15.616000175476074,19.879371643066406
2016-03-23,24.05886459350586,28.48150062561035,11.734106063842773,211370.0,37.59394836425781,111.75932312011719,47.59600830078125,0.8428964018821716,14.838666915893555,19.779245376586914
2016-03-24,23.954586029052734,29.147499084472656,11.734871864318848,210530.0,37.45896911621094,112.26580047607422,47.80765914916992,0.8441202044487,15.183333396911621,19.8177547454834
2016-03-28,23.845773696899414,28.993499755859375,11.742544174194336,212125.0,37.38155746459961,112.90135192871094,47.2167854309082,0.8526889085769653,15.350666999816895,19.740734100341797
2016-03-29,24.41023826599121,29.69300079345703,11.821541786193848,212800.0,38.00733184814453,115.33435821533203,48.248600006103516,0.8663983345031738,15.342000007629395,20.002607345581055
2016-03-30,24.836421966552734,29.934499740600586,12.036297798156738,214035.0,38.12890625,113.90432739257812,48.54843521118164,0.8754565715789795,15.12600040435791,20.38001251220703
2016-03-31,24.707202911376953,29.68199920654297,11.849921226501465,213450.0,37.85894775390625,113.3084945678711,48.707183837890625,0.8722739815711975,15.317999839782715,20.179765701293945
2016-04-01,24.933895111083984,29.924999237060547,12.10302734375,215740.0,38.19491195678711,115.2549057006836,49.00704574584961,0.8850044012069702,15.839332580566406,20.118144989013672
2016-04-04,25.1900577545166,29.659500122070312,11.965734481811523,215060.0,37.9691162109375,111.7692642211914,48.883575439453125,0.8764359354972839,16.465999603271484,19.91018295288086
2016-04-05,24.893089294433594,29.30699920654297,11.890570640563965,212340.0,37.64406967163086,111.44154357910156,48.11631393432617,0.8752116560935974,17.031333923339844,19.64830207824707
2016-04-06,25.15378761291504,30.104000091552734,12.083085060119629,212990.0,38.11550521850586,112.92120361328125,48.61018371582031,0.8764359354972839,17.69466781616211,19.7330322265625
2016-04-07,24.605188369750977,29.571500778198242,11.885968208312988,211401.0,37.72099304199219,112.85169982910156,48.02813720703125,0.8673775792121887,17.14666748046875,19.540475845336914
2016-04-08,24.63239097595215,29.729999542236328,11.976472854614258,211705.0,37.6887321472168,109.8625717163086,47.992862701416016,0.8730084300041199,16.67133331298828,19.47115135192871
2016-04-11,24.71400260925293,29.796499252319336,11.935056686401367,211660.0,37.59295654296875,108.23395538330078,47.89585494995117,0.878394365310669,16.661333084106445,19.64830207824707
2016-04-12,25.03590965270996,30.15850067138672,11.92125129699707,213700.0,37.929412841796875,109.84270477294922,48.19569778442383,0.8774151802062988,16.521333694458008,19.694520950317383
2016-04-13,25.39861297607422,30.740999221801758,12.231878280639648,216130.0,38.30607604980469,109.74340057373047,48.81301498413086,0.8994484543800354,16.968666076660156,20.15665054321289
2016-04-14,25.412212371826172,31.037500381469727,12.18126106262207,215600.0,38.4787712097168,110.07111358642578,48.82184600830078,0.9018965363502502,16.790666580200195,19.486560821533203
2016-04-15,24.902156829833984,31.29450035095215,11.925853729248047,215110.0,38.70753860473633,108.87944030761719,49.07759094238281,0.9089961051940918,16.96733283996582,19.60979461669922
2016-04-18,24.364896774291992,31.767499923706055,11.95729923248291,216650.0,39.08864974975586,109.6838150024414,49.79191970825195,0.9050792455673218,16.92533302307129,19.640600204467773
2016-04-19,24.235685348510742,31.395000457763672,11.586847305297852,219000.0,38.521446228027344,111.51106262207031,49.73019027709961,0.8889214992523193,16.4913330078125,19.378734588623047
2016-04-20,24.285554885864258,31.649499893188477,11.75251293182373,218928.0,38.455440521240234,111.64015197753906,49.02467346191406,0.8923490047454834,16.6646671295166,19.347919464111328
2016-04-21,24.022594451904297,31.549999237060547,11.608320236206055,217460.0,38.70753860473633,112.65309143066406,49.192237854003906,0.8913694620132446,16.55266761779785,19.378734588623047
2016-04-22,23.956857681274414,31.024999618530273,11.53009033203125,219038.0,36.611873626708984,109.79306030273438,45.664649963378906,0.8879420757293701,16.916667938232422,19.30940818786621
2016-04-25,23.820837020874023,31.309999465942383,11.435748100280762,219278.0,36.83220291137695,109.33625030517578,45.95567321777344,0.8923490047454834,16.788000106811523,19.263195037841797
2016-04-26,23.65534782409668,30.8439998626709,11.563067436218262,220340.0,35.996524810791016,108.00555419921875,45.36480712890625,0.8930831551551819,16.916000366210938,19.263195037841797
2016-04-27,22.175045013427734,30.328500747680664,11.6221284866333,221430.0,35.802486419677734,108.1346435546875,44.92385482788086,0.9134028553962708,16.764667510986328,19.448047637939453
2016-04-28,21.497238159179688,30.100000381469727,11.350613594055176,219120.0,34.98862838745117,115.9202651977539,44.006675720214844,0.8862282633781433,16.513999938964844,18.608510971069336
2016-04-29,21.250144958496094,32.97949981689453,11.178808212280273,219000.0,35.12857437133789,116.76436614990234,43.980220794677734,0.8698257803916931,16.05066680908203,18.169483184814453
2016-05-02,21.22747039794922,34.192501068115234,11.204117774963379,220253.0,35.452632904052734,117.74749755859375,44.6328239440918,0.8813321590423584,16.1200008392334,18.246501922607422
2016-05-03,21.57657814025879,33.566001892089844,10.983226776123047,217354.0,35.1563720703125,116.61539459228516,43.90083694458008,0.8708049654960632,15.48799991607666,17.961523056030273
2016-05-04,21.352157592773438,33.54499816894531,10.896557807922363,216515.0,35.30177307128906,117.24103546142578,43.980220794677734,0.8509751558303833,14.837332725524902,18.03854751586914
2016-05-05,21.265487670898438,32.954498291015625,10.935672760009766,215880.0,35.4675178527832,116.99276733398438,44.041954040527344,0.8561162352561951,14.10200023651123,18.100162506103516
2016-05-06,21.14689064025879,33.6974983215332,10.882755279541016,217000.0,35.98709487915039,118.66111755371094,44.438804626464844,0.8649294972419739,14.328666687011719,18.030845642089844
2016-05-09,21.16285514831543,33.98749923706055,10.921869277954102,214430.0,36.18311309814453,118.41284942626953,44.15659713745117,0.8637054562568665,13.928000450134277,18.000036239624023
2016-05-10,21.306547164916992,35.153499603271484,11.091373443603516,216975.0,36.69176483154297,119.66410064697266,44.9943962097168,0.8803528547286987,13.912667274475098,18.015438079833984
2016-05-11,21.098995208740234,35.6614990234375,11.033082008361816,214468.0,36.25358200073242,118.6908950805664,45.020870208740234,0.8828009366989136,13.93066692352295,17.884498596191406
2016-05-12,20.60407257080078,35.89649963378906,10.817558288574219,214860.0,36.13051223754883,119.44563293457031,45.4265251159668,0.8708049654960632,13.8186674118042,17.707351684570312
2016-05-13,20.64512825012207,35.49599838256836,10.741626739501953,212140.0,35.969722747802734,118.97889709472656,45.047325134277344,1.0032498836517334,13.840666770935059,17.576419830322266
2016-05-16,21.411449432373047,35.53300094604492,10.94104290008545,212530.0,36.241172790527344,117.84680938720703,45.708736419677734,1.032872200012207,13.88599967956543,17.799774169921875
2016-05-17,21.322505950927734,34.76350021362305,10.827526092529297,210695.0,35.73945617675781,116.53594207763672,44.856197357177734,1.0350755453109741,13.644000053405762,17.676542282104492
2016-05-18,21.566543579101562,34.872501373291016,11.035381317138672,212200.0,35.8183708190918,116.8338851928711,45.122623443603516,1.0615153312683105,14.07800006866455,18.115568161010742
2016-05-19,21.48443603515625,34.92599868774414,10.947946548461914,211180.0,35.49729537963867,115.99970245361328,44.687469482421875,1.066166877746582,14.347332954406738,17.907608032226562
2016-05-20,21.717073440551758,35.13999938964844,11.253972053527832,212833.0,35.81489562988281,116.53594207763672,44.953880310058594,1.085262656211853,14.685333251953125,18.415956497192383
2016-05-23,21.9930419921875,34.837501525878906,11.35905647277832,212210.0,35.59356689453125,115.16554260253906,44.42992401123047,1.0869758129119873,14.414667129516602,18.693233489990234
2016-05-24,22.328310012817383,35.209999084472656,11.613690376281738,215650.0,36.376651763916016,116.88352966308594,45.81529998779297,1.1133623123168945,14.52733325958252,18.847278594970703
2016-05-25,22.720590591430664,35.41749954223633,11.77859115600586,216185.0,36.62825012207031,117.07221221923828,46.28599548339844,1.1086984872817993,14.638667106628418,18.96280860900879
2016-05-26,22.900768280029297,35.74549865722656,11.736411094665527,214600.0,36.570186614990234,118.64125061035156,46.081729888916016,1.1204800605773926,15.008000373840332,19.0937442779541
2016-05-27,22.8870849609375,35.61199951171875,11.757882118225098,214303.0,37.09968566894531,118.5518798828125,46.463592529296875,1.126616358757019,14.869333267211914,19.101449966430664
2016-05-31,22.77532958984375,36.13949966430664,11.83918285369873,211695.0,37.16171646118164,117.98583221435547,47.06748962402344,1.1467429399490356,14.881999969482422,19.039831161499023
2016-06-01,22.45602798461914,35.97200012207031,11.87063217163086,212360.0,37.142364501953125,117.95603942871094,46.93426513671875,1.148952603340149,14.637332916259766,19.448047637939453
2016-06-02,22.287250518798828,36.4119987487793,11.881365776062012,212355.0,36.9344367980957,118.10499572753906,46.605682373046875,1.1570523977279663,14.597332954406738,19.394132614135742
2016-06-03,22.332868576049805,36.277000427246094,12.468113899230957,211615.0,36.51708221435547,117.648193359375,45.99292755126953,1.140852451324463,14.599332809448242,19.663707733154297
2016-06-06,22.494800567626953,36.33649826049805,12.489588737487793,212880.0,36.22926330566406,117.96597290039062,46.294864654541016,1.134961485862732,14.711999893188477,19.61749839782715
2016-06-07,22.586029052734375,36.1870002746582,12.642985343933105,212210.0,36.28037643432617,116.943115234375,46.268218994140625,1.1371710300445557,15.489333152770996,20.07192611694336
2016-06-08,22.565505981445312,36.332000732421875,12.555546760559082,213500.0,36.86793518066406,117.56874084472656,46.214942932128906,1.1334892511367798,15.701333045959473,20.27988624572754
2016-06-09,22.727436065673828,36.38249969482422,12.589293479919434,213210.0,36.847591400146484,117.73755645751953,45.84195327758789,1.1629430055618286,15.290666580200195,20.20285987854004
2016-06-10,22.540416717529297,35.89550018310547,12.334656715393066,212622.0,36.384586334228516,115.81101989746094,45.717620849609375,1.13398015499115,14.586000442504883,19.917882919311523
2016-06-13,22.200584411621094,35.762001037597656,12.272529602050781,211450.0,36.319580078125,113.15953063964844,44.527618408203125,1.1484615802764893,14.524666786193848,19.740734100341797
2016-06-14,22.227956771850586,35.96500015258789,12.194297790527344,212070.0,36.38756561279297,114.1426773071289,44.252315521240234,1.1506707668304443,14.330666542053223,19.694520950317383
2016-06-15,22.15497398376465,35.7130012512207,12.187374114990234,210050.0,36.334964752197266,113.80503845214844,44.12798309326172,1.1624523401260376,14.513333320617676,19.902481079101562
2016-06-16,22.24848175048828,35.8754997253418,12.20506763458252,213000.0,35.94094467163086,113.59649658203125,44.74961853027344,1.167115569114685,14.528667449951172,19.917882919311523
2016-06-17,21.742164611816406,35.31949996948242,12.002715110778809,211200.0,34.94844055175781,112.23599243164062,44.51873779296875,1.1467429399490356,14.364666938781738,19.91018295288086
2016-06-20,21.689701080322266,35.70050048828125,12.07426929473877,212630.0,35.04173278808594,112.58357238769531,44.46544647216797,1.1673611402511597,14.646666526794434,20.310697555541992
2016-06-21,21.874441146850586,35.79100036621094,11.988096237182617,215420.0,35.178199768066406,113.58655548095703,45.4600830078125,1.1602433919906616,14.640666961669922,20.48013687133789
2016-06-22,21.79233169555664,35.529998779296875,11.936548233032227,216266.0,35.25710678100586,113.11982727050781,45.282470703125,1.1592614650726318,13.11066722869873,20.441638946533203
2016-06-23,21.917774200439453,36.104000091552734,12.204299926757812,218850.0,35.47545623779297,114.28170776367188,46.0994987487793,1.1901881694793701,13.09333324432373,20.649587631225586
2016-06-24,21.301984786987305,34.948001861572266,11.442587852478027,209852.0,34.003082275390625,111.30252075195312,44.252315521240234,1.1224435567855835,12.876667022705078,19.779245376586914
2016-06-27,20.991798400878906,34.56800079345703,11.050962448120117,208000.0,33.801605224609375,108.21409606933594,43.009029388427734,1.1104167699813843,13.236666679382324,19.8983097076416
2016-06-28,21.34531593322754,35.397499084472656,11.52337646484375,210400.0,34.30381393432617,111.918212890625,43.905967712402344,1.126616358757019,13.452667236328125,20.18600082397461
2016-06-29,21.530054092407227,35.779998779296875,11.925776481628418,212645.0,34.49883270263672,113.36809539794922,44.882850646972656,1.1450252532958984,14.012666702270508,20.617528915405273
2016-06-30,21.80373764038086,35.78099822998047,11.956549644470215,216975.0,34.9127082824707,113.48725128173828,45.44231414794922,1.1538612842559814,14.152000427246094,20.961158752441406
2016-07-01,21.869876861572266,36.284000396728516,11.865762710571289,216298.0,35.24618911743164,113.39788818359375,45.43344497680664,1.1452710628509521,14.433333396911621,21.200897216796875
2016-07-05,21.664608001708984,36.404998779296875,11.599546432495117,212960.0,34.980194091796875,113.40780639648438,45.44231414794922,1.1622064113616943,14.26533317565918,20.985130310058594
2016-07-06,21.78777313232422,36.88050079345703,11.589543342590332,213620.0,35.182674407958984,115.89046478271484,45.62881088256836,1.169569969177246,14.295999526977539,20.897218704223633
2016-07-07,21.881288528442383,36.82849884033203,11.617244720458984,212501.0,35.097816467285156,115.0463638305664,45.62881088256836,1.200006127357483,14.395999908447266,21.025087356567383
2016-07-08,22.050060272216797,37.29050064086914,11.936548233032227,214720.0,35.619869232177734,116.42671966552734,46.445831298828125,1.2481144666671753,14.45199966430664,21.360715866088867
2016-07-11,22.118488311767578,37.68899917602539,12.107356071472168,215824.0,36.087337493896484,117.0523452758789,46.70338439941406,1.2768323421478271,14.985333442687988,21.73630714416504
2016-07-12,22.218828201293945,37.410499572753906,12.201996803283691,217050.0,36.35084533691406,117.1119384765625,47.25397491455078,1.2959777116775513,14.976667404174805,21.552507400512695
2016-07-13,22.0933837890625,37.131500244140625,12.11120319366455,218950.0,36.20048141479492,115.96990203857422,47.5203971862793,1.2954857349395752,14.835332870483398,21.488576889038086
2016-07-14,22.531288146972656,37.060001373291016,12.371264457702637,218591.0,36.51411437988281,116.47637176513672,47.72465896606445,1.3087401390075684,14.768667221069336,21.664392471313477
2016-07-15,22.529006958007812,36.77199935913086,12.399725914001465,218990.0,36.50567626953125,116.04935455322266,47.68913269042969,1.2935223579406738,14.69333267211914,21.5844783782959
2016-07-18,22.768489837646484,36.80350112915039,12.489750862121582,219900.0,37.37758255004883,118.54194641113281,47.92002868652344,1.30014967918396,15.083333015441895,22.087928771972656
2016-07-19,22.777606964111328,36.997501373291016,12.3512544631958,220265.0,37.38800811767578,119.77335357666016,47.14741516113281,1.313649296760559,15.017333030700684,21.79224395751953
2016-07-20,22.798131942749023,37.2859992980957,12.515908241271973,219187.0,37.570133209228516,121.07427215576172,49.65175247192383,1.3308314085006714,15.223999977111816,22.016002655029297
2016-07-21,22.677257537841797,37.221500396728516,12.342023849487305,216315.0,37.4376335144043,119.77335357666016,49.55406188964844,1.306286096572876,14.699999809265137,21.960063934326172
2016-07-22,22.501646041870117,37.24300003051758,12.285087585449219,216805.0,37.67930603027344,120.16064453125,50.237876892089844,1.34187650680542,14.817999839782715,22.167837142944336
2016-07-25,22.200584411621094,36.980499267578125,12.293553352355957,216005.0,37.59196853637695,120.78627014160156,50.379966735839844,1.3666667938232422,15.333999633789062,22.263734817504883
2016-07-26,22.047775268554688,36.77949905395508,12.575153350830078,216400.0,37.598419189453125,120.37911987304688,50.40660858154297,1.389984369277954,15.300666809082031,22.639324188232422
2016-07-27,23.480073928833008,36.833499908447266,12.745963096618652,216300.0,37.81279754638672,122.4843978881836,49.900413513183594,1.3759938478469849,15.232666969299316,22.45552635192871
2016-07-28,23.797090530395508,37.63050079345703,12.635937690734863,216660.0,38.00484085083008,124.13288879394531,49.91817855834961,1.3789392709732056,15.37399959564209,22.487489700317383
2016-07-29,23.767446517944336,37.94049835205078,12.462820053100586,216000.0,39.270286560058594,123.08023834228516,50.33555221557617,1.401520848274231,15.652667045593262,22.199810028076172
2016-08-01,24.187095642089844,38.387001037597656,12.580543518066406,215960.0,39.74668502807617,123.44767761230469,50.24675750732422,1.3924388885498047,15.333999633789062,22.87107276916504
2016-08-02,23.82903289794922,38.02899932861328,12.532835960388184,214900.0,39.70599365234375,122.23612976074219,50.24675750732422,1.3755031824111938,15.146666526794434,22.50347137451172
2016-08-03,24.127803802490234,37.731998443603516,12.626700401306152,215300.0,39.64643859863281,121.66017150878906,50.59311294555664,1.3791849613189697,15.052666664123535,22.50347137451172
2016-08-04,24.276851654052734,38.03850173950195,12.848291397094727,214830.0,39.563568115234375,123.49732971191406,50.966102600097656,1.404711365699768,15.37399959564209,22.695262908935547
2016-08-05,24.64603614807129,38.29899978637695,13.08911418914795,218010.0,40.043941497802734,124.28185272216797,51.472293853759766,1.4285202026367188,15.335332870483398,23.006929397583008
2016-08-08,24.85012435913086,38.327999114990234,12.952932357788086,218300.0,39.95957946777344,124.39107513427734,51.561100006103516,1.4417744874954224,15.077333450317383,23.246665954589844
2016-08-09,24.951019287109375,38.41550064086914,13.169906616210938,220605.0,40.071231842041016,124.19247436523438,51.6854248046875,1.4454562664031982,15.272000312805176,23.494394302368164
2016-08-10,24.765277862548828,38.428001403808594,13.222220420837402,220000.0,40.12135314941406,124.01372528076172,51.52556610107422,1.4361286163330078,15.043333053588867,23.350549697875977
2016-08-11,24.749223709106445,38.5620002746582,13.240689277648926,221890.0,40.106964111328125,124.03357696533203,51.774227142333984,1.4653375148773193,14.994000434875488,23.28662109375
2016-08-12,24.806549072265625,38.62799835205078,13.269927024841309,221750.0,40.04989242553711,124.01372528076172,51.45452117919922,1.5473177433013916,15.040666580200195,23.366531372070312
2016-08-15,25.104652404785156,38.42449951171875,13.506134033203125,221995.0,39.99580383300781,123.04052734375,51.61437225341797,1.54584538936615,15.03933334350586,23.486398696899414
2016-08-16,25.081724166870117,38.20199966430664,13.26453971862793,220805.0,39.759090423583984,122.44468688964844,51.32842254638672,1.5365184545516968,14.907333374023438,23.238672256469727
2016-08-17,25.045032501220703,38.23149871826172,13.313014030456543,223890.0,39.96900177001953,123.50726318359375,51.435665130615234,1.5009278059005737,14.88266658782959,23.158756256103516
2016-08-18,25.01293182373047,38.222999572753906,13.382259368896484,223200.0,39.83650588989258,123.05044555664062,51.471405029296875,1.5242459774017334,14.900667190551758,23.302608489990234
2016-08-19,25.077136993408203,37.865501403808594,13.459199905395508,223040.0,39.68267059326172,122.702880859375,51.4892692565918,1.5281728506088257,15.0,22.887056350708008
2016-08-22,24.882221221923828,37.9739990234375,13.536141395568848,222446.0,39.548683166503906,123.28878021240234,51.53395462036133,1.5345549583435059,14.862000465393066,22.695262908935547
2016-08-23,24.96018409729004,38.122501373291016,13.644628524780273,223500.0,39.530818939208984,123.50726318359375,51.73054504394531,1.5469727516174316,14.989333152770996,22.77518081665039
2016-08-24,24.772151947021484,37.86249923706055,13.487666130065918,222824.0,39.382442474365234,122.6234359741211,51.784156799316406,1.5231202840805054,14.841333389282227,22.687273025512695
2016-08-25,24.666669845581055,37.96099853515625,13.54460620880127,222999.0,39.2682991027832,123.03059387207031,51.98076248168945,1.513038158416748,14.730667114257812,22.855091094970703
2016-08-26,24.522212982177734,38.45000076293945,13.630775451660156,222040.0,39.36357498168945,124.0931625366211,51.855648040771484,1.525333285331726,14.666000366210938,22.887056350708008
2016-08-29,24.49468994140625,38.56449890136719,13.64924144744873,223400.0,39.49260330200195,125.66221618652344,51.91817855834961,1.524349570274353,14.346667289733887,22.93501091003418
2016-08-30,24.30666160583496,38.37900161743164,13.6184663772583,224850.0,39.29906463623047,124.9670639038086,51.73054504394531,1.5154972076416016,14.089332580566406,22.87107276916504
2016-08-31,24.32958984375,38.45800018310547,13.573844909667969,225760.0,39.196346282958984,125.24513244628906,51.34629440307617,1.508366346359253,14.133999824523926,22.96696662902832
2016-09-01,24.474058151245117,38.53099822998047,13.625388145446777,225350.0,39.27326202392578,125.2947769165039,51.46246337890625,1.5528745651245117,13.38466739654541,23.142778396606445
2016-09-02,24.70336151123047,38.62200164794922,13.319169998168945,226050.0,39.544708251953125,125.63241577148438,51.53395462036133,1.5376280546188354,13.185333251953125,23.28662109375
2016-09-06,24.696483612060547,39.44350051879883,13.164520263671875,225849.0,40.09803009033203,128.83009338378906,51.4803352355957,1.5521363019943237,13.522000312805176,23.566322326660156
2016-09-07,24.847829818725586,39.2239990234375,12.995244979858398,224230.0,40.0965461730957,130.1409149169922,51.525020599365234,1.5292675495147705,13.447333335876465,23.83002281188965
2016-09-08,24.19658851623535,39.202999114990234,12.955239295959473,224740.0,39.840972900390625,129.3663330078125,51.319496154785156,1.5403332710266113,13.157333374023438,23.806055068969727
2016-09-09,23.648542404174805,38.00699996948242,12.370489120483398,220110.0,39.12835693359375,126.21832275390625,50.22929382324219,1.4636118412017822,12.964667320251465,22.847103118896484
2016-09-12,24.17824935913086,38.574501037597656,12.655174255371094,223520.0,39.641483306884766,127.79730224609375,50.97991943359375,1.4938576221466064,13.220000267028809,23.166751861572266
2016-09-13,24.753807067871094,38.050498962402344,12.71364688873291,219150.0,39.14027404785156,126.32756042480469,50.5152473449707,1.4722180366516113,13.069999694824219,22.76718521118164
2016-09-14,25.629764556884766,38.054500579833984,13.04987621307373,218610.0,39.22661590576172,126.88367462158203,50.27396774291992,1.4852514266967773,13.093999862670898,22.87107276916504
2016-09-15,26.501140594482422,38.484500885009766,13.329238891601562,220339.0,39.76107406616211,127.45965576171875,51.105018615722656,1.541562795639038,13.361332893371582,23.318588256835938
2016-09-16,26.352088928222656,38.92599868774414,13.2150239944458,218400.0,39.59929656982422,128.17465209960938,51.15863037109375,1.5452516078948975,13.69333267211914,23.102821350097656
2016-09-19,26.044816970825195,38.755001068115234,13.175665855407715,218000.0,39.47127151489258,127.757568359375,50.872684478759766,1.5656615495681763,13.755999565124512,23.917930603027344
2016-09-20,26.04252052307129,39.01100158691406,12.982736587524414,217870.0,39.68911361694336,127.74763488769531,50.76545333862305,1.5513991117477417,13.642666816711426,23.893959045410156
2016-09-21,26.037933349609375,39.48699951171875,13.106212615966797,219440.0,39.949649810791016,129.03863525390625,51.61437225341797,1.594923496246338,13.6813325881958,24.373435974121094
2016-09-22,26.283292770385742,40.23500061035156,13.029810905456543,220000.0,40.49155807495117,129.17764282226562,51.667999267578125,1.59885835647583,13.76200008392334,24.501298904418945
2016-09-23,25.84531593322754,40.287498474121094,12.86080265045166,217750.0,40.44243240356445,127.07235717773438,51.319496154785156,1.5971373319625854,13.829999923706055,24.069765090942383
2016-09-26,25.88429832458496,39.95800018310547,12.863892555236816,216160.0,39.83154296875,126.42687225341797,50.845882415771484,1.5821369886398315,13.932666778564453,23.84601402282715
2016-09-27,25.932453155517578,40.80550003051758,13.18570327758789,217960.0,40.232513427734375,127.79730224609375,51.784156799316406,1.6362355947494507,13.720666885375977,24.29352569580078
2016-09-28,26.129661560058594,41.43600082397461,13.173354148864746,217695.0,40.19926452636719,128.3335418701172,51.855648040771484,1.6421371698379517,13.751333236694336,24.23758888244629
2016-09-29,25.723787307739258,41.45249938964844,13.309175491333008,215300.0,39.831050872802734,127.20146179199219,51.29268264770508,1.6573830842971802,13.380000114440918,24.29352569580078
2016-09-30,25.92328643798828,41.865501403808594,13.313802719116211,216220.0,39.901512145996094,127.38021087646484,51.471405029296875,1.6849240064620972,13.60200023651123,24.445356369018555
2016-10-03,25.801746368408203,41.83700180053711,13.124734878540039,215700.0,39.718894958496094,127.87673950195312,51.3105583190918,1.6832027435302734,14.24666690826416,24.549243927001953
2016-10-04,25.91181755065918,41.701499938964844,13.046021461486816,214520.0,39.8384895324707,127.30076599121094,51.14970397949219,1.6795145273208618,14.093999862670898,24.285531997680664
2016-10-05,25.92328643798828,42.21799850463867,13.387892723083496,216300.0,39.76107406616211,127.5788345336914,51.50715255737305,1.6777931451797485,13.897333145141602,24.397409439086914
2016-10-06,26.11590576171875,42.08300018310547,13.442684173583984,215860.0,39.85287857055664,127.84696197509766,51.596500396728516,1.6559077501296997,13.399999618530273,24.589204788208008
2016-10-07,26.15488052368164,41.971500396728516,13.444226264953613,216640.0,39.73527145385742,128.09523010253906,51.65010452270508,1.6438581943511963,13.107333183288574,24.91684341430664
2016-10-10,26.611207962036133,42.08549880981445,13.487442016601562,217730.0,40.40322494506836,129.33653259277344,51.86458969116211,1.6500060558319092,13.396666526794434,24.99675941467285
2016-10-11,26.668535232543945,41.54999923706055,13.209624290466309,215920.0,40.17495346069336,127.98597717285156,51.105018615722656,1.6261532306671143,13.34000015258789,24.55723762512207
2016-10-12,26.90701675415039,41.704498291015625,13.155603408813477,217230.0,40.28412628173828,128.15480041503906,51.03353500366211,1.6335301399230957,13.434000015258789,25.052696228027344
2016-10-13,26.824462890625,41.4640007019043,13.037528991699219,214660.0,39.902503967285156,126.9333267211914,50.86375045776367,1.6069729328155518,13.349332809448242,24.397409439086914
2016-10-14,26.973512649536133,41.14799880981445,13.126279830932617,216370.0,39.92831039428711,126.992919921875,51.3105583190918,1.6227108240127563,13.100666999816895,24.501298904418945
2016-10-17,26.955171585083008,40.647499084472656,13.03289794921875,216225.0,40.03947448730469,126.65528106689453,51.1318359375,1.6133664846420288,12.93066692352295,24.42937469482422
2016-10-18,26.93682098388672,40.88249969482422,13.28679370880127,216300.0,40.7664794921875,127.6781234741211,51.525020599365234,1.6379565000534058,13.273332595825195,24.661123275756836
2016-10-19,26.856571197509766,40.884498596191406,13.263640403747559,217350.0,41.03197479248047,129.2074432373047,51.40885925292969,1.6345139741897583,13.570667266845703,24.757022857666016
2016-10-20,26.842809677124023,40.51599884033203,13.382490158081055,216975.0,40.773433685302734,129.0981903076172,51.15863037109375,1.6654974222183228,13.273332595825195,24.820945739746094
2016-10-21,26.737323760986328,40.949501037597656,13.34467601776123,215600.0,40.89401626586914,131.15386962890625,53.312217712402344,1.6608256101608276,13.339332580566406,24.836933135986328
2016-10-24,26.978099822998047,41.90449905395508,13.624812126159668,215500.0,41.4736328125,132.35545349121094,54.509647369384766,1.7387768030166626,13.517333030700684,25.10064125061035
2016-10-25,27.115684509277344,41.75899887084961,13.401009559631348,215250.0,41.11683654785156,131.37229919433594,54.50070571899414,1.7673014402389526,13.489333152770996,25.2125186920166
2016-10-26,26.505725860595703,41.12950134277344,13.350849151611328,215840.0,40.796756744384766,130.1309814453125,54.17900466918945,1.7744327783584595,13.482666969299316,24.940813064575195
2016-10-27,26.251197814941406,40.917999267578125,13.292198181152344,216820.0,40.56103515625,128.7903594970703,53.705406188964844,1.7380388975143433,13.600666999816895,24.589204788208008
2016-10-28,26.076921463012695,38.816001892089844,13.069168090820312,216200.0,40.67070770263672,130.3792724609375,53.49987030029297,1.7350881099700928,13.33133316040039,24.589204788208008
2016-10-31,26.03564453125,39.49100112915039,13.140936851501465,215700.0,40.191322326660156,130.08132934570312,53.5445442199707,1.7498425245285034,13.182000160217285,24.852914810180664
2016-11-01,25.565561294555664,39.27050018310547,13.026724815368652,215370.0,39.971981048583984,128.60166931152344,53.437320709228516,1.6979572772979736,12.719332695007324,24.5412540435791
2016-11-02,25.588485717773438,38.27799987792969,13.316893577575684,214900.0,39.1253776550293,126.28785705566406,53.1066780090332,1.6908257007598877,12.534667015075684,24.285531997680664
2016-11-03,25.31421661376953,38.35150146484375,13.350074768066406,215001.0,38.81621170043945,119.16758728027344,52.91009521484375,1.6711536645889282,12.494667053222656,24.1976261138916
2016-11-04,25.086034774780273,37.752498626708984,13.28679370880127,214545.0,38.76211929321289,119.91238403320312,52.463294982910156,1.661563515663147,12.704000473022461,24.165660858154297
2016-11-07,25.447904586791992,39.246498107910156,13.656450271606445,220303.0,39.800777435302734,121.30267333984375,53.9913444519043,1.7525473833084106,12.880666732788086,25.052696228027344
2016-11-08,25.59771156311035,39.38750076293945,13.659539222717285,221485.0,40.29454803466797,123.3582992553711,54.036041259765625,1.7498425245285034,12.996000289916992,25.044702529907227
2016-11-09,25.55622673034668,38.59400177001953,13.383260726928711,227135.0,39.977439880371094,122.32551574707031,53.7679443359375,1.7203340530395508,12.670666694641113,24.445356369018555
2016-11-10,24.844022750854492,37.11899948120117,12.96035385131836,233750.0,38.721920013427734,119.9620361328125,52.45436096191406,1.6664810180664062,12.356666564941406,23.526357650756836
2016-11-11,24.99153709411621,36.95050048828125,12.929482460021973,234860.0,38.29813003540039,118.19437408447266,52.74030685424805,2.163203477859497,12.570667266845703,23.917930603027344
2016-11-14,24.36461067199707,35.95349884033203,12.639317512512207,236650.0,37.37858200073242,114.28170776367188,51.93607711791992,2.0567288398742676,12.096667289733887,23.054874420166016
2016-11-15,24.687297821044922,37.1619987487793,12.845370292663574,236000.0,38.46734619140625,116.38699340820312,52.96166229248047,2.119433879852295,12.251333236694336,23.334569931030273
2016-11-16,25.351089477539062,37.324501037597656,12.951868057250977,235470.0,38.706546783447266,115.532958984375,53.66337203979492,2.253204822540283,12.26200008392334,23.86199188232422
2016-11-17,25.341880798339844,37.81999969482422,12.890902519226074,237550.0,39.01322555541992,116.972900390625,54.554019927978516,2.2718937397003174,12.577333450317383,23.55033302307129
2016-11-18,25.36722755432129,38.007999420166016,12.977334976196289,236391.0,38.507545471191406,116.20824432373047,54.29311752319336,2.2957470417022705,12.334667205810547,23.55033302307129
2016-11-21,25.752138137817383,39.0,13.318434715270996,237500.0,38.94573974609375,120.92530059814453,54.75194549560547,2.2864019870758057,12.3013334274292,23.694175720214844
2016-11-22,25.768274307250977,39.26649856567383,13.661079406738281,237801.0,38.95566177368164,120.62738800048828,54.98583221435547,2.3028769493103027,12.744667053222656,23.901954650878906
2016-11-23,25.63689422607422,39.00600051879883,13.6657133102417,237070.0,38.65791320800781,120.00173950195312,54.33810806274414,2.3142056465148926,12.87600040435791,23.885969161987305
2016-11-25,25.76596450805664,39.01850128173828,13.640249252319336,237085.0,38.71894836425781,119.54493713378906,54.455055236816406,2.3188846111297607,13.109999656677246,23.702165603637695
2016-11-28,25.715261459350586,38.3385009765625,13.478182792663574,235400.0,38.9948616027832,119.57474517822266,54.52702331542969,2.317652702331543,13.074666976928711,23.702165603637695
2016-11-29,25.689910888671875,38.125999450683594,13.539924621582031,236391.0,39.17599868774414,120.03153991699219,54.95884323120117,2.296473264694214,12.637999534606934,23.6142635345459
2016-11-30,25.473243713378906,37.528499603271484,13.157148361206055,237000.0,38.503082275390625,117.5985336303711,54.21215057373047,2.2706151008605957,12.626667022705078,23.72614860534668
2016-12-01,25.235851287841797,37.182498931884766,12.562918663024902,239821.0,37.929908752441406,114.30156707763672,53.25853729248047,2.158315896987915,12.125332832336426,22.815134048461914
2016-12-02,25.330352783203125,37.016998291015625,12.673274993896484,239070.0,37.93636703491211,114.59950256347656,53.30351638793945,2.1782643795013428,12.097999572753906,23.0628662109375
2016-12-05,25.14826774597168,37.96799850463867,12.820674896240234,240000.0,38.61920166015625,116.61539459228516,54.17616271972656,2.2627346515655518,12.453332901000977,23.19072914123535
2016-12-06,25.341880798339844,38.236000061035156,12.714948654174805,241836.0,38.517967224121094,116.4962387084961,53.933265686035156,2.299921989440918,12.390000343322754,23.582294464111328
2016-12-07,25.590801239013672,38.520999908447266,13.007430076599121,246380.0,39.27674102783203,117.13178253173828,55.21073913574219,2.3412954807281494,12.876667022705078,23.917930603027344
2016-12-08,25.842021942138672,38.36650085449219,13.174120903015137,246120.0,39.46034622192383,118.08514404296875,54.88688659667969,2.302138566970825,12.81933307647705,24.005836486816406
2016-12-09,26.26381492614746,38.43299865722656,13.820831298828125,247190.0,40.16899490356445,118.84979248046875,55.75053787231445,2.2612576484680176,12.812000274658203,24.069765090942383
2016-12-12,26.113998413085938,38.00600051879883,13.749059677124023,248889.0,40.09207534790039,116.95304107666016,55.930458068847656,2.206339120864868,12.828666687011719,23.893959045410156
2016-12-13,26.549619674682617,38.71699905395508,13.847835540771484,249711.0,40.46128463745117,119.47543334960938,56.65916442871094,2.2452492713928223,13.210000038146973,24.261558532714844
2016-12-14,26.549619674682617,38.441001892089844,13.785752296447754,247120.0,40.58782958984375,119.3761215209961,56.3892707824707,2.3752810955047607,13.246000289916992,23.869985580444336
2016-12-15,26.694820404052734,38.04999923706055,13.971247673034668,248271.0,40.47666931152344,119.7336196899414,56.2993049621582,2.4309377670288086,13.17199993133545,24.10173225402832
2016-12-16,26.72939109802246,37.88850021362305,13.847838401794434,246405.0,40.188350677490234,119.03849029541016,56.047401428222656,2.4728047847747803,13.499333381652832,23.55832862854004
2016-12-19,26.883819580078125,38.29999923706055,14.0061674118042,248330.0,40.32034683227539,118.41284942626953,57.234928131103516,2.5028486251831055,13.51533317565918,23.39051055908203
2016-12-20,26.955270767211914,38.56100082397461,14.131132125854492,249041.0,40.4543342590332,118.26388549804688,57.1629638671875,2.590029001235962,13.919333457946777,23.42247200012207
2016-12-21,26.980628967285156,38.529998779296875,14.148208618164062,248631.0,40.30546188354492,118.2142333984375,57.1629638671875,2.6062824726104736,13.846667289733887,23.28662109375
2016-12-22,26.803152084350586,38.31700134277344,14.017041206359863,249000.0,40.18040466308594,116.58560943603516,57.17196273803711,2.6378045082092285,13.896666526794434,22.96696662902832
2016-12-23,26.85616111755371,38.02949905395508,14.121041297912598,248000.0,40.08710479736328,116.45650482177734,56.8930778503418,2.7035586833953857,14.22266674041748,23.21469497680664
2016-12-27,27.026721954345703,38.56999969482422,14.149757385253906,247300.0,40.19281768798828,117.1913833618164,56.92906188964844,2.8892483711242676,14.635333061218262,23.25465202331543
2016-12-28,26.91147804260254,38.60649871826172,13.98521614074707,245330.0,39.92682647705078,116.10893249511719,56.66816711425781,2.690507173538208,14.649333000183105,23.2706356048584
2016-12-29,26.90456771850586,38.25749969482422,13.960378646850586,244500.0,39.84295654296875,115.54289245605469,56.58718490600586,2.7441933155059814,14.312000274658203,23.278627395629883
2016-12-30,26.694820404052734,37.493499755859375,13.719776153564453,244121.0,39.325374603271484,114.25192260742188,55.903472900390625,2.628693103790283,14.246000289916992,22.974960327148438
2017-01-03,26.770883560180664,37.68349838256836,13.841632843017578,245850.0,40.097530364990234,116.04935455322266,56.2993049621582,2.51220703125,14.465999603271484,23.42247200012207
2017-01-04,26.740917205810547,37.85900115966797,13.743061065673828,246600.0,40.08562469482422,117.86666870117188,56.047401428222656,2.570819854736328,15.13266658782959,23.414478302001953
2017-01-05,26.876909255981445,39.022499084472656,13.526517868041992,244852.0,40.346153259277344,119.83293151855469,56.047401428222656,2.5055580139160156,15.116666793823242,23.814050674438477
2017-01-06,27.17654037475586,39.79949951171875,13.705810546875,245394.0,40.951087951660156,122.55391693115234,56.5332145690918,2.5390501022338867,15.267333030700684,23.67819595336914
2017-01-09,27.425464630126953,39.84600067138672,13.73530387878418,243111.0,41.048851013183594,124.03357696533203,56.35331344604492,2.64199161529541,15.41866683959961,24.005836486816406
2017-01-10,27.453123092651367,39.79499816894531,14.014713287353516,242077.0,40.990779876708984,123.48739624023438,56.335296630859375,2.622044563293457,15.324666976928711,24.02981185913086
2017-01-11,27.600629806518555,39.95100021362305,13.925451278686523,243160.0,41.18183517456055,125.21532440185547,56.84808349609375,2.589782238006592,15.315333366394043,24.109725952148438
2017-01-12,27.485387802124023,40.68199920654297,13.881994247436523,242850.0,41.165462493896484,125.74165344238281,56.3263053894043,2.5474233627319336,15.305999755859375,23.4064884185791
2017-01-13,27.436988830566406,40.856998443603516,14.005395889282227,242500.0,41.235435485839844,127.44972229003906,56.40727233886719,2.547177314758301,15.850000381469727,23.526357650756836
2017-01-17,27.658248901367188,40.486000061035156,13.901395797729492,239166.0,41.062740325927734,126.98297882080078,56.25431823730469,2.4900431632995605,15.70533275604248,23.67020034790039
2017-01-18,27.65593719482422,40.374000549316406,14.360092163085938,240700.0,41.14015579223633,127.03264617919922,56.22734069824219,2.5353565216064453,15.890666961669922,23.566322326660156
2017-01-19,27.6075439453125,40.45199966430664,14.402000427246094,239120.0,40.909400939941406,126.66521453857422,56.047401428222656,2.589782238006592,16.250667572021484,23.67819595336914
2017-01-20,27.658248901367188,40.416500091552734,14.83043384552002,240280.0,41.09797668457031,126.15874481201172,56.44327163696289,2.561461925506592,16.315332412719727,24.02981185913086
2017-01-23,27.676687240600586,40.89400100708008,14.82422161102295,238100.0,41.904884338378906,128.03564453125,56.641178131103516,2.5880584716796875,16.594667434692383,24.23758888244629
2017-01-24,27.651342391967773,41.12200164794922,15.348112106323242,240940.0,42.15796661376953,128.4725799560547,57.144981384277344,2.6432228088378906,16.974000930786133,24.62915802001953
2017-01-25,28.091564178466797,41.82600021362305,15.715227127075195,246340.0,42.600624084472656,130.5679473876953,57.28890609741211,2.654552459716797,16.96466636657715,25.020732879638672
2017-01-26,28.105390548706055,41.95750045776367,15.846393585205078,247640.0,42.527671813964844,131.85890197753906,57.81969451904297,2.7003586292266846,16.833999633789062,24.86090660095215
2017-01-27,28.10769271850586,41.78850173950195,15.965914726257324,247000.0,41.934654235839844,131.26307678222656,59.17814636230469,2.7525668144226074,16.863332748413086,24.972780227661133
2017-01-30,28.033945083618164,41.51900100708008,15.772656440734863,246500.0,40.882606506347656,130.0714111328125,58.59339141845703,2.709470510482788,16.708667755126953,24.92483901977539
2017-01-31,27.969406127929688,41.17399978637695,15.483938217163086,245980.0,40.701969146728516,129.416015625,58.16157150268555,2.688784122467041,16.795333862304688,24.701078414916992
2017-02-01,29.675003051757812,41.61750030517578,15.809139251708984,245430.0,40.45632553100586,132.3057861328125,57.19895935058594,2.8062539100646973,16.615999221801758,24.836933135986328
2017-02-02,29.624290466308594,41.997501373291016,15.837078094482422,244330.0,40.60618209838867,129.93238830566406,56.830108642578125,2.8417179584503174,16.770000457763672,24.597187042236328
2017-02-03,29.751060485839844,40.5099983215332,16.00084114074707,245646.0,40.6989860534668,130.0714111328125,57.28890609741211,2.8168437480926514,16.755332946777344,24.749025344848633
2017-02-06,30.02994155883789,40.38199996948242,16.031892776489258,244825.0,40.77293395996094,131.14390563964844,57.2529182434082,2.8890013694763184,17.184667587280273,24.66912078857422
2017-02-07,30.315736770629883,40.625,15.981439590454102,244260.0,41.150577545166016,130.92544555664062,57.06399917602539,2.9338231086730957,17.165332794189453,24.389415740966797
2017-02-08,30.43328857421875,40.98550033569336,16.0575008392334,244151.0,41.18283462524414,133.2690887451172,56.983036041259766,2.9210166931152344,17.472000122070312,24.23758888244629
2017-02-09,30.653202056884766,41.06800079345703,15.937201499938965,246000.0,41.19176483154297,133.20950317382812,57.630775451660156,2.866098403930664,17.946666717529297,24.141691207885742
2017-02-10,30.583755493164062,41.37300109863281,15.951170921325684,246000.0,41.429466247558594,133.25912475585938,57.5767936706543,2.7981278896331787,17.948667526245117,24.5412540435791
2017-02-13,30.854589462280273,41.826499938964844,16.043535232543945,248340.0,41.63343048095703,133.12010192871094,58.224544525146484,2.669080972671509,18.706666946411133,25.324398040771484
2017-02-14,31.255064010620117,41.81949996948242,15.936426162719727,250419.0,41.68653106689453,132.92149353027344,58.44175338745117,2.6789324283599854,18.73200035095215,25.036714553833008
2017-02-15,31.36849021911621,42.1349983215332,15.98765754699707,250990.0,41.552040100097656,132.5143585205078,58.405555725097656,2.684349775314331,18.650667190551758,25.372350692749023
2017-02-16,31.33146095275879,42.207000732421875,16.157625198364258,251500.0,41.79273223876953,132.9115753173828,58.39649200439453,2.6412532329559326,17.93000030517578,25.827848434448242
2017-02-17,31.417102813720703,42.253501892089844,16.330703735351562,252838.0,42.01008605957031,132.60369873046875,58.48701477050781,2.640760898590088,18.148666381835938,25.843833923339844
2017-02-21,31.643949508666992,42.821998596191406,16.512317657470703,253690.0,42.14506530761719,132.7924041748047,58.369346618652344,2.7353291511535645,18.492666244506836,25.83584213256836
2017-02-22,31.738874435424805,42.78049850463867,16.62175178527832,254151.0,42.24878692626953,135.17576599121094,58.251686096191406,2.7311363220214844,18.233999252319336,25.628070831298828
2017-02-23,31.604616165161133,42.609500885009766,16.343896865844727,254900.0,42.23091506958008,134.42103576660156,58.48701477050781,2.4778969287872314,17.06599998474121,25.372350692749023
2017-02-24,31.634693145751953,42.262001037597656,16.327594757080078,255040.0,42.07261276245117,134.50047302246094,58.48701477050781,2.5018157958984375,17.133333206176758,25.508201599121094
2017-02-27,31.697202682495117,42.43199920654297,16.55345344543457,255795.0,42.1649169921875,135.46376037597656,58.134033203125,2.574557065963745,16.415332794189453,25.1965389251709
2017-02-28,31.711091995239258,42.25199890136719,16.371065139770508,257100.0,41.9296875,134.5997772216797,57.90774917602539,2.5023086071014404,16.666000366210938,25.14859390258789
2017-03-01,32.35924530029297,42.65399932861328,16.69781494140625,266013.0,42.51626205444336,136.46673583984375,58.776649475097656,2.5346109867095947,16.667999267578125,25.236495971679688
2017-03-02,32.167110443115234,42.445499420166016,16.864686965942383,263600.0,42.17384338378906,135.81130981445312,57.934906005859375,2.4411568641662598,16.698667526245117,24.66912078857422
2017-03-03,32.35693359375,42.49399948120117,16.94462776184082,263160.0,42.13563919067383,136.2184600830078,58.15214157104492,2.4271013736724854,16.771333694458008,24.65312957763672
2017-03-06,32.25507736206055,42.330501556396484,16.91513442993164,262800.0,42.04581069946289,136.46673583984375,58.17022705078125,2.4083616733551025,16.747333526611328,24.65312957763672
2017-03-07,32.29674530029297,42.30099868774414,17.016807556152344,262860.0,42.23835754394531,136.34756469726562,58.287906646728516,2.4347455501556396,16.57266616821289,25.020732879638672
2017-03-08,32.176368713378906,42.525001525878906,17.046300888061523,262350.0,42.36192321777344,136.76466369628906,58.82188415527344,2.430306911468506,16.45800018310547,24.948802947998047
2017-03-09,32.10228729248047,42.650001525878906,17.231019973754883,262866.0,42.570343017578125,137.2810516357422,58.586578369140625,2.429813861846924,16.32666778564453,24.757022857666016
2017-03-10,32.20878601074219,42.62300109863281,17.567861557006836,262491.0,42.74751281738281,137.82723999023438,58.7675895690918,2.444115400314331,16.246000289916992,24.820945739746094
2017-03-13,32.2226676940918,42.72949981689453,17.575626373291016,262990.0,42.90481948852539,138.63162231445312,58.56846618652344,2.511432647705078,16.411333084106445,25.17256736755371
2017-03-14,32.17406463623047,42.62649917602539,17.412633895874023,261900.0,42.9708251953125,138.3535614013672,58.29694366455078,2.5097060203552246,17.200000762939453,24.940813064575195
2017-03-15,32.51435470581055,42.64849853515625,17.535268783569336,261787.0,43.093894958496094,138.7507781982422,58.604679107666016,2.5286927223205566,17.048667907714844,25.50020980834961
2017-03-16,32.567569732666016,42.67100143432617,17.336456298828125,260919.0,43.173789978027344,139.01890563964844,58.50511932373047,2.559762954711914,17.469999313354492,25.89977264404297
2017-03-17,32.405540466308594,42.615501403808594,17.24445343017578,258952.0,43.29140090942383,138.8699493408203,58.71329879760742,2.615490198135376,17.433332443237305,26.043615341186523
2017-03-20,32.74583435058594,42.8484992980957,17.249134063720703,258000.0,43.070072174072266,138.96925354003906,58.7675895690918,2.69883394241333,17.461332321166992,26.25139045715332
2017-03-21,32.37082290649414,42.15999984741211,16.84214973449707,253651.0,42.18824005126953,137.54917907714844,58.115909576416016,2.6115448474884033,16.711999893188477,25.955705642700195
2017-03-22,32.736568450927734,42.40299987792969,16.951311111450195,253880.0,42.171363830566406,138.62167358398438,58.85810470581055,2.6648061275482178,17.000667572021484,26.1235294342041
2017-03-23,32.620826721191406,42.36899948120117,16.907644271850586,254702.0,41.667667388916016,138.5620880126953,58.71329879760742,2.640641212463379,16.985332489013672,26.0196475982666
2017-03-24,32.55602264404297,42.28049850463867,17.0721492767334,252301.0,41.44386672973633,139.36648559570312,58.81285095214844,2.6500115394592285,17.54400062561035,26.21942710876465
2017-03-27,32.611572265625,42.340999603271484,17.078388214111328,250881.0,41.61109924316406,139.3466033935547,58.92146682739258,2.669243812561035,18.014667510986328,26.507112503051758
2017-03-28,33.28749465942383,42.79999923706055,17.226526260375977,252520.0,41.716304779052734,140.77662658691406,59.093441009521484,2.6554360389709473,18.496667861938477,26.650957107543945
2017-03-29,33.361572265625,43.715999603271484,17.25459098815918,249761.0,42.174835205078125,141.66046142578125,59.25634765625,2.646806240081787,18.492000579833984,26.315317153930664
2017-03-30,33.31759262084961,43.81700134277344,17.155574798583984,251800.0,42.155487060546875,141.42213439941406,59.473575592041016,2.697601795196533,18.527999877929688,26.427194595336914
2017-03-31,33.255088806152344,44.32699966430664,17.07137680053711,249850.0,42.07211685180664,141.0646209716797,59.60932159423828,2.686011791229248,18.553333282470703,26.24340057373047
2017-04-03,33.26435852050781,44.57550048828125,17.058897018432617,250600.0,42.51626205444336,141.29302978515625,59.32875061035156,2.6724495887756348,19.90133285522461,26.283349990844727
2017-04-04,33.512054443359375,45.34149932861328,17.07137680053711,250550.0,42.3088264465332,140.74684143066406,59.49167251586914,2.4850478172302246,20.246667861938477,26.25938606262207
2017-04-05,33.33842849731445,45.4640007019043,16.92868995666504,248900.0,42.127193450927734,140.8660125732422,59.337799072265625,2.466555118560791,19.666667938232422,26.291345596313477
2017-04-06,33.255088806152344,44.91400146484375,16.957542419433594,250290.0,41.93812942504883,140.19073486328125,59.49167251586914,2.4845550060272217,19.913333892822266,26.25938606262207
2017-04-07,33.18102264404297,44.74399948120117,17.016019821166992,249465.0,41.78925323486328,139.80343627929688,59.44639587402344,2.473951816558838,20.16933250427246,26.267379760742188
2017-04-10,33.14167785644531,45.35200119018555,16.99808692932129,250399.0,41.769405364990234,140.06163024902344,59.31065368652344,2.4108269214630127,20.826000213623047,25.98767852783203
2017-04-11,32.785179138183594,45.11800003051758,16.961441040039062,248601.0,41.679080963134766,138.9493865966797,59.26539993286133,2.419457197189331,20.58066749572754,25.891786575317383
2017-04-12,32.82453536987305,44.811500549316406,16.3104248046875,247930.0,41.75749588012695,138.6117706298828,59.03911209106445,2.399484872817993,19.78933334350586,25.79588508605957
2017-04-13,32.65092086791992,44.23350143432617,16.4757137298584,245000.0,41.6939697265625,138.42308044433594,58.78569412231445,2.3546066284179688,20.266666412353516,25.436277389526367
2017-04-17,32.83148193359375,45.0994987487793,16.674531936645508,246700.0,42.43586349487305,140.43898010253906,59.26539993286133,2.4468281269073486,20.09600067138672,25.59610366821289
2017-04-18,32.685630798339844,45.18899917602539,16.61449432373047,245750.0,42.37929153442383,139.98219299316406,59.18392562866211,2.448307514190674,20.016666412353516,25.404314041137695
2017-04-19,32.56525421142578,44.959999084472656,16.65581703186035,244047.0,42.50434875488281,141.28311157226562,58.86715316772461,2.4579243659973145,20.368000030517578,25.26047134399414
2017-04-20,32.972679138183594,45.10300064086914,17.01289176940918,247200.0,42.68151092529297,142.802490234375,59.28350067138672,2.496884346008301,20.167333602905273,25.404314041137695
2017-04-21,32.93333435058594,44.92649841308594,16.970022201538086,245550.0,42.62543487548828,142.6833038330078,60.09809112548828,2.5072410106658936,20.373332977294922,25.636064529418945
2017-04-24,33.25046920776367,45.37049865722656,17.249134063720703,248850.0,43.616943359375,144.4608917236328,61.1208381652832,2.5385568141937256,20.53533363342285,26.13152313232422
2017-04-25,33.45648956298828,45.38100051879883,17.401954650878906,251231.0,44.10873031616211,145.47381591796875,61.47380828857422,2.5826947689056396,20.91933250427246,26.427194595336914
2017-04-26,33.259727478027344,45.464500427246094,17.283435821533203,251351.0,44.123619079589844,145.5433349609375,61.39237976074219,2.5649402141571045,20.67799949645996,26.37126350402832
2017-04-27,33.285179138183594,45.91899871826172,17.393369674682617,249950.0,44.23775100708008,146.67543029785156,61.79057693481445,2.604886293411255,20.575332641601562,26.38724136352539
2017-04-28,33.252777099609375,46.2495002746582,17.215604782104492,247780.0,45.87935256958008,149.20773315429688,61.96257019042969,2.571845769882202,20.937999725341797,26.427194595336914
2017-05-01,33.9310417175293,47.4114990234375,17.25537109375,248270.0,46.29123306274414,151.40240478515625,62.822418212890625,2.629544734954834,21.52199935913086,26.6909122467041
2017-05-02,34.14631271362305,47.34700012207031,17.57737159729004,249010.0,46.50313186645508,151.7201690673828,62.722816467285156,2.5516252517700195,21.25933265686035,27.114452362060547
2017-05-03,34.042144775390625,47.05149841308594,17.534486770629883,250000.0,47.066871643066406,150.7469940185547,62.52372360229492,2.5706124305725098,20.73466682434082,27.402132034301758
2017-05-04,33.91944885253906,46.87649917602539,17.417537689208984,249540.0,47.37802505493164,149.80357360839844,62.279354095458984,2.560749053955078,19.69733238220215,27.28226089477539
2017-05-05,34.48196029663086,46.70750045776367,17.65533447265625,250000.0,47.157691955566406,149.1978302001953,62.451297760009766,2.56099534034729,20.55666732788086,27.506017684936523
2017-05-08,35.41947937011719,47.45199966430664,17.548521041870117,247160.0,47.575035095214844,150.01211547851562,62.39703369140625,2.5341179370880127,20.479333877563477,27.953535079956055
2017-05-09,35.646324157714844,47.64099884033203,17.812047958374023,246000.0,47.476776123046875,149.43614196777344,62.487518310546875,2.5383100509643555,21.417333602905273,28.297151565551758
2017-05-10,35.47734069824219,47.4474983215332,18.035802841186523,245850.0,47.38398361206055,149.2474365234375,62.73191452026367,2.9907867908477783,21.681333541870117,28.297151565551758
2017-05-11,35.784149169921875,47.38100051879883,18.01708984375,245240.0,47.43608474731445,148.99917602539062,61.96257019042969,3.119255781173706,21.540000915527344,28.417030334472656
2017-05-12,36.283905029296875,48.067501068115234,18.396787643432617,245220.0,47.398860931396484,149.28717041015625,61.89017105102539,3.1535303592681885,21.65399932861328,28.265199661254883
2017-05-15,36.1909294128418,47.89849853515625,18.636146545410156,245800.0,47.60133743286133,149.14817810058594,61.935428619384766,3.311835765838623,21.058666229248047,28.017471313476562
2017-05-16,36.137474060058594,48.30350112915039,18.764780044555664,245701.0,47.86881637573242,148.74099731445312,63.1824951171875,3.373480796813965,21.134000778198242,27.993488311767578
2017-05-17,34.92414093017578,47.237998962402344,18.02411460876465,243110.0,46.75522994995117,143.84521484375,61.4256591796875,3.149338483810425,20.407333374023438,27.506017684936523
2017-05-18,35.45643615722656,47.92449951171875,18.529329299926758,242510.0,47.16861343383789,146.63572692871094,61.635032653808594,3.281259775161743,20.87066650390625,27.889610290527344
2017-05-19,35.577301025390625,47.992000579833984,18.251771926879883,244910.0,47.374549865722656,147.03292846679688,61.61682891845703,3.357039451599121,20.722000122070312,28.12934684753418
2017-05-22,35.79345703125,48.53350067138672,18.585466384887695,247820.0,47.84201431274414,147.21170043945312,62.30862808227539,3.428623676300049,20.690000534057617,28.28917121887207
2017-05-23,35.749298095703125,48.57699966430664,18.44200325012207,248121.0,48.1635856628418,147.04286193847656,62.518009185791016,3.38246488571167,20.257333755493164,28.28917121887207
2017-05-24,35.64237976074219,49.01750183105469,18.680585861206055,247479.0,48.51394271850586,148.99917602539062,62.599910736083984,3.420478343963623,20.681333541870117,28.38506317138672
2017-05-25,35.765567779541016,49.66899871826172,18.778820037841797,247850.0,49.22109603881836,150.90586853027344,63.373653411865234,3.4128262996673584,21.121999740600586,28.425016403198242
2017-05-26,35.70513916015625,49.78900146484375,18.806110382080078,248540.0,49.29107666015625,151.07470703125,63.68315505981445,3.501195192337036,21.676000595092773,28.3770751953125
2017-05-30,35.719093322753906,49.834999084472656,18.697742462158203,248101.0,49.43497848510742,151.3229522705078,64.09278106689453,3.5759878158569336,22.34000015258789,28.592836380004883
2017-05-31,35.50756072998047,49.73099899291992,18.671228408813477,248440.0,48.98439025878906,150.4093780517578,63.573909759521484,3.5631520748138428,22.733999252319336,28.2572078704834
2017-06-01,35.605186462402344,49.79750061035156,18.289974212646484,250000.0,49.04393768310547,150.47885131835938,63.81059265136719,3.56339955329895,22.691333770751953,28.68074607849121
2017-06-02,36.13282012939453,50.33649826049805,19.8446102142334,249660.0,49.43250274658203,152.54443359375,65.32164001464844,3.5456268787384033,22.656667709350586,28.91248893737793
2017-06-05,35.77952194213867,50.56700134277344,19.66373062133789,250000.0,49.817596435546875,152.56430053710938,65.79499816894531,3.653496742248535,23.154666900634766,29.080303192138672
2017-06-06,35.9003791809082,50.150001525878906,19.792375564575195,249300.0,49.46029281616211,151.7499542236328,66.01345825195312,3.636958122253418,23.523332595825195,29.112272262573242
2017-06-07,36.11423110961914,50.503501892089844,19.82512092590332,249621.0,49.699485778808594,152.0578155517578,65.89512634277344,3.680896043777466,23.976667404174805,29.1362361907959
2017-06-08,36.025909423828125,50.51350021362305,19.877351760864258,250305.0,49.837440490722656,153.63681030273438,65.49461364746094,3.9479777812957764,24.666667938232422,29.431921005249023
2017-06-09,34.628944396972656,48.91550064086914,18.972177505493164,254965.0,48.142250061035156,148.56227111816406,64.01084899902344,3.692744016647339,23.821332931518555,28.600833892822266
2017-06-12,33.80145263671875,48.24549865722656,18.91993522644043,255900.0,47.7298698425293,147.41029357910156,63.5192985534668,3.7018773555755615,23.93400001525879,28.16131591796875
2017-06-13,34.07339859008789,49.03950119018555,18.94098663330078,257200.0,48.161109924316406,149.63473510742188,64.31127166748047,3.737175703048706,25.06333351135254,28.417030334472656
2017-06-14,33.74102020263672,48.82350158691406,18.75387191772461,257150.0,48.033573150634766,149.20773315429688,63.965335845947266,3.74507474899292,25.37733268737793,28.48895263671875
2017-06-15,33.538795471191406,48.208499908447266,18.634075164794922,255596.0,47.64897918701172,148.76084899902344,63.628536224365234,3.7611196041107178,25.022666931152344,28.32114028930664
2017-06-16,33.06926727294922,49.385501861572266,18.497838973999023,256450.0,47.57155990600586,149.5950469970703,63.719566345214844,3.7426061630249023,24.760000228881836,28.66476058959961
2017-06-19,34.015289306640625,49.75849914550781,18.881492614746094,257320.0,48.39533996582031,151.8095703125,64.51152801513672,3.883305072784424,24.65333366394043,28.93645477294922
2017-06-20,33.70615005493164,49.62950134277344,18.790674209594727,255860.0,48.086177825927734,151.19384765625,63.63764190673828,3.8776280879974365,24.81599998474121,28.87253189086914
2017-06-21,33.90604782104492,50.11149978637695,19.192337036132812,254400.0,48.56257629394531,152.84234619140625,63.965335845947266,3.9363763332366943,25.093332290649414,29.336029052734375
2017-06-22,33.85026550292969,50.064998626708984,19.107778549194336,252620.0,48.464813232421875,152.3358612060547,63.95621871948242,3.909224271774292,25.507333755493164,29.336029052734375
2017-06-23,34.001365661621094,50.1870002746582,19.203298568725586,251800.0,48.93476486206055,153.9943084716797,64.82099914550781,3.7971575260162354,25.56333351135254,29.35201072692871
2017-06-26,33.89442443847656,49.69900131225586,19.006772994995117,251480.0,48.240013122558594,152.52456665039062,64.20201110839844,3.7556891441345215,25.166000366210938,29.813276290893555
2017-06-27,33.40862274169922,48.8390007019043,18.425809860229492,251310.0,47.04901123046875,149.53546142578125,63.00043869018555,3.6181976795196533,24.158000946044922,28.955106735229492
2017-06-28,33.89674377441406,49.51649856567383,18.873666763305664,254660.0,47.69016647338867,152.17697143554688,63.53750228881836,3.7458150386810303,24.749332427978516,29.169647216796875
2017-06-29,33.397010803222656,48.79650115966797,18.324798583984375,253901.0,46.53936004638672,149.99224853515625,62.34502410888672,3.620666027069092,24.049999237060547,28.724063873291016
2017-06-30,33.476036071777344,48.400001525878906,18.24728775024414,254700.0,46.13541793823242,149.93267822265625,62.74555969238281,3.568336248397827,24.107332229614258,28.847820281982422
2017-07-03,33.355159759521484,47.68299865722656,17.989688873291016,257980.0,45.62824630737305,147.4003448486328,62.05376052856445,3.4392378330230713,23.507999420166016,28.781827926635742
2017-07-05,33.4922981262207,48.56999969482422,18.134538650512695,257500.0,46.26344299316406,149.29713439941406,62.88209533691406,3.5310633182525635,21.805999755859375,28.732311248779297
2017-07-06,33.17618179321289,48.25699996948242,18.40309715270996,255550.0,46.03665542602539,147.7876739501953,62.417842864990234,3.5416769981384277,20.588666915893555,28.468250274658203
2017-07-07,33.51322555541992,48.9379997253418,18.761707305908203,256780.0,46.68773651123047,150.38949584960938,63.22800064086914,3.6226415634155273,20.881332397460938,28.575529098510742
2017-07-10,33.7177734375,49.82350158691406,18.93004035949707,255400.0,47.19342041015625,152.43519592285156,63.70138931274414,3.7939488887786865,21.06999969482422,28.880840301513672
2017-07-11,33.8270149230957,49.70650100708008,18.86113929748535,255500.0,47.3189697265625,154.19293212890625,63.71044921875,3.847761392593384,21.814666748046875,29.194406509399414
2017-07-12,33.87583923339844,50.32550048828125,19.294126510620117,256000.0,48.020172119140625,157.7977294921875,64.76636505126953,4.011415481567383,21.968000411987305,29.450204849243164
2017-07-13,34.34769058227539,50.03150177001953,19.363815307617188,256000.0,48.079227447509766,158.1552276611328,65.33076477050781,3.9650096893310547,21.560667037963867,29.829784393310547
2017-07-14,34.64289855957031,50.09049987792969,19.597139358520508,256020.0,48.47920608520508,158.86029052734375,66.2501449584961,4.0716447830200195,21.851999282836914,29.91229820251465
2017-07-17,34.76374816894531,50.50199890136719,19.497699737548828,256200.0,48.432064056396484,158.62197875976562,66.76898956298828,4.054366588592529,21.30466651916504,29.631738662719727
2017-07-18,34.88462829589844,51.22249984741211,19.643329620361328,256100.0,48.97744369506836,161.73028564453125,66.72347259521484,4.096577167510986,21.882667541503906,29.598731994628906
2017-07-19,35.10311508178711,51.34349822998047,19.9189453125,257500.0,49.26625442504883,163.0013885498047,67.2332534790039,4.075347900390625,21.68400001525879,30.04432487487793
2017-07-20,34.945045471191406,51.435001373291016,19.842992782592773,257651.0,49.23747253417969,163.388671875,67.56095886230469,4.134590148925781,21.994667053222656,29.78852653503418
2017-07-21,34.928802490234375,51.28350067138672,19.81793785095215,257645.0,49.319358825683594,163.2893829345703,67.16950988769531,4.149402141571045,21.893333435058594,29.582231521606445
2017-07-24,35.351837158203125,51.9474983215332,19.811674118041992,257689.0,49.54118347167969,164.8484649658203,66.9965591430664,4.101266860961914,22.834667205810547,29.88754653930664
2017-07-25,35.502925872802734,51.993499755859375,19.911113739013672,259410.0,48.08816146850586,164.13345336914062,67.53363037109375,4.08151912689209,22.639999389648438,29.78852653503418
2017-07-26,35.67026901245117,52.63999938964844,20.12330436706543,259600.0,47.9035530090332,164.46121215820312,67.40618133544922,4.128666877746582,22.92333221435547,29.88754653930664
2017-07-27,34.99618911743164,52.29999923706055,19.64881706237793,259709.0,47.26835250854492,169.25767517089844,66.59605407714844,3.9924089908599854,22.297332763671875,29.85453987121582
2017-07-28,34.74980545043945,51.00199890136719,19.603404998779297,261026.0,47.55717086791992,171.25372314453125,66.48680877685547,4.057823181152344,22.33799934387207,29.59048843383789
2017-07-31,34.57082748413086,49.388999938964844,19.31291961669922,262786.0,46.92048645019531,168.075927734375,66.17731475830078,4.011415481567383,21.564666748046875,29.672996520996094
2017-08-01,34.877655029296875,49.80950164794922,19.448373794555664,264321.0,46.973079681396484,168.68170166015625,66.06808471679688,4.06028938293457,21.30466651916504,29.573974609375
2017-08-02,36.52566146850586,49.794498443603516,19.83751106262207,266730.0,47.026676177978516,168.12557983398438,65.77679443359375,4.057823181152344,21.72599983215332,29.763763427734375
2017-08-03,36.160728454589844,49.34600067138672,19.597139358520508,268370.0,46.66243362426758,167.42051696777344,65.67665100097656,4.1094136238098145,23.139333724975586,29.532724380493164
2017-08-04,36.3513298034668,49.37900161743164,19.509443283081055,270000.0,46.93487548828125,168.443359375,66.15911102294922,4.127432823181152,23.79400062561035,29.730764389038086
2017-08-07,36.913822174072266,49.61349868774414,19.76547622680664,266985.0,46.93288803100586,170.78700256347656,65.90422821044922,4.254308223724365,23.67799949645996,30.357898712158203
2017-08-08,37.20902633666992,49.492000579833984,19.68092155456543,264566.0,46.855472564697266,170.0421905517578,66.25923919677734,4.203707218170166,24.347999572753906,30.28361701965332
2017-08-09,37.43681335449219,49.10049819946289,19.509443283081055,267030.0,46.65151596069336,169.99253845214844,65.96791076660156,4.248383522033691,24.235332489013672,30.0855770111084
2017-08-10,36.244388580322266,47.84600067138672,18.847043991088867,264601.0,45.83320236206055,166.23876953125,65.00306701660156,4.066462516784668,23.69333267211914,29.161401748657227
2017-08-11,36.74843215942383,48.39950180053711,19.117956161499023,263000.0,46.15576171875,166.9140625,65.9952621459961,3.8497347831726074,23.857999801635742,29.8215274810791
2017-08-14,37.301475524902344,49.165000915527344,19.64568519592285,266370.0,46.59443664550781,169.56553649902344,66.98743438720703,4.156805992126465,24.253332138061523,29.74726676940918
2017-08-15,37.70983123779297,49.137001037597656,19.86334800720215,266795.0,46.55226135253906,169.81378173828125,67.00576782226562,4.121754169464111,24.155332565307617,30.052576065063477
2017-08-16,37.558162689208984,48.909000396728516,19.842212677001953,267856.0,46.85944747924805,168.8207550048828,67.39927673339844,4.076581001281738,24.194000244140625,29.986560821533203
2017-08-17,36.83710861206055,48.028499603271484,19.33562469482422,267075.0,46.0351676940918,165.7521514892578,66.25535583496094,3.9857447147369385,23.461332321166992,29.532724380493164
2017-08-18,36.753089904785156,47.923500061035156,19.52510643005371,267377.0,45.961727142333984,166.24868774414062,66.33772277832031,3.986485004425049,23.163999557495117,29.59048843383789
2017-08-21,36.68541717529297,47.66450119018555,19.544681549072266,268540.0,45.698219299316406,166.61611938476562,66.02656555175781,3.9284775257110596,22.52400016784668,29.689498901367188
2017-08-22,37.28513717651367,48.345001220703125,19.980798721313477,270960.0,46.66739273071289,168.46322631835938,66.95087432861328,4.015936374664307,22.75666618347168,30.135101318359375
2017-08-23,37.331817626953125,47.900001525878906,20.11625099182129,270430.0,46.77558135986328,167.53968811035156,66.54821014404297,4.096229553222656,23.51799964904785,30.184602737426758
2017-08-24,37.16612243652344,47.622501373291016,19.969837188720703,268565.0,46.49321365356445,166.576416015625,66.52075958251953,4.0811591148376465,23.528667449951172,30.39089012145996
2017-08-25,37.303810119628906,47.26300048828125,19.229137420654297,269761.0,46.176109313964844,165.166259765625,66.63969421386719,4.047065258026123,23.203332901000977,30.407394409179688
2017-08-28,37.679508209228516,47.30099868774414,19.045921325683594,268035.0,46.05849838256836,166.0798797607422,66.64887237548828,4.075725078582764,23.04400062561035,30.341386795043945
2017-08-29,38.015533447265625,47.702999114990234,18.92691421508789,268090.0,46.43663787841797,166.88426208496094,66.85020446777344,4.069052219390869,23.157333374023438,30.432159423828125
2017-08-30,38.11821746826172,48.37950134277344,19.262805938720703,270420.0,46.82767868041992,168.7412872314453,67.72872924804688,4.093267440795898,23.545333862304688,30.47340965270996
2017-08-31,38.2698860168457,49.029998779296875,19.736509323120117,271450.0,47.403839111328125,170.7770538330078,68.4242172241211,4.186160564422607,23.726667404174805,30.50642204284668
2017-09-01,38.28155517578125,48.912498474121094,19.788185119628906,271062.0,47.24254608154297,170.8267059326172,67.66466522216797,4.211358070373535,23.69333267211914,30.712709426879883
2017-09-05,37.82185363769531,48.26350021362305,19.500051498413086,265744.0,46.72098922729492,169.53575134277344,67.36263275146484,4.098947048187256,23.305999755859375,30.407394409179688
2017-09-06,37.78218078613281,48.38999938964844,19.52589225769043,265420.0,46.74778747558594,170.89620971679688,67.17049407958984,4.096477508544922,22.968666076660156,30.753969192504883
2017-09-07,37.630496978759766,48.9734992980957,19.304304122924805,260500.0,47.13833236694336,172.00845336914062,68.03070068359375,4.1155009269714355,23.374000549316406,30.976776123046875
2017-09-08,37.01678466796875,48.29499816894531,19.11325454711914,263600.0,46.717506408691406,169.76416015625,67.70125579833984,4.044101715087891,22.893333435058594,30.943756103515625
2017-09-11,37.6865119934082,48.89799880981445,19.39748191833496,266870.0,46.81081008911133,172.30636596679688,68.41506958007812,4.175288677215576,24.246000289916992,31.224319458007812
2017-09-12,37.53715515136719,49.12900161743164,19.350500106811523,267911.0,46.9775505065918,171.7602081298828,68.34185028076172,4.190359115600586,24.183332443237305,31.240825653076172
2017-09-13,37.25479507446289,49.97999954223633,19.28003692626953,268450.0,47.16563034057617,171.84957885742188,68.82687377929688,4.209136009216309,24.415332794189453,30.96851348876953
2017-09-14,36.93510055541992,49.61050033569336,19.33562469482422,268322.0,46.65399169921875,169.77407836914062,68.4242172241211,4.185170650482178,25.176000595092773,30.844738006591797
2017-09-15,37.308475494384766,49.339500427246094,19.617496490478516,270200.0,46.41381072998047,170.44937133789062,68.91839599609375,4.449771881103516,25.320667266845703,31.06753921508789
2017-09-18,37.026126861572266,48.70949935913086,19.64029884338379,272480.0,46.138885498046875,168.83065795898438,68.7811279296875,4.63358211517334,25.666667938232422,31.414098739624023
2017-09-19,37.04011535644531,48.49300003051758,19.635583877563477,274850.0,46.49171829223633,171.3232421875,69.03733825683594,4.628641128540039,25.00666618347168,31.603879928588867
2017-09-20,36.41939926147461,48.660499572753906,19.097049713134766,275630.0,47.02171325683594,170.97567749023438,68.57978057861328,4.591334819793701,24.92733383178711,31.207813262939453
2017-09-21,35.794010162353516,48.23249816894531,18.898147583007812,274600.0,47.022212982177734,169.92303466796875,67.91175079345703,4.465829849243164,24.43199920654297,31.554378509521484
2017-09-22,35.44398498535156,47.755001068115234,18.80851936340332,273139.0,46.809322357177734,169.35699462890625,68.09477233886719,4.4223480224609375,23.4060001373291,31.166549682617188
2017-09-25,35.131290435791016,46.989498138427734,18.515275955200195,273660.0,46.36368942260742,161.7401885986328,67.04236602783203,4.224701404571533,22.999332427978516,30.588937759399414
2017-09-26,35.73567581176758,46.93000030517578,18.653640747070312,272800.0,46.52000427246094,163.07089233398438,67.04236602783203,4.248416900634766,23.016666412353516,30.64670181274414
2017-09-27,35.99004364013672,47.54349899291992,18.913867950439453,274940.0,47.63508224487305,166.51683044433594,67.58228302001953,4.341559886932373,22.731332778930664,30.737455368041992
2017-09-28,35.76833724975586,47.81999969482422,19.099407196044922,274770.0,47.878746032714844,167.55955505371094,67.60060119628906,4.340324401855469,22.639999389648438,30.57242774963379
2017-09-29,35.964359283447266,48.067501068115234,19.067955017089844,274740.0,48.320899963378906,169.68467712402344,68.16797637939453,4.416664123535156,22.739999771118164,30.98501205444336
2017-10-02,35.89201736450195,47.95949935913086,18.90522003173828,278010.0,48.010746002197266,168.29443359375,68.27779388427734,4.4223480224609375,22.768667221069336,31.463623046875
2017-10-03,36.04836654663086,47.85499954223633,18.82895851135254,278700.0,48.23951721191406,168.781005859375,67.95750427246094,4.431488990783691,23.209333419799805,31.719409942626953
2017-10-04,35.81501007080078,48.272499084472656,19.0255069732666,278670.0,47.976505279541016,167.25169372558594,68.35102081298828,4.4685468673706055,23.667333602905273,31.579137802124023
2017-10-05,36.260711669921875,49.04249954223633,19.156795501708984,280360.0,48.89010238647461,170.05213928222656,69.52237701416016,4.466075897216797,23.68866729736328,31.73591423034668
2017-10-06,36.239723205566406,49.479000091552734,19.31953239440918,281000.0,49.30942916870117,171.03524780273438,69.54981231689453,4.479170322418213,23.79199981689453,31.73591423034668
2017-10-09,36.36573028564453,49.54949951171875,19.37299346923828,281089.0,49.243431091308594,171.30337524414062,69.81519317626953,4.580216884613037,22.862667083740234,31.991716384887695
2017-10-10,36.37973403930664,49.36000061035156,19.339189529418945,281950.0,49.019622802734375,170.39968872070312,69.81519317626953,4.667677879333496,23.70599937438965,32.156761169433594
2017-10-11,36.531402587890625,49.75,19.68589210510254,281085.0,49.90543746948242,171.54173278808594,69.9342041015625,4.717336654663086,23.639999389648438,33.29547119140625
2017-10-12,36.40306854248047,50.04650115966797,19.555395126342773,279383.0,49.90543746948242,171.35305786132812,70.57479095458984,4.719558238983154,23.711999893188477,33.3697395324707
2017-10-13,36.63407897949219,50.14699935913086,19.494068145751953,280850.0,50.01559829711914,172.53480529785156,70.9133529663086,4.807512283325195,23.704666137695312,33.68330383300781
2017-10-16,37.308475494384766,50.31700134277344,19.392650604248047,281960.0,50.08903884887695,173.30935668945312,71.05977630615234,4.890027046203613,23.373332977294922,33.74107360839844
2017-10-17,37.44615936279297,50.45650100708008,19.074247360229492,281050.0,50.170921325683594,174.88836669921875,71.00486755371094,4.88558292388916,23.71666717529297,34.03813171386719
2017-10-18,37.28047180175781,49.849998474121094,19.182737350463867,281290.0,50.25727081298828,174.8089141845703,71.02318572998047,4.881382465362549,23.976667404174805,34.244422912597656
2017-10-19,36.398399353027344,49.330501556396484,19.205541610717773,280815.0,49.71635818481445,173.34910583496094,71.2977294921875,4.88681697845459,23.45400047302246,33.88959884643555
2017-10-20,36.46139907836914,49.14550018310547,19.20160675048828,283353.0,49.876651763916016,173.76620483398438,72.121337890625,4.864583492279053,23.00666618347168,33.93085861206055
2017-10-23,36.44274139404297,48.314998626708984,19.20396614074707,284198.0,48.907470703125,170.08192443847656,72.1396484375,4.857664585113525,22.468000411987305,34.005126953125
2017-10-24,36.659759521484375,48.79499816894531,19.472055435180664,284570.0,49.053863525390625,170.60824584960938,72.16706848144531,4.908559322357178,22.48933219909668,34.09589385986328
2017-10-25,36.498748779296875,48.64550018310547,19.325824737548828,283035.0,49.20125198364258,169.4165802001953,71.95662689208984,4.7845354080200195,21.722667694091797,33.96385955810547
2017-10-26,36.732093811035156,48.621498107910156,19.16387367248535,282810.0,49.19926071166992,169.44638061523438,72.0755844116211,4.834688186645508,21.744667053222656,33.996883392333984
2017-10-27,38.04820251464844,55.04750061035156,19.88243293762207,281600.0,51.29591751098633,176.6460723876953,76.69697570800781,4.987123012542725,21.391332626342773,34.780784606933594
2017-10-30,38.90460968017578,55.54249954223633,20.53732681274414,281940.0,51.269126892089844,178.62225341796875,76.77020263671875,5.036041259765625,21.338666915893555,34.764286041259766
2017-10-31,39.44597625732422,55.263999938964844,20.74802589416504,280470.0,51.2646598815918,178.81092834472656,76.12045288085938,5.109415054321289,22.101999282836914,34.92930603027344
2017-11-01,38.94427490234375,55.183998107910156,20.384807586669922,280000.0,51.73907470703125,181.39291381835938,76.12045288085938,5.119052410125732,21.405332565307617,34.73952865600586
2017-11-02,39.228965759277344,54.71099853515625,20.401315689086914,283434.0,51.7574348449707,177.67886352539062,76.91659545898438,5.087921619415283,19.950666427612305,34.780784606933594
2017-11-03,40.25338363647461,55.58000183105469,21.51218605041504,280470.0,52.105796813964844,177.67886352539062,76.99897766113281,5.155863285064697,20.4060001373291,34.81378936767578
2017-11-06,40.66175079345703,56.03300094604492,21.818008422851562,280170.0,51.743045806884766,178.920166015625,77.30097198486328,5.1790876388549805,20.185333251953125,35.01183319091797
2017-11-07,40.792442321777344,56.15850067138672,21.330577850341797,279361.0,52.22489929199219,178.9996337890625,77.11793518066406,5.238381385803223,20.40333366394043,35.07783889770508
2017-11-08,41.126129150390625,56.64400100708008,21.415483474731445,276676.0,52.51769256591797,178.3144073486328,77.38335418701172,5.167475700378418,20.292667388916016,35.01183319091797
2017-11-09,41.0421257019043,56.45650100708008,20.884029388427734,276556.0,51.99315643310547,178.0562286376953,76.95320129394531,5.072605609893799,20.19933319091797,34.35993957519531
2017-11-10,40.90629196166992,56.26750183105469,20.83056640625,275660.0,51.81599044799805,177.2220458984375,76.75189971923828,5.339921951293945,20.19933319091797,34.42595672607422
2017-11-13,40.74236297607422,56.458499908447266,20.834501266479492,276347.0,51.66959762573242,177.5299072265625,76.8067855834961,5.253203868865967,21.02666664123535,34.66524887084961
2017-11-14,40.12643051147461,56.84199905395508,20.696918487548828,274810.0,51.691436767578125,176.83477783203125,76.91659545898438,5.291499137878418,20.579999923706055,34.5414924621582
2017-11-15,39.5971565246582,56.33449935913086,20.880887985229492,272730.0,51.4318962097168,176.715576171875,76.31879425048828,5.187734603881836,20.753332138061523,34.27742385864258
2017-11-16,40.070228576660156,56.864498138427734,21.392688751220703,272700.0,52.030372619628906,178.34422302246094,76.5211410522461,5.228005409240723,20.833332061767578,34.73952865600586
2017-11-17,39.847740173339844,56.49399948120117,21.37303352355957,271410.0,51.406089782714844,177.75828552246094,75.78536224365234,5.221829414367676,21.003332138061523,34.71476745605469
2017-11-20,39.80794143676758,56.31549835205078,21.610462188720703,272005.0,51.34504699707031,177.5000762939453,75.90491485595703,5.289028167724609,20.582666397094727,34.83029556274414
2017-11-21,40.5479850769043,56.9744987487793,21.744897842407227,275000.0,52.12118911743164,180.5984649658203,76.99937438964844,5.337698459625244,21.187332153320312,35.13561248779297
2017-11-22,40.974212646484375,57.80799865722656,21.648977279663086,275000.0,52.201576232910156,179.61534118652344,76.4383544921875,5.313717365264893,20.84000015258789,34.995330810546875
2017-11-24,40.976531982421875,59.29999923706055,22.200092315673828,274417.0,52.42985534667969,181.51206970214844,76.57630920410156,5.36390495300293,21.036666870117188,35.473915100097656
2017-11-27,40.770450592041016,59.791500091552734,22.37619400024414,276230.0,53.198543548583984,181.76036071777344,77.13736724853516,5.294187068939209,21.12066650390625,33.906097412109375
2017-11-28,40.53158187866211,59.68000030517578,21.808568954467773,280440.0,52.76581573486328,181.15455627441406,78.06625366210938,5.209387302398682,21.170000076293945,33.77407455444336
2017-11-29,39.69084167480469,58.063499450683594,21.3447265625,284900.0,51.48003387451172,173.91514587402344,76.64993286132812,4.856093883514404,20.502666473388672,32.51982498168945
2017-11-30,40.24586868286133,58.837501525878906,21.851032257080078,291500.0,51.419986724853516,175.95091247558594,77.41325378417969,4.962156295776367,20.59000015258789,32.67659378051758
2017-12-01,40.05852127075195,58.11750030517578,21.34945297241211,291000.0,50.869144439697266,173.8853759765625,77.49604797363281,4.887245178222656,20.435333251953125,32.759124755859375
2017-12-04,39.76578140258789,56.6974983215332,20.72443389892578,295490.0,50.21409606933594,170.2805633544922,74.57132720947266,4.614798069000244,20.34666633605957,32.503326416015625
2017-12-05,39.728302001953125,57.07849884033203,20.57034683227539,294105.0,50.59769821166992,171.631103515625,75.04036712646484,4.641500949859619,20.246667861938477,32.3465461730957
2017-12-06,39.58076477050781,57.61750030517578,20.746437072753906,294146.0,51.248779296875,174.83868408203125,76.1348648071289,4.679078578948975,20.884000778198242,31.917448043823242
2017-12-07,39.65337371826172,57.989498138427734,20.746437072753906,294100.0,51.83683395385742,178.89039611816406,75.86813354492188,4.746570110321045,20.749332427978516,32.189754486083984
2017-12-08,39.66508102416992,58.099998474121094,20.433547973632812,294385.0,52.07553482055664,177.75828552246094,77.4040756225586,4.7342095375061035,21.0086669921875,32.18150329589844
2017-12-11,40.437904357910156,58.44599914550781,20.43669319152832,295480.0,52.204063415527344,177.7980194091797,78.38816833496094,4.8125834465026855,21.92733383178711,32.486812591552734
2017-12-12,40.21073913574219,58.25400161743164,20.338420867919922,298630.0,52.045257568359375,175.73248291015625,78.7100830078125,4.718140125274658,22.735332489013672,32.42905807495117
2017-12-13,40.34423828125,58.20650100708008,20.600215911865234,296180.0,52.17527389526367,177.06317138671875,78.49858093261719,4.602930545806885,22.601999282836914,32.420806884765625
2017-12-14,40.33251953125,58.7130012512207,20.38874053955078,295815.0,52.47700119018555,177.1525421142578,77.89153289794922,4.610101222991943,22.525999069213867,32.5115852355957
2017-12-15,40.74236297607422,58.957000732421875,20.891103744506836,296280.0,53.19805145263672,178.9300994873047,79.87812042236328,4.735941410064697,22.89666748046875,32.594093322753906
2017-12-18,41.316123962402344,59.52899932861328,20.923553466796875,299360.0,53.84764862060547,179.565673828125,79.44583892822266,4.892685413360596,22.591333389282227,32.5115852355957
2017-12-19,40.87584686279297,59.36899948120117,20.868947982788086,296992.0,53.58413314819336,178.2647705078125,78.94002532958984,4.8484296798706055,22.073333740234375,32.462059020996094
2017-12-20,40.83135986328125,58.88100051879883,21.022476196289062,296500.0,53.27547073364258,176.65599060058594,78.65487670898438,4.8654890060424805,21.93199920654297,32.54457473754883
2017-12-21,40.98591232299805,58.737998962402344,20.697216033935547,298200.0,53.14098358154297,176.2190399169922,78.63650512695312,4.842990398406982,22.110666275024414,32.37129592895508
2017-12-22,40.98591232299805,58.417999267578125,20.76210594177246,296400.0,53.0422248840332,175.9707794189453,78.64569854736328,4.827662467956543,21.68000030517578,32.70137023925781
2017-12-26,39.94611358642578,58.8380012512207,20.425765991210938,296370.0,52.892852783203125,174.76918029785156,78.54454803466797,4.881311893463135,21.152666091918945,32.1402473449707
2017-12-27,39.95314025878906,59.112998962402344,20.50649070739746,298120.0,52.61247253417969,176.38787841796875,78.82963562011719,4.874637603759766,20.775999069213867,32.24752426147461
2017-12-28,40.0655517578125,59.30500030517578,20.6093692779541,299210.0,52.40156936645508,176.685791015625,78.83885192871094,4.880324840545654,21.02400016784668,32.79212951660156
2017-12-29,39.632286071777344,58.4734992980957,20.330799102783203,297600.0,52.27501678466797,175.23594665527344,78.67330169677734,4.7839035987854,20.75666618347168,32.71786880493164
2018-01-02,40.341888427734375,59.45050048828125,21.130897521972656,295755.0,53.258094787597656,180.16148376464844,79.05037689208984,4.928534030914307,21.368667602539062,33.84833908081055
2018-01-03,40.33485794067383,60.209999084472656,21.361976623535156,299905.0,54.16672897338867,183.3889617919922,79.41827392578125,5.252899646759033,21.149999618530273,34.41770553588867
2018-01-04,40.522212982177734,60.47949981689453,21.369102478027344,300516.0,54.37713623046875,183.05133056640625,80.11726379394531,5.2805867195129395,20.974666595458984,34.236183166503906
2018-01-05,40.98358917236328,61.457000732421875,21.4957332611084,301525.0,55.09819030761719,185.55384826660156,81.11056518554688,5.3253374099731445,21.10533332824707,35.03658676147461
2018-01-08,40.83135986328125,62.34349822998047,21.547164916992188,304180.0,55.292724609375,186.97393798828125,81.19335174560547,5.488509654998779,22.42733383178711,35.02008056640625
2018-01-09,40.826663970947266,62.6349983215332,21.24881362915039,304500.0,55.22225570678711,186.56674194335938,81.13817596435547,5.487026214599609,22.246000289916992,34.805538177490234
2018-01-10,40.817298889160156,62.71649932861328,20.800094604492188,308350.0,55.090755462646484,186.53700256347656,80.77025604248047,5.530044078826904,22.31999969482422,34.07939529418945
2018-01-11,41.04914855957031,63.83399963378906,20.853118896484375,309950.0,55.1855354309082,186.46746826171875,81.0093765258789,5.539932727813721,22.530000686645508,33.856597900390625
2018-01-12,41.4730224609375,65.26000213623047,20.915639877319336,315225.0,56.108558654785156,178.12574768066406,82.4073715209961,5.51273775100708,22.4146671295166,33.988616943359375
2018-01-16,41.26227569580078,65.24299621582031,20.833330154418945,315261.0,56.11103820800781,177.1525421142578,81.25772094726562,5.441782474517822,22.67066764831543,34.8467903137207
2018-01-17,41.94377136230469,64.75,21.035926818847656,321469.0,56.527896881103516,176.36802673339844,82.90403747558594,5.555756092071533,23.143999099731445,35.589447021484375
2018-01-18,41.981224060058594,64.66600036621094,21.35169219970703,320000.0,56.37256622314453,178.5527801513672,82.86724090576172,5.548834323883057,22.971332550048828,36.777679443359375
2018-01-19,41.79387664794922,64.72899627685547,21.081829071044922,320238.0,56.746238708496094,180.03240966796875,82.7752456665039,5.689013481140137,23.334667205810547,36.860198974609375
2018-01-22,41.45196533203125,66.3655014038086,20.743118286132812,324064.0,57.77149200439453,184.08412170410156,84.25601196289062,5.777521133422852,23.437332153320312,38.271236419677734
2018-01-23,41.46132278442383,68.12699890136719,20.805631637573242,322885.0,58.36749267578125,188.0364990234375,84.52274322509766,5.906575679779053,23.519332885742188,38.188720703125
2018-01-24,40.800907135009766,67.87550354003906,20.327640533447266,323480.0,58.12532043457031,185.2559356689453,84.44918060302734,5.829687118530273,23.05933380126953,37.40481185913086
2018-01-25,40.07255935668945,68.89749908447266,19.570274353027344,322850.0,58.663753509521484,186.17947387695312,84.91822814941406,5.843285083770752,22.50933265686035,37.21502685546875
2018-01-26,40.16625213623047,70.10250091552734,19.84726333618164,325915.0,58.93272399902344,188.68199157714844,86.50936126708984,6.015851020812988,22.856666564941406,37.72662353515625
2018-01-29,39.33486557006836,70.88400268554688,19.426240921020508,323500.0,58.87912368774414,184.6898956298828,86.38057708740234,6.10287618637085,23.302000045776367,37.46257019042969
2018-01-30,39.10301971435547,71.89099884033203,19.070903778076172,323000.0,58.427040100097656,185.82196044921875,85.29531860351562,6.000770092010498,23.05466651916504,37.03348159790039
2018-01-31,39.21074676513672,72.54450225830078,19.62883758544922,323375.0,58.667724609375,185.59356689453125,87.38310241699219,6.076918125152588,23.62066650390625,37.38831329345703
2018-02-01,39.292701721191406,69.5,18.897592544555664,325900.0,58.63645935058594,191.75054931640625,86.69332122802734,5.94588565826416,23.28333282470703,37.50383377075195
2018-02-02,37.5877799987793,71.49749755859375,18.635648727416992,314340.0,55.54035186767578,188.96005249023438,84.4123764038086,5.773318290710449,22.916667938232422,36.728172302246094
2018-02-05,36.648685455322266,69.5,18.051603317260742,295600.0,52.72114944458008,180.0026092529297,80.93583679199219,5.283308506011963,22.208667755126953,35.44093322753906
2018-02-06,38.180301666259766,72.14199829101562,19.023420333862305,303000.0,53.814884185791016,184.02452087402344,83.99850463867188,5.577016830444336,22.264667510986328,35.969017028808594
2018-02-07,37.362972259521484,70.83899688720703,18.786014556884766,301000.0,52.37477111816406,178.9300994873047,82.41656494140625,5.6566243171691895,23.0,34.557987213134766
2018-02-08,36.334869384765625,67.5250015258789,18.16793441772461,288000.0,50.007659912109375,170.3897705078125,78.18585205078125,5.377750873565674,21.01533317565918,33.30373764038086
2018-02-09,36.7792854309082,66.9800033569336,18.63722801208496,294140.0,51.921199798583984,174.88836669921875,81.10137176513672,5.737718105316162,20.69466781616211,34.21968078613281
2018-02-12,38.26072311401367,69.3115005493164,19.341569900512695,298940.0,52.33259201049805,175.18626403808594,81.9751205444336,5.637588977813721,21.048667907714844,35.09434509277344
2018-02-13,38.644004821777344,70.72550201416016,19.457103729248047,297500.0,52.31174850463867,171.94888305664062,82.6189193725586,5.751315116882324,21.577333450317383,34.9705696105957
2018-02-14,39.35649871826172,72.55249786376953,19.59956169128418,301005.0,53.2327880859375,178.27468872070312,83.9125747680664,5.968630313873291,21.487333297729492,35.5234260559082
2018-02-15,40.67802429199219,73.08799743652344,19.929567337036133,305999.0,54.15878677368164,178.71165466308594,85.62206268310547,6.094222545623779,22.271333694458008,35.91126251220703
2018-02-16,40.54634475708008,72.43450164794922,19.696895599365234,306000.0,54.364234924316406,176.1296844482422,85.01222229003906,6.028459548950195,22.365999221801758,35.878257751464844
2018-02-20,40.409950256347656,73.4175033569336,19.754669189453125,304904.0,54.76570510864258,174.78904724121094,85.67752075195312,6.158010959625244,22.31800079345703,36.09280014038086
2018-02-21,40.226558685302734,74.14600372314453,19.67552947998047,301530.0,55.2698974609375,176.67587280273438,84.5409164428711,5.970855236053467,22.219999313354492,35.39140319824219
2018-02-22,40.562808990478516,74.26699829101562,19.733304977416992,301404.0,55.07883834838867,177.7483673095703,84.7627182006836,5.9903998374938965,23.077999114990234,34.97881317138672
2018-02-23,41.26824188232422,75.0,20.07834243774414,304020.0,55.98151779174805,182.01853942871094,86.91572570800781,6.0839104652404785,23.469999313354492,36.224822998046875
2018-02-26,42.08418655395508,76.09750366210938,20.018205642700195,316126.0,56.756168365478516,183.6471710205078,88.17243957519531,6.099990367889404,23.827999114990234,36.64565658569336
2018-02-27,41.947818756103516,75.5989990234375,19.927982330322266,314345.0,55.456485748291016,180.2012481689453,87.04508209228516,6.087125778198242,23.39933204650879,35.993778228759766
2018-02-28,41.88431930541992,75.62249755859375,19.504592895507812,310250.0,54.782073974609375,177.0830535888672,86.64777374267578,5.986688613891602,22.87066650390625,35.77097702026367
2018-03-01,41.15066909790039,74.67250061035156,19.255298614501953,302946.0,53.16876983642578,174.71957397460938,85.79761505126953,5.744499683380127,22.062000274658203,35.25112533569336
2018-03-02,41.435218811035156,75.01249694824219,19.853591918945312,303100.0,53.80050277709961,175.39480590820312,85.98243713378906,5.851616859436035,22.341333389282227,35.490421295166016
2018-03-05,41.578636169433594,76.18049621582031,19.545740127563477,304500.0,54.32750701904297,179.14857482910156,86.52760314941406,5.829599380493164,22.22333335876465,35.88650894165039
2018-03-06,41.54336166381836,76.88200378417969,19.860713958740234,307005.0,54.63220977783203,178.53289794921875,86.23193359375,5.990645885467529,21.8799991607666,35.927764892578125
2018-03-07,41.157711029052734,77.25,19.551279067993164,306756.0,55.33391189575195,182.43563842773438,86.73092651367188,5.982729434967041,22.15333366394043,36.47237014770508
2018-03-08,41.60685729980469,77.59300231933594,19.543367385864258,307700.0,56.045536041259766,181.07513427734375,87.25762939453125,5.966402530670166,21.940000534057617,36.142311096191406
2018-03-09,42.32169723510742,78.94450378417969,20.083887100219727,319600.0,57.60673904418945,183.945068359375,89.20736694335938,6.069066524505615,21.81133270263672,36.794185638427734
2018-03-12,42.730857849121094,79.91950225830078,20.80088996887207,317746.0,57.859336853027344,183.47833251953125,89.41986846923828,6.178658485412598,23.034000396728516,37.31404113769531
2018-03-13,42.3193473815918,79.40899658203125,20.672679901123047,314039.0,56.56808853149414,180.6183319091797,87.2391357421875,6.127943992614746,22.78933334350586,37.12425994873047
2018-03-14,41.959564208984375,79.55000305175781,20.622817993164062,310655.0,57.01372146606445,182.9123077392578,86.72166442871094,6.153425693511963,21.775333404541016,37.256282806396484
2018-03-15,42.008949279785156,79.11599731445312,21.190248489379883,311601.0,57.09907150268555,182.58457946777344,87.026611328125,6.168266773223877,21.706666946411133,37.38831329345703
2018-03-16,41.860809326171875,78.58399963378906,20.17014503479004,310630.0,56.29564666748047,183.8060302734375,87.41472625732422,6.196470260620117,21.42333221435547,37.10774612426758
2018-03-19,41.22120666503906,77.24649810791016,19.385087966918945,305980.0,54.591026306152344,171.36297607421875,85.83457946777344,5.961949348449707,20.90399932861328,36.80244064331055
2018-03-20,41.20710372924805,79.32550048828125,19.180116653442383,307100.0,54.37913131713867,166.98355102539062,86.05636596679688,6.1742048263549805,20.703332901000977,36.99223709106445
2018-03-21,40.27357482910156,79.09300231933594,19.753450393676758,307600.0,54.28980255126953,168.2149658203125,85.45573425292969,6.148972034454346,21.101999282836914,36.88495635986328
2018-03-22,39.70452117919922,77.24600219726562,19.558330535888672,296949.0,52.26261901855469,163.74618530273438,82.97006225585938,5.982976913452148,20.606666564941406,36.05154800415039
2018-03-23,38.785091400146484,74.77799987792969,19.470796585083008,288755.0,50.942588806152344,158.28433227539062,80.55828857421875,5.763300895690918,20.1026668548584,35.13561248779297
2018-03-26,40.62628936767578,77.79299926757812,19.892362594604492,299500.0,52.309261322021484,158.94969177246094,86.65699005126953,6.048038482666016,20.278667449951172,36.530128479003906
2018-03-27,39.584590911865234,74.85250091552734,19.6225643157959,294650.0,49.96944808959961,151.16404724121094,82.67436981201172,5.578999996185303,18.61199951171875,35.721466064453125
2018-03-28,39.147220611572266,71.57099914550781,19.005067825317383,295041.0,49.88210678100586,151.9684600830078,82.60042572021484,5.475841045379639,17.185333251953125,35.22637176513672
2018-03-29,39.452919006347656,72.36699676513672,18.92236328125,299100.0,51.468116760253906,158.68153381347656,84.3376235961914,5.729160785675049,17.742000579833984,36.10930252075195
2018-04-02,39.194252014160156,68.59950256347656,18.282381057739258,293410.0,50.251808166503906,154.31207275390625,81.7965087890625,5.468418121337891,16.832000732421875,35.0695915222168
2018-04-03,39.59634017944336,69.60250091552734,19.01310157775879,296850.0,50.552040100097656,155.027099609375,82.89614868164062,5.574793815612793,17.8353328704834,35.878257751464844
2018-04-04,40.35352325439453,70.52850341796875,19.02996063232422,299850.0,51.09941101074219,154.0240936279297,85.31713104248047,5.596810817718506,19.12933349609375,36.25782775878906
2018-04-05,40.63335037231445,72.5875015258789,18.97535514831543,301750.0,51.244808197021484,158.23468017578125,85.36331939697266,5.47658109664917,20.381332397460938,35.74623107910156
2018-04-06,39.59400177001953,70.2614974975586,18.377933502197266,294000.0,50.11881637573242,156.10951232910156,83.37664794921875,5.300197601318359,19.953332901000977,35.00357437133789
2018-04-09,39.9866943359375,70.30400085449219,18.84929084777832,292671.0,50.62201690673828,156.83447265625,83.8756103515625,5.328893184661865,19.310667037963867,35.539947509765625
2018-04-10,40.73916244506836,71.81099700927734,19.251585006713867,296556.0,51.436363220214844,163.89512634277344,85.82532501220703,5.638124465942383,20.31333351135254,35.96076583862305
2018-04-11,40.548702239990234,71.35250091552734,19.2973575592041,293249.0,50.868648529052734,165.166259765625,84.88282775878906,5.596810817718506,20.062000274658203,35.795738220214844
2018-04-12,40.948448181152344,72.42500305175781,19.22589111328125,297021.0,51.475563049316406,162.73326110839844,86.4721908569336,5.803622245788574,19.60533332824707,36.18356704711914
2018-04-13,41.08717727661133,71.53949737548828,19.828933715820312,295891.0,51.413536071777344,163.37875366210938,86.01016235351562,5.726934909820557,20.022666931152344,35.1933708190918
2018-04-16,41.34348678588867,72.07499694824219,20.02406120300293,297181.0,51.91276550292969,163.6865997314453,87.01737213134766,5.726688385009766,19.413999557495117,35.374908447265625
2018-04-17,41.91255187988281,75.19149780273438,20.214365005493164,298701.0,53.56328582763672,167.49000549316406,88.77306365966797,5.876354694366455,19.179332733154297,34.912811279296875
2018-04-18,41.818477630615234,76.39199829101562,20.041725158691406,299205.0,53.36627960205078,165.2059783935547,89.1149673461914,5.847411155700684,19.55666732788086,34.59098434448242
2018-04-19,40.63335037231445,77.84549713134766,19.501314163208008,300300.0,54.06400680541992,166.9339141845703,88.81002044677734,5.666078090667725,20.005332946777344,32.618839263916016
2018-04-20,38.968509674072266,76.37449645996094,19.040401458740234,300140.0,53.462059020996094,165.12652587890625,87.7843246459961,5.6579155921936035,19.349332809448242,32.1402473449707
2018-04-23,38.85563659667969,75.89299774169922,18.745704650878906,298821.0,53.28786849975586,164.68959045410156,88.10772705078125,5.538430690765381,18.891332626342773,31.975217819213867
2018-04-24,38.31480407714844,73.00450134277344,18.339399337768555,295734.0,50.748558044433594,158.58224487304688,86.04712677001953,5.472129821777344,18.8973331451416,31.975217819213867
2018-04-25,38.48174285888672,73.00849914550781,18.38838005065918,295279.0,50.76593017578125,158.58224487304688,85.29865264892578,5.3598175048828125,18.71266746520996,31.496620178222656
2018-04-26,38.615787506103516,75.89800262451172,18.502397537231445,295769.0,51.77430725097656,172.95188903808594,87.1005630493164,5.571578502655029,19.031999588012695,31.496620178222656
2018-04-27,38.16901397705078,78.63099670410156,18.69190788269043,295995.0,51.185752868652344,172.38580322265625,88.54206085205078,5.599039554595947,19.60533332824707,31.496620178222656
2018-04-30,38.860347747802734,78.30650329589844,18.422103881835938,290650.0,50.54708480834961,170.80686950683594,86.41673278808594,5.563661575317383,19.593332290649414,31.7276668548584
2018-05-01,39.763309478759766,79.11299896240234,18.499187469482422,292730.0,51.64726257324219,172.6539764404297,87.7843246459961,5.619075775146484,19.994667053222656,32.123748779296875
2018-05-02,41.51984786987305,78.48400115966797,18.36750030517578,290450.0,50.91777801513672,174.84864807128906,86.40750885009766,5.598543167114258,20.07666778564453,31.15005874633789
2018-05-03,41.5950927734375,78.60399627685547,18.087255477905273,287051.0,50.93018341064453,172.8128662109375,86.92494201660156,5.763795852661133,18.963333129882812,31.43885040283203
2018-05-04,43.22700881958008,79.04750061035156,18.510433197021484,292600.0,52.155921936035156,175.38487243652344,87.93218994140625,5.913957118988037,19.606000900268555,31.843191146850586
2018-05-07,43.53976058959961,80.00700378417969,18.94805908203125,295600.0,52.57575225830078,176.73544311523438,88.91167449951172,6.151941299438477,20.184667587280273,31.7276668548584
2018-05-08,43.749046325683594,79.61949920654297,19.1793212890625,295700.0,52.53257369995117,177.67886352539062,88.53279876708984,6.194490432739258,20.131332397460938,32.330047607421875
2018-05-09,44.05708694458008,80.4000015258789,19.115081787109375,299991.0,54.0391960144043,181.39291381835938,89.57698822021484,6.327582359313965,20.456666946411133,32.47032165527344
2018-05-10,44.68727493286133,80.4540023803711,19.553508758544922,301630.0,54.85900115966797,184.2429962158203,90.4732894897461,6.435194492340088,20.334667205810547,32.81688690185547
2018-05-11,44.51730728149414,80.14550018310547,19.54306411743164,298770.0,54.75528335571289,185.69285583496094,90.27926635742188,6.296659469604492,20.070667266845703,32.932403564453125
2018-05-14,44.4134521484375,80.0770034790039,19.65388298034668,298200.0,54.91508102416992,185.34532165527344,90.58419036865234,6.317192554473877,19.46466636657715,32.965415954589844
2018-05-15,44.00980758666992,78.80599975585938,19.398534774780273,296200.0,53.836727142333984,183.0414276123047,89.9281234741211,6.074756145477295,18.94533348083496,32.42905807495117
2018-05-16,44.4205436706543,79.36399841308594,19.312610626220703,296300.0,53.79801940917969,181.9291534423828,90.16012573242188,6.085888862609863,19.09866714477539,32.83338928222656
2018-05-17,44.13963317871094,79.08799743652344,19.22749900817871,296440.0,53.65757369995117,182.48526000976562,89.25993347167969,6.127943992614746,18.96933364868164,32.14849853515625
2018-05-18,43.97911834716797,78.71849822998047,18.949663162231445,294380.0,53.0809326171875,181.4127655029297,89.42697143554688,6.084156513214111,18.454666137695312,31.702913284301758
2018-05-21,44.290706634521484,79.27300262451172,19.19537925720215,296620.0,53.79405212402344,183.21023559570312,90.57772827148438,6.0421013832092285,18.965999603271484,32.569339752197266
2018-05-22,44.17976379394531,79.06999969482422,19.150409698486328,296991.0,53.3623046875,182.52500915527344,90.48493194580078,6.004004001617432,18.333999633789062,32.70961380004883
2018-05-23,44.46303176879883,80.09300231933594,19.31662940979004,294400.0,53.89081954956055,185.60350036621094,91.56147003173828,6.127524375915527,18.60466766357422,32.71786880493164
2018-05-24,44.4134521484375,80.15350341796875,19.55511474609375,291850.0,53.86550521850586,184.64022827148438,91.2366714477539,6.13123893737793,18.523332595825195,32.404300689697266
2018-05-25,44.514949798583984,80.50749969482422,20.077054977416992,290886.0,53.79751968383789,183.63723754882812,91.28306579589844,6.170597076416016,18.59000015258789,32.42905807495117
2018-05-29,44.35444641113281,80.64350128173828,20.04975700378418,286000.0,53.00302505493164,184.45155334472656,90.95826721191406,6.153518199920654,18.917333602905273,31.488370895385742
2018-05-30,44.2600212097168,81.24449920654297,20.026470184326172,292000.0,53.469505310058594,186.36814880371094,91.83058166503906,6.2624335289001465,19.447999954223633,31.636892318725586
2018-05-31,44.11130905151367,81.48100280761719,20.240861892700195,287200.0,54.58755111694336,190.44964599609375,91.72855377197266,6.242629051208496,18.98200035095215,31.933958053588867
2018-06-01,44.90681838989258,82.0770034790039,20.583742141723633,289200.0,56.32442855834961,192.64431762695312,93.53822326660156,6.377042770385742,19.454666137695312,32.3465461730957
2018-06-04,45.282135009765625,83.26349639892578,20.746749877929688,288000.0,57.21966552734375,191.93922424316406,94.35492706298828,6.556013107299805,19.78266716003418,32.9819221496582
2018-06-05,45.63148498535156,84.81749725341797,20.818214416503906,286700.0,57.11941909790039,191.6016082763672,94.83749389648438,6.561458110809326,19.408666610717773,32.627105712890625
2018-06-06,45.789649963378906,84.7874984741211,21.160280227661133,290722.0,56.917449951171875,190.01272583007812,95.11589050292969,6.563436985015869,21.299999237060547,32.64360427856445
2018-06-07,45.666900634765625,84.46499633789062,21.25343132019043,292900.0,56.29564666748047,186.8746337890625,93.62176513671875,6.507742404937744,21.07266616821289,32.610599517822266
2018-06-08,45.25143051147461,84.19950103759766,20.714630126953125,294055.0,56.210784912109375,187.7882537841797,94.31777954101562,6.49239444732666,21.17733383178711,32.123748779296875
2018-06-11,45.1405029296875,84.45600128173828,20.944276809692383,292770.0,56.61721420288086,190.21131896972656,93.77952575683594,6.4513044357299805,22.139999389648438,31.983470916748047
2018-06-12,45.38834762573242,84.9375,20.992460250854492,293005.0,56.978981018066406,191.06533813476562,94.02080535888672,6.499820709228516,22.851333618164062,32.3465461730957
2018-06-13,45.01538848876953,85.24299621582031,21.165098190307617,292769.0,56.782466888427734,191.0752716064453,93.5938949584961,6.495364665985107,22.985332489013672,32.22275924682617
2018-06-14,45.03899383544922,86.19300079345703,21.556957244873047,289670.0,57.57051467895508,195.44476318359375,94.1229019165039,6.607004165649414,23.847999572753906,31.8514347076416
2018-06-15,44.576332092285156,85.79850006103516,21.69908332824707,287626.0,57.528831481933594,194.4914093017578,92.92572784423828,6.566160678863525,23.878000259399414,31.925701141357422
2018-06-18,44.55272674560547,86.18949890136719,21.238971710205078,287600.0,58.73521423339844,196.93434143066406,93.60319519042969,6.561951160430908,24.722000122070312,31.562631607055664
2018-06-19,43.832763671875,86.73899841308594,21.234899520874023,286700.0,58.4925422668457,196.12005615234375,93.60319519042969,6.440165042877197,23.503332138061523,30.993267059326172
2018-06-20,44.02396011352539,87.50399780273438,21.256877899169922,285000.0,58.759521484375,200.5987548828125,94.54052734375,6.493138790130615,24.148000717163086,31.645139694213867
2018-06-21,43.778480529785156,86.51100158691406,21.129114151000977,285000.0,58.03351974487305,200.1022186279297,93.86304473876953,6.36441707611084,23.167333602905273,31.042774200439453
2018-06-22,43.6509895324707,85.78350067138672,21.134000778198242,286541.0,58.02606964111328,200.340576171875,93.18555450439453,6.211935520172119,22.242000579833984,31.455360412597656
2018-06-25,43.00185775756836,83.15750122070312,20.540769577026367,284640.0,56.53682327270508,194.9879608154297,91.31090545654297,5.919098854064941,22.200666427612305,31.22869110107422
2018-06-26,43.53533935546875,84.55449676513672,20.46916389465332,284500.0,56.20631790161133,197.6195526123047,91.9512710571289,5.990142822265625,22.799999237060547,31.1859188079834
2018-06-27,43.47160339355469,83.02549743652344,20.108673095703125,281600.0,55.42820739746094,194.4814910888672,90.52204132080078,5.834936618804932,22.96666717529297,30.37334442138672
2018-06-28,43.787906646728516,85.07250213623047,19.928831100463867,284920.0,55.91651153564453,194.8687744140625,91.53363037109375,5.962172031402588,23.32866668701172,30.74114990234375
2018-06-29,43.69585418701172,84.98999786376953,19.744924545288086,282040.0,56.03610610961914,192.97203063964844,91.51507568359375,5.864146709442139,22.863332748413086,31.27146339416504
2018-07-02,44.18448257446289,85.68900299072266,19.69691276550293,283800.0,56.67726135253906,195.9909210205078,92.81434631347656,5.996330738067627,22.33799934387207,31.25435447692871
2018-07-03,43.414947509765625,84.697998046875,19.472320556640625,282000.0,55.39544677734375,191.39305114746094,91.92342376708984,5.862661838531494,20.724000930786133,31.12605094909668
2018-07-05,43.76430892944336,84.98650360107422,19.969528198242188,283635.0,56.636566162109375,197.07337951660156,92.58230590820312,6.0084614753723145,20.610666275024414,31.297119140625
2018-07-06,44.37096405029297,85.53150177001953,20.15505599975586,283700.0,57.320899963378906,201.82022094726562,93.88162231445312,6.122326374053955,20.593332290649414,31.87875747680664
2018-07-09,44.9870719909668,86.95099639892578,20.134714126586914,286720.0,57.92632293701172,203.31976318359375,94.52196502685547,6.169854640960693,21.233999252319336,32.357749938964844
2018-07-10,44.93277359008789,87.15350341796875,20.389415740966797,286385.0,57.919376373291016,202.12806701660156,94.7725601196289,6.2688703536987305,21.49799919128418,32.44328308105469
2018-07-11,44.3497200012207,87.75,19.810022354125977,288481.0,58.13376235961914,201.13499450683594,94.64260864257812,6.1272783279418945,21.263999938964844,31.62215805053711
2018-07-12,45.093292236328125,89.83100128173828,17.087203979492188,288000.0,59.612579345703125,205.484619140625,96.693603515625,6.218865871429443,21.11400032043457,31.912975311279297
2018-07-13,45.164119720458984,90.65149688720703,16.47525978088379,290000.0,59.7693977355957,205.88185119628906,97.8443832397461,6.171586513519287,21.257999420166016,32.306427001953125
2018-07-16,45.06496810913086,91.12449645996094,16.53955078125,289000.0,59.376869201660156,205.79246520996094,97.36180877685547,6.143862724304199,20.67333221435547,32.32353591918945
2018-07-17,45.19241714477539,92.19650268554688,16.951305389404297,288500.0,60.199153900146484,208.53335571289062,98.32698822021484,6.279760360717773,21.512666702270508,32.537376403808594
2018-07-18,44.944576263427734,92.14600372314453,16.989551544189453,303210.0,60.19071578979492,207.90768432617188,97.55670928955078,6.230501651763916,21.59000015258789,32.853851318359375
2018-07-19,45.2939338684082,90.64849853515625,17.118942260742188,299000.0,59.50539779663086,206.64649963378906,96.88850402832031,6.238669395446777,21.34866714477539,34.05133819580078
2018-07-20,45.19007110595703,90.68499755859375,17.11568260192871,299380.0,59.444854736328125,208.4836883544922,98.62396240234375,6.210451126098633,20.905332565307617,34.8382453918457
2018-07-23,45.230194091796875,90.0999984741211,17.63567352294922,300230.0,60.09592819213867,209.44696044921875,100.20164489746094,6.1738152503967285,20.213333129882812,34.84680938720703
2018-07-24,45.558311462402344,91.46199798583984,17.686128616333008,300400.0,62.435752868652344,213.1808624267578,99.91395568847656,6.156487464904785,19.82866668701172,34.54743957519531
2018-07-25,45.98794174194336,93.18049621582031,18.388397216796875,299816.0,63.31858444213867,215.9912567138672,102.85586547851562,6.234709739685059,20.582666397094727,34.9751091003418
2018-07-26,45.843936920166016,90.4000015258789,18.161359786987305,300501.0,63.79299545288086,175.03732299804688,101.7329330444336,6.3082275390625,20.44333267211914,34.91522979736328
2018-07-27,45.08146667480469,90.8635025024414,17.988025665283203,302000.0,62.17472457885742,173.6768035888672,99.93251037597656,6.238422393798828,19.812000274658203,35.4541015625
2018-07-30,44.82891845703125,88.96099853515625,18.324922561645508,303432.0,61.04079055786133,169.8733673095703,97.78870391845703,6.043115139007568,19.344667434692383,35.146175384521484
2018-07-31,44.91860580444336,88.87200164794922,18.046619415283203,301550.0,60.900848388671875,171.38284301757812,98.4476318359375,6.06118631362915,19.875999450683594,35.24882507324219
2018-08-01,47.56476974487305,89.8584976196289,17.642183303833008,301200.0,61.18718719482422,170.4593048095703,98.63324737548828,6.101039886474609,20.055999755859375,35.676490783691406
2018-08-02,48.95512390136719,91.71649932861328,17.605567932128906,301160.0,61.59113693237305,175.1465606689453,99.83039855957031,6.203766822814941,23.30266761779785,35.53963851928711
2018-08-03,49.09674835205078,91.16449737548828,17.724374771118164,304671.0,61.44375228881836,176.54678344726562,100.26660919189453,6.2404022216796875,23.211332321166992,35.65938949584961
2018-08-06,49.3516960144043,92.38749694824219,17.654386520385742,311806.0,61.41942596435547,184.40188598632812,100.35010528564453,6.288176536560059,22.799333572387695,35.12907028198242
2018-08-07,48.88902282714844,93.1240005493164,17.927814483642578,315600.0,62.32112503051758,182.5349578857422,101.0461654663086,6.360457420349121,25.30466651916504,35.27448272705078
2018-08-08,48.92206573486328,94.32599639892578,17.858644485473633,315300.0,62.593563079833984,183.8954315185547,101.6122817993164,6.39684534072876,24.689332962036133,35.898895263671875
2018-08-09,49.30683517456055,94.9260025024414,17.624284744262695,315100.0,62.74888610839844,181.81993103027344,101.77930450439453,6.348328113555908,23.496667861938477,35.78768539428711
2018-08-10,49.159976959228516,94.31500244140625,17.270301818847656,312000.0,62.15586853027344,179.00955200195312,101.15753173828125,6.306989669799805,23.69933319091797,35.0948600769043
2018-08-13,49.477394104003906,94.80999755859375,17.176721572875977,310230.0,61.96381759643555,178.801025390625,100.42437744140625,6.339911460876465,23.76066780090332,34.82114028930664
2018-08-14,49.68584442138672,95.98249816894531,16.869117736816406,310815.0,62.43525314331055,179.85366821289062,101.67721557617188,6.471353530883789,23.176000595092773,34.992210388183594
2018-08-15,49.80192565917969,94.13099670410156,16.810529708862305,309050.0,61.14897918701172,178.2846221923828,100.29845428466797,6.413182735443115,22.57933235168457,34.59877014160156
2018-08-16,50.5315055847168,94.32599639892578,16.982227325439453,313000.0,60.74403762817383,173.48814392089844,100.2798080444336,6.372586250305176,22.363332748413086,34.56454849243164
2018-08-17,51.54062271118164,94.11100006103516,17.029428482055664,313465.0,60.336612701416016,172.59437561035156,100.22391510009766,6.060196399688721,20.366666793823242,34.32505416870117
2018-08-20,51.0384407043457,93.83550262451172,16.82191276550293,314060.0,60.63932418823242,171.30337524414062,99.56246948242188,6.134953498840332,20.562667846679688,34.29939270019531
2018-08-21,50.93895721435547,94.1709976196289,17.130332946777344,313725.0,60.41402816772461,171.4225616455078,98.73333740234375,6.270601749420166,21.459999084472656,34.9751091003418
2018-08-22,50.94132995605469,95.24500274658203,16.888647079467773,312400.0,60.62940216064453,172.43545532226562,99.73946380615234,6.505762100219727,21.44266700744629,34.98365783691406
2018-08-23,51.045555114746094,95.1449966430664,16.729963302612305,311983.0,60.60012435913086,171.7006072998047,100.20529174804688,6.605271339416504,21.34000015258789,34.79549026489258
2018-08-24,51.20426940917969,95.26950073242188,17.0074520111084,312850.0,61.373775482177734,173.43846130371094,100.98782348632812,6.738447189331055,21.521333694458008,35.27448272705078
2018-08-27,51.62590789794922,96.38400268554688,17.330514907836914,316200.0,62.34245681762695,176.22900390625,102.10577392578125,6.829540252685547,21.284666061401367,35.52252960205078
2018-08-28,52.042823791503906,96.64099884033203,17.449325561523438,317124.0,61.825862884521484,175.03732299804688,102.72064971923828,6.791914463043213,20.790666580200195,36.223915100097656
2018-08-29,52.81978988647461,99.90499877929688,17.49489402770996,317505.0,62.7583122253418,174.6798095703125,104.36029815673828,6.897421836853027,20.333999633789062,37.746437072753906
2018-08-30,53.30540084838867,100.11900329589844,17.629980087280273,317000.0,62.25164794921875,176.40774536132812,104.29509735107422,6.880582332611084,20.209999084472656,37.17334747314453
2018-08-31,53.921287536621094,100.635498046875,17.823652267456055,315800.0,61.12813186645508,174.510986328125,104.64913177490234,6.951663017272949,20.110666275024414,37.29310607910156
2018-09-04,54.094215393066406,101.97550201416016,17.856199264526367,317250.0,60.1113166809082,169.97268676757812,104.07148742675781,7.026459217071533,19.26333236694336,37.72932434082031
2018-09-05,53.74125289916992,99.74099731445312,18.01814079284668,319920.0,59.50539779663086,166.02029418945312,101.0716781616211,6.895688533782959,18.715999603271484,37.82340621948242
2018-09-06,52.84823226928711,97.91549682617188,17.574642181396484,320035.0,58.75556182861328,161.4025421142578,101.30459594726562,6.754516124725342,18.729999542236328,37.678009033203125
2018-09-07,52.421836853027344,97.60350036621094,18.926284790039062,321700.0,58.43796157836914,161.9090118408203,100.81083679199219,6.733216762542725,17.549333572387695,38.387935638427734
2018-09-10,51.718284606933594,96.95050048828125,19.579730987548828,322560.0,58.312408447265625,163.04110717773438,101.90081787109375,6.804297924041748,19.03333282470703,38.16554641723633
2018-09-11,53.025882720947266,99.35749816894531,18.923851013183594,323242.0,59.053314208984375,164.78887939453125,103.6336441040039,6.756498336791992,18.62933349609375,38.10567092895508
2018-09-12,52.367347717285156,99.5,18.707386016845703,322340.0,58.14070510864258,160.87623596191406,104.07148742675781,6.642568588256836,19.369333267211914,37.58391571044922
2018-09-13,53.632301330566406,99.49349975585938,19.157392501831055,321575.0,58.663753509521484,160.2406768798828,105.18946838378906,6.720337390899658,19.297332763671875,37.14768981933594
2018-09-14,53.02350616455078,98.5094985961914,19.232261657714844,324999.0,58.457313537597656,161.1940155029297,105.61799621582031,6.846401214599609,19.68000030517578,37.98592758178711
2018-09-17,51.611698150634766,95.40149688720703,19.1093807220459,324575.0,57.556617736816406,159.46607971191406,104.47209930419922,6.784484386444092,19.6560001373291,37.429954528808594
2018-09-18,51.696983337402344,97.05249786376953,19.654592514038086,327436.0,57.91788864135742,159.1880340576172,105.46895599365234,6.712410926818848,18.997333526611328,37.25888442993164
2018-09-19,51.727752685546875,96.32099914550781,19.823484420776367,332000.0,58.27320098876953,161.9288787841797,104.06219482421875,6.736188888549805,19.934667587280273,37.652347564697266
2018-09-20,52.12099838256836,97.21499633789062,20.08091926574707,333415.0,59.131717681884766,164.8683319091797,105.80431365966797,6.595015525817871,19.8886661529541,37.7806510925293
2018-09-21,51.5595817565918,95.75050354003906,20.340822219848633,331336.0,58.166507720947266,161.79978942871094,106.44715118408203,6.524922847747803,19.940000534057617,37.68656539916992
2018-09-24,52.3010139465332,96.71800231933594,20.451499938964844,327840.0,58.53572082519531,164.26254272460938,106.82909393310547,6.580650329589844,19.978666305541992,38.39649200439453
2018-09-25,52.632659912109375,98.72750091552734,20.303922653198242,328500.0,59.246849060058594,163.76605224609375,106.6241455078125,6.647769927978516,20.06599998474121,37.7806510925293
2018-09-26,52.213375091552734,98.74250030517578,20.121912002563477,324286.0,59.255287170410156,165.79188537597656,106.18630981445312,6.610866069793701,20.6386661529541,37.86617660522461
2018-09-27,53.28644943237305,100.64900207519531,20.20553970336914,324731.0,59.9152946472168,167.66876220703125,106.58688354492188,6.622754096984863,20.501333236694336,38.28530502319336
2018-09-28,53.47358703613281,100.1500015258789,20.228500366210938,320000.0,59.90140151977539,163.31918334960938,106.54963684082031,6.960083961486816,17.65133285522461,37.772098541259766
2018-10-01,53.83364486694336,100.21800231933594,20.456417083740234,321930.0,59.97335433959961,161.3131866455078,107.70482635498047,7.166643142700195,20.713333129882812,38.199764251708984
2018-10-02,54.3121452331543,98.56549835205078,20.340822219848633,322900.0,59.929195404052734,158.22474670410156,107.27629852294922,7.095313549041748,20.06800079345703,37.310203552246094
2018-10-03,54.973045349121094,97.63800048828125,20.44903564453125,323878.0,60.12223434448242,161.30322265625,107.29492950439453,7.101503849029541,19.65333366394043,37.60103225708008
2018-10-04,54.00656509399414,95.47100067138672,20.346559524536133,327900.0,58.41215515136719,157.7480926513672,105.0776596069336,6.917235851287842,18.788667678833008,36.2923469543457
2018-10-05,53.13010025024414,94.48249816894531,20.023529052734375,329500.0,57.95362091064453,156.23863220214844,104.4627685546875,6.683680057525635,17.463333129882812,35.608070373535156
2018-10-08,53.006927490234375,93.22100067138672,19.789045333862305,333337.0,57.362586975097656,156.1591796875,103.27030944824219,6.582383155822754,16.70400047302246,35.03498077392578
2018-10-09,53.74125289916992,93.51599884033203,20.06206703186035,335630.0,56.8291130065918,156.80465698242188,104.58390045166016,6.576688289642334,17.520000457763672,34.98365783691406
2018-10-10,51.251644134521484,87.76249694824219,19.006898880004883,319100.0,54.198490142822266,150.3299102783203,98.9010009765625,6.085058212280273,17.125333786010742,33.65788269042969
2018-10-11,50.799198150634766,85.96800231933594,18.766677856445312,308000.0,54.12802505493164,152.2862548828125,98.6681137084961,5.823516368865967,16.815332412719727,33.30717849731445
2018-10-12,52.61371994018555,89.43049621582031,19.098722457885742,310000.0,55.606849670410156,152.6735076904297,102.07785034179688,6.1061110496521,17.25200080871582,33.923030853271484
2018-10-15,51.48851776123047,88.04750061035156,19.059370040893555,308000.0,54.70863723754883,152.45504760742188,100.2425537109375,5.829708099365234,17.305999755859375,33.14467239379883
2018-10-16,52.6231803894043,90.99800109863281,19.538990020751953,314750.0,56.22914505004883,157.6785430908203,103.4100570678711,6.088525772094727,18.439332962036133,34.222408294677734
2018-10-17,52.39577102661133,91.58650207519531,19.444704055786133,315200.0,55.95671081542969,158.31410217285156,103.13988494873047,6.019918918609619,18.118667602539062,33.84606170654297
2018-10-18,51.17110061645508,88.53600311279297,18.69453239440918,313200.0,54.48383331298828,153.8453369140625,101.08100128173828,5.932491779327393,17.5939998626709,32.96504592895508
2018-10-19,51.95043182373047,88.20149993896484,18.715848922729492,314477.0,54.844608306884766,152.98138427734375,101.23006439208984,5.675903797149658,17.333332061767578,32.888065338134766
2018-10-22,52.267852783203125,89.46499633789062,18.74372673034668,309080.0,55.15178680419922,153.70631408691406,102.13372039794922,5.726675510406494,17.39666748046875,33.119014739990234
2018-10-23,52.76056671142578,88.43499755859375,18.778976440429688,305100.0,55.32746124267578,153.31903076171875,100.70834350585938,5.475042343139648,19.609333038330078,32.50315856933594
2018-10-24,50.950801849365234,83.20999908447266,17.931236267089844,299995.0,52.459632873535156,145.02694702148438,95.3235855102539,4.938831806182861,19.233333587646484,31.203041076660156
2018-10-25,52.06651306152344,89.1084976196289,18.22065544128418,302231.0,54.76570510864258,149.9028778076172,100.89468383789062,5.147617340087891,20.99066734313965,31.98139190673828
2018-10-26,51.2374382019043,82.1405029296875,17.47539520263672,296805.0,53.78114700317383,144.361572265625,99.64629364013672,4.911093235015869,22.059999465942383,31.36554527282715
2018-10-29,50.27568435668945,76.94400024414062,17.34011459350586,300000.0,51.3485221862793,141.10433959960938,96.74895477294922,4.597291469573975,22.323333740234375,31.074737548828125
2018-10-30,50.52678680419922,76.52100372314453,18.119808197021484,305579.0,52.08198165893555,145.20567321777344,96.63717651367188,5.027745723724365,21.99333381652832,32.314979553222656
2018-10-31,51.84384536743164,79.90049743652344,18.323131561279297,307705.0,54.12008285522461,150.73704528808594,99.50654602050781,5.221673488616943,22.488000869750977,32.588687896728516
2018-11-01,52.63976287841797,83.27649688720703,18.847026824951172,308366.0,53.89180374145508,150.6973419189453,98.67741394042969,5.401978015899658,22.95199966430664,33.40126419067383
2018-11-02,49.148136138916016,83.27649688720703,18.100130081176758,308411.0,53.17274856567383,149.30703735351562,98.9010009765625,5.322971820831299,23.0939998626709,33.17031478881836
2018-11-05,47.752891540527344,81.38999938964844,18.044376373291016,323935.0,52.390647888183594,147.6486053466797,100.15870666503906,5.2449541091918945,22.760000228881836,32.913726806640625
2018-11-06,48.26931381225586,82.1405029296875,18.713390350341797,327050.0,53.07746505737305,148.89990234375,100.35433959960938,5.227369785308838,22.737333297729492,33.12755584716797
2018-11-07,49.73322677612305,87.77449798583984,19.217601776123047,331391.0,54.996463775634766,150.47885131835938,104.30440521240234,5.294983863830566,23.21066665649414,33.51247787475586
2018-11-08,49.5597038269043,87.74549865722656,19.69722557067871,333200.0,54.32106018066406,146.84423828125,104.1087646484375,5.101800441741943,23.426666259765625,33.101905822753906
2018-11-09,48.60411834716797,85.62149810791016,19.59392738342285,329665.0,53.44717025756836,143.95445251464844,102.07785034179688,5.093873977661133,23.367332458496094,32.56303024291992
2018-11-12,46.15571975708008,81.84249877929688,18.334613800048828,323040.0,52.07453918457031,140.56808471679688,99.56246948242188,4.694378852844238,22.0853328704834,31.69913673400879
2018-11-13,45.69457244873047,81.55850219726562,18.43299674987793,326700.0,52.00556182861328,141.17385864257812,99.62767028808594,4.936354637145996,22.582000732421875,31.989953994750977
2018-11-14,44.40382766723633,79.95050048828125,18.545310974121094,323700.0,52.333580017089844,143.21957397460938,98.21485900878906,4.883847713470459,22.933332443237305,32.366310119628906
2018-11-15,45.49965286254883,80.97200012207031,19.37665557861328,326300.0,53.150909423828125,142.85215759277344,100.37616729736328,5.012638092041016,23.229333877563477,32.94794464111328
2018-11-16,46.00359344482422,79.67050170898438,19.48078155517578,328350.0,53.01294708251953,138.5620880126953,101.32120513916016,4.072475433349609,23.62066650390625,31.536623001098633
2018-11-19,44.18037796020508,75.614501953125,18.78553581237793,326706.0,50.98576354980469,130.63746643066406,97.88735961914062,3.5838165283203125,23.564666748046875,30.835237503051758
2018-11-20,42.06953048706055,74.77300262451172,18.669116973876953,315970.0,51.136131286621094,131.51133728027344,95.1646499633789,3.6922969818115234,23.166000366210938,30.484542846679688
2018-11-21,42.02198791503906,75.83650207519531,18.856861114501953,316301.0,51.78026580810547,133.88479614257812,96.47453308105469,3.584064483642578,22.54599952697754,30.9378719329834
2018-11-23,40.954673767089844,75.10299682617188,18.848661422729492,310340.0,51.1187629699707,130.8162078857422,96.43712615966797,3.5912468433380127,21.722000122070312,30.758249282836914
2018-11-26,41.508541107177734,79.06649780273438,19.292211532592773,316040.0,52.40106964111328,135.43397521972656,99.6183090209961,3.7906227111816406,23.066667556762695,31.51096534729004
2018-11-27,41.418209075927734,79.07099914550781,19.33484649658203,318696.0,52.219444274902344,134.06353759765625,100.24519348144531,3.807464599609375,22.92799949645996,31.476743698120117
2018-11-28,43.01084899902344,83.88749694824219,19.284833908081055,325000.0,54.18013381958008,135.81130981445312,103.96907043457031,3.964488983154297,23.191333770751953,32.51171112060547
2018-11-29,42.68043518066406,83.67849731445312,19.330745697021484,326481.0,54.318580627441406,137.71800231933594,103.09892272949219,3.9012691974639893,22.744667053222656,32.44328308105469
2018-11-30,42.44986343383789,84.50849914550781,19.464380264282227,326000.0,55.06643295288086,139.6345977783203,103.75386047363281,4.0517578125,23.365333557128906,32.152462005615234
2018-12-03,43.933162689208984,88.61799621582031,19.846439361572266,330921.0,55.39942169189453,140.11126708984375,104.87664794921875,4.215631008148193,23.89933204650879,33.12755584716797
2018-12-04,42.000606536865234,83.41999816894531,19.02411651611328,315000.0,52.72512435913086,136.97320556640625,101.5363998413086,3.895071268081665,23.979999542236328,32.0241584777832
2018-12-06,41.53231430053711,84.95950317382812,18.63058090209961,312000.0,53.49977111816406,138.6614227294922,102.16325378417969,3.924325942993164,24.20400047302246,31.52806282043457
2018-12-07,40.05139923095703,81.45649719238281,18.73880386352539,307674.0,51.93657684326172,136.46673583984375,98.07450866699219,3.6595470905303955,23.864667892456055,31.237255096435547
2018-12-10,40.31524658203125,82.05149841308594,19.6152400970459,304600.0,52.26411056518555,140.8660125732422,100.66622924804688,3.7649128437042236,24.343332290649414,31.160266876220703
2018-12-11,40.08467483520508,82.16200256347656,20.23751449584961,303226.0,52.68442916870117,141.0944061279297,101.60188293457031,3.673926830291748,24.450666427612305,31.391204833984375
2018-12-12,40.1963996887207,83.177001953125,20.904882431030273,303600.0,53.283897399902344,143.49761962890625,102.06034851074219,3.6915292739868164,24.440000534057617,31.97284698486328
2018-12-13,40.636146545410156,82.91899871826172,21.177074432373047,303750.0,53.274471282958984,144.00408935546875,102.40654754638672,3.6912801265716553,25.119333267211914,31.930070877075195
2018-12-14,39.33589172363281,79.59549713134766,20.8925838470459,300320.0,52.191158294677734,143.06068420410156,99.20663452148438,3.6307883262634277,24.380666732788086,31.245807647705078
2018-12-17,38.969818115234375,76.04550170898438,20.83519172668457,297000.0,50.89793014526367,139.21751403808594,96.26868438720703,3.5596349239349365,23.22800064086914,30.980648040771484
2018-12-18,39.476139068603516,77.5739974975586,20.685237884521484,294500.0,51.779266357421875,142.6634521484375,97.27918243408203,3.6429364681243896,22.468666076660156,31.442527770996094
2018-12-19,38.244815826416016,74.75399780273438,20.206361770629883,293040.0,51.38474655151367,132.31573486328125,97.0172119140625,3.4339399337768555,22.197999954223633,30.989192962646484
2018-12-20,37.279720306396484,73.04149627685547,20.040660858154297,290100.0,50.79520797729492,132.474609375,94.97750854492188,3.3493995666503906,21.025333404541016,30.689830780029297
2018-12-21,35.8297004699707,68.87249755859375,20.29086685180664,288000.0,49.19083023071289,124.0832290649414,91.90858459472656,3.212299346923828,21.31800079345703,30.544422149658203
2018-12-24,34.90264892578125,67.197998046875,19.370397567749023,282640.0,48.864295959472656,123.19940948486328,88.07242584228516,3.1505680084228516,19.69266700744629,30.18516731262207
2018-12-26,37.360530853271484,73.54499816894531,20.55847930908203,294850.0,51.99960708618164,133.2492218017578,94.0886459350586,3.2998158931732178,21.73933219909668,31.442527770996094
2018-12-27,37.11806869506836,73.08200073242188,20.78299903869629,298500.0,52.25021743774414,133.58688354492188,94.66873931884766,3.251966953277588,21.075332641601562,31.459632873535156
2018-12-28,37.137088775634766,73.9010009765625,21.010011672973633,302600.0,51.94154739379883,132.2760009765625,93.92958068847656,3.313451051712036,22.257999420166016,31.767566680908203
2018-12-31,37.496028900146484,75.09850311279297,21.06717300415039,306000.0,51.85619354248047,130.18064880371094,95.03366088867188,3.30973219871521,22.18666648864746,31.570833206176758
2019-01-02,37.5388298034668,76.95649719238281,21.003374099731445,304057.0,52.33854293823242,134.73880004882812,94.61261749267578,3.377166271209717,20.674667358398438,31.237255096435547
2019-01-03,33.7996826171875,75.01399993896484,19.13510513305664,287000.0,50.88899230957031,130.8261260986328,91.13199615478516,3.1731278896331787,20.02400016784668,29.38970184326172
2019-01-04,35.24256896972656,78.76950073242188,19.323169708251953,292500.0,53.4992790222168,136.99307250976562,95.37047576904297,3.376422643661499,21.179332733154297,29.911462783813477
2019-01-07,35.164119720458984,81.47550201416016,19.716716766357422,295400.0,53.39258575439453,137.0923614501953,95.49211883544922,3.555172920227051,22.33066749572754,30.13385009765625
2019-01-08,35.83445358276367,82.8290023803711,19.5584716796875,294300.0,53.861534118652344,141.54129028320312,96.18448638916016,3.466665267944336,22.356666564941406,29.885801315307617
2019-01-09,36.4429817199707,82.97100067138672,20.404373168945312,294560.0,53.67693328857422,143.2294921875,97.55988311767578,3.534843683242798,22.568666458129883,30.458877563476562
2019-01-10,36.55945587158203,82.81099700927734,20.672809600830078,295160.0,53.536991119384766,143.19970703125,96.93299102783203,3.6005420684814453,22.99799919128418,31.15171241760254
2019-01-11,36.200523376464844,82.02799987792969,20.759798049926758,293980.0,52.824371337890625,142.802490234375,96.18448638916016,3.689793109893799,23.150667190551758,31.31422233581543
2019-01-14,35.65617370605469,80.8604965209961,20.784650802612305,292371.0,52.18122863769531,144.38143920898438,95.48275756835938,3.729708671569824,22.293333053588867,30.587173461914062
2019-01-15,36.38593292236328,83.72799682617188,21.250274658203125,295000.0,53.91810989379883,147.916748046875,98.25228881835938,3.7155771255493164,22.961999893188477,30.826684951782227
2019-01-16,36.8304557800293,84.18900299072266,20.853425979614258,295811.0,54.06698226928711,146.51654052734375,98.59845733642578,3.6900410652160645,23.06999969482422,30.484542846679688
2019-01-17,37.049137115478516,84.66100311279297,21.15416717529297,297547.0,54.543880462646484,147.27125549316406,99.29083251953125,3.7614424228668213,23.15399932861328,31.04051399230957
2019-01-18,37.27734375,84.80999755859375,21.60901641845703,306500.0,54.9498176574707,148.99917602539062,100.77853393554688,3.890608072280884,20.150667190551758,31.51096534729004
2019-01-22,36.440608978271484,81.6084976196289,21.39940643310547,300531.0,53.52706527709961,146.54632568359375,98.8791275024414,3.688305616378784,19.92799949645996,31.108943939208984
2019-01-23,36.587982177734375,82.0009994506836,21.33561134338379,301835.0,53.813899993896484,143.29901123046875,99.84286499023438,3.701197862625122,19.172666549682617,31.211585998535156
2019-01-24,36.2979736328125,82.74649810791016,21.835195541381836,301680.0,53.79355239868164,144.81838989257812,99.3656997680664,3.9131689071655273,19.43400001525879,32.19523620605469
2019-01-25,37.50077819824219,83.52850341796875,22.19890594482422,303531.0,54.662479400634766,147.97634887695312,100.27327728271484,3.970438241958618,19.80266761779785,32.62291717529297
2019-01-28,37.153724670410156,81.89450073242188,22.17239761352539,301000.0,53.588104248046875,146.44705200195312,98.31775665283203,3.421543836593628,19.7586669921875,32.0241584777832
2019-01-29,36.76864242553711,79.69400024414062,22.06468963623047,303000.0,53.10177230834961,143.18978881835938,96.31549072265625,3.2626266479492188,19.83066749572754,31.074737548828125
2019-01-30,39.281219482421875,83.52149963378906,22.437517166137695,309180.0,54.48780822753906,149.37657165527344,99.53408813476562,3.406172752380371,20.584667205810547,31.97284698486328
2019-01-31,39.5640869140625,85.9365005493164,22.224590301513672,311500.0,55.872337341308594,165.53369140625,97.70960998535156,3.563849925994873,20.468000411987305,32.178123474121094
2019-02-01,39.583099365234375,81.3115005493164,22.10529327392578,313875.0,55.511566162109375,164.5605010986328,96.165771484375,3.588146209716797,20.81399917602539,32.135353088378906
2019-02-04,40.70746994018555,81.66549682617188,22.545223236083984,312000.0,56.64301300048828,168.075927734375,98.93527221679688,3.698470115661621,20.859333038330078,32.45183563232422
2019-02-05,41.40395736694336,82.94049835205078,22.369583129882812,310700.0,57.161598205566406,169.97268676757812,100.32005310058594,3.7175605297088623,21.42333221435547,32.71699523925781
2019-02-06,41.418209075927734,82.01300048828125,22.884082794189453,308810.0,55.72346878051758,169.30734252929688,99.20663452148438,3.7931761741638184,21.148000717163086,33.13611602783203
2019-02-07,40.63377380371094,80.71849822998047,22.294191360473633,302813.0,54.88084030151367,165.22586059570312,98.49555206298828,3.654836654663086,20.500667572021484,32.60580062866211
2019-02-08,40.6815185546875,79.41100311279297,22.705957412719727,300771.0,54.705657958984375,166.16925048828125,98.86979675292969,3.673430919647217,20.386667251586914,32.32353591918945
2019-02-11,40.447566986083984,79.55000305175781,22.843486785888672,304884.0,54.69275665283203,164.63992309570312,98.4768295288086,3.6307883262634277,20.856000900268555,32.75120544433594
2019-02-12,40.79610824584961,81.90049743652344,23.14754867553711,309260.0,55.95621109008789,163.89512634277344,100.01127624511719,3.7478063106536865,20.78733253479004,33.05059051513672
2019-02-13,40.62661361694336,82.0,23.30744743347168,308320.0,56.0083122253418,162.931884765625,99.9364242553711,3.790201187133789,20.544666290283203,32.6143684387207
2019-02-14,40.77463150024414,81.13249969482422,23.322364807128906,303890.0,56.03660202026367,162.8126983642578,100.02064514160156,3.8311078548431396,20.251333236694336,32.55448532104492
2019-02-15,40.683902740478516,80.39749908447266,23.357982635498047,308139.0,55.56168746948242,161.37277221679688,101.25572967529297,3.900773286819458,20.525333404541016,32.580142974853516
2019-02-19,40.8056526184082,81.37899780273438,23.335617065429688,307315.0,55.903114318847656,161.16419982910156,101.20891571044922,3.883418560028076,20.375999450683594,32.89661407470703
2019-02-20,41.06825637817383,81.1050033569336,23.481428146362305,309500.0,55.60933303833008,161.43234252929688,100.68272399902344,3.930771589279175,20.17066764831543,33.35850143432617
2019-02-21,40.836692810058594,80.97200012207031,23.27596092224121,307925.0,54.79647445678711,158.92982482910156,102.80632019042969,3.861849784851074,19.415332794189453,33.34139633178711
2019-02-22,41.29266357421875,81.5780029296875,22.908109664916992,302000.0,55.409339904785156,160.76698303222656,104.27215576171875,3.9466381072998047,19.6473331451416,33.69209671020508
2019-02-25,41.593448638916016,81.6500015258789,23.08209228515625,303300.0,55.44755554199219,163.4780731201172,104.854736328125,3.9342429637908936,19.917999267578125,33.854610443115234
2019-02-26,41.617332458496094,81.81999969482422,22.783832550048828,302500.0,55.67980194091797,162.99147033691406,105.57827758789062,3.894822597503662,19.857332229614258,33.871700286865234
2019-02-27,41.74623489379883,82.05449676513672,22.49302864074707,303000.0,55.72346878051758,161.68060302734375,105.39970397949219,3.8529248237609863,20.982667922973633,33.743412017822266
2019-02-28,41.33561706542969,81.99150085449219,22.813663482666016,302200.0,55.90509033203125,160.33004760742188,105.26818084716797,3.8283543586730957,21.325332641601562,33.40126419067383
2019-03-01,41.770111083984375,83.58650207519531,22.59741973876953,304860.0,56.995357513427734,161.15428161621094,105.73799896240234,3.8827061653137207,19.652666091918945,33.69209671020508
2019-03-04,41.98019790649414,84.80850219726562,22.77471923828125,303400.0,57.238521575927734,166.208984375,105.48429870605469,3.8908956050872803,19.02400016784668,33.48680877685547
2019-03-05,41.903804779052734,84.62149810791016,22.95036506652832,302600.0,58.0211067199707,170.07199096679688,104.95809936523438,3.8844430446624756,18.43600082397461,33.37561798095703
2019-03-06,41.662689208984375,83.44750213623047,22.481430053710938,301375.0,57.810203552246094,171.3133087158203,105.00506591796875,3.7735085487365723,18.416000366210938,33.178890228271484
2019-03-07,41.18046569824219,81.29750061035156,21.99758529663086,299050.0,57.110984802246094,167.956787109375,103.72715759277344,3.704267740249634,18.439332962036133,33.04202651977539
2019-03-08,41.27833938598633,81.04000091552734,21.888225555419922,299000.0,57.06731414794922,168.42352294921875,103.83992767333984,3.738515853881836,18.94266700744629,32.67423629760742
2019-03-11,42.70830154418945,83.53099822998047,22.291704177856445,303279.0,58.520835876464844,170.87637329101562,106.01986694335938,3.9990997314453125,19.39466667175293,33.05059051513672
2019-03-12,43.18816375732422,83.65499877929688,22.33892822265625,304235.0,59.4135856628418,170.72740173339844,106.76220703125,4.0333476066589355,18.890666961669922,33.27296829223633
2019-03-13,43.37913513183594,84.54049682617188,22.469831466674805,306300.0,59.5034065246582,172.1673583984375,107.58910369873047,4.1847357749938965,19.263999938964844,33.53813171386719
2019-03-14,43.86137390136719,84.31099700927734,22.220447540283203,305350.0,59.17935562133789,168.9895782470703,107.67362976074219,4.10879373550415,19.33066749572754,33.204551696777344
2019-03-15,44.431922912597656,85.61799621582031,24.050615310668945,307250.0,59.06869125366211,164.82859802246094,108.91397857666016,4.214268684387207,18.36199951171875,33.914485931396484
2019-03-18,44.88550567626953,87.10749816894531,24.344736099243164,309996.0,58.98185348510742,159.35682678222656,110.47380065917969,4.192924976348877,17.965999603271484,34.085548400878906
2019-03-19,44.52980041503906,88.09249877929688,24.797927856445312,307900.0,59.6721305847168,160.44921875,110.54896545410156,4.360692501068115,17.83133316040039,34.008575439453125
2019-03-20,44.91891860961914,89.8635025024414,24.327308654785156,305505.0,60.86164474487305,164.29237365722656,110.42680358886719,4.328181266784668,18.239999771118164,34.085548400878906
2019-03-21,46.57331085205078,90.96299743652344,24.80962371826172,307120.0,61.3430061340332,164.92791748046875,112.96385955810547,4.564939975738525,18.26799964904785,35.10342025756836
2019-03-22,45.608856201171875,88.2385025024414,24.46272850036621,301225.0,59.929691314697266,163.2000274658203,109.98516082763672,4.405116081237793,17.635332107543945,34.581642150878906
2019-03-25,45.0573844909668,88.71299743652344,24.421768188476562,299380.0,59.42003631591797,165.136474609375,110.55835723876953,4.312795639038086,17.3613338470459,34.145416259765625
2019-03-26,44.59186553955078,89.18800354003906,24.828853607177734,300961.0,59.04586410522461,166.51683044433594,110.79327392578125,4.389480113983154,17.851333618164062,34.555999755859375
2019-03-27,44.992942810058594,88.28500366210938,24.74024772644043,299764.0,58.45880126953125,164.71939086914062,109.72206115722656,4.380297660827637,18.32200050354004,34.38493347167969
2019-03-28,45.052608489990234,88.6709976196289,24.999378204345703,301250.0,58.173954010009766,164.40159606933594,109.87244415283203,4.3989105224609375,18.57466697692871,34.504669189453125
2019-03-29,45.346248626708984,89.0374984741211,25.1364688873291,301215.0,58.40322494506836,165.53369140625,110.82147979736328,4.456240653991699,18.657333374023438,35.03498077392578
2019-04-01,45.65420150756836,90.70950317382812,25.56110191345215,307800.0,59.49944305419922,167.52975463867188,111.83628845214844,4.523744106292725,19.278667449951172,35.38566589355469
2019-04-02,46.317874908447266,90.6989974975586,25.332063674926758,306000.0,59.82497787475586,172.9915771484375,111.99600982666016,4.5416107177734375,19.058666229248047,35.300140380859375
2019-04-03,46.635379791259766,91.03500366210938,25.428197860717773,305750.0,60.086509704589844,172.336181640625,112.72892761230469,4.681085586547852,19.45400047302246,35.74492645263672
2019-04-04,46.716548919677734,90.94300079345703,25.244295120239258,306461.0,60.51526641845703,174.79896545410156,112.1557388305664,4.672151565551758,17.851999282836914,35.95875930786133
2019-04-05,47.02927780151367,91.86399841308594,25.434877395629883,307776.0,60.118263244628906,174.5010528564453,112.65377044677734,4.738911151885986,18.33066749572754,36.12126922607422
2019-04-08,47.76932144165039,92.49299621582031,25.451602935791016,307461.0,59.96095275878906,173.71653747558594,112.69134521484375,4.759758949279785,18.213333129882812,36.25811767578125
2019-04-09,47.6260986328125,91.79199981689453,25.365497589111328,307380.0,59.68354415893555,176.34814453125,112.08057403564453,4.696969509124756,18.15399932861328,36.10417175292969
2019-04-10,47.893470764160156,92.36650085449219,25.70488166809082,307000.0,59.870140075683594,176.5865020751953,112.9356689453125,4.767451286315918,18.40399932861328,36.24102020263672
2019-04-11,47.49481201171875,92.20349884033203,25.863698959350586,309875.0,60.02595901489258,176.27865600585938,113.06720733642578,4.7535529136657715,17.89466667175293,36.01008224487305
2019-04-12,47.47570037841797,92.15299987792969,26.500656127929688,314250.0,60.67803192138672,177.85760498046875,113.64977264404297,4.715582847595215,17.84666633605957,36.420650482177734
2019-04-15,47.56163787841797,92.24349975585938,26.447996139526367,314500.0,60.86661148071289,178.40377807617188,113.74376678466797,4.58380126953125,17.7586669921875,36.4463005065918
2019-04-16,47.56641387939453,93.1520004272461,26.62353515625,317500.0,61.13359451293945,177.6291961669922,113.48066711425781,4.670910835266113,18.224000930786133,36.7884407043457
2019-04-17,48.49268341064453,93.24099731445312,26.793228149414062,316040.0,61.54199981689453,177.53982543945312,114.42027282714844,4.648079872131348,18.082000732421875,37.96882629394531
2019-04-18,48.66695022583008,93.08450317382812,26.63356590270996,315330.0,61.60800552368164,177.0432891845703,115.9237289428711,4.623510360717773,18.21733283996582,38.83271408081055
2019-04-22,48.82689666748047,94.3655014038086,26.33097267150879,314100.0,62.217899322509766,180.18136596679688,116.29016876220703,4.677364349365234,17.516666412353516,38.6188850402832
2019-04-23,49.5311393737793,96.1884994506836,26.384471893310547,317684.0,63.05308151245117,182.50514221191406,117.86878204345703,4.731961727142334,17.593332290649414,38.84983444213867
2019-04-24,49.454742431640625,95.0875015258789,26.274967193603516,316000.0,62.5300407409668,181.31344604492188,117.4647445678711,4.744373321533203,17.243999481201172,38.84128189086914
2019-04-25,49.005943298339844,95.11250305175781,26.065155029296875,318500.0,62.891807556152344,191.9193878173828,121.35485076904297,4.63864803314209,16.5086669921875,38.04579162597656
2019-04-26,48.77198791503906,97.53150177001953,25.94728660583496,321000.0,63.392024993896484,190.16165161132812,122.05017852783203,4.41975736618042,15.675999641418457,37.58391571044922
2019-04-29,48.84599685668945,96.92150115966797,26.140382766723633,324921.0,64.323974609375,193.42881774902344,121.93746185302734,4.450531959533691,16.097999572753906,37.48983383178711
2019-04-30,47.90540313720703,96.32599639892578,26.615182876586914,325080.0,59.49844741821289,192.0583953857422,122.71732330322266,4.491976737976074,15.912667274475098,37.48128128051758
2019-05-01,50.25687026977539,95.57599639892578,26.65697479248047,325900.0,58.2260627746582,191.69097900390625,120.1614990234375,4.478823184967041,15.600666999816895,37.48128128051758
2019-05-02,49.929813385009766,95.04100036621094,26.399517059326172,324214.0,57.888118743896484,191.19442749023438,118.59230041503906,4.546328067779541,16.273332595825195,37.97737121582031
2019-05-03,50.55050277709961,98.12300109863281,26.39031982421875,327766.0,59.03147506713867,194.1140594482422,121.11994171142578,4.541860103607178,17.00200080871582,38.2425422668457
2019-05-06,49.769866943359375,97.52749633789062,26.04425621032715,320000.0,59.22551345825195,192.5350799560547,120.41521453857422,4.463436603546143,17.022666931152344,37.429954528808594
2019-05-07,48.428226470947266,96.05000305175781,25.68648910522461,315120.0,58.50098419189453,188.45359802246094,117.9439468383789,4.296167373657227,16.470666885375977,37.429954528808594
2019-05-08,48.43775939941406,95.88849639892578,25.36048126220703,314750.0,58.10001754760742,188.22518920898438,117.93455505371094,4.316267967224121,16.32266616821289,37.378639221191406
2019-05-09,47.917335510253906,94.99349975585938,25.416494369506836,314400.0,57.960567474365234,187.3413543701172,117.92516326904297,4.22369909286499,16.131999969482422,36.99372100830078
2019-05-10,47.2535285949707,94.4990005493164,25.40813636779785,315500.0,57.944190979003906,187.03350830078125,119.45679473876953,4.189699172973633,15.968000411987305,36.634483337402344
2019-05-13,44.50717544555664,91.13400268554688,24.52374839782715,308360.0,56.40332794189453,180.28065490722656,115.9049301147461,3.9323410987854004,15.133999824523926,35.06064224243164
2019-05-14,45.211734771728516,92.00599670410156,25.244295120239258,306850.0,55.82123565673828,179.476318359375,117.20160675048828,4.021435737609863,15.487333297729492,35.898895263671875
2019-05-15,45.75333786010742,93.55750274658203,25.442405700683594,305580.0,58.10100555419922,184.9778594970703,118.85208892822266,3.9603850841522217,15.463333129882812,35.898895263671875
2019-05-16,45.55202865600586,95.37850189208984,24.850582122802734,307936.0,58.78086853027344,185.69285583496094,121.59656524658203,3.975522994995117,15.222000122070312,35.52252960205078
2019-05-17,45.29322052001953,93.44999694824219,24.232023239135742,306355.0,58.00075912475586,184.0146026611328,120.78549194335938,3.8846912384033203,14.0686674118042,34.427696228027344
2019-05-20,43.87690353393555,92.94850158691406,22.785905838012695,305362.0,56.803810119628906,181.45249938964844,119.04071807861328,3.7660632133483887,13.690667152404785,33.067684173583984
2019-05-21,44.71806716918945,92.8759994506836,23.01494598388672,306225.0,57.28914260864258,183.53794860839844,119.6820068359375,3.8482093811035156,13.67199993133545,33.6151123046875
2019-05-22,43.802608489990234,92.98400115966797,22.504207611083984,304300.0,57.35911560058594,184.0344696044922,120.40824127197266,3.777231454849243,12.84866714477539,33.27296829223633
2019-05-23,43.0549201965332,90.77400207519531,21.74102210998535,304115.0,56.837554931640625,179.61534118652344,119.00299072265625,3.6561217308044434,13.03266716003418,32.56303024291992
2019-05-24,42.889549255371094,91.16400146484375,21.394119262695312,303000.0,56.503570556640625,179.80398559570312,119.0595703125,3.602267026901245,12.708666801452637,32.67423629760742
2019-05-28,42.71222686767578,91.82150268554688,21.272079467773438,301050.0,56.550716400146484,183.03146362304688,118.984130859375,3.5571000576019287,12.579999923706055,32.20379638671875
2019-05-29,42.50851058959961,90.95950317382812,21.24199104309082,299860.0,55.57707595825195,180.92617797851562,117.83351135253906,3.4828946590423584,12.657333374023438,32.23801040649414
2019-05-30,42.72899627685547,90.81600189208984,21.45096206665039,300877.0,55.6500244140625,181.74046325683594,118.57859802246094,3.456310510635376,12.54800033569336,32.537376403808594
2019-05-31,41.95493698120117,88.75350189208984,21.034687042236328,297060.0,54.91011428833008,176.23892211914062,116.64518737792969,3.365622043609619,12.343999862670898,32.802520751953125
2019-06-03,41.53075408935547,84.6344985961914,21.163414001464844,299742.0,51.54751968383789,163.01132202148438,113.02362060546875,3.3238813877105713,11.9313325881958,33.204551696777344
2019-06-04,43.05012893676758,86.47799682617188,22.2099666595459,304000.0,52.3291130065918,166.3380584716797,116.15477752685547,3.5529606342315674,12.90666675567627,33.40983200073242
2019-06-05,43.745094299316406,86.92500305175781,22.211633682250977,306400.0,51.84031295776367,167.00341796875,118.67290496826172,3.510225534439087,13.105999946594238,32.69988250732422
2019-06-06,44.387351989746094,87.71800231933594,22.802621841430664,307900.0,51.99513626098633,167.16233825683594,120.54973602294922,3.5723400115966797,13.729999542236328,32.87950897216797
2019-06-07,45.568809509277344,90.20149993896484,22.976486206054688,309265.0,53.017913818359375,172.14749145507812,123.92605590820312,3.6150755882263184,13.633333206176758,33.204551696777344
2019-06-10,46.15115737915039,93.03150177001953,23.4228572845459,311524.0,53.73202133178711,173.6072998046875,125.05782318115234,3.6878738403320312,14.192000389099121,33.888824462890625
2019-06-11,46.6855583190918,93.18499755859375,23.696199417114258,310238.0,53.64665603637695,176.86456298828125,124.58625793457031,3.745516061782837,14.473333358764648,34.17963409423828
2019-06-12,46.53697967529297,92.76599884033203,23.38273811340332,307196.0,53.55038833618164,173.82577514648438,124.0109634399414,3.632467269897461,13.950667381286621,33.75197982788086
2019-06-13,46.52738571166992,93.51499938964844,23.539886474609375,307445.0,54.14141845703125,176.23892211914062,124.79375457763672,3.683650016784668,14.260666847229004,33.743412017822266
2019-06-14,46.189483642578125,93.4834976196289,22.229196548461914,308206.0,53.907684326171875,180.0721435546875,124.91637420654297,3.593707799911499,14.32800006866455,32.366310119628906
2019-06-17,46.465087890625,94.30149841308594,22.2325382232666,305480.0,54.284339904785156,187.69883728027344,125.29364013671875,3.6033976078033447,15.001999855041504,32.212337493896484
2019-06-18,47.55788803100586,95.06849670410156,23.242307662963867,308885.0,54.847591400146484,187.16261291503906,127.47221374511719,3.7984378337860107,14.982666969299316,33.53813171386719
2019-06-19,47.418880462646484,95.43949890136719,23.195493698120117,310966.0,54.81135559082031,186.17947387695312,127.97209167480469,3.80440092086792,15.095333099365234,33.700653076171875
2019-06-20,47.7999267578125,95.90950012207031,23.325899124145508,312900.0,55.24260711669922,188.2152557373047,129.16041564941406,3.828749656677246,14.641332626342773,34.650081634521484
2019-06-21,47.636959075927734,95.56500244140625,23.122514724731445,309000.0,55.84654235839844,189.81410217285156,129.17926025390625,3.7706103324890137,14.790666580200195,34.65863037109375
2019-06-24,47.58903121948242,95.69499969482422,23.56219482421875,310650.0,55.41629409790039,191.26394653320312,129.94314575195312,3.7929720878601074,14.909333229064941,35.30863571166992
2019-06-25,46.8676872253418,93.91349792480469,23.335174560546875,312700.0,53.97120666503906,187.530029296875,125.8405990600586,3.7636525630950928,14.650667190551758,34.37247848510742
2019-06-26,47.88140106201172,94.8915023803711,23.751230239868164,312705.0,53.61092758178711,186.35824584960938,126.31220245361328,3.9569544792175293,14.618000030517578,34.5138053894043
2019-06-27,47.867027282714844,95.21399688720703,24.111583709716797,318285.0,53.427818298339844,188.1854705810547,126.5196533203125,4.055593490600586,14.855999946594238,34.96420669555664
2019-06-28,47.43085861206055,94.68150329589844,24.293027877807617,318350.0,53.73400115966797,191.66116333007812,126.3404769897461,4.08043909072876,14.897333145141602,34.59326934814453
2019-07-01,48.30078125,96.1094970703125,25.347082138061523,321891.0,54.58755111694336,191.66116333007812,127.962646484375,4.12863826751709,15.14466667175293,36.54506301879883
2019-07-02,48.58357238769531,96.71549987792969,24.923437118530273,321515.0,55.212833404541016,193.64730834960938,128.81141662597656,4.030745983123779,14.970000267028809,36.0328254699707
2019-07-03,48.986167907714844,96.94999694824219,24.042381286621094,322900.0,55.72843551635742,195.83204650878906,129.6414031982422,4.043666362762451,15.65999984741211,35.61773681640625
2019-07-05,48.943023681640625,97.14550018310547,23.854196548461914,323149.0,56.20880126953125,195.03759765625,129.26417541503906,3.9810547828674316,15.539999961853027,35.26448059082031
2019-07-08,47.934120178222656,97.61599731445312,23.204370498657227,322451.0,55.42075729370117,194.4020233154297,129.1698455810547,3.9060206413269043,15.355999946594238,34.72575378417969
2019-07-09,48.226497650146484,99.41500091552734,23.252473831176758,322200.0,55.79294204711914,197.82810974121094,128.6983184814453,3.9085052013397217,15.337332725524902,35.03485107421875
2019-07-10,48.70338821411133,100.87049865722656,23.16555404663086,320591.0,56.617713928222656,201.3236846923828,130.0092315673828,3.9768309593200684,15.928000450134277,35.953330993652344
2019-07-11,48.34870529174805,100.05349731445312,23.297208786010742,319837.0,56.77501678466797,199.83409118652344,130.52793884277344,4.131371021270752,15.90666675567627,36.121131896972656
2019-07-12,48.72016143798828,100.55000305175781,24.084577560424805,321093.0,56.837554931640625,203.4488525390625,130.99948120117188,4.164416313171387,16.338666915893555,36.41257858276367
2019-07-15,49.17789077758789,101.04949951171875,24.333532333374023,320300.0,57.094112396240234,202.49551391601562,130.99948120117188,4.155969619750977,16.899999618530273,36.93363952636719
2019-07-16,49.00773239135742,100.49500274658203,23.978246688842773,319273.0,57.240509033203125,202.4259796142578,129.2830352783203,4.151249885559082,16.825332641601562,36.88949966430664
2019-07-17,48.732139587402344,99.60150146484375,24.058414459228516,311600.0,56.90702819824219,200.40016174316406,128.51905822753906,4.216594219207764,16.99066734313965,36.765846252441406
2019-07-18,49.28571701049805,98.8949966430664,24.45506477355957,312003.0,56.93183898925781,199.38720703125,128.66053771972656,4.228271484375,16.902666091918945,38.14356994628906
2019-07-19,48.550010681152344,98.22599792480469,24.4736270904541,309218.0,56.153221130371094,196.98397827148438,128.84918212890625,4.185039520263672,17.211999893188477,38.70879364013672
2019-07-22,49.65957260131836,99.28150177001953,24.992633819580078,307135.0,56.533348083496094,200.91653442382812,130.55621337890625,4.256596088409424,17.045333862304688,39.38881301879883
2019-07-23,50.04779052734375,99.72450256347656,25.383371353149414,309340.0,56.97203826904297,200.9562530517578,131.36724853515625,4.36442756652832,17.344667434692383,39.22984313964844
2019-07-24,50.00707244873047,100.04049682617188,25.635700225830078,312000.0,56.55915451049805,203.24029541015625,132.71600341796875,4.438965320587158,17.658666610717773,39.335838317871094
2019-07-25,49.61164855957031,98.69100189208984,25.350454330444336,310750.0,56.37107849121094,199.3177032470703,132.2161407470703,4.307778358459473,15.254667282104492,38.52332305908203
2019-07-26,49.78419876098633,97.15249633789062,25.39518165588379,315000.0,61.79410171508789,198.36434936523438,133.3007049560547,4.349767684936523,15.202667236328125,38.38202667236328
2019-07-29,50.24909591674805,95.62249755859375,25.46438217163086,313529.0,61.626373291015625,194.58079528808594,133.0083770751953,4.343555450439453,15.718000411987305,38.805938720703125
2019-07-30,50.03342056274414,94.92649841308594,25.280412673950195,312430.0,60.93956756591797,195.6731719970703,132.3669891357422,4.359210014343262,16.150667190551758,38.07291793823242
2019-07-31,51.0543212890625,93.33899688720703,24.472782135009766,308666.0,60.45323181152344,192.8826446533203,128.51905822753906,4.191996097564697,16.107332229614258,37.64900207519531
2019-08-01,49.94954299926758,92.76599884033203,24.08035659790039,303660.0,60.1346435546875,191.39305114746094,130.207275390625,4.097583293914795,15.59000015258789,36.977806091308594
2019-08-02,48.89270782470703,91.16200256347656,23.505659103393555,306000.0,59.36743927001953,187.70883178710938,129.11326599121094,4.00490665435791,15.62266731262207,36.783504486083984
2019-08-05,46.333282470703125,88.25650024414062,22.588315963745117,297785.0,57.30451965332031,180.4693603515625,124.68999481201172,3.7465100288391113,15.221332550048828,35.21149444580078
2019-08-06,47.21037673950195,89.3915023803711,22.48535919189453,302325.0,58.114898681640625,183.2300567626953,127.02900695800781,3.785268783569336,15.383333206176758,36.43906021118164
2019-08-07,47.69926452636719,89.66999816894531,22.790006637573242,299182.0,58.354591369628906,183.86561584472656,127.58535766601562,3.8235325813293457,15.561332702636719,36.43906021118164
2019-08-08,48.751312255859375,91.64450073242188,22.868497848510742,301905.0,59.85723876953125,188.84091186523438,130.9901123046875,3.9321088790893555,15.886667251586914,37.00428771972656
2019-08-09,48.349578857421875,90.37899780273438,23.26936149597168,300435.0,58.99921417236328,186.54690551757812,129.87718200683594,3.830738067626953,15.667332649230957,36.57154846191406
2019-08-12,48.226890563964844,89.24600219726562,23.26175880432129,298001.0,58.28461837768555,184.08412170410156,128.06637573242188,3.762908458709717,15.267333030700684,36.174129486083984
2019-08-13,50.26921844482422,91.21700286865234,23.94196128845215,299510.0,59.387779235839844,187.1427459716797,130.71653747558594,3.8771989345550537,15.666666984558105,36.951316833496094
2019-08-14,48.772972106933594,88.14800262451172,22.917444229125977,295000.0,57.77595901489258,178.46339416503906,126.7801284790039,3.728620767593384,14.641332626342773,35.70604705810547
2019-08-15,48.529991149902344,88.80599975585938,22.67101287841797,298067.0,58.027557373046875,181.32339477539062,126.49625396728516,3.6963212490081787,14.37600040435791,36.085819244384766
2019-08-16,49.675048828125,89.62850189208984,23.104793548583984,300555.0,58.518348693847656,182.4257049560547,128.8145751953125,3.9644083976745605,14.662667274475098,36.68636703491211
2019-08-19,50.60120391845703,90.80599975585938,23.526750564575195,301414.0,59.5718879699707,184.87857055664062,130.97207641601562,4.243178367614746,15.121999740600586,36.8983154296875
2019-08-20,50.603607177734375,90.06900024414062,23.660934448242188,297505.0,58.73273468017578,182.5349578857422,129.88381958007812,4.170877933502197,15.057332992553711,37.03962326049805
2019-08-21,51.15208053588867,91.177001953125,24.262645721435547,299305.0,59.13221740722656,182.27674865722656,131.33163452148438,4.254359722137451,14.722000122070312,37.6048583984375
2019-08-22,51.10878372192383,90.23300170898438,24.27277183532715,302260.0,59.12923812866211,180.77720642089844,130.37588500976562,4.260571002960205,14.8100004196167,37.207420349121094
2019-08-23,48.74649429321289,87.48100280761719,22.965543746948242,296922.0,57.24646759033203,176.5169677734375,126.22180938720703,4.035964488983154,14.09333324432373,36.165306091308594
2019-08-26,49.67264938354492,88.44349670410156,23.395097732543945,300899.0,58.1198616027832,179.10887145996094,128.17108154296875,4.110750198364258,14.333333015441895,36.50973129272461
2019-08-27,49.112144470214844,88.09149932861328,23.255849838256836,298420.0,58.10199737548828,180.0423583984375,128.44554138183594,4.020062446594238,14.272000312805176,36.51856231689453
2019-08-28,49.44170379638672,88.2125015258789,23.297208786010742,300990.0,58.24739456176758,180.49913024902344,128.27516174316406,4.009617805480957,14.37266731262207,36.783504486083984
2019-08-29,50.278846740722656,89.31999969482422,23.91411018371582,305040.0,59.264217376708984,184.28273010253906,130.6976318359375,4.1533684730529785,14.780667304992676,37.339900970458984
2019-08-30,50.213905334472656,88.81449890136719,23.852502822875977,303078.0,59.08010482788086,184.3820343017578,130.45162963867188,4.166053295135498,15.040666580200195,37.64900207519531
2019-09-03,49.48261642456055,89.49199676513672,23.127578735351562,301356.0,58.03897476196289,181.12478637695312,128.7293701171875,4.082985877990723,15.000666618347168,36.84532165527344
2019-09-04,50.322147369384766,90.03099822998047,23.88457489013672,303300.0,58.670204162597656,185.8418426513672,130.2339630126953,4.197140693664551,14.711999893188477,38.10824966430664
2019-09-05,51.30602264404297,92.03600311279297,24.55970573425293,306066.0,60.15498352050781,189.57574462890625,132.52391052246094,4.47022008895874,15.305333137512207,39.07089614868164
2019-09-06,51.301212310791016,91.67549896240234,24.634815216064453,307260.0,59.86368942260742,186.1894073486328,131.62493896484375,4.443109512329102,15.16333293914795,38.602813720703125
2019-09-09,51.52012634277344,91.56749725341797,24.693891525268555,309701.0,59.811580657958984,187.45059204101562,130.12986755371094,4.4891204833984375,15.452667236328125,38.726463317871094
2019-09-10,52.12873077392578,91.02749633789062,24.848329544067383,311950.0,59.832916259765625,184.87857055664062,128.76724243164062,4.555773735046387,15.702667236328125,38.947242736816406
2019-09-11,53.78618240356445,91.14949798583984,25.149606704711914,316230.0,60.54255676269531,187.18247985839844,128.8050537109375,4.58437442779541,16.47333335876465,39.05321502685547
2019-09-12,53.6658935546875,92.17749786376953,25.366491317749023,317182.0,61.28544616699219,186.16952514648438,130.12986755371094,4.582880973815918,16.391332626342773,38.92075729370117
2019-09-13,52.62188720703125,91.96700286865234,24.500633239746094,320850.0,61.53654479980469,185.8914794921875,129.9406280517578,4.524933338165283,16.34666633605957,39.51247024536133
2019-09-16,52.898521423339844,90.39199829101562,24.360538482666016,315807.0,61.11969757080078,184.92823791503906,129.00384521484375,4.481907844543457,16.187332153320312,39.38881301879883
2019-09-17,53.090965270996094,91.12750244140625,24.37489128112793,315744.0,61.03285598754883,186.7753143310547,130.00686645507812,4.503296852111816,16.319332122802734,39.856903076171875
2019-09-18,53.58892822265625,90.87300109863281,24.282899856567383,317030.0,61.170310974121094,186.8349151611328,131.07611083984375,4.476187705993652,16.232667922973633,39.77742004394531
2019-09-19,53.15351104736328,91.07499694824219,24.527639389038086,315000.0,61.473026275634766,188.82102966308594,133.4890899658203,4.400581359863281,16.440000534057617,39.93930435180664
2019-09-20,52.37651824951172,89.70800018310547,24.209962844848633,313700.0,61.03086853027344,188.61248779296875,131.94671630859375,4.294881820678711,16.041332244873047,39.02309036254883
2019-09-23,52.614654541015625,89.26499938964844,24.31216049194336,313225.0,61.27155303955078,185.52406311035156,131.662841796875,4.348352909088135,16.082000732421875,39.20100784301758
2019-09-24,52.36448669433594,87.08049774169922,24.04387855529785,310356.0,60.45968246459961,180.02249145507812,129.9973907470703,4.2909040451049805,14.880666732788086,39.2454719543457
2019-09-25,53.17034912109375,88.41649627685547,23.486879348754883,311906.0,61.829833984375,181.53195190429688,131.8710174560547,4.432663440704346,15.24666690826416,40.037147521972656
2019-09-26,52.89611053466797,86.99199676513672,23.583974838256836,310250.0,61.64869689941406,178.860595703125,132.0413360595703,4.410528659820557,16.17066764831543,41.32695388793945
2019-09-27,52.63872528076172,86.27249908447266,23.348054885864258,311450.0,60.83782196044922,175.8715057373047,130.32859802246094,4.271753311157227,16.142000198364258,40.481910705566406
2019-09-30,53.87758255004883,86.79550170898438,23.51243019104004,311832.0,60.5991325378418,176.8446807861328,131.55870056152344,4.329201698303223,16.058000564575195,41.344749450683594
2019-10-01,54.026729583740234,86.78250122070312,23.408523559570312,310005.0,59.84780502319336,174.59042358398438,129.70407104492188,4.327462673187256,16.312667846679688,41.97629928588867
2019-10-02,52.67239761352539,85.6614990234375,23.00141716003418,305090.0,58.45433807373047,173.3888397216797,127.41410827636719,4.303586483001709,16.208667755126953,41.30026626586914
2019-10-03,53.11983871459961,86.22100067138672,23.37275505065918,307250.0,59.02552032470703,178.1356658935547,128.9564971923828,4.509265899658203,15.535332679748535,41.92292785644531
2019-10-04,54.6088752746582,86.98249816894531,23.968929290771484,312524.0,60.09394836425781,179.1982421875,130.6976318359375,4.525680065155029,15.428667068481445,42.18088912963867
2019-10-07,54.62091064453125,86.63300323486328,23.513282775878906,310720.0,59.95946502685547,178.43357849121094,129.75135803222656,4.58437442779541,15.847999572753906,42.65232849121094
2019-10-08,53.981021881103516,85.27549743652344,23.02356719970703,306539.0,59.06025695800781,176.5169677734375,128.37928771972656,4.4077935218811035,16.003332138061523,42.572265625
2019-10-09,54.61369323730469,86.09950256347656,23.26374053955078,310000.0,59.669151306152344,178.60243225097656,130.81121826171875,4.494344234466553,16.302000045776367,43.30168151855469
2019-10-10,55.34980010986328,86.01300048828125,23.374454498291016,309974.0,60.02000427246094,178.78114318847656,131.62493896484375,4.552042484283447,16.31599998474121,43.52405548095703
2019-10-11,56.82200241088867,86.59600067138672,23.924640655517578,312500.0,60.32966613769531,182.9123077392578,132.17379760742188,4.625660419464111,16.525999069213867,43.959930419921875
2019-10-14,56.740211486816406,86.82150268554688,23.98851776123047,311640.0,60.4318962097168,182.0086212158203,132.05078125,4.639089107513428,17.130666732788086,44.395782470703125
2019-10-15,56.6079216003418,88.36900329589844,24.7260799407959,314250.0,61.64622116088867,187.5797119140625,133.96226501464844,4.883813381195068,17.19266700744629,44.82275390625
2019-10-16,56.37937927246094,88.87149810791016,24.569364547729492,313850.0,61.683937072753906,188.235107421875,132.8645782470703,4.8300933837890625,17.316667556762695,44.59148406982422
2019-10-17,56.5982780456543,89.3740005493164,24.65028190612793,313200.0,62.170257568359375,189.0692901611328,132.18324279785156,4.8320841789245605,17.46466636657715,44.253456115722656
2019-10-18,56.870121002197266,87.87550354003906,24.42032814025879,313270.0,61.75390625,184.56077575683594,130.02581787109375,4.737576961517334,17.1299991607666,43.83538818359375
2019-10-21,57.85639572143555,89.28299713134766,24.662206649780273,317040.0,61.7474479675293,188.4436492919922,130.9909210205078,4.874861717224121,16.899999618530273,44.47584533691406
2019-10-22,57.724098205566406,88.2864990234375,24.48249626159668,316180.0,61.5946044921875,181.07513427734375,129.04168701171875,4.864912509918213,17.038667678833008,45.04513931274414
2019-10-23,58.498687744140625,88.1084976196289,23.87439727783203,316560.0,62.40994644165039,184.85870361328125,129.86492919921875,4.851980686187744,16.978666305541992,44.62705993652344
2019-10-24,58.59491729736328,89.03900146484375,24.04387855529785,315027.0,62.483394622802734,185.08712768554688,132.4198455810547,4.896001815795898,19.978666305541992,45.320884704589844
2019-10-25,59.31657409667969,88.06649780273438,24.683494567871094,317495.0,62.74094772338867,186.58663940429688,133.16738891601562,5.087006568908691,21.875333786010742,45.48100662231445
2019-10-28,59.9107666015625,88.85399627685547,24.830835342407227,319055.0,63.96569061279297,188.08615112304688,136.44143676757812,5.142964839935303,21.847333908081055,45.641109466552734
2019-10-29,58.52516174316406,88.135498046875,24.542112350463867,319423.0,62.5603141784668,187.9967803955078,135.154541015625,5.046716213226318,21.08133316040039,45.7834358215332
2019-10-30,58.51793670654297,88.99949645996094,24.71926498413086,320000.0,62.56229782104492,186.9441375732422,136.83889770507812,5.048707008361816,21.000667572021484,46.174808502197266
2019-10-31,59.84100341796875,88.83300018310547,24.941551208496094,318939.0,62.46800994873047,190.32052612304688,135.6654510498047,4.999462127685547,20.994667053222656,45.92575454711914
2019-11-01,61.53934097290039,89.5719985961914,25.260089874267578,323400.0,63.135467529296875,192.27687072753906,135.99668884277344,5.038508892059326,20.887332916259766,46.34383010864258
2019-11-04,61.9434700012207,90.23300170898438,25.976348876953125,326800.0,63.99695587158203,193.3692626953125,136.78211975097656,5.235233306884766,21.1646671295166,47.580265045166016
2019-11-05,61.85446548461914,90.08550262451172,26.74627685546875,331500.0,64.0877685546875,192.97203063964844,136.6969451904297,5.213100433349609,21.148000717163086,47.633628845214844
2019-11-06,61.880924224853516,89.78849792480469,26.67131996154785,332855.0,64.06642150878906,190.22125244140625,136.3184356689453,5.16385555267334,21.77199935913086,47.713680267333984
2019-11-07,62.59511184692383,89.41000366210938,26.550386428833008,333860.0,64.8569564819336,189.09909057617188,136.50765991210938,5.181513786315918,22.369333267211914,47.74037170410156
2019-11-08,62.76640701293945,89.29399871826172,26.69261932373047,331526.0,64.95918273925781,189.5161895751953,138.11631774902344,5.167586803436279,22.47599983215332,46.99318313598633
2019-11-11,63.26346969604492,88.5824966430664,26.636402130126953,330986.0,64.42721557617188,188.2947235107422,138.25828552246094,5.177535057067871,23.006000518798828,46.7885856628418
2019-11-12,63.205535888671875,88.9000015258789,26.873170852661133,331106.0,64.37410736083984,193.12098693847656,139.1667022705078,5.213100433349609,23.32866668701172,46.388301849365234
2019-11-13,63.811161041259766,87.65550231933594,26.71476173400879,329402.0,64.322998046875,191.84986877441406,139.3937530517578,5.187233924865723,23.073999404907227,47.03765106201172
2019-11-14,63.36962890625,87.7300033569336,26.31447410583496,329302.0,64.96662902832031,191.8101348876953,140.10340881347656,5.2175750732421875,23.290000915527344,46.681846618652344
2019-11-15,64.12240600585938,86.97450256347656,26.6500301361084,329405.0,66.17697143554688,193.7466278076172,141.91082763671875,5.078301429748535,23.47800064086914,47.402347564697266
2019-11-18,64.44571685791016,87.62650299072266,26.493322372436523,329225.0,65.49712371826172,196.03067016601562,142.26092529296875,5.2795023918151855,23.332666397094727,47.51799392700195
2019-11-19,64.25027465820312,87.6395034790039,27.05799102783203,328601.0,65.13733673095703,197.93736267089844,142.30824279785156,5.1728105545043945,23.968000411987305,47.82042694091797
2019-11-20,63.5023193359375,87.27649688720703,26.544424057006836,326712.0,64.60486602783203,196.13990783691406,142.0614013671875,5.252145290374756,23.481332778930664,47.58915328979492
2019-11-21,63.217628479003906,86.7354965209961,26.84932518005371,325102.0,64.51951599121094,196.55697631835938,141.928466796875,5.22727632522583,23.655332565307617,47.12660217285156
2019-11-22,63.16213607788086,87.28600311279297,26.82122039794922,326962.0,64.19843292236328,197.44082641601562,142.03286743164062,5.244933605194092,22.202667236328125,46.95758819580078
2019-11-25,64.26959228515625,88.69200134277344,27.22150993347168,328301.0,64.7924575805664,198.404052734375,143.5900421142578,5.501596450805664,22.422666549682617,47.82042694091797
2019-11-26,63.76774215698242,89.84700012207031,26.93619728088379,328402.0,65.15768432617188,197.5897674560547,144.3496856689453,5.396892547607422,21.92799949645996,47.70478820800781
2019-11-27,64.62428283691406,90.92549896240234,27.121013641357422,330685.0,65.11450958251953,200.5987548828125,144.62501525878906,5.431735992431641,22.086000442504883,47.93606185913086
2019-11-29,64.48191833496094,90.04000091552734,26.931089401245117,330495.0,64.71552276611328,200.2412567138672,143.73248291015625,5.394404888153076,21.996000289916992,47.22445297241211
2019-12-02,63.736358642578125,89.08000183105469,26.463516235351562,330609.0,63.95974349975586,198.31471252441406,141.99493408203125,5.207985877990723,22.32466697692871,47.12660217285156
2019-12-03,62.59994888305664,88.49800109863281,26.105806350708008,327539.0,64.25151824951172,197.44082641601562,141.76707458496094,5.168413162231445,22.413333892822266,46.94870376586914
2019-12-04,63.15245819091797,88.03450012207031,26.37834358215332,327501.0,65.45246887207031,197.33157348632812,142.27981567382812,5.212217330932617,22.20199966430664,47.304500579833984
2019-12-05,64.07897186279297,87.02400207519531,26.503541946411133,329799.0,65.85045623779297,197.97706604003906,142.355712890625,5.19529390335083,22.024667739868164,48.38972091674805
2019-12-06,65.31674194335938,87.58000183105469,26.917457580566406,333640.0,66.46727752685547,199.6553497314453,144.0837860107422,5.280660629272461,22.392667770385742,48.87005615234375
2019-12-09,64.40229797363281,87.47550201416016,26.775232315063477,331904.0,66.64593505859375,199.9433135986328,143.7135009765625,5.280660629272461,22.635332107543945,48.443092346191406
2019-12-10,64.77867889404297,86.96050262451172,26.83314323425293,332120.0,66.64097595214844,199.47657775878906,143.49508666992188,5.325711727142334,23.256000518798828,48.4964599609375
2019-12-11,65.33119201660156,87.43599700927734,27.230024337768555,333600.0,66.7084732055664,200.85694885253906,144.03631591796875,5.409337043762207,23.51333236694336,49.7239875793457
2019-12-12,65.4977035522461,88.0165023803711,27.91818618774414,338800.0,66.91888427734375,195.3851776123047,145.49855041503906,5.576838970184326,23.978666305541992,52.134586334228516
2019-12-13,66.38802337646484,88.0469970703125,26.863800048828125,338080.0,66.83848571777344,192.7635040283203,146.72332763671875,5.574845314025879,23.892667770385742,51.814369201660156
2019-12-16,67.52445220947266,88.46050262451172,27.52045440673828,340380.0,67.52481842041016,196.5470733642578,147.67283630371094,5.603717803955078,25.433332443237305,52.07231521606445
2019-12-17,67.65715789794922,89.53299713134766,27.577516555786133,339000.0,67.23648071289062,197.0137939453125,146.87530517578125,5.681870460510254,25.266000747680664,52.68607711791992
2019-12-18,67.49549865722656,89.20149993896484,27.887527465820312,337500.0,67.08859252929688,201.09530639648438,146.57144165039062,5.712233066558838,26.209999084472656,52.5704460144043
2019-12-19,67.56304931640625,89.61399841308594,27.60306167602539,337491.0,67.31339263916016,204.63058471679688,147.8437957763672,5.86032247543335,26.93600082397461,51.91655349731445
2019-12-20,67.42311096191406,89.32499694824219,27.44390869140625,339850.0,67.05435943603516,204.86892700195312,149.4578399658203,5.957637786865234,27.03933334350586,51.889686584472656
2019-12-23,68.5233383178711,89.6500015258789,27.489501953125,338045.0,67.02507781982422,204.74974060058594,149.4578399658203,5.943949222564697,27.947999954223633,52.149452209472656
2019-12-24,68.58848571777344,89.46050262451172,27.572954177856445,338390.0,66.7174072265625,203.69711303710938,149.42935180664062,5.938970565795898,28.350000381469727,51.7374153137207
2019-12-26,69.94931030273438,93.4384994506836,27.356155395507812,339650.0,67.61262512207031,206.3485870361328,150.65415954589844,5.953157424926758,28.729333877563477,52.17634201049805
2019-12-27,69.92276000976562,93.48999786376953,27.231412887573242,338920.0,67.22407531738281,206.6564483642578,150.9295654296875,5.895416259765625,28.691999435424805,52.36442565917969
2019-12-30,70.33776092529297,92.34449768066406,26.96729850769043,338750.0,66.48316955566406,202.99203491210938,149.62876892089844,5.78217077255249,27.64666748046875,51.81802749633789
2019-12-31,70.85166931152344,92.39199829101562,27.187532424926758,339590.0,66.46727752685547,203.82620239257812,149.73316955566406,5.856340408325195,27.8886661529541,52.04196548461914
2020-01-02,72.46825408935547,94.90049743652344,27.735549926757812,342261.0,67.92082214355469,208.32476806640625,152.5056915283203,5.971076965332031,28.68400001525879,53.77968978881836
2020-01-03,71.76373291015625,93.74849700927734,27.030099868774414,339155.0,67.56548309326172,207.22247314453125,150.6067352294922,5.875504016876221,29.534000396728516,52.00613784790039
2020-01-06,72.33556365966797,95.14399719238281,26.989667892456055,340210.0,69.36638641357422,211.125244140625,150.99600219726562,5.900144100189209,30.1026668548584,51.40599060058594
2020-01-07,71.99535369873047,95.34300231933594,26.896751403808594,338901.0,69.23239135742188,211.58201599121094,149.6192626953125,5.9715752601623535,31.270666122436523,52.23902893066406
2020-01-08,73.15350341796875,94.59850311279297,26.56122589111328,339188.0,69.72517395019531,213.72705078125,152.00245666503906,5.982775688171387,32.80933380126953,52.62419509887695
2020-01-09,74.70734405517578,95.05249786376953,26.347875595092773,343263.0,70.45714569091797,216.78567504882812,153.90145874023438,6.04848051071167,32.089332580566406,53.05413818359375
2020-01-10,74.876220703125,94.15799713134766,25.742212295532227,340185.0,70.91220092773438,216.54733276367188,153.18934631347656,6.080836772918701,31.876667022705078,52.72271728515625
2020-01-13,76.47591400146484,94.56500244140625,25.91083335876465,342855.0,71.4615478515625,220.37063598632812,155.03135681152344,6.271484851837158,34.990665435791016,53.797603607177734
2020-01-14,75.44322967529297,93.47200012207031,26.51305389404297,340706.0,70.99310302734375,217.5404052734375,153.93942260742188,6.154507637023926,35.861331939697266,54.03048324584961
2020-01-15,75.11992645263672,93.10099792480469,26.07946014404297,342550.0,71.42036437988281,219.6159210205078,154.93637084960938,6.111948013305664,34.56666564941406,52.30173110961914
2020-01-16,76.06092071533203,93.89700317382812,26.415836334228516,344505.0,71.96424865722656,220.2316131591797,157.7753143310547,6.195574760437012,34.232666015625,52.62419509887695
2020-01-17,76.90296936035156,93.23600006103516,26.56553077697754,344970.0,73.4212417602539,220.5990447998047,158.65835571289062,6.204285144805908,34.03333282470703,52.471923828125
2020-01-21,76.3818130493164,94.5999984741211,26.503589630126953,342650.0,73.5567398071289,219.90391540527344,158.088623046875,6.17093563079834,36.47999954223633,52.167362213134766
2020-01-22,76.65447235107422,94.37300109863281,26.925142288208008,344700.0,73.63711547851562,219.78472900390625,157.32901000976562,6.2249436378479,37.97066879272461,52.265892028808594
2020-01-23,77.02363586425781,94.22899627685547,27.499832153320312,344414.0,73.67780303955078,218.2355499267578,158.29751586914062,6.293386936187744,38.14666748046875,51.48660659790039
2020-01-24,76.8016586303711,93.08200073242188,27.87406349182129,340199.0,72.7587661743164,216.42819213867188,156.70240783691406,6.234151840209961,37.654666900634766,51.710540771484375
2020-01-27,74.54325866699219,91.41699981689453,26.586177825927734,333621.0,71.04967498779297,213.37945556640625,154.08181762695312,5.978294372558594,37.201332092285156,49.498085021972656
2020-01-28,76.65203857421875,92.6624984741211,27.38454818725586,336000.0,71.98114013671875,216.27923583984375,157.1011962890625,6.171682834625244,37.793331146240234,51.137271881103516
2020-01-29,78.25656127929688,92.9000015258789,27.315719604492188,336476.0,72.28880310058594,221.68148803710938,159.5508575439453,6.111201763153076,38.732666015625,51.22684097290039
2020-01-30,78.14315795898438,93.53399658203125,27.11699104309082,342000.0,72.16722869873047,208.07652282714844,164.05137634277344,6.117920875549316,42.72066879272461,49.981781005859375
2020-01-31,74.6783676147461,100.43599700927734,26.25324249267578,335996.0,71.10176849365234,200.50938415527344,161.63021850585938,5.884463787078857,43.371334075927734,48.31572341918945
2020-02-03,74.47331237792969,100.20999908447266,26.259260177612305,334860.0,73.57408905029297,202.77357482910156,165.57058715820312,5.981531620025635,52.0,49.05917739868164
2020-02-04,76.93193054199219,102.4834976196289,26.807275772094727,337421.0,71.72854614257812,208.3744354248047,171.02056884765625,6.150774002075195,59.137332916259766,51.52244186401367
2020-02-05,77.55926513671875,101.99349975585938,27.30453872680664,342615.0,71.76029968261719,208.6525115966797,170.81167602539062,6.241121292114258,48.97999954223633,51.880733489990234
2020-02-06,78.46647644042969,102.5114974975586,27.50326919555664,344081.0,73.24507904052734,209.3873748779297,174.35325622558594,6.327982425689697,49.930667877197266,51.970306396484375
2020-02-07,77.39990234375,103.96399688720703,27.119571685791016,340900.0,73.4009017944336,210.85708618164062,174.60011291503906,6.261778354644775,49.871334075927734,50.3400764465332
2020-02-10,77.76753234863281,106.69550323486328,27.030960083007812,340361.0,74.86731719970703,211.58201599121094,179.16714477539062,6.545013904571533,51.41866683959961,51.07457733154297
2020-02-11,77.2983169555664,107.54000091552734,27.543703079223633,340780.0,74.93679809570312,205.7527618408203,175.12234497070312,6.667466163635254,51.62533187866211,52.543582916259766
2020-02-12,79.13396453857422,108.0,27.934284210205078,341000.0,75.36209106445312,209.2979736328125,175.3787078857422,6.783200263977051,51.15266799926758,53.412437438964844
2020-02-13,78.57047271728516,107.49349975585938,27.87148094177246,338500.0,75.10205078125,211.66148376464844,174.42922973632812,6.739394664764404,53.599998474121094,53.14371871948242
2020-02-14,78.5898208618164,106.74349975585938,27.33809471130371,340224.0,75.3670425415039,212.6942596435547,175.98635864257812,7.212531566619873,53.33533477783203,52.12257385253906
2020-02-18,77.15077209472656,107.78350067138672,26.73415184020996,339745.0,75.40228271484375,216.28915405273438,177.77139282226562,7.381278038024902,57.22666549682617,50.32215881347656
2020-02-19,78.26815795898438,108.51100158691406,27.15914535522461,344000.0,75.67173767089844,215.98130798339844,178.3045654296875,7.832512378692627,61.16133117675781,51.62992858886719
2020-02-20,77.46517944335938,107.65499877929688,26.604246139526367,342122.0,75.28070068359375,213.09149169921875,175.5816192626953,7.683180332183838,59.96066665649414,50.590877532958984
2020-02-21,75.71177673339844,104.79850006103516,26.19645881652832,343449.0,73.61676788330078,208.72201538085938,170.031005859375,7.319056987762451,60.06666564941406,49.79368209838867
2020-02-24,72.11544799804688,100.4645004272461,25.086660385131836,333190.0,70.46061706542969,199.32762145996094,162.7000274658203,6.80161714553833,55.58599853515625,48.476951599121094
2020-02-25,69.67271423339844,98.63700103759766,24.319252014160156,328000.0,68.79619598388672,195.40504455566406,160.01519775390625,6.522116661071777,53.32733154296875,48.24406433105469
2020-02-26,70.77799224853516,98.97949981689453,24.594562530517578,324301.0,69.00213623046875,195.83204650878906,162.01455688476562,6.661493301391602,51.91999816894531,49.29207229614258
2020-02-27,66.15135192871094,94.21499633789062,23.568208694458008,312619.0,65.25444793701172,188.43373107910156,150.59915161132812,6.290677547454834,45.266666412353516,47.73348617553711
2020-02-28,66.11265563964844,94.1875,23.45378303527832,309096.0,66.46034240722656,191.13487243652344,154.24563598632812,6.72574520111084,44.53266525268555,48.22614669799805
2020-03-02,72.26779174804688,97.69750213623047,24.516273498535156,324500.0,68.79619598388672,195.0773162841797,164.50900268554688,6.8841328620910645,49.574668884277344,50.14300537109375
2020-03-03,69.97262573242188,95.44950103759766,23.59401512145996,313914.0,66.38441467285156,184.6005096435547,156.6258087158203,6.62164831161499,49.70066833496094,49.157711029052734
2020-03-04,73.21827697753906,98.79149627685547,24.557565689086914,326125.0,68.56197357177734,190.42977905273438,162.3763427734375,7.085354804992676,49.96666717529297,51.12833023071289
2020-03-05,70.84327697753906,96.20149993896484,23.575946807861328,315000.0,65.24502563476562,183.885498046875,158.30145263671875,6.805935382843018,48.30266571044922,49.91908264160156
2020-03-06,69.90247344970703,95.05449676513672,23.18107032775879,310894.0,64.3011703491211,179.8338165283203,153.82667541503906,6.625383377075195,46.89866638183594,49.32789993286133
2020-03-09,64.3737564086914,90.03050231933594,21.31161117553711,290005.0,60.33363342285156,168.32418823242188,143.40150451660156,6.112368106842041,40.53333282470703,46.42573547363281
2020-03-10,69.01004028320312,94.59100341796875,22.617568969726562,303561.0,63.28036880493164,176.9539337158203,153.20790100097656,6.501859664916992,43.02199935913086,48.8262939453125
2020-03-11,66.61331176757812,91.04299926757812,21.16105842590332,292130.0,60.09096908569336,169.05908203125,146.2672576904297,6.138017177581787,42.28200149536133,46.7929801940918
2020-03-12,60.034915924072266,83.83049774169922,18.821874618530273,272000.0,55.16072082519531,153.39846801757812,132.39552307128906,5.3869218826293945,37.369998931884766,43.613136291503906
2020-03-13,67.22760009765625,89.25,20.150192260742188,289000.0,60.25820541381836,169.0988006591797,151.21800231933594,5.997809410095215,36.44133377075195,46.78402328491211
2020-03-16,58.5789794921875,84.4574966430664,16.137706756591797,268000.0,53.247676849365234,144.9971466064453,128.9299774169922,4.891088485717773,29.67133331298828,40.218318939208984
2020-03-17,61.154701232910156,90.39199829101562,17.164058685302734,280248.0,55.48377990722656,148.38348388671875,139.54559326171875,5.410828590393066,28.68000030517578,43.47877502441406
2020-03-18,59.657630920410156,91.5,14.442032814025879,256300.0,54.15035629272461,145.94058227539062,133.67127990722656,5.050971031188965,24.08133316040039,39.74357604980469
2020-03-19,59.200538635253906,94.04650115966797,16.728740692138672,261690.0,55.16667556762695,152.06776428222656,135.87062072753906,5.303744316101074,28.50933265686035,39.686607360839844
2020-03-20,55.442161560058594,92.30449676513672,16.81798553466797,257346.0,53.00996780395508,148.6913299560547,130.7675018310547,5.12393856048584,28.50200080871582,40.26531219482422
2020-03-23,54.264339447021484,95.1415023803711,16.927350997924805,240000.0,52.31125259399414,147.0726776123047,129.46311950683594,5.296771049499512,28.952667236328125,40.925411224365234
2020-03-24,59.70842742919922,97.00499725341797,18.615095138549805,267090.0,56.07679748535156,159.86331176757812,141.23074340820312,6.205507278442383,33.66666793823242,44.189666748046875
2020-03-25,59.3795051574707,94.29199981689453,19.034191131591797,270759.0,54.667945861816406,155.12640380859375,139.87881469726562,6.116849422454834,35.95000076293945,44.30722427368164
2020-03-26,62.504234313964844,97.77449798583984,21.275774002075195,276095.0,57.709957122802734,162.20693969726562,148.62835693359375,6.40623140335083,35.21066665649414,45.093902587890625
2020-03-27,59.916412353515625,95.00499725341797,20.18385887145996,268126.0,55.09670639038086,155.70236206054688,142.52560424804688,6.293913841247559,34.29066848754883,42.41738510131836
2020-03-30,61.626304626464844,98.19750213623047,21.008041381835938,274021.0,56.88568878173828,164.79884338378906,152.55091857910156,6.6141767501831055,33.47533416748047,43.240238189697266
2020-03-31,61.50054168701172,97.48600006103516,20.744688034057617,272000.0,57.66182327270508,165.64292907714844,150.15170288085938,6.564617156982422,34.93333435058594,43.21310043334961
2020-04-01,58.264556884765625,95.38500213623047,19.56614875793457,261250.0,54.6917610168457,158.4928741455078,144.82009887695312,6.053343772888184,32.104000091552734,42.05569076538086
2020-04-02,59.23680114746094,95.94149780273438,20.741186141967773,271475.0,55.43266677856445,157.0926513671875,147.8191680908203,6.362150192260742,30.29800033569336,43.52054214477539
2020-04-03,58.385494232177734,95.32949829101562,20.49620246887207,267954.0,54.225284576416016,153.1104736328125,146.45767211914062,6.074263095855713,32.000667572021484,42.55302429199219
2020-04-06,63.4788818359375,99.87950134277344,22.086835861206055,277260.0,58.715858459472656,164.40159606933594,157.34939575195312,6.684155464172363,34.41600036621094,45.184326171875
2020-04-07,62.74366760253906,100.58000183105469,22.159454345703125,276700.0,58.684593200683594,167.6588592529297,155.65467834472656,6.450807571411133,36.36333465576172,44.95826721191406
2020-04-08,64.34955596923828,102.1500015258789,22.84453010559082,286999.0,59.89742660522461,173.071044921875,157.2161102294922,6.648045063018799,36.589332580566406,45.455596923828125
2020-04-09,64.81391906738281,102.13800048828125,22.249576568603516,290500.0,59.87609100341797,173.9747314453125,157.22561645507812,6.548430442810059,38.20000076293945,43.70139694213867
2020-04-13,66.0860595703125,108.44349670410156,22.74128532409668,282800.0,60.066650390625,173.57748413085938,157.57791137695312,6.720265865325928,43.39666748046875,44.08116912841797
2020-04-14,69.42362213134766,114.16600036621094,23.41585922241211,289730.0,62.7870979309082,176.93405151367188,165.37538146972656,7.071408271789551,47.32600021362305,45.78110885620117
2020-04-15,68.78997039794922,115.38400268554688,22.524307250976562,283750.0,62.393577575683594,175.74237060546875,163.64260864257812,6.99395751953125,48.65533447265625,44.90400314331055
2020-04-16,69.33654022216797,120.40950012207031,22.598674774169922,282282.0,62.4000244140625,175.02735900878906,168.5552978515625,7.339123249053955,49.680667877197266,47.3816032409668
2020-04-17,68.39574432373047,118.75,23.262746810913086,284400.0,63.47043991088867,177.99664306640625,170.04055786132812,7.27985143661499,50.259334564208984,48.54805374145508
2020-04-20,66.97606658935547,119.68049621582031,22.59779167175293,282800.0,62.58462905883789,177.0035858154297,166.67019653320312,7.148610591888428,49.75733184814453,47.553409576416016
2020-04-21,64.90582275390625,116.40599822998047,21.667743682861328,275750.0,60.15349578857422,169.6151885986328,159.77719116210938,6.711797714233398,45.781333923339844,46.45024871826172
2020-04-22,66.77533721923828,118.17449951171875,22.74566650390625,279660.0,62.44865798950195,181.0155487060547,165.2040252685547,7.126196384429932,48.807334899902344,47.878936767578125
2020-04-23,66.51655578613281,119.97250366210938,22.654672622680664,278750.0,63.08186721801758,183.84576416015625,163.20465087890625,7.072903156280518,47.04199981689453,47.598609924316406
2020-04-24,68.4368667602539,120.51100158691406,23.169126510620117,279460.0,63.35133743286133,188.7515106201172,166.18463134765625,7.211864471435547,48.34333419799805,47.68000411987305
2020-04-27,68.4852294921875,118.80000305175781,23.48760414123535,281264.0,63.06648635864258,186.19935607910156,165.70860290527344,7.398393630981445,53.25,48.385292053222656
2020-04-28,67.37513732910156,115.7040023803711,23.162128448486328,280600.0,61.16733932495117,181.6411895751953,161.6718292236328,7.255946159362793,51.27466583251953,47.707122802734375
2020-04-29,69.58808135986328,118.635498046875,24.14992904663086,284749.0,66.60575103759766,192.8429412841797,168.9266357421875,7.432760238647461,53.367332458496094,49.262393951416016
2020-04-30,71.05610656738281,123.69999694824219,23.76495933532715,281700.0,66.83003997802734,203.2899932861328,170.621337890625,7.27885627746582,52.12533187866211,48.04169845581055
2020-05-01,69.91216278076172,114.302001953125,22.722036361694336,273975.0,65.37206268310547,200.86688232421875,166.20370483398438,7.042271614074707,46.75466537475586,46.206092834472656
2020-05-04,70.90135192871094,115.79949951171875,22.946022033691406,267080.0,65.64897155761719,203.8361358642578,170.26902770996094,7.254201412200928,50.74599838256836,47.15554428100586
2020-05-05,71.96549224853516,115.88999938964844,23.174379348754883,264280.0,66.94517517089844,205.63357543945312,172.09703063964844,7.315214157104492,51.2140007019043,46.75768280029297
2020-05-06,72.70796966552734,117.56300354003906,23.114009857177734,259100.0,66.76702880859375,207.0238800048828,173.79171752929688,7.416076183319092,52.172000885009766,47.1374626159668
2020-05-07,73.46012115478516,118.38050079345703,23.42635726928711,260750.0,67.95056915283203,209.7945098876953,174.80093383789062,7.59239387512207,52.00266647338867,47.318302154541016
2020-05-08,75.2086181640625,118.98049926757812,24.063308715820312,265280.0,68.69793701171875,210.876953125,175.8291473388672,7.782409191131592,54.62799835205078,47.842769622802734
2020-05-11,76.39202880859375,120.44999694824219,24.095685958862305,261601.0,69.6532211303711,211.70120239257812,177.79042053222656,8.034435272216797,54.08599853515625,47.3816032409668
2020-05-12,75.51900482177734,117.84750366210938,23.48760414123535,260000.0,68.24337005615234,208.64256286621094,173.76315307617188,7.772449016571045,53.96066665649414,46.206092834472656
2020-05-13,74.60718536376953,118.39600372314453,23.02388572692871,255715.0,66.91092681884766,203.67726135253906,171.13546752929688,7.750034332275391,52.73066711425781,46.04335021972656
2020-05-14,75.06552124023438,119.44249725341797,23.32573890686035,256230.0,67.33423614501953,205.37538146972656,171.87803649902344,7.999569892883301,53.55533218383789,47.11033630371094
2020-05-15,74.6217269897461,120.48899841308594,22.78415870666504,253501.0,68.13816833496094,209.41714477539062,174.3820037841797,8.458047866821289,53.27799987792969,45.030601501464844
2020-05-18,76.37989044189453,121.31300354003906,23.93207359313965,262900.0,68.73963165283203,211.7111358642578,176.0481414794922,8.716547966003418,54.242000579833984,46.9023551940918
2020-05-19,75.93856048583984,122.46649932861328,23.7938289642334,258700.0,68.20466613769531,215.37554931640625,174.82949829101562,8.771585464477539,53.867332458496094,45.94387435913086
2020-05-20,77.41541290283203,124.89700317382812,24.38266372680664,264100.0,69.92964172363281,228.37472534179688,177.25448608398438,8.93545150756836,54.37066650390625,46.87522506713867
2020-05-21,76.83824920654297,122.33699798583984,24.04318618774414,261906.0,69.81004333496094,229.78488159179688,175.12545776367188,8.741451263427734,55.17333221435547,45.889617919921875
2020-05-22,77.33296966552734,121.84400177001953,24.20505142211914,263094.0,70.13209533691406,233.28045654296875,175.2018280029297,8.991483688354492,54.45866775512695,45.030601501464844
2020-05-26,76.80913543701172,121.09300231933594,24.67488670349121,270330.0,70.53555297851562,230.58926391601562,173.34967041015625,8.684173583984375,54.591331481933594,45.952911376953125
2020-05-27,77.14380645751953,120.51950073242188,25.162227630615234,278495.0,70.48146057128906,227.5504913330078,173.5787811279297,8.492412567138672,54.68199920654297,46.784812927246094
2020-05-28,77.17778015136719,120.05500030517578,24.77288246154785,277035.0,70.38023376464844,223.89602661132812,173.18734741210938,8.454310417175293,53.72066879272461,45.46464157104492
2020-05-29,77.10257720947266,122.11849975585938,25.48420524597168,278640.0,71.13851165771484,223.52857971191406,174.95359802246094,8.841315269470215,55.66666793823242,45.509849548339844
2020-06-01,78.05078887939453,123.552001953125,25.37221336364746,275600.0,71.20549774169922,230.30128479003906,174.5526123046875,8.772332191467285,59.87333297729492,46.14280319213867
2020-06-02,78.41212463378906,123.62049865722656,26.07828712463379,278560.0,71.57469177246094,231.10565185546875,176.5384521484375,8.791255950927734,58.770668029785156,47.02894973754883
2020-06-03,78.84376525878906,123.91999816894531,27.081832885742188,286090.0,71.4228515625,228.56341552734375,176.96804809570312,8.735723495483398,58.86399841308594,47.978397369384766
2020-06-04,78.1647720336914,123.02999877929688,27.025836944580078,287878.0,70.1846923828125,224.72024536132812,174.63856506347656,8.736719131469727,57.62533187866211,49.08155059814453
2020-06-05,80.3909683227539,124.1500015258789,27.742406845092773,300920.0,71.46105194091797,229.169189453125,178.72479248046875,8.889700889587402,59.04399871826172,49.9134407043457
2020-06-08,80.86627960205078,126.2030029296875,27.78091049194336,302235.0,71.85905456542969,229.7947998046875,179.832275390625,8.775091171264648,63.327999114990234,50.24800109863281
2020-06-09,83.41986846923828,130.04299926757812,27.58841896057129,293955.0,72.05953979492188,237.01437377929688,181.20709228515625,9.015268325805664,62.711334228515625,51.188411712646484
2020-06-10,85.5660629272461,132.37249755859375,27.56392478942871,287200.0,72.68579864501953,235.08786010742188,187.92832946777344,9.334931373596191,68.336669921875,52.03837966918945
2020-06-11,81.45799255371094,127.89800262451172,25.701187133789062,267729.0,69.56935119628906,222.87315368652344,177.8368682861328,8.766369819641113,64.85600280761719,49.768768310546875
2020-06-12,82.16127014160156,127.2509994506836,26.269893646240234,271515.0,70.11622619628906,226.994384765625,179.2403106689453,8.902156829833984,62.35200119018555,50.6368293762207
2020-06-15,83.17737579345703,128.63400268554688,26.605867385864258,271956.0,70.50428771972656,230.88717651367188,180.38600158691406,9.14258861541748,66.05999755859375,50.654911041259766
2020-06-16,85.38175201416016,130.7635040283203,27.18595314025879,273480.0,71.78114318847656,234.0153045654297,184.80638122558594,9.037692070007324,65.47533416748047,50.45597839355469
2020-06-17,85.262939453125,132.0489959716797,27.42393684387207,275000.0,72.08236694335938,233.8961639404297,185.44602966308594,9.204625129699707,66.11933135986328,51.17935562133789
2020-06-18,85.2968978881836,132.69900512695312,27.88502311706543,273000.0,71.16826629638672,234.3032989501953,187.43185424804688,9.186684608459473,66.9306640625,51.15203094482422
2020-06-19,84.80944061279297,133.75050354003906,26.7632999420166,271600.0,70.69784545898438,237.13352966308594,186.31480407714844,9.229791641235352,66.72666931152344,50.38680648803711
2020-06-22,87.02838134765625,135.6909942626953,27.715303421020508,272000.0,71.98906707763672,237.56056213378906,191.48948669433594,9.494386672973633,66.28800201416016,51.015384674072266
2020-06-23,88.88597869873047,138.2205047607422,27.517301559448242,272700.0,72.65007019042969,240.5596160888672,192.7687530517578,9.417900085449219,66.78533172607422,51.707733154296875
2020-06-24,87.31694793701172,136.72000122070312,27.134552001953125,266440.0,71.0978012084961,232.39663696289062,188.88307189941406,9.20412540435791,64.0566635131836,51.54376220703125
2020-06-25,88.47613525390625,137.72900390625,27.300735473632812,267840.0,71.51465606689453,234.04510498046875,191.2698516845703,9.457761764526367,65.73200225830078,51.96282196044922
2020-06-26,85.75762176513672,134.64349365234375,27.173446655273438,263400.0,67.61611938476562,214.58108520507812,187.4414520263672,9.123900413513184,63.982666015625,51.316017150878906
2020-06-29,87.73408508300781,134.0189971923828,27.38294219970703,265219.0,69.33463287353516,219.1094512939453,189.4558868408203,9.16874885559082,67.29000091552734,51.37066650390625
2020-06-30,88.46643829345703,137.9409942626953,27.898284912109375,267300.0,70.37079620361328,225.49485778808594,194.29635620117188,9.46548843383789,71.98733520507812,51.71685028076172
2020-07-01,88.29911804199219,143.93499755859375,27.643707275390625,267020.0,71.55931854248047,235.90216064453125,195.4324493408203,9.497626304626465,74.64199829101562,51.76239013671875
2020-07-02,88.29911804199219,144.51499938964844,27.885913848876953,267551.0,72.94535064697266,231.80078125,196.921875,9.579596519470215,80.57733154296875,53.40217208862305
2020-07-06,90.66112518310547,152.8520050048828,28.179378509521484,274050.0,74.42020416259766,238.6132049560547,201.16082763671875,9.805828094482422,91.43866729736328,56.37199401855469
2020-07-07,90.37981414794922,150.00599670410156,27.67818260192871,271640.0,73.9373550415039,239.18919372558594,198.82174682617188,9.838215827941895,92.65733337402344,55.3061408996582
2020-07-08,92.48477935791016,154.0554962158203,28.24832534790039,271770.0,74.61621856689453,241.8903350830078,203.1944580078125,10.181293487548828,91.05867004394531,57.01880645751953
2020-07-09,92.88247680664062,159.13150024414062,28.418926239013672,268780.0,75.36357879638672,242.80392456054688,204.61697387695312,10.473302841186523,92.9520034790039,59.01387023925781
2020-07-10,93.04496002197266,160.0,28.236841201782227,273900.0,76.37344360351562,243.36997985839844,203.996337890625,10.443653106689453,102.97666931152344,58.16664505004883
2020-07-13,92.61573028564453,155.1999969482422,27.518184661865234,276015.0,75.04448699951172,237.34210205078125,197.6951904296875,10.018101692199707,99.80400085449219,59.27805709838867
2020-07-14,94.14839172363281,154.1999969482422,27.85143280029297,284780.0,75.47274780273438,238.0670166015625,198.91722106933594,10.341750144958496,101.12000274658203,60.99981689453125
2020-07-15,94.7958755493164,150.44349670410156,27.736522674560547,285520.0,75.27523803710938,238.6132049560547,198.62123107910156,10.19250774383545,103.06732940673828,60.17993927001953
2020-07-16,93.62938690185547,149.9949951171875,27.520835876464844,286271.0,75.17798614501953,239.25869750976562,194.68777465820312,10.100322723388672,100.04266357421875,60.66274642944336
2020-07-17,93.44025421142578,148.09849548339844,27.641937255859375,286140.0,75.27375030517578,240.35107421875,193.6948699951172,10.166842460632324,100.05599975585938,60.48967742919922
2020-07-20,95.40940856933594,159.8419952392578,28.032638549804688,285590.0,77.60562896728516,243.71755981445312,202.0200958251953,10.475045204162598,109.53333282470703,60.936065673828125
2020-07-21,94.09259796142578,156.9145050048828,27.786022186279297,288201.0,77.21260070800781,240.07301330566406,199.29913330078125,10.293411254882812,104.55733489990234,61.77415084838867
2020-07-22,94.35691833496094,154.99549865722656,27.73828887939453,287961.0,77.65574645996094,238.20603942871094,202.16331481933594,10.403289794921875,106.15533447265625,62.43008041381836
2020-07-23,90.06214141845703,149.32749938964844,27.37321662902832,289436.0,75.26879119873047,230.98651123046875,193.37022399902344,10.095338821411133,100.87133026123047,61.37331771850586
2020-07-24,89.83903503417969,150.44549560546875,27.030241012573242,291621.0,74.8449935913086,229.10960388183594,192.18641662597656,10.159870147705078,94.46666717529297,67.32209777832031
2020-07-27,91.96823120117188,152.760498046875,27.639286041259766,288107.0,75.89803314208984,231.8802490234375,194.62095642089844,10.386096954345703,102.63999938964844,75.83982849121094
2020-07-28,90.45740509033203,150.01649475097656,27.168142318725586,290940.0,74.61871337890625,228.523681640625,192.8738250732422,10.18079662322998,98.43267059326172,70.07328796386719
2020-07-29,92.19135284423828,151.67649841308594,27.300735473632812,294496.0,75.60425567626953,231.67169189453125,194.8214569091797,10.429948806762695,99.94066619873047,75.31147766113281
2020-07-30,93.30687713623047,152.593994140625,27.5880184173584,291362.0,76.34169006347656,232.87330627441406,194.6686553955078,10.577945709228516,99.16600036621094,72.81532287597656
2020-07-31,103.07503509521484,158.23399353027344,27.999053955078125,293631.0,73.83958435058594,251.9103240966797,195.7284698486328,10.578689575195312,95.38400268554688,71.86793518066406
2020-08-03,105.67227935791016,155.59449768066406,28.395063400268555,298800.0,73.58203887939453,250.21221923828125,206.73641967773438,10.97284984588623,99.0,71.9225845336914
2020-08-04,106.37799835205078,156.94149780273438,29.027969360351562,300330.0,73.11257934570312,248.0969696044922,203.63357543945312,11.189611434936523,99.13333129882812,73.05221557617188
2020-08-05,106.76356506347656,160.25149536132812,29.129629135131836,305200.0,73.39990997314453,247.39187622070312,203.2993927001953,11.248408317565918,99.00133514404297,74.3640365600586
2020-08-06,110.48845672607422,161.25,29.09603500366211,307455.0,74.68321228027344,263.4398193359375,206.55506896972656,11.296995162963867,99.30533599853516,73.35284423828125
2020-08-07,107.9764404296875,158.3730010986328,28.810514450073242,314334.0,74.35668182373047,266.5778503417969,202.86024475097656,11.161452293395996,96.84733581542969,72.90644073486328
2020-08-10,109.54584503173828,157.4080047607422,28.936922073364258,318830.0,74.27976989746094,261.17559814453125,198.82174682617188,11.127071380615234,94.57133483886719,72.76070404052734
2020-08-11,106.28799438476562,154.0334930419922,28.64256477355957,319380.0,73.47186279296875,254.35325622558594,194.1722869873047,10.813140869140625,91.6259994506836,71.00248718261719
2020-08-12,109.82036590576172,158.11199951171875,29.492046356201172,320000.0,74.7968521118164,258.08721923828125,199.71920776367188,11.40139102935791,103.65066528320312,72.32341766357422
2020-08-13,111.7639389038086,158.05099487304688,29.119014739990234,318114.0,75.26382446289062,259.48736572265625,199.25137329101562,11.404129028320312,108.06666564941406,71.33043670654297
2020-08-14,111.6643295288086,157.4010009765625,28.977584838867188,316251.0,74.66732788085938,259.42779541015625,199.44232177734375,11.524717330932617,110.04733276367188,71.43065643310547
2020-08-17,111.37278747558594,159.12049865722656,29.198564529418945,310220.0,75.24348449707031,259.348388671875,200.7598419189453,12.29509162902832,122.3759994506836,73.05221557617188
2020-08-18,112.30084228515625,165.62449645996094,29.050064086914062,313419.0,77.20565032958984,260.5201721191406,201.91506958007812,12.219099998474121,125.80599975585938,72.34163665771484
2020-08-19,112.44175720214844,163.0240020751953,29.100454330444336,310800.0,76.6513442993164,260.7684326171875,200.69009399414062,12.09726619720459,125.23533630371094,71.549072265625
2020-08-20,114.936767578125,164.86849975585938,29.066864013671875,309300.0,78.22148132324219,267.14398193359375,205.36041259765625,12.099756240844727,133.45533752441406,69.97307586669922
2020-08-21,120.85975646972656,164.23599243164062,29.17204475402832,311126.0,78.18775177001953,265.1578369140625,203.86740112304688,12.640413284301758,136.6653289794922,71.36687469482422
2020-08-24,122.3052749633789,165.3730010986328,29.52385902404785,318800.0,78.66314697265625,269.5074157714844,204.50865173339844,12.677040100097656,134.27999877929688,71.87702941894531
2020-08-25,121.30191802978516,167.32449340820312,29.713031768798828,319970.0,79.69039154052734,278.8719787597656,207.16920471191406,12.706687927246094,134.8893280029297,72.91556549072266
2020-08-26,122.95149993896484,172.09249877929688,30.02505874633789,322301.0,81.59001922607422,301.8018493652344,211.64810180664062,12.729609489440918,143.54466247558594,74.47333526611328
2020-08-27,121.48168182373047,170.0,29.978214263916016,325659.0,80.81538391113281,291.18597412109375,216.84483337402344,12.585351943969727,149.25,73.42571258544922
2020-08-28,121.284912109375,170.08999633789062,30.480300903320312,327431.0,81.35678100585938,291.6229248046875,219.07469177246094,13.103086471557617,147.55999755859375,73.27996826171875
2020-08-31,125.39793395996094,172.54800415039062,30.686246871948242,327560.0,80.86550903320312,291.1661071777344,215.83993530273438,13.329069137573242,166.10667419433594,72.19586944580078
2020-09-01,130.39288330078125,174.95599365234375,31.781471252441406,327440.0,82.1334228515625,293.39056396484375,217.50518798828125,13.778169631958008,158.35000610351562,74.2911605834961
2020-09-02,127.69133758544922,176.57249450683594,33.14893341064453,332840.0,85.2255630493164,300.401611328125,221.69696044921875,14.302042961120605,149.1233367919922,74.85597229003906
2020-09-03,117.46826171875,168.39999389648438,31.122928619384766,327360.0,80.86451721191406,289.1005554199219,207.96353149414062,12.975167274475098,135.6666717529297,73.9541015625
2020-09-04,117.5459976196289,164.7310028076172,32.082889556884766,327401.0,78.4676284790039,280.7687072753906,205.04457092285156,12.58338451385498,139.44000244140625,71.88614654541016
2020-09-08,109.63573455810547,157.49200439453125,30.985912322998047,327200.0,75.60872650146484,269.27899169921875,193.95254516601562,11.876083374023438,110.06999969482422,70.43767547607422
2020-09-09,114.00872039794922,163.4304962158203,31.82478141784668,329760.0,76.78136444091797,271.8212890625,202.21173095703125,12.675599098205566,122.09333038330078,72.3325424194336
2020-09-10,110.28682708740234,158.7554931640625,31.56401824951172,327214.0,75.73030090332031,266.2303161621094,196.54611206054688,12.273598670959473,123.77999877929688,71.87702941894531
2020-09-11,108.83888244628906,155.81100463867188,31.79561424255371,327115.0,75.21965789794922,264.76055908203125,195.26368713378906,12.12680435180664,124.23999786376953,71.80416107177734
2020-09-14,112.10405731201172,155.14849853515625,32.016597747802734,329725.0,74.8757553100586,264.30377197265625,196.58436584472656,12.83236026763916,139.8733367919922,73.3346176147461
2020-09-15,112.27898406982422,157.80650329589844,32.43293762207031,328804.0,76.1803970336914,270.5302429199219,199.8096160888672,12.950743675231934,149.9199981689453,78.20840454101562
2020-09-16,108.96521759033203,153.90499877929688,32.444427490234375,329801.0,75.03754425048828,261.6919860839844,196.2398681640625,12.47571849822998,147.25332641601562,75.73051452636719
2020-09-17,107.22573852539062,150.43649291992188,32.345420837402344,326401.0,73.79442596435547,253.0523681640625,194.19178771972656,12.42487907409668,141.14332580566406,75.00437927246094
2020-09-18,103.82451629638672,147.74549865722656,31.79825782775879,327601.0,72.0103988647461,250.7782440185547,191.78004455566406,12.15147590637207,147.38333129882812,73.46600341796875
2020-09-21,106.97306823730469,148.02349853515625,31.37992286682129,319534.0,70.97076416015625,246.42861938476562,193.83767700195312,12.478463172912598,149.79666137695312,73.795654296875
2020-09-22,108.65424346923828,156.44949340820312,32.25407791137695,320601.0,72.44364166259766,252.9828338623047,198.50802612304688,12.598587989807129,141.41000366210938,73.6949234008789
2020-09-23,104.09662628173828,149.9929962158203,31.36207389831543,314840.0,69.94104766845703,247.29257202148438,191.9714813232422,12.086182594299316,126.78666687011719,71.35074615478516
2020-09-24,105.16555786132812,150.989501953125,31.44502830505371,313780.0,70.60948944091797,247.79905700683594,194.45977783203125,12.309734344482422,129.26333618164062,71.77196502685547
2020-09-25,109.11099243164062,154.75650024414062,31.826807022094727,315156.0,71.41342163085938,253.0523681640625,198.89083862304688,12.833854675292969,135.77999877929688,72.22982025146484
2020-09-28,111.71533966064453,158.70249938964844,32.76341247558594,320061.0,72.38607788085938,255.03846740722656,200.44125366210938,12.994607925415039,140.39999389648438,73.0447998046875
2020-09-29,110.86991119384766,157.24400329589844,32.49223709106445,315891.0,72.75131225585938,259.9739685058594,198.35488891601562,13.18476676940918,139.69000244140625,73.72240447998047
2020-09-30,112.54134368896484,157.43649291992188,32.497596740722656,320001.0,72.73046875,260.083251953125,201.29299926757812,13.488572120666504,143.00332641601562,74.23518371582031
2020-10-01,113.49368286132812,161.06300354003906,32.87937545776367,318600.0,73.83709716796875,264.7804260253906,203.33148193359375,13.572312355041504,149.3866729736328,75.65451049804688
2020-10-02,109.83011627197266,156.25,31.82947540283203,317480.0,72.23421478271484,258.1368103027344,197.33087158203125,13.021773338317871,138.3633270263672,73.98795318603516
2020-10-05,113.21186065673828,159.9600067138672,32.656375885009766,319000.0,73.58550262451172,262.8141784667969,201.34085083007812,13.600224494934082,141.89332580566406,77.41264343261719
2020-10-06,109.96615600585938,154.9980010986328,32.467262268066406,315350.0,72.0069351196289,256.86572265625,197.0629119873047,13.693931579589844,137.9933319091797,76.11237335205078
2020-10-07,111.83194732666016,159.7845001220703,32.713462829589844,319571.0,72.40989685058594,256.3294372558594,200.814453125,13.920727729797363,141.76666259765625,79.59200286865234
2020-10-08,111.72505950927734,159.52749633789062,33.301292419433594,323275.0,73.61528778076172,261.93035888671875,201.5322723388672,13.795866012573242,141.97332763671875,80.39778137207031
2020-10-09,113.6686019897461,164.33250427246094,33.60190200805664,323470.0,74.95616149902344,262.61553955078125,206.53753662109375,13.720099449157715,144.6666717529297,81.295166015625
2020-10-12,120.88888549804688,172.14649963378906,34.11302185058594,324560.0,77.64286041259766,273.837158203125,211.88735961914062,14.181915283203125,147.43333435058594,83.24561309814453
2020-10-13,117.68204498291016,172.18150329589844,34.029170989990234,318969.0,77.76592254638672,274.2244567871094,213.28463745117188,14.20409870147705,148.88333129882812,82.08267974853516
2020-10-14,117.76951599121094,168.1855010986328,33.92302703857422,316080.0,77.5857925415039,269.9344177246094,211.3705596923828,14.051572799682617,153.76666259765625,81.13037109375
2020-10-15,117.30305480957031,166.9324951171875,33.8900146484375,317540.0,77.19027709960938,264.86981201171875,210.22215270996094,13.92670726776123,149.6266632080078,80.71829223632812
2020-10-16,115.6607437133789,163.635498046875,33.775848388671875,318504.0,77.79719543457031,264.0852966308594,210.22215270996094,13.768699645996094,146.55667114257812,79.3905258178711
2020-10-19,112.70654296875,160.36050415039062,33.518943786621094,313500.0,75.92383575439453,259.5867004394531,205.01585388183594,13.455923080444336,143.61000061035156,80.17802429199219
2020-10-20,114.19336700439453,160.85049438476562,33.62776565551758,315375.0,76.97241973876953,265.7039794921875,205.42733764648438,13.603215217590332,140.64666748046875,80.81902313232422
2020-10-21,113.57142639160156,159.2469940185547,33.18712615966797,315206.0,78.70482635498047,276.7964782714844,205.57098388671875,13.482839584350586,140.8800048828125,80.25128173828125
2020-10-22,112.4830322265625,158.82000732421875,33.304866790771484,317180.0,79.73057556152344,276.190673828125,205.6570281982422,13.319595336914062,141.92999267578125,80.77322387695312
2020-10-23,111.7930679321289,160.22000122070312,33.24687576293945,319344.0,81.03671264648438,282.814453125,206.93951416015625,13.548134803771973,140.2100067138672,80.86482238769531
2020-10-26,111.80280303955078,160.3520050048828,32.38341522216797,312735.0,78.6204605102539,275.1877136230469,201.05372619628906,13.100525856018066,140.0933380126953,79.41799926757812
2020-10-27,113.30903625488281,164.31649780273438,32.076560974121094,310540.0,79.34449005126953,281.3248596191406,204.08755493164062,13.355237007141113,141.55999755859375,79.3996810913086
2020-10-28,108.06145477294922,158.13900756835938,30.971378326416016,301740.0,74.97351837158203,265.813232421875,193.9716796875,12.587869644165039,135.33999633789062,76.78079986572266
2020-10-29,112.06517028808594,160.55050659179688,31.667133331298828,303000.0,77.26023864746094,278.8819274902344,195.9240264892578,12.983641624450684,136.94332885742188,77.73316192626953
2020-10-30,105.78750610351562,151.8074951171875,31.187236785888672,302500.0,80.19953155517578,261.2848205566406,193.77069091796875,12.495161056518555,129.34666442871094,76.79914093017578
2020-11-02,105.70003509521484,150.2239990234375,31.331741333007812,306375.0,80.6069564819336,259.5469970703125,193.63671875,12.541763305664062,133.50332641601562,78.48400115966797
2020-11-03,107.32292175292969,152.42050170898438,31.555644989013672,310659.0,81.66595458984375,263.4595947265625,197.5605926513672,12.979156494140625,141.3000030517578,80.29706573486328
2020-11-04,111.70560455322266,162.05799865722656,32.525245666503906,309503.0,86.63790130615234,285.3865051269531,207.09266662597656,13.751506805419922,140.32666015625,81.90869140625
2020-11-05,115.67047119140625,166.10000610351562,33.9738655090332,311934.0,87.4641342163086,292.6358642578125,213.69615173339844,14.116119384765625,146.02999877929688,82.80608367919922
2020-11-06,115.53905487060547,165.56849670410156,33.95157241821289,313885.0,87.3266830444336,291.37469482421875,214.10769653320312,14.516877174377441,143.31666564941406,83.70345306396484
2020-11-09,113.2319564819336,157.18699645996094,33.4984245300293,330600.0,87.4105453491211,276.836181640625,209.0067138671875,13.588510513305664,140.4199981689453,81.52409362792969
2020-11-10,112.89126586914062,151.75100708007812,32.39144515991211,343000.0,86.23443603515625,270.5401611328125,201.94378662109375,12.730427742004395,136.7866668701172,80.26961517333984
2020-11-11,116.31780242919922,156.8695068359375,33.53232955932617,341260.0,86.70637512207031,274.5621032714844,207.24578857421875,13.376418113708496,139.0433349609375,83.21812438964844
2020-11-12,116.04524993896484,155.51400756835938,33.0220947265625,336811.0,86.4875259399414,273.17181396484375,206.1834259033203,13.415047645568848,137.25332641601562,82.24749755859375
2020-11-13,116.09392547607422,156.4405059814453,33.31644821166992,341754.0,87.948486328125,275.02886962890625,207.2074737548828,13.255794525146484,136.1666717529297,85.3608627319336
2020-11-16,117.10631561279297,156.55299377441406,33.96851348876953,349540.0,88.03632354736328,277.0248718261719,207.8965606689453,13.473368644714355,136.02999877929688,90.90079498291016
2020-11-17,116.22047424316406,156.7830047607422,33.94978713989258,349546.0,87.42245483398438,273.0924072265625,205.24559020996094,13.380658149719238,147.20333862304688,87.64093780517578
2020-11-18,114.8965835571289,155.2729949951172,33.95157241821289,345592.0,86.37933349609375,270.0833435058594,202.53964233398438,13.387136459350586,162.2133331298828,88.75809478759766
2020-11-19,115.49039459228516,155.8509979248047,34.282508850097656,345000.0,87.26911926269531,271.0466613769531,203.825439453125,13.398600578308105,166.42333984375,88.46504974365234
2020-11-20,114.22489166259766,154.97000122070312,34.193302154541016,341339.0,86.16793823242188,267.8291320800781,201.87754821777344,13.047195434570312,163.20333862304688,87.29296112060547
2020-11-23,110.82756805419922,154.91949462890625,34.52067184448242,344415.0,85.73023986816406,266.5679626464844,201.60891723632812,13.099281311035156,173.9499969482422,89.85688781738281
2020-11-24,112.11250305175781,155.9029998779297,34.987186431884766,351101.0,87.53362274169922,274.9990539550781,205.2071533203125,12.917595863342285,185.1266632080078,88.49252319335938
2020-11-25,112.94967651367188,159.2534942626953,34.8623046875,350395.0,87.54503631591797,273.6783142089844,205.2167510986328,13.193739891052246,191.3333282470703,89.2708511352539
2020-11-27,113.49480438232422,159.76699829101562,35.22980499267578,347401.0,88.68095397949219,275.88287353515625,206.52174377441406,13.22015380859375,195.25332641601562,90.41546630859375
2020-11-30,115.88949584960938,158.40199279785156,35.82121276855469,343688.0,87.06218719482422,275.0486755371094,205.40869140625,13.359971046447754,189.1999969482422,88.8404769897461
2020-12-01,119.4620590209961,161.00399780273438,36.08792495727539,344735.0,89.09481811523438,284.5622253417969,207.4620819091797,13.348508834838867,194.9199981689453,92.35673522949219
2020-12-02,119.81250762939453,160.17649841308594,36.01298522949219,345880.0,90.564208984375,285.5255432128906,206.6560516357422,13.502530097961426,189.60667419433594,91.14803314208984
2020-12-03,119.67621612548828,159.3365020751953,35.66242599487305,346690.0,90.40890502929688,279.8948974609375,205.5718231201172,13.358431816101074,197.7933349609375,91.11139678955078
2020-12-04,119.00455474853516,158.12899780273438,36.722137451171875,347000.0,90.50418853759766,277.7597351074219,205.68692016601562,13.520227432250977,199.67999267578125,94.98479461669922
2020-12-07,120.46472930908203,157.89999389648438,37.54368209838867,343539.0,90.17020416259766,283.59893798828125,205.61976623535156,13.568592071533203,213.9199981689453,97.4205322265625
2020-12-08,121.07801055908203,158.864501953125,37.76846694946289,342281.0,89.88733673095703,281.4341125488281,207.2701873779297,13.312561988830566,216.6266632080078,96.7337417602539
2020-12-09,118.54701232910156,155.2100067138672,37.12710952758789,340501.0,88.22637939453125,275.9920959472656,203.2305450439453,12.894489288330078,201.4933319091797,95.61662292480469
2020-12-10,119.96824645996094,155.07449340820312,36.57585525512695,340500.0,87.71971130371094,275.1976623535156,202.0022735595703,12.935870170593262,209.02333068847656,95.44261169433594
2020-12-11,119.1602783203125,155.8209991455078,36.19942092895508,340064.0,88.07453155517578,271.65240478515625,204.6314239501953,12.976758003234863,203.3300018310547,95.25949096679688
2020-12-14,118.54701232910156,157.84849548339844,36.732845306396484,335400.0,86.95598602294922,272.2879638671875,205.5333709716797,13.271429061889648,213.27667236328125,94.8291244506836
2020-12-15,124.4850845336914,158.25599670410156,37.29124069213867,337154.0,87.39368438720703,273.6385803222656,205.46627807617188,13.32303237915039,211.0833282470703,96.23011016845703
2020-12-16,124.41693878173828,162.04800415039062,37.901371002197266,338500.0,87.20063018798828,273.75775146484375,210.4078826904297,13.205365180969238,207.58999633789062,96.33084869384766
2020-12-17,125.28333282470703,161.8040008544922,38.008419036865234,339804.0,86.37288665771484,272.5760192871094,210.54220581054688,13.303836822509766,218.63333129882812,95.54186248779297
2020-12-18,123.2974624633789,160.08250427246094,39.09333801269531,337900.0,85.66374206542969,274.4826354980469,209.7457733154297,13.234782218933105,231.6666717529297,95.89129638671875
2020-12-21,124.82579040527344,160.3090057373047,38.582359313964844,338419.0,86.07762145996094,270.8977355957031,213.58392333984375,13.2948579788208,216.6199951171875,96.3970718383789
2020-12-22,128.37889099121094,160.3260040283203,38.961997985839844,335779.0,85.3659896850586,265.23724365234375,214.87936401367188,13.241010665893555,213.44667053222656,95.57864379882812
2020-12-23,127.48330688476562,159.2635040283203,38.27470016479492,336700.0,85.76348876953125,266.2501220703125,212.07748413085938,12.972768783569336,215.32666015625,95.41312408447266
2020-12-24,128.4665069580078,158.63450622558594,38.8144645690918,340262.0,86.05777740478516,265.5450439453125,213.7374725341797,12.957310676574707,220.58999633789062,97.44536590576172
2020-12-28,133.0611572265625,164.197998046875,38.85224533081055,342601.0,88.03284454345703,275.0785217285156,215.85806274414062,12.863824844360352,221.22999572753906,97.61089324951172
2020-12-29,131.28948974609375,166.10000610351562,38.59674835205078,344820.0,87.22892761230469,274.8599853515625,215.0808563232422,12.906953811645508,221.99667358398438,97.0683364868164
2020-12-30,130.1700439453125,164.29249572753906,39.11763000488281,345095.0,86.16149139404297,269.9841003417969,212.71078491210938,13.108884811401367,231.5933380126953,100.1396484375
2020-12-31,129.1674041748047,162.84649658203125,39.389312744140625,347815.0,86.97484588623047,271.26513671875,213.42083740234375,13.018392562866211,235.22332763671875,100.26839447021484
2021-01-04,125.9744644165039,159.3314971923828,38.253108978271484,343525.0,85.65929412841797,267.0743713378906,208.88221740722656,13.076725006103516,243.2566680908203,102.71440124511719
2021-01-05,127.53197479248047,160.92550659179688,38.51219940185547,341820.0,86.3500747680664,269.0903015136719,209.08370971679688,13.367157936096191,245.0366668701172,103.69833374023438
2021-01-06,123.23906707763672,156.91900634765625,38.27470016479492,346189.0,85.49799346923828,261.4834289550781,203.6622772216797,12.579124450683594,251.9933319091797,106.30986785888672
2021-01-07,127.44434356689453,158.10800170898438,39.8876953125,350089.0,88.05171203613281,266.87579345703125,209.45790100097656,13.306578636169434,272.0133361816406,111.66168975830078
2021-01-08,128.5443878173828,159.13499450683594,40.09010696411133,352039.0,89.21739959716797,265.7139587402344,210.73410034179688,13.239518165588379,293.3399963378906,109.1421127319336
2021-01-11,125.55586242675781,155.7104949951172,40.10089874267578,350050.0,87.15599060058594,255.058349609375,208.69029235839844,13.583298683166504,270.39666748046875,112.73755645751953
2021-01-12,125.38066101074219,156.04150390625,40.42745590209961,350460.0,86.22003936767578,249.34820556640625,206.23387145996094,13.446934700012207,283.14666748046875,113.10539245605469
2021-01-13,127.41516876220703,158.29449462890625,40.591182708740234,353194.0,86.70736694335938,249.8944091796875,207.58682250976562,13.493803977966309,284.8033447265625,109.638671875
2021-01-14,125.48775482177734,156.37350463867188,40.66855239868164,352801.0,85.89698791503906,243.93601989746094,204.4011688232422,13.163233757019043,281.6666564941406,116.27787017822266
2021-01-15,123.76471710205078,155.21249389648438,40.109004974365234,350320.0,85.73323059082031,249.61634826660156,204.04611206054688,12.823437690734863,275.38665771484375,115.15602111816406
2021-01-19,124.4364013671875,156.03799438476562,41.3162727355957,352474.0,88.55441284179688,259.288818359375,207.6827850341797,12.988723754882812,281.51666259765625,120.73770141601562
2021-01-20,128.52496337890625,163.16900634765625,41.55107116699219,352801.0,93.2985610961914,265.62451171875,215.2631378173828,13.328267097473145,283.48333740234375,120.13079833984375
2021-01-21,133.2364044189453,165.34950256347656,41.9954719543457,354000.0,93.50102996826172,270.9771423339844,215.86764526367188,13.82861328125,281.663330078125,123.36764526367188
2021-01-22,135.37803649902344,164.6114959716797,41.83354949951172,350620.0,93.91837310791016,272.5957946777344,216.8079833984375,13.67404556274414,282.21331787109375,118.75148010253906
2021-01-25,139.12582397460938,164.6999969482422,41.8128547668457,351900.0,94.00373077392578,276.08148193359375,220.24317932128906,13.614961624145508,293.6000061035156,120.02046966552734
2021-01-26,139.35940551757812,166.30650329589844,41.7300910949707,349200.0,94.68211364746094,280.09344482421875,222.92987060546875,13.397574424743652,294.36334228515625,116.46178436279297
2021-01-27,138.2886505126953,161.62899780273438,40.00553512573242,343450.0,90.26498413085938,270.2522277832031,223.47682189941406,12.881525993347168,288.0533447265625,111.94673919677734
2021-01-28,133.45057678222656,161.88099670410156,40.63886642456055,348220.0,91.96514129638672,263.1617431640625,229.26283264160156,13.01440143585205,278.4766540527344,115.70773315429688
2021-01-29,128.456787109375,160.30999755859375,40.527313232421875,344100.0,90.68282318115234,256.5379638671875,222.57484436035156,12.953319549560547,264.510009765625,111.74443054199219
2021-02-01,130.57891845703125,167.1439971923828,41.988277435302734,346175.0,93.94369506835938,260.1924743652344,229.95372009277344,13.19987964630127,279.9366760253906,116.47096252441406
2021-02-02,131.40635681152344,169.0,42.900482177734375,350201.0,95.2364273071289,265.227294921875,229.81936645507812,13.518731117248535,290.92999267578125,118.10778045654297
2021-02-03,130.3842315673828,165.62649536132812,41.84883499145508,350701.0,102.1720199584961,264.80023193359375,233.16815185546875,13.492557525634766,284.89666748046875,117.24340057373047
2021-02-04,133.74264526367188,166.5500030517578,42.338226318359375,354760.0,101.91148376464844,264.6413879394531,232.21824645996094,13.625930786132812,283.3299865722656,117.84111022949219
2021-02-05,133.32826232910156,167.6074981689453,41.922603607177734,354401.0,103.65827941894531,266.2402038574219,232.40052795410156,13.552886009216309,284.07666015625,117.5008773803711
2021-02-08,133.47450256347656,166.14700317382812,42.524444580078125,357100.0,103.44439697265625,264.7307434082031,232.6595916748047,14.398261070251465,287.8066711425781,121.88715362548828
2021-02-09,132.5970916748047,165.25,42.69806671142578,362200.0,102.99132537841797,267.5809020996094,233.90704345703125,14.223254203796387,283.1533203125,122.0066909790039
2021-02-10,131.99261474609375,164.32899475097656,42.286041259765625,361290.0,103.54167175292969,269.9841003417969,232.99542236328125,14.722846984863281,268.2733459472656,122.9354476928711
2021-02-11,131.73919677734375,163.10650634765625,43.03632736206055,361650.0,103.6543197631836,268.5143737792969,234.59788513183594,15.20798110961914,270.5533447265625,127.96540832519531
2021-02-12,131.97312927246094,163.885498046875,43.749698638916016,365000.0,103.96595764160156,268.6235656738281,235.07765197753906,14.919296264648438,272.0400085449219,126.95390319824219
2021-02-16,129.8478546142578,163.44749450683594,44.002498626708984,369333.0,104.74359130859375,272.06951904296875,233.83984375,15.287260055541992,265.40667724609375,128.78384399414062
2021-02-17,127.55679321289062,165.4320068359375,43.40426254272461,370500.0,105.1366195678711,271.67230224609375,234.85928344726562,14.864198684692383,266.04998779296875,125.30790710449219
2021-02-18,126.45518493652344,166.4114990234375,43.474422454833984,367400.0,104.50092315673828,267.52130126953125,234.46498107910156,14.787415504455566,262.4599914550781,123.79983520507812
2021-02-19,126.61114501953125,162.4949951171875,44.07716369628906,364400.0,103.65728759765625,259.7455749511719,231.75283813476562,14.884642601013184,260.4333190917969,125.66651153564453
2021-02-22,122.83828735351562,159.03700256347656,42.85369873046875,369250.0,101.94275665283203,258.524169921875,225.5399169921875,14.3154935836792,238.1666717529297,122.82511138916016
2021-02-23,122.70179748535156,159.72500610351562,42.45246887207031,371055.0,102.23355102539062,264.0157165527344,224.34738159179688,14.102341651916504,232.94667053222656,118.71467590332031
2021-02-24,122.20458984375,157.97650146484375,43.26032638549805,375000.0,103.40917205810547,262.47650146484375,225.578369140625,14.458340644836426,247.33999633789062,121.65727996826172
2021-02-25,117.95398712158203,152.85800170898438,41.12644958496094,367800.0,100.0416259765625,252.92324829101562,220.2310791015625,13.270182609558105,227.4066619873047,115.86405944824219
2021-02-26,118.21720886230469,154.64649963378906,42.26985168457031,364580.0,100.3373794555664,255.83291625976562,223.49142456054688,13.676041603088379,225.1666717529297,115.80889129638672
2021-03-01,124.58334350585938,157.3070068359375,44.0429801940918,377755.0,102.70697784423828,263.0723876953125,227.87698364257812,13.802931785583496,239.47666931152344,118.74226379394531
2021-03-02,121.98036193847656,154.72650146484375,43.2270393371582,377835.0,102.44992065429688,257.2033386230469,224.92440795898438,13.36865520477295,228.81333923339844,115.86405944824219
2021-03-03,118.99713134765625,150.25,41.657230377197266,381680.0,99.81632232666016,253.63824462890625,218.855712890625,12.768840789794922,217.73333740234375,113.00424194335938
2021-03-04,117.11555480957031,148.8784942626953,39.90568542480469,370240.0,100.93387603759766,255.85284423828125,218.05751037597656,12.335558891296387,207.14666748046875,106.29149627685547
2021-03-05,118.37320709228516,150.0229949951172,40.49492645263672,381600.0,104.06719970703125,262.4467468261719,222.7412567138672,12.426554679870605,199.31666564941406,111.08236694335938
2021-03-08,113.44017028808594,147.59750366210938,37.895957946777344,388560.0,99.62228393554688,253.5389404296875,218.6922607421875,11.560739517211914,187.6666717529297,104.76502227783203
2021-03-09,118.05146026611328,153.1425018310547,39.90658950805664,391460.0,101.25296783447266,263.8966369628906,224.83786010742188,12.489449501037598,224.52667236328125,107.01792907714844
2021-03-10,116.96935272216797,152.8820037841797,39.36592483520508,398840.0,101.04602813720703,263.0624084472656,223.52987670898438,12.437576293945312,222.68666076660156,104.6730728149414
2021-03-11,118.899658203125,155.67950439453125,40.81429672241211,396399.0,104.23939514160156,271.98016357421875,228.0596923828125,12.961533546447754,233.1999969482422,110.88005828857422
2021-03-12,117.99297332763672,154.47450256347656,40.58758544921875,394701.0,101.7313461303711,266.5381774902344,226.7324981689453,12.824372291564941,231.2433319091797,108.78350067138672
2021-03-15,120.87870025634766,154.08399963378906,42.3508186340332,386400.0,101.95167541503906,271.8510437011719,225.8284149169922,13.158796310424805,235.97999572753906,109.5007553100586
2021-03-16,122.41905975341797,154.59300231933594,43.01742935180664,382720.0,103.41313934326172,277.3426513671875,228.61752319335938,13.258550643920898,225.6266632080078,109.74900817871094
2021-03-17,121.62940979003906,156.7864990234375,43.504112243652344,381501.0,103.33026123046875,282.03985595703125,227.97314453125,13.308430671691895,233.93666076660156,109.61796569824219
2021-03-18,117.50553131103516,151.39950561523438,41.755279541015625,383525.0,100.30909729003906,276.687255859375,221.89491271972656,12.691202163696289,217.72000122070312,105.68588256835938
2021-03-19,116.97908020019531,153.7480010986328,43.016414642333984,382698.0,100.58798217773438,288.0975646972656,221.5390625,12.81414794921875,218.2899932861328,104.88282775878906
2021-03-22,120.29376220703125,155.5435028076172,43.09076690673828,380403.0,100.77307891845703,291.5037536621094,226.96331787109375,13.15381145477295,223.3333282470703,108.1595687866211
2021-03-23,119.465087890625,156.875,42.073509216308594,377440.0,101.30109405517578,288.6139221191406,228.4925079345703,13.038595199584961,220.72000122070312,106.04585266113281
2021-03-24,117.07656860351562,154.35350036621094,41.457908630371094,378000.0,100.8644027709961,280.18280029296875,226.45361328125,12.611896514892578,210.08999633789062,100.57233428955078
2021-03-25,117.56403350830078,152.31300354003906,41.85953903198242,378700.0,100.86093139648438,276.806396484375,223.45294189453125,12.504410743713379,213.4633331298828,101.9476318359375
2021-03-26,118.16845703125,152.60150146484375,43.70364761352539,387995.0,100.47733306884766,281.0567321777344,227.43455505371094,12.807663917541504,206.23666381835938,107.5873031616211
2021-03-29,118.34396362304688,153.7864990234375,42.849578857421875,391540.0,101.52242279052734,288.8026428222656,226.2420196533203,12.916393280029297,203.76333618164062,105.5843276977539
2021-03-30,116.89134979248047,152.76449584960938,41.35726547241211,390360.0,101.5561752319336,286.0021667480469,222.981689453125,12.840084075927734,211.8733367919922,106.21202087402344
2021-03-31,119.08489227294922,154.70399475097656,42.037235260009766,385702.0,102.35265350341797,292.4869384765625,226.75172424316406,13.315411567687988,222.64332580566406,109.17488098144531
2021-04-01,119.9135513305664,158.0500030517578,43.15150451660156,390360.0,105.69044494628906,296.5882568359375,233.08004760742188,13.777772903442383,220.5833282470703,115.19300079345703
2021-04-05,122.74078369140625,161.3365020751953,44.28752136230469,395535.0,110.1159896850586,306.76715087890625,239.54298400878906,13.953088760375977,230.35000610351562,114.91609954833984
2021-04-06,123.04299926757812,161.1909942626953,43.86955642700195,396900.0,109.6346206665039,304.1355285644531,238.37928771972656,13.827400207519531,230.5399932861328,113.01466369628906
2021-04-07,124.69059753417969,163.96949768066406,43.74171829223633,395888.0,111.11196899414062,310.9180908203125,240.34129333496094,14.108704566955566,223.6566619873047,110.66097259521484
2021-04-08,127.08888244628906,164.96499633789062,44.01552963256836,396001.0,111.67768859863281,310.84857177734375,243.56317138671875,14.281779289245605,227.93333435058594,113.9284439086914
2021-04-09,129.66261291503906,168.61000061035156,43.980167388916016,400000.0,112.6821060180664,310.2925109863281,246.0636749267578,14.36457347869873,225.67333984375,113.34693908691406
2021-04-12,127.94676971435547,168.96949768066406,43.85142517089844,402620.0,111.3893814086914,309.3788757324219,246.12135314941406,15.17158317565918,233.9933319091797,111.59320068359375
2021-04-13,131.05673217773438,170.0,43.9683837890625,402500.0,111.87618255615234,307.6112060546875,248.60269165039062,15.6409273147583,254.10667419433594,111.9347152709961
2021-04-14,128.7169952392578,166.64999389648438,43.27390670776367,403000.0,111.25487518310547,300.71942138671875,245.8136444091797,15.23941707611084,244.07666015625,111.537841796875
2021-04-15,131.125,168.95449829101562,43.51869201660156,404789.0,113.40563201904297,305.6846923828125,249.57406616210938,16.097551345825195,246.28334045410156,109.23950958251953
2021-04-16,130.79351806640625,169.9720001220703,43.40898513793945,409250.0,113.28157806396484,304.0560607910156,250.76666259765625,15.873357772827148,246.5933380126953,109.69178009033203
2021-04-19,131.45645141601562,168.60049438476562,41.88674545288086,406505.0,113.62944030761719,300.1434631347656,248.84310913085938,15.323958396911621,238.2100067138672,106.51659393310547
2021-04-20,129.76983642578125,166.7344970703125,41.457000732421875,403089.0,113.09598541259766,300.550537109375,248.38150024414062,15.133925437927246,239.663330078125,106.1012191772461
2021-04-21,130.15008544921875,168.1009979248047,41.686378479003906,410153.0,113.063232421875,299.37872314453125,250.6127471923828,15.322711944580078,248.0399932861328,108.3626480102539
2021-04-22,128.6292266845703,165.45199584960938,41.26206588745117,405901.0,111.78141784667969,294.463134765625,247.33319091796875,14.813716888427734,239.89666748046875,106.44275665283203
2021-04-23,130.94949340820312,167.04400634765625,42.26118469238281,408840.0,114.1341323852539,299.0411071777344,251.16090393066406,15.227697372436523,243.13333129882812,109.50716400146484
2021-04-26,131.3394775390625,170.4499969482422,42.779788970947266,407527.0,114.63038635253906,300.9378967285156,251.545654296875,15.439921379089355,246.06666564941406,112.16547393798828
2021-04-27,131.0177459716797,170.8715057373047,42.281131744384766,411400.0,113.68999481201172,301.4642028808594,251.94961547851562,15.343910217285156,234.913330078125,111.9347152709961
2021-04-28,130.22804260253906,172.9250030517578,41.63288497924805,410988.0,117.06747436523438,304.96966552734375,244.82301330566406,15.239166259765625,231.46665954589844,110.44867706298828
2021-04-29,130.13055419921875,173.5655059814453,42.27569580078125,417905.0,118.74082946777344,327.2242126464844,242.85142517089844,15.287047386169434,225.6666717529297,109.9317855834961
2021-04-30,128.16123962402344,173.37100219726562,41.36089324951172,412500.0,116.79254913330078,322.8249816894531,242.5340118408203,14.972574234008789,236.47999572753906,107.75343322753906
2021-05-03,129.2141571044922,169.32449340820312,40.81147003173828,420000.0,116.27544403076172,320.34228515625,242.22628784179688,14.800249099731445,228.3000030517578,107.0150375366211
2021-05-04,124.641845703125,165.593505859375,40.303749084472656,421420.0,114.47654724121094,316.15155029296875,238.31198120117188,14.31594467163086,224.53334045410156,106.47966003417969
2021-05-05,124.88558197021484,163.52699279785156,40.2393798828125,424840.0,114.87057495117188,312.8347473144531,237.04246520996094,14.422930717468262,223.64666748046875,106.49812316894531
2021-05-06,126.48442077636719,165.31849670410156,40.67002868652344,435120.0,115.99110412597656,317.800048828125,240.1777801513672,14.487272262573242,221.17999267578125,107.9934310913086
2021-05-07,127.15827941894531,164.58050537109375,41.032684326171875,437131.0,116.71463012695312,316.8665771484375,242.80332946777344,14.775810241699219,224.1233367919922,107.83650970458984
2021-05-10,123.87699127197266,159.52450561523438,39.538551330566406,439460.0,113.72820281982422,303.8475036621094,237.72532653808594,14.2306547164917,209.67999267578125,103.6644515991211
2021-05-11,122.95903778076172,161.19549560546875,39.89847946166992,430258.0,112.6518325805664,304.40362548828125,236.81163024902344,14.2710542678833,205.73333740234375,104.16290283203125
2021-05-12,119.89264678955078,157.5970001220703,38.29463577270508,425308.0,109.18750762939453,300.4512939453125,229.85818481445312,13.724650382995605,196.6300048828125,99.88008117675781
2021-05-13,122.04104614257812,158.07350158691406,39.039894104003906,430640.0,110.61621856689453,303.1424560546875,233.7340545654297,13.631630897521973,190.56333923339844,100.37850189208984
2021-05-14,124.46295166015625,161.14500427246094,40.03901290893555,437260.0,113.0647201538086,313.7484130859375,238.65821838378906,14.207961082458496,196.5800018310547,103.80290985107422
2021-05-17,123.31060028076172,163.51950073242188,39.88669967651367,434324.0,113.58776092529297,313.2716979980469,235.80181884765625,14.130650520324707,192.27667236328125,101.34768676757812
2021-05-18,121.92388916015625,161.61399841308594,39.32456970214844,431767.0,112.27517700195312,307.8098449707031,233.7821044921875,13.981270790100098,192.6233367919922,102.3076171875
2021-05-19,121.76762390136719,161.58999633789062,40.04807662963867,430720.0,112.72329711914062,311.4146423339844,234.36048889160156,14.031144142150879,187.82000732421875,103.74754333496094
2021-05-20,124.32622528076172,162.38400268554688,41.252098083496094,431422.0,114.48249816894531,316.3998107910156,237.59942626953125,14.576550483703613,195.5933380126953,104.5597915649414
2021-05-21,122.49028778076172,160.1540069580078,40.91120147705078,432469.0,113.84630584716797,314.036376953125,236.336669921875,14.954866409301758,193.6266632080078,103.23987579345703
2021-05-24,124.12115478515625,162.24949645996094,41.63197708129883,435431.0,117.1667251586914,322.37811279296875,241.74453735351562,15.573594093322754,202.14666748046875,104.88282775878906
2021-05-25,123.92582702636719,162.95249938964844,41.6637077331543,432274.0,117.25753021240234,325.5161437988281,242.6506805419922,15.6092529296875,201.56333923339844,105.48280334472656
2021-05-26,123.87699127197266,163.25799560546875,41.749839782714844,432800.0,118.12300109863281,325.3870544433594,242.428955078125,15.661375999450684,206.3766632080078,107.07041931152344
2021-05-27,122.34378814697266,161.5054931640625,42.40170669555664,435420.0,117.24810791015625,330.4417724609375,240.32748413085938,15.449898719787598,210.28334045410156,106.85811614990234
2021-05-28,121.68951416015625,161.15350341796875,42.82330322265625,436000.0,116.95878601074219,326.44964599609375,240.68417358398438,16.20453643798828,208.4066619873047,108.32572937011719
2021-06-01,121.36724090576172,160.9324951171875,42.458831787109375,435304.0,118.16616821289062,326.8468933105469,238.4862823486328,16.2244873046875,207.96665954589844,109.38719940185547
2021-06-02,122.12895965576172,161.69949340820312,42.950225830078125,435639.0,117.6406478881836,326.86669921875,238.389892578125,16.736970901489258,201.7066650390625,109.79331970214844
2021-06-03,120.64457702636719,159.35049438476562,42.14059829711914,438745.0,116.49877166748047,323.7783203125,236.85720825195312,16.92800521850586,190.94667053222656,107.8272705078125
2021-06-04,122.93949890136719,160.31100463867188,43.06537628173828,439016.0,118.7810287475586,328.0584411621094,241.75416564941406,17.535011291503906,199.68333435058594,110.31021881103516
2021-06-07,122.94927978515625,159.90049743652344,42.048118591308594,434611.0,119.2142562866211,334.24517822265625,244.66539001464844,17.575653076171875,201.7100067138672,109.11952209472656
2021-06-08,123.76957702636719,163.20550537109375,42.025455474853516,434510.0,119.022705078125,331.36529541015625,243.47006225585938,17.41405487060547,201.19667053222656,106.99655151367188
2021-06-09,124.15043640136719,164.0574951171875,42.06172180175781,433125.0,119.494140625,327.9591064453125,244.45327758789062,17.31951332092285,199.5933380126953,108.11341857910156
2021-06-10,123.15433502197266,167.4824981689453,42.49147415161133,427156.0,120.84344482421875,330.15374755859375,247.97178649902344,17.386112213134766,203.3733367919922,109.1379623413086
2021-06-11,124.36528015136719,167.3415069580078,42.67551803588867,430282.0,120.5987777709961,328.962158203125,248.59835815429688,17.785472869873047,203.29666137695312,109.1471939086914
2021-06-14,127.42192840576172,169.19349670410156,43.140621185302734,425880.0,121.52728271484375,334.4338684082031,250.5263671875,17.97854232788086,205.89666748046875,111.67627716064453
2021-06-15,126.60161590576172,169.156494140625,42.67914581298828,426045.0,120.50897216796875,334.41400146484375,249.05142211914062,17.748807907104492,199.7866668701172,110.25482940673828
2021-06-16,127.09967803955078,170.7624969482422,42.22673797607422,425645.0,119.8668212890625,328.7833251953125,248.10667419433594,17.770505905151367,201.6233367919922,108.93490600585938
2021-06-17,128.7012176513672,174.46200561523438,42.71812438964844,420359.0,120.8305435180664,334.17572021484375,251.49990844726562,18.615615844726562,205.53334045410156,110.37202453613281
2021-06-18,127.40235137939453,174.34500122070312,42.02273178100586,412729.0,119.21027374267578,327.3731994628906,250.08282470703125,18.5971622467041,207.77000427246094,107.28656005859375
2021-06-21,129.1992950439453,172.697998046875,42.45310592651367,417780.0,120.89901733398438,329.9849548339844,253.16761779785156,18.386131286621094,206.94332885742188,105.75772094726562
2021-06-22,130.83987426757812,175.27200317382812,42.43849563598633,418875.0,121.41313934326172,336.67816162109375,255.94384765625,18.844606399536133,207.90333557128906,105.93376922607422
2021-06-23,130.56643676757812,175.1909942626953,42.64043426513672,413890.0,121.2111587524414,338.22735595703125,255.71241760253906,19.014724731445312,218.85667419433594,107.52745056152344
2021-06-24,130.28326416015625,172.45399475097656,42.951087951660156,415000.0,121.58137512207031,340.79937744140625,257.0813293457031,19.162643432617188,226.60667419433594,108.63008117675781
2021-06-25,129.9902801513672,170.072998046875,42.23289108276367,419134.0,121.58979797363281,339.001953125,255.47146606445312,18.98853302001953,223.9566650390625,107.97220611572266
2021-06-28,131.6211395263672,172.1945037841797,43.201454162597656,416304.0,121.6170883178711,353.1730041503906,259.0382080078125,19.94040298461914,229.57333374023438,110.82601928710938
2021-06-29,133.13485717773438,172.40699768066406,43.598934173583984,417000.0,121.3555679321289,349.4489440917969,261.62164306640625,19.9820613861084,226.9199981689453,111.4004898071289
2021-06-30,133.7500457763672,172.00799560546875,43.57060241699219,418601.0,121.1739501953125,345.2979736328125,261.13958740234375,19.957866668701172,226.56666564941406,111.33563232421875
2021-07-01,134.0527801513672,171.64849853515625,42.912715911865234,421005.0,121.52629089355469,351.9316711425781,261.8144836425781,20.16689682006836,225.97332763671875,109.7234115600586
2021-07-02,136.67974853515625,175.5489959716797,42.77840042114258,420000.0,124.31819152832031,352.239501953125,267.6463928222656,20.441286087036133,226.3000030517578,110.17742156982422
2021-07-06,138.69149780273438,183.78700256347656,43.24530792236328,416930.0,125.24369812011719,350.33282470703125,267.6560363769531,20.652307510375977,219.86000061035156,111.23370361328125
2021-07-07,141.1817169189453,184.82899475097656,42.90357208251953,419401.0,125.52556610107422,348.05865478515625,269.84429931640625,20.3262882232666,214.88333129882812,109.5658950805664
2021-07-08,139.8828582763672,186.57049560546875,42.991302490234375,411840.0,124.10629272460938,343.2522888183594,267.42474365234375,19.858335494995117,217.60333251953125,109.21379852294922
2021-07-09,141.7090606689453,185.9669952392578,43.875789642333984,422000.0,124.57722473144531,347.98919677734375,267.92596435546875,20.005508422851562,218.98333740234375,111.70624542236328
2021-07-12,141.11337280273438,185.92750549316406,44.38474655151367,420937.0,126.02330780029297,350.7102355957031,267.32830810546875,20.466726303100586,228.56666564941406,113.62425231933594
2021-07-13,142.2266387939453,183.8679962158203,44.22574996948242,419820.0,126.38655090332031,349.6475830078125,270.8564147949219,20.204814910888672,222.84666442871094,114.80095672607422
2021-07-14,145.65431213378906,184.08399963378906,44.00463104248047,418500.0,127.27533721923828,345.218505859375,272.3313293457031,19.797224044799805,217.7933349609375,115.2549819946289
2021-07-15,145.00006103515625,181.55999755859375,43.616294860839844,421350.0,126.05257415771484,342.07049560546875,270.90460205078125,18.923925399780273,216.86666870117188,108.89878845214844
2021-07-16,142.95904541015625,178.68150329589844,42.769256591796875,417601.0,126.01786041259766,338.79339599609375,270.6347351074219,18.120473861694336,214.74000549316406,107.2402114868164
2021-07-19,139.11138916015625,177.47950744628906,42.549964904785156,410450.0,123.64378356933594,334.61260986328125,267.0294494628906,18.737844467163086,215.4066619873047,106.87886047363281
2021-07-20,142.72462463378906,178.6595001220703,42.8167724609375,416244.0,125.26305389404297,339.28997802734375,269.2562561035156,18.570465087890625,220.1666717529297,107.85176086425781
2021-07-21,141.9922637939453,179.25999450683594,43.76979446411133,420055.0,126.59249877929688,343.8282470703125,271.26129150390625,19.36668586730957,218.42999267578125,109.21379852294922
2021-07-22,143.3594207763672,181.90150451660156,43.52400207519531,417800.0,127.45845031738281,348.7538757324219,275.8305358886719,19.55027961730957,216.4199981689453,108.00001525878906
2021-07-23,145.07821655273438,182.83200073242188,44.14716339111328,419000.0,132.01751708984375,367.2248229980469,279.23333740234375,19.51435661315918,214.4600067138672,108.2131118774414
2021-07-26,145.4980926513672,184.99099731445312,44.06401824951172,419500.0,133.0298614501953,369.87628173828125,278.63568115234375,19.250946044921875,219.2066650390625,107.15684509277344
2021-07-27,143.33013916015625,181.3195037841797,43.435367584228516,422309.0,130.9108428955078,365.258544921875,276.2160949707031,19.165136337280273,214.92666625976562,105.20178985595703
2021-07-28,141.58206176757812,181.51600646972656,43.64461898803711,418975.0,135.0734405517578,370.6906433105469,275.9076232910156,19.459482192993164,215.66000366210938,106.61945343017578
2021-07-29,142.2266387939453,179.99600219726562,44.23487854003906,420676.0,134.75929260253906,355.8343505859375,276.17755126953125,19.61812400817871,225.78334045410156,107.6200942993164
2021-07-30,142.44149780273438,166.37950134277344,44.3527717590332,418900.0,133.71617126464844,353.828369140625,274.6448669433594,19.455488204956055,229.06666564941406,108.07413482666016
2021-08-02,142.1094207763672,166.57400512695312,44.2869758605957,418695.0,133.84323120117188,349.5085754394531,274.55810546875,19.705928802490234,236.55667114257812,108.27798461914062
2021-08-03,143.9063262939453,168.31199645996094,44.479774475097656,423706.0,134.61288452148438,348.8034973144531,276.77520751953125,19.770784378051758,236.5800018310547,109.71415710449219
2021-08-04,143.5059356689453,167.73599243164062,44.57206344604492,419962.0,134.1121826171875,356.43023681640625,276.1872253417969,20.2287540435791,236.97332763671875,110.01991271972656
2021-08-05,143.61334228515625,168.79949951171875,44.5601692199707,421306.0,135.229736328125,360.4521484375,279.08868408203125,20.590951919555664,238.2100067138672,110.46465301513672
2021-08-06,142.9287109375,167.2469940185547,44.35551071166992,430160.0,134.72056579589844,360.98834228515625,279.0308532714844,20.320552825927734,233.03334045410156,109.52883911132812
2021-08-09,142.8798370361328,167.093505859375,44.2869758605957,431881.0,135.8862762451172,359.1015625,277.94158935546875,20.249711990356445,237.9199981689453,109.53810119628906
2021-08-10,142.400634765625,166.03399658203125,44.06584930419922,434610.0,135.7810821533203,358.6248779296875,276.11968994140625,19.891515731811523,236.663330078125,107.814697265625
2021-08-11,142.65489196777344,164.60549926757812,44.18373107910156,438160.0,135.25704956054688,357.4629821777344,276.611328125,19.655044555664062,235.94000244140625,107.47187805175781
2021-08-12,145.61827087402344,165.1750030517578,44.248592376708984,436545.0,136.16517639160156,360.1343078613281,279.3682861328125,19.86058235168457,240.75,107.20316314697266
2021-08-13,145.82366943359375,164.69850158691406,44.42220687866211,433124.0,136.69467163085938,360.6606750488281,282.29876708984375,20.1429500579834,239.05667114257812,107.01785278320312
2021-08-16,147.79928588867188,164.94949340820312,44.60313034057617,435370.0,137.27230834960938,364.0172424316406,283.9857482910156,19.90548324584961,228.72332763671875,106.21173095703125
2021-08-17,146.8897247314453,162.09800720214844,43.73963928222656,435610.0,135.63665771484375,355.9634704589844,282.5203857421875,19.414581298828125,221.90333557128906,102.95024871826172
2021-08-18,143.1439208984375,160.06100463867188,42.85149383544922,430651.0,134.4332733154297,352.9842834472656,280.7916259765625,18.997514724731445,229.663330078125,102.33870697021484
2021-08-19,143.4763946533203,159.3874969482422,43.268165588378906,428994.0,134.66253662109375,352.65655517578125,286.62518310546875,19.75381851196289,224.49000549316406,102.40357208251953
2021-08-20,144.9337158203125,159.99749755859375,43.418006896972656,430007.0,136.39891052246094,356.8771057128906,293.9557800292969,20.76954460144043,226.75332641601562,100.1798324584961
2021-08-23,146.42030334472656,163.2935028076172,44.08320617675781,425000.0,138.9913330078125,360.8294982910156,294.2358093261719,21.909000396728516,235.43333435058594,102.81124877929688
2021-08-24,146.33226013183594,165.28900146484375,43.990013122558594,430700.0,140.2021942138672,362.9745178222656,292.2752380371094,21.744365692138672,236.163330078125,103.87681579589844
2021-08-25,145.0998992919922,164.95899963378906,44.170928955078125,432354.0,141.01353454589844,365.8345031738281,291.6861267089844,22.163429260253906,237.06666564941406,108.43549346923828
2021-08-26,144.29794311523438,165.8000030517578,44.38383483886719,429715.0,140.37982177734375,361.85235595703125,288.8658752441406,22.01875877380371,233.72000122070312,109.4269027709961
2021-08-27,145.3346710205078,167.48150634765625,45.31584167480469,430901.0,142.92408752441406,370.0451354980469,289.4743957519531,22.585485458374023,237.30667114257812,109.78826141357422
2021-08-30,149.75537109375,171.07850646972656,45.58539581298828,429720.0,143.50619506835938,378.0194396972656,293.2120056152344,22.637371063232422,243.6366729736328,110.25154113769531
2021-08-31,148.49368286132812,173.5395050048828,45.431880950927734,429900.0,143.61239624023438,376.7482604980469,291.5604248046875,22.338987350463867,245.24000549316406,110.27008819580078
2021-09-01,149.1587371826172,173.9499969482422,45.06182098388672,430000.0,144.1265106201172,379.39971923828125,291.5121765136719,22.394868850708008,244.69667053222656,111.61359405517578
2021-09-02,150.2737274169922,173.156005859375,44.94669723510742,428640.0,142.2124786376953,372.6767272949219,290.85552978515625,22.349960327148438,244.1300048828125,111.91935729980469
2021-09-03,150.90940856933594,173.90249633789062,45.47483444213867,424201.0,142.66159057617188,373.64990234375,290.8458251953125,22.796045303344727,244.52333068847656,114.86583709716797
2021-09-07,153.24688720703125,175.46449279785156,45.37522888183594,419851.0,143.19851684570312,379.52886962890625,289.9186096191406,22.615421295166016,250.97332763671875,115.54222106933594
2021-09-08,151.70162963867188,176.27499389648438,45.17329406738281,420719.0,142.61343383789062,374.9508361816406,289.9476013183594,22.293081283569336,251.2899932861328,112.93856048583984
2021-09-09,150.68447875976562,174.20799255371094,45.09196853637695,420285.0,142.46458435058594,375.3778991699219,287.0887756347656,22.13141632080078,251.6199951171875,113.67056274414062
2021-09-10,145.69656372070312,173.45750427246094,45.517784118652344,417954.0,139.81956481933594,376.06304931640625,285.6014099121094,22.43179702758789,245.42333984375,113.93927001953125
2021-09-13,146.26380920410156,172.85850524902344,45.59178924560547,420801.0,141.26513671875,373.898193359375,286.8376770019531,22.106464385986328,247.6666717529297,114.5415267944336
2021-09-14,144.86521911621094,172.5,45.85768508911133,416996.0,141.47555541992188,373.9180603027344,289.5419921875,22.19628143310547,248.163330078125,114.05044555664062
2021-09-15,145.75523376464844,173.7895050048828,46.57680130004883,419785.0,143.34642028808594,371.3262023925781,294.3999938964844,22.295076370239258,251.94332885742188,112.57721710205078
2021-09-16,145.5205078125,174.41200256347656,46.35841751098633,419120.0,142.53305053710938,370.4721374511719,294.786376953125,22.19628143310547,252.3300018310547,112.37906646728516
2021-09-17,142.85047912597656,173.12600708007812,46.23505783081055,416400.0,139.74412536621094,362.1899719238281,289.6192321777344,21.8549861907959,253.163330078125,109.55073547363281
2021-09-20,139.79904174804688,167.7864990234375,45.213504791259766,416000.0,137.6792449951172,353.2325744628906,284.2396240234375,21.06960678100586,243.38999938964844,106.7131118774414
2021-09-21,140.2782440185547,167.18150329589844,45.19232177734375,412802.0,137.99038696289062,355.0001525878906,284.72259521484375,21.202329635620117,246.4600067138672,106.95500946044922
2021-09-22,142.6450958251953,169.00250244140625,46.07595443725586,412081.0,139.2314910888672,340.8292236328125,288.37335205078125,21.895902633666992,250.64666748046875,107.80164337158203
2021-09-23,143.60357666015625,170.8000030517578,46.41742706298828,418390.0,140.15701293945312,343.5601501464844,289.3197937011719,22.435791015625,251.2133331298828,108.09935760498047
2021-09-24,143.69155883789062,171.2760009765625,46.4744987487793,418101.0,141.1485137939453,350.5115661621094,289.11700439453125,22.035608291625977,258.1300048828125,107.5876693725586
2021-09-27,142.17564392089844,170.2899932861328,46.468055725097656,420791.0,140.01409912109375,351.12725830078125,284.1141357421875,21.615476608276367,263.78668212890625,108.0621566772461
2021-09-28,138.7917022705078,165.79800415039062,45.19509506225586,416580.0,134.81143188476562,338.2869567871094,273.828125,20.656450271606445,259.1866760253906,104.10809326171875
2021-09-29,139.69149780273438,165.05599975585938,45.05335235595703,417165.0,133.34596252441406,337.254150390625,274.2917785644531,20.474824905395508,260.4366760253906,103.84759521484375
2021-09-30,138.39071655273438,164.2519989013672,44.63455581665039,411379.0,132.67355346679688,337.0357360839844,272.28289794921875,20.673419952392578,258.49334716796875,103.87548828125
2021-10-01,139.51541137695312,164.16299438476562,44.857303619384766,414878.0,135.51905822753906,340.6305847167969,279.2174987792969,20.699365615844727,258.40667724609375,103.79176330566406
2021-10-04,136.0825653076172,159.48899841308594,43.80800247192383,412540.0,132.6571807861328,323.967041015625,273.4321594238281,19.69144058227539,260.510009765625,101.42862701416016
2021-10-05,138.00924682617188,161.0500030517578,44.67964172363281,418539.0,135.00294494628906,330.6502685546875,278.8890380859375,20.408960342407227,260.1966552734375,101.65190887451172
2021-10-06,138.8796844482422,163.10049438476562,44.98891830444336,421900.0,136.53338623046875,331.3255615234375,283.0903625488281,20.657447814941406,260.9166564941406,101.72634887695312
2021-10-07,140.141357421875,165.1215057373047,45.46202087402344,425431.0,138.1809539794922,326.93621826171875,284.77081298828125,21.031679153442383,264.53668212890625,103.11260223388672
2021-10-08,139.75991821289062,164.43099975585938,45.363529205322266,427765.0,138.7372589111328,327.76043701171875,284.77081298828125,20.78818130493164,261.8299865722656,102.37761688232422
2021-10-11,139.67189025878906,162.31500244140625,45.31658935546875,423000.0,137.8722686767578,323.1923828125,284.17205810546875,20.65245819091797,263.9800109863281,102.5822982788086
2021-10-12,138.40048217773438,162.3665008544922,44.666778564453125,419596.0,135.42576599121094,321.5240478515625,282.86822509765625,20.628509521484375,268.5733337402344,101.59610748291016
2021-10-13,137.8136444091797,164.21400451660156,44.641910552978516,418402.0,136.55026245117188,322.2886962890625,286.1809387207031,20.89595603942871,270.3599853515625,102.32180786132812
2021-10-14,140.60101318359375,164.9929962158203,45.80073547363281,423648.0,140.0924835205078,326.2510681152344,292.4007873535156,21.701295852661133,272.7733459472656,104.72212982177734
2021-10-15,141.65724182128906,170.4510040283203,46.32078552246094,427701.0,140.30787658691406,322.5072021484375,293.8108825683594,21.817054748535156,281.010009765625,106.86197662353516
2021-10-18,143.3297119140625,172.33700561523438,46.330909729003906,426189.0,141.707275390625,333.0137634277344,296.7856140136719,22.176321029663086,290.03668212890625,107.30855560302734
2021-10-19,145.4911346435547,172.20750427246094,46.97796630859375,428105.0,142.16287231445312,337.63153076171875,297.6934814453125,22.244182586669922,288.0899963378906,108.81575012207031
2021-10-20,145.9801483154297,170.7530059814453,46.885929107666016,432495.0,140.70587158203125,338.416015625,296.90155029296875,22.05756950378418,288.6000061035156,107.5411376953125
2021-10-21,146.19532775878906,171.75050354003906,47.32406234741211,431680.0,140.8219757080078,339.5083923339844,300.136962890625,22.64535140991211,298.0,108.19241333007812
2021-10-22,145.4226837158203,166.77749633789062,47.440032958984375,435722.0,136.53488159179688,322.3581848144531,298.59161376953125,22.67928695678711,303.2266540527344,106.2758560180664
2021-10-25,145.37379455566406,166.01849365234375,48.053035736083984,436401.0,136.41627502441406,326.4098815917969,297.5968322753906,23.11838150024414,341.6199951171875,105.7269287109375
2021-10-26,146.03887939453125,168.80349731445312,49.13914108276367,437890.0,138.26382446289062,313.6192626953125,299.5091552734375,24.66619300842285,339.4766540527344,106.22932434082031
2021-10-27,145.5791778564453,169.62449645996094,48.14876174926758,433050.0,145.12100219726562,310.05419921875,312.122802734375,24.400739669799805,345.9533386230469,105.82928466796875
2021-10-28,149.2174530029297,172.32850646972656,48.74337387084961,436250.0,144.75526428222656,314.7215881347656,313.2623596191406,24.889732360839844,359.0133361816406,107.9319076538086
2021-10-29,146.50830078125,168.6215057373047,48.93665313720703,432902.0,146.93580627441406,321.3254699707031,320.2838439941406,25.514446258544922,371.3333435058594,105.78273010253906
2021-11-01,145.686767578125,165.90550231933594,48.603450775146484,430944.0,142.4208984375,327.6910095214844,318.1108093261719,25.773910522460938,402.86334228515625,106.17351531982422
2021-11-02,146.72348022460938,165.6374969482422,49.433692932128906,434245.0,144.3418731689453,325.8041687011719,321.74224853515625,26.34673309326172,390.6666564941406,106.1642074584961
2021-11-03,148.16116333007812,169.1999969482422,49.9215202331543,435020.0,145.4986572265625,329.319580078125,322.58258056640625,26.543325424194336,404.6199951171875,106.07115936279297
2021-11-04,147.64283752441406,173.85000610351562,50.496788024902344,433102.0,147.15562438964844,333.5202331542969,324.9390869140625,29.739744186401367,409.9700012207031,109.58795166015625
2021-11-05,148.1717529296875,175.94949340820312,51.444828033447266,434000.0,147.7357635498047,338.7635803222656,324.5721740722656,29.690839767456055,407.36334228515625,109.59725952148438
2021-11-08,147.34898376464844,174.44900512695312,51.447593688964844,435200.0,147.91339111328125,336.2710266113281,325.4703369140625,30.740686416625977,387.64666748046875,112.49069213867188
2021-11-09,147.7113800048828,178.81149291992188,51.34175109863281,431680.0,147.8017578125,333.0435485839844,324.46588134765625,30.593982696533203,341.1666564941406,113.30012512207031
2021-11-10,144.88075256347656,174.1024932861328,50.510597229003906,430602.0,144.7994384765625,325.36724853515625,319.4919128417969,29.39844512939453,355.98333740234375,109.96940612792969
2021-11-11,144.83177185058594,173.625,51.1208381652832,429202.0,144.67337036132812,325.4665222167969,321.066162109375,30.327533721923828,354.5033264160156,109.96009826660156
2021-11-12,146.90823364257812,176.25750732421875,51.84061813354492,431575.0,147.56304931640625,338.5253601074219,325.2095947265625,30.327533721923828,344.47332763671875,110.42529296875
2021-11-15,146.91799926757812,177.28399658203125,52.07532501220703,429302.0,147.33876037597656,345.1490173339844,324.581787109375,29.96328353881836,337.7966613769531,109.89497375488281
2021-11-16,147.89749145507812,177.03500366210938,52.351463317871094,427702.0,146.76705932617188,340.5809326171875,327.9042053222656,30.140913009643555,351.57666015625,109.85775756835938
2021-11-17,150.33628845214844,177.4499969482422,52.43153762817383,426198.0,146.93679809570312,338.4061279296875,328.1268005371094,29.20085334777832,363.0033264160156,110.7695083618164
2021-11-18,154.62631225585938,184.80299377441406,52.907405853271484,422702.0,148.71484375,336.340576171875,330.2070007324219,31.609893798828125,365.4599914550781,114.79801177978516
2021-11-19,157.251220703125,183.82850646972656,52.34686279296875,423374.0,147.80967712402344,342.9046936035156,331.9873352050781,32.91718673706055,379.0199890136719,115.60742950439453
2021-11-22,157.7115936279297,178.6284942626953,50.92570877075195,430100.0,145.2048797607422,338.6444396972656,328.8136901855469,31.89031410217285,385.6233215332031,116.06329345703125
2021-11-23,158.0935821533203,179.0019989013672,51.09507369995117,434921.0,144.68878173828125,334.91058349609375,326.7333984375,31.68074607849121,369.6766662597656,112.90937042236328
2021-11-24,158.6126708984375,179.02049255371094,51.42734146118164,433333.0,145.0242462158203,338.6941223144531,326.9559631347656,32.606834411621094,372.0,112.30461883544922
2021-11-26,153.58810424804688,175.22799682617188,50.309932708740234,427833.0,141.1167755126953,330.8092041015625,318.9927978515625,31.438243865966797,360.6400146484375,108.93669891357422
2021-11-29,156.94760131835938,178.07850646972656,51.9437141418457,425260.0,144.4391632080078,335.68511962890625,325.7174072265625,33.30739974975586,378.9966735839844,110.97421264648438
2021-11-30,161.9036407470703,175.35350036621094,50.962528228759766,416876.0,140.8334197998047,322.2092590332031,319.87322998046875,32.608829498291016,381.586669921875,108.99252319335938
2021-12-01,161.38455200195312,172.18600463867188,51.061946868896484,415660.0,139.99374389648438,308.4454345703125,319.37982177734375,31.374225616455078,365.0,112.23020935058594
2021-12-02,160.39529418945312,171.8679962158203,50.84930419921875,420566.0,141.8938751220703,308.23687744140625,318.80889892578125,32.06388854980469,361.5333251953125,113.2256851196289
2021-12-03,158.5147247314453,169.489501953125,51.37120056152344,418676.0,140.93661499023438,304.71148681640625,312.5389709472656,30.6336612701416,338.3233337402344,111.02071380615234
2021-12-06,161.92324829101562,171.36849975585938,52.002620697021484,426200.0,142.0814666748047,315.6650085449219,315.61590576171875,29.97892951965332,336.336669921875,110.84396362304688
2021-12-07,167.66282653808594,176.1645050048828,54.34236526489258,429830.0,146.16510009765625,320.5706787109375,324.0628967285156,32.36429977416992,350.5833435058594,113.80252075195312
2021-12-08,171.48269653320312,176.1580047607422,54.172996520996094,427405.0,147.0752410888672,328.26690673828125,324.1112365722656,31.764463424682617,356.32000732421875,113.31873321533203
2021-12-09,170.97340393066406,174.17100524902344,53.699886322021484,428402.0,146.53135681152344,327.5321044921875,322.30181884765625,30.431047439575195,334.6000061035156,111.17887878417969
2021-12-10,175.76292419433594,172.21200561523438,58.14190673828125,435000.0,146.89161682128906,327.46258544921875,331.43585205078125,30.139617919921875,339.010009765625,110.83462524414062
2021-12-13,172.12913513183594,169.5675048828125,57.21963119506836,437730.0,144.7329559326172,332.16973876953125,328.3976135253906,28.10655403137207,322.13665771484375,108.31334686279297
2021-12-14,170.7481231689453,169.0915069580078,56.59833526611328,446104.0,142.82781982421875,331.4249267578125,317.6961669921875,28.282215118408203,319.5033264160156,108.19241333007812
2021-12-15,175.61599731445312,173.31500244140625,58.89481735229492,443702.0,145.3428192138672,339.28997802734375,323.8016052246094,30.40011215209961,325.3299865722656,112.0162124633789
2021-12-16,168.7206268310547,168.87100219726562,57.12943649291992,454550.0,143.36180114746094,332.5768737792969,314.36767578125,28.332120895385742,308.97332763671875,108.90154266357422
2021-12-17,167.6237030029297,170.0175018310547,58.44380187988281,443304.0,140.66220092773438,331.47454833984375,313.3033447265625,27.747251510620117,310.8566589355469,108.66796875
2021-12-20,166.26222229003906,167.07899475097656,59.37068557739258,437445.0,140.54507446289062,323.1923828125,309.53948974609375,27.665409088134766,299.9800109863281,107.3787612915039
2021-12-21,169.43563842773438,170.41700744628906,59.86256408691406,443000.0,142.3966064453125,331.8816833496094,316.6802062988281,29.01879119873047,312.84332275390625,109.71430206298828
2021-12-22,172.0312042236328,171.03700256347656,60.69253921508789,444588.0,145.3170166015625,328.15771484375,322.39862060546875,29.343156814575195,336.2900085449219,113.32038116455078
2021-12-23,172.65805053710938,171.06849670410156,61.58180236816406,444654.0,145.81475830078125,332.91448974609375,323.84033203125,29.58269500732422,355.6666564941406,112.74115753173828
2021-12-27,176.6248779296875,169.66949462890625,62.459957122802734,447110.0,146.79733276367188,343.778564453125,331.3487548828125,30.885173797607422,364.64666748046875,114.62826538085938
2021-12-28,175.60621643066406,170.66099548339844,61.97085952758789,449570.0,145.58697509765625,343.81829833984375,330.18768310546875,30.263378143310547,362.8233337402344,114.03035736083984
2021-12-29,175.6943817138672,169.2010040283203,62.305267333984375,452102.0,145.55520629882812,340.5611267089844,330.8649597167969,29.942995071411133,362.0633239746094,113.42314910888672
2021-12-30,174.53855895996094,168.64450073242188,61.60775375366211,452700.0,145.10415649414062,341.9711608886719,328.32025146484375,29.528804779052734,356.7799987792969,112.49826049804688
2021-12-31,173.9215850830078,166.7169952392578,61.63831329345703,450662.0,143.76576232910156,334.016845703125,325.4175109863281,29.354137420654297,352.260009765625,112.39550018310547
2022-01-03,178.27032470703125,170.4044952392578,61.44470977783203,454300.0,143.90419006347656,336.1916198730469,323.8984069824219,30.062763214111328,399.9266662597656,120.3270034790039
2022-01-04,176.0077667236328,167.52200317382812,62.14872360229492,465725.0,143.31663513183594,334.195556640625,318.3444519042969,29.23337173461914,383.1966552734375,124.62438201904297
2022-01-05,171.3260040283203,164.35699462890625,59.562435150146484,467274.0,136.74180603027344,321.9212646484375,306.1239013671875,27.550630569458008,362.7066650390625,118.70146942138672
2022-01-06,168.4659881591797,163.25399780273438,59.00942611694336,473153.0,136.71450805664062,330.15374755859375,303.70489501953125,28.123519897460938,354.8999938964844,120.01870727539062
2022-01-07,168.63250732421875,162.5540008544922,57.3531494140625,480000.0,135.989501953125,329.4884338378906,303.8597717285156,27.19432258605957,342.32000732421875,115.37564849853516
2022-01-10,168.65206909179688,161.48599243164062,57.539344787597656,477165.0,137.62957763671875,325.7942199707031,304.0822448730469,27.347021102905273,352.7066650390625,116.78630828857422
2022-01-11,171.48269653320312,165.36199951171875,57.62179183959961,480340.0,138.6881103515625,332.0505065917969,304.769287109375,27.763216018676758,354.79998779296875,120.67265319824219
2022-01-12,171.9234619140625,165.20700073242188,57.617156982421875,481700.0,140.36988830566406,330.9482421875,307.95263671875,27.94487190246582,368.739990234375,123.53132629394531
2022-01-13,168.65206909179688,161.21400451660156,55.31895065307617,483872.0,137.54776000976562,324.2152404785156,294.9192199707031,26.523618698120117,343.85333251953125,130.03350830078125
2022-01-14,169.51402282714844,162.13800048828125,55.243003845214844,485379.0,138.4345245361328,329.5976867675781,300.14422607421875,26.88991355895996,349.8699951171875,131.4067840576172
2022-01-18,166.31121826171875,158.91749572753906,53.52189254760742,480081.0,134.9781494140625,315.9429626464844,292.8389587402344,25.852922439575195,343.5033264160156,125.026123046875
2022-01-19,162.81454467773438,156.2989959716797,52.241722106933594,473440.0,134.10324096679688,317.3730773925781,293.4969177246094,25.01853370666504,331.8833312988281,122.39159393310547
2022-01-20,161.1298828125,151.66749572753906,50.73644256591797,467390.0,132.3078155517578,314.36407470703125,291.82305908203125,24.103309631347656,332.0899963378906,119.88793182373047
2022-01-21,159.07302856445312,142.64300537109375,49.39421463012695,458675.0,129.37399291992188,301.0669250488281,286.4335632324219,23.32880973815918,314.6333312988281,116.33789825439453
2022-01-24,158.29925537109375,144.54400634765625,50.167686462402344,456901.0,129.8231201171875,306.5685119628906,286.7625427246094,23.32680892944336,310.0,117.67382049560547
2022-01-25,156.49705505371094,139.98599243164062,49.47850799560547,461919.0,125.98310852050781,298.0679016113281,279.13800048828125,22.28083610534668,306.1333312988281,114.42273712158203
2022-01-26,156.40890502929688,138.87249755859375,51.60719680786133,463652.0,128.2638702392578,292.5862121582031,287.09149169921875,22.72797393798828,312.4700012207031,114.98328399658203
2022-01-27,155.94859313964844,139.6374969482422,50.235313415527344,461200.0,128.03759765625,292.59613037109375,290.1200866699219,21.90157699584961,276.3666687011719,108.72403717041016
2022-01-28,166.83030700683594,143.97799682617188,51.88322448730469,469880.0,132.35098266601562,299.6170654296875,298.2670593261719,22.795839309692383,282.1166687011719,109.87311553955078
2022-01-31,171.18890380859375,149.57350158691406,54.27128982543945,469805.0,134.28883361816406,311.08697509765625,300.89892578125,24.438657760620117,312.239990234375,114.5628662109375
2022-02-01,171.02239990234375,151.19349670410156,54.904884338378906,471184.0,136.6117706298828,316.78717041015625,298.7508544921875,24.59036636352539,310.4166564941406,114.95523834228516
2022-02-02,172.2270965576172,150.6125030517578,55.89697265625,479500.0,146.89015197753906,320.7594299316406,303.29852294921875,25.193195343017578,301.88665771484375,115.9828872680664
2022-02-03,169.34747314453125,138.8455047607422,53.80534744262695,472536.0,142.01695251464844,236.1106719970703,291.4843444824219,23.901700973510742,297.0466613769531,111.9564208984375
2022-02-04,169.0630645751953,157.63949584960938,54.667755126953125,473364.0,142.2184295654297,235.4453582763672,296.0223083496094,24.271984100341797,307.7733459472656,113.05879974365234
2022-02-07,168.34718322753906,157.9355010986328,54.43339538574219,474900.0,138.1571044921875,223.34982299804688,291.194091796875,24.680192947387695,302.4466552734375,114.263916015625
2022-02-08,171.4560089111328,161.4134979248047,55.59962844848633,482030.0,138.35365295410156,218.65261840820312,294.6871032714844,25.059457778930664,307.3333435058594,115.57182312011719
2022-02-09,172.87803649902344,161.1894989013672,56.629695892333984,483900.0,140.5301971435547,230.39064025878906,301.1214599609375,26.653371810913086,310.6666564941406,117.26277160644531
2022-02-10,168.7982940673828,159.0034942626953,54.77891540527344,480105.0,137.58045959472656,226.4879150390625,292.5777893066406,25.774072647094727,301.51666259765625,116.50605773925781
2022-02-11,165.38548278808594,153.2935028076172,53.11709213256836,479370.0,133.27552795410156,218.02700805664062,285.4756774902344,23.90269660949707,286.6666564941406,113.04944610595703
2022-02-14,165.620849609375,155.16700744628906,53.595069885253906,472410.0,134.50967407226562,216.18984985351562,285.4369812011719,24.22008514404297,291.9200134277344,111.8910140991211
2022-02-15,169.4553680419922,156.510498046875,55.835845947265625,473980.0,135.5840606689453,219.46693420410156,290.72967529296875,26.443775177001953,307.4766540527344,116.32853698730469
2022-02-16,169.21998596191406,158.10049438476562,55.320804595947266,474444.0,136.70509338378906,215.0378875732422,290.3902587890625,26.459745407104492,307.7966613769531,115.46906280517578
2022-02-17,165.620849609375,154.65249633789062,53.63398361206055,470655.0,131.54507446289062,206.2691650390625,281.88702392578125,24.459619522094727,292.1166687011719,111.88167572021484
2022-02-18,164.07131958007812,152.60150146484375,53.72568893432617,472257.0,129.42510986328125,204.72987365722656,279.1722106933594,23.596290588378906,285.6600036621094,111.46127319335938
2022-02-22,161.1488494873047,150.19749450683594,53.49132537841797,471418.0,128.84002685546875,200.67820739746094,278.9685974121094,23.34478187561035,273.84332275390625,109.21916961669922
2022-02-23,156.98086547851562,144.82699584960938,52.354736328125,465515.0,126.6312026977539,197.07337951660156,271.7452087402344,22.343721389770508,254.67999267578125,108.2756118774414
2022-02-24,159.5993194580078,151.35800170898438,53.726619720458984,462110.0,131.69593811035156,206.15989685058594,285.6296081542969,23.70208740234375,266.92333984375,104.52005767822266
2022-02-25,161.6686553955078,153.7884979248047,54.468589782714844,479345.0,133.451171875,209.01992797851562,288.26690673828125,24.11029624938965,269.9566650390625,103.91281127929688
2022-02-28,161.93341064453125,153.56300354003906,54.415794372558594,476205.0,134.04421997070312,209.56610107421875,289.701904296875,24.337854385375977,290.1433410644531,99.97042083740234
2022-03-01,160.05047607421875,151.14199829101562,52.81140899658203,475879.0,133.05615234375,202.0784149169922,285.9786682128906,23.43161392211914,288.1233215332031,100.94202423095703
2022-03-02,163.34559631347656,152.05250549316406,54.262027740478516,486109.0,133.56234741210938,206.66636657714844,291.0592346191406,24.177289962768555,293.2966613769531,102.39940643310547
2022-03-03,163.02197265625,147.89849853515625,53.59693145751953,491245.0,132.89537048339844,201.56201171875,286.9191589355469,23.67218780517578,279.7633361816406,101.63333892822266
2022-03-04,160.0210418701172,145.64100646972656,55.207794189453125,487440.0,130.91734313964844,198.67222595214844,281.0434875488281,22.895557403564453,279.42999267578125,98.14871215820312
2022-03-07,156.22576904296875,137.4530029296875,52.86512756347656,484527.0,125.43077087402344,186.16952514648438,270.4266052246094,21.314350128173828,268.1933288574219,92.75828552246094
2022-03-08,154.40162658691406,136.01449584960938,53.35145950317383,478025.0,126.1513442993164,188.96998596191406,267.4595947265625,21.476064682006836,274.79998779296875,93.42160034179688
2022-03-09,159.80528259277344,139.2790069580078,55.30320739746094,488245.0,132.41946411132812,197.12303161621094,279.7248840332031,22.973421096801758,286.3233337402344,98.04592895507812
2022-03-10,155.46078491210938,146.8175048828125,54.442657470703125,487820.0,131.43641662597656,193.85585021972656,276.90338134765625,22.618045806884766,279.4333190917969,97.1210708618164
2022-03-11,151.74391174316406,145.52450561523438,53.5274543762207,489802.0,128.89659118652344,186.30857849121094,271.5513000488281,22.061031341552734,265.1166687011719,94.73883819580078
2022-03-14,147.71322631835938,141.85299682617188,52.596500396728516,493785.0,125.00647735595703,185.33535766601562,268.03173828125,21.292388916015625,255.4566650390625,92.76762390136719
2022-03-15,152.09693908691406,147.3665008544922,54.908599853515625,498160.0,128.2291259765625,190.69790649414062,278.4158935546875,22.93248748779297,267.2966613769531,95.37409210205078
2022-03-16,156.5101318359375,153.10400390625,56.238800048828125,504036.0,132.28102111816406,202.21743774414062,285.43572998046875,24.45280647277832,280.07666015625,99.21345520019531
2022-03-17,157.52023315429688,157.23899841308594,55.826576232910156,518438.0,132.83534240722656,206.39825439453125,286.2404479980469,24.72233009338379,290.5333251953125,99.96443939208984
2022-03-18,160.81539916992188,161.25050354003906,56.543556213378906,512991.0,135.1046600341797,214.9882354736328,291.2919921875,26.406352996826172,301.7966613769531,100.18033599853516
2022-03-21,162.18838500976562,161.4915008544922,56.075401306152344,525000.0,135.0808563232422,210.02293395996094,290.06060791015625,26.68686294555664,307.0533447265625,100.36808776855469
2022-03-22,165.56199645996094,164.88900756835938,57.01264572143555,525854.0,138.81912231445312,215.1471405029297,294.8116149902344,26.477230072021484,331.32666015625,100.48074340820312
2022-03-23,166.9251708984375,163.4080047607422,55.89727020263672,521781.0,137.23858642578125,211.979248046875,290.38067626953125,25.58880043029785,333.03668212890625,98.89430236816406
2022-03-24,170.71067810058594,163.64950561523438,58.419921875,528817.0,140.5103759765625,218.04685974121094,294.8503723144531,28.100358963012695,337.97332763671875,101.30680847167969
2022-03-25,171.34814453125,164.77349853515625,58.647464752197266,538949.0,140.61058044433594,220.28128051757812,294.443115234375,27.643171310424805,336.8800048828125,100.18974304199219
2022-03-28,172.21115112304688,168.99049377441406,59.021427154541016,539180.0,140.39471435546875,222.0389862060547,301.2496337890625,28.169240951538086,363.9466552734375,99.81423950195312
2022-03-29,175.50631713867188,169.31500244140625,59.8225212097168,532011.0,141.43682861328125,228.26551818847656,305.81640625,28.605470657348633,366.5233459472656,102.55531311035156
2022-03-30,174.3393096923828,166.30099487304688,58.85449981689453,536440.0,140.87408447265625,226.26943969726562,304.3134765625,27.641176223754883,364.663330078125,100.18974304199219
2022-03-31,171.24026489257812,162.99749755859375,58.722999572753906,528921.0,138.02462768554688,220.8175048828125,298.93231201171875,27.237886428833008,359.20001220703125,97.87109375
2022-04-01,170.94601440429688,163.55999755859375,58.47120666503906,527760.0,139.0994873046875,223.29025268554688,300.0085754394531,26.664897918701172,361.5299987792969,96.49114990234375
2022-04-04,174.99636840820312,168.34649658203125,59.205142974853516,518714.0,141.89935302734375,232.2675323486328,305.3897399902344,27.311758041381836,381.8166809082031,98.36860656738281
2022-04-05,171.68154907226562,164.05499267578125,57.271907806396484,516000.0,139.5366973876953,230.2317657470703,301.4241638183594,25.885278701782227,363.7533264160156,96.21891784667969
2022-04-06,168.51394653320312,158.75599670410156,56.141605377197266,517002.0,135.52403259277344,221.75100708007812,290.3902587890625,24.363962173461914,348.586669921875,94.97981262207031
2022-04-07,168.81793212890625,157.7845001220703,56.23952865600586,519760.0,134.86944580078125,221.40341186523438,292.20343017578125,24.165315628051758,352.4200134277344,94.36026763916016
2022-04-08,166.80747985839844,154.4604949951172,54.74272537231445,529000.0,132.28794860839844,220.78775024414062,287.937255859375,23.078235626220703,341.8299865722656,93.20563507080078
2022-04-11,162.55123901367188,151.1219940185547,54.14680862426758,527590.0,127.85743713378906,214.95846557617188,276.5834045410156,21.878353118896484,325.30999755859375,91.59103393554688
2022-04-12,164.42440795898438,150.78750610351562,54.562744140625,524271.0,126.75675964355469,212.654541015625,273.4807434082031,21.46607780456543,328.98333740234375,91.46900177001953
2022-04-13,167.1114959716797,155.54100036621094,55.25939178466797,519800.0,128.91990661621094,213.49864196777344,278.8716735839844,22.163846969604492,340.7900085449219,95.28020477294922
2022-04-14,162.10009765625,151.7064971923828,53.516380310058594,516435.0,125.77965545654297,208.72201538085938,271.318603515625,21.22051239013672,328.3333435058594,92.33262634277344
2022-04-18,161.88436889648438,152.78500366210938,54.69609832763672,519499.0,126.71904754638672,209.3079376220703,271.98760986328125,21.74458885192871,334.7633361816406,92.71751403808594
2022-04-19,164.16940307617188,158.11549377441406,55.73313522338867,523260.0,129.03404235839844,215.80255126953125,276.6221923828125,22.158857345581055,342.7166748046875,93.3558349609375
2022-04-20,164.00267028808594,153.9980010986328,55.742462158203125,522901.0,127.0798110961914,199.02972412109375,277.64996337890625,21.444120407104492,325.73333740234375,92.94280242919922
2022-04-21,163.20831298828125,148.29600524902344,55.277099609375,515815.0,123.87850189208984,186.76539611816406,272.2687683105469,20.14741325378418,336.260009765625,91.67552185058594
2022-04-22,158.66763305664062,144.35000610351562,54.73807144165039,505440.0,118.73834228515625,182.83285522460938,265.6950378417969,19.480587005615234,335.01666259765625,89.81686401367188
2022-04-25,159.7366180419922,146.07400512695312,54.824790954589844,506200.0,122.15104675292969,185.69285583496094,272.1814880371094,19.866905212402344,332.67333984375,90.342529296875
2022-04-26,153.7739715576172,139.39100646972656,52.23127746582031,497777.0,117.76023864746094,179.6947784423828,262.0009460449219,18.754871368408203,292.1400146484375,87.08517456054688
2022-04-27,153.54844665527344,138.16700744628906,52.18185043334961,496800.0,113.43739318847656,173.7363739013672,274.6054992675781,18.382530212402344,293.836669921875,84.72898864746094
2022-04-28,160.48193359375,144.59649658203125,53.991065979003906,499000.0,117.63369750976562,204.30287170410156,280.82049560546875,19.747119903564453,292.5033264160156,89.38505554199219
2022-04-29,154.6075439453125,124.28150177001953,51.701576232910156,484340.0,113.25377655029297,199.07936096191406,269.078857421875,18.514291763305664,290.2533264160156,87.23536682128906
2022-05-02,154.9115753173828,124.5,53.74952697753906,478150.0,115.708740234375,209.6654510498047,275.8174133300781,19.49856185913086,300.9800109863281,88.01451873779297
2022-05-03,156.4022674560547,124.25350189208984,54.19903564453125,481198.0,116.4541015625,210.5591583251953,273.209228515625,19.567434310913086,303.0833435058594,87.89248657226562
2022-05-04,162.8160400390625,125.92849731445312,56.29641342163086,494343.0,121.34415435791016,221.86024475097656,281.1598815917969,20.298145294189453,317.5400085449219,90.10785675048828
2022-05-05,153.7445831298828,116.40699768066406,54.088985443115234,481400.0,115.63182067871094,206.83518981933594,268.9140319824219,18.810773849487305,291.09332275390625,86.503173828125
2022-05-06,154.47128295898438,114.77249908447266,54.099239349365234,479500.0,114.87850952148438,202.35647583007812,266.3737487792969,18.642070770263672,288.54998779296875,86.01502990722656
2022-05-09,149.3445587158203,108.78900146484375,52.4970703125,471200.0,111.66727447509766,194.84893798828125,256.53240966796875,16.92011260986328,262.3699951171875,81.95036315917969
2022-05-10,151.75079345703125,108.85900115966797,54.21955490112305,469780.0,113.53713989257812,196.27894592285156,261.3027648925781,17.563974380493164,266.67999267578125,83.37722778320312
2022-05-11,143.88381958007812,105.37200164794922,52.8878173828125,468000.0,112.7505874633789,187.4307403564453,252.625,16.600677490234375,244.6666717529297,82.44790649414062
2022-05-12,140.01419067382812,106.93049621582031,53.30375289916992,461631.0,111.99777221679688,189.9134063720703,247.58322143554688,16.1464786529541,242.6666717529297,82.31645965576172
2022-05-13,144.4829559326172,113.05500030517578,54.85837173461914,465011.0,115.18023681640625,197.24220275878906,253.1776123046875,17.674779891967773,256.5299987792969,85.38609313964844
2022-05-16,142.94094848632812,110.81050109863281,54.33891296386719,464250.0,113.58677673339844,198.65234375,253.546142578125,17.23356056213379,241.4566650390625,84.86978149414062
2022-05-17,146.57492065429688,115.36849975585938,56.71514129638672,471670.0,115.59956359863281,201.21444702148438,258.7043151855469,18.144947052001953,253.8699951171875,87.60147094726562
2022-05-18,138.30526733398438,107.11250305175781,53.21049118041992,461000.0,111.06035614013672,190.9064483642578,246.92556762695312,16.90813446044922,236.60333251953125,84.98246002197266
2022-05-19,134.89724731445312,107.31900024414062,50.938716888427734,456031.0,109.55622863769531,189.96304321289062,246.01206970214844,17.093809127807617,236.47332763671875,84.68204498291016
2022-05-20,135.13294982910156,107.59100341796875,50.657081604003906,456500.0,108.09130096435547,192.19741821289062,245.4483642578125,16.66456413269043,221.3000030517578,85.21712493896484
2022-05-23,140.55435180664062,107.55699920654297,49.08754348754883,464510.0,110.65194702148438,194.8687744140625,253.31056213378906,16.868206024169922,224.96665954589844,85.89300537109375
2022-05-24,137.85348510742188,104.0999984741211,48.8860969543457,463606.0,105.17533111572266,180.02249145507812,252.3096466064453,16.125516891479492,209.3866729736328,83.28336334228516
2022-05-25,138.0106201171875,106.7750015258789,49.579010009765625,462890.0,105.01156616210938,182.5548095703125,255.12796020507812,16.945068359375,219.60000610351562,84.86978149414062
2022-05-26,141.21240234375,111.07749938964844,51.35371398925781,468805.0,106.98416137695312,190.3007049560547,258.4127197265625,17.819520950317383,235.91000366210938,85.42363739013672
2022-05-27,146.96775817871094,115.14649963378906,54.39580154418945,478670.0,111.47422790527344,193.77642822265625,265.5461120605469,18.777830123901367,253.2100067138672,88.02388000488281
2022-05-31,146.18206787109375,120.20950317382812,54.1020393371582,474050.0,112.90888977050781,192.29673767089844,264.21466064453125,18.63907814025879,252.75332641601562,89.46015167236328
2022-06-01,146.05438232421875,121.68399810791016,53.49492645263672,469620.0,113.03793334960938,187.3314208984375,264.7492370605469,18.28769874572754,246.7899932861328,88.94386291503906
2022-06-02,148.50975036621094,125.51100158691406,53.7859001159668,472710.0,116.74043273925781,197.4805145263672,266.8482971191406,19.557453155517578,258.3333435058594,90.43641662597656
2022-06-03,142.78382873535156,122.3499984741211,52.53437042236328,467650.0,113.68204498291016,189.45660400390625,262.4167175292969,18.686988830566406,234.51666259765625,88.02388000488281
2022-06-06,143.53025817871094,124.79000091552734,52.33946228027344,468400.0,115.94445037841797,192.9025115966797,261.1825256347656,18.75287437438965,238.27999877929688,87.40434265136719
2022-06-07,146.05438232421875,123.0,53.436180114746094,471500.0,116.27098846435547,194.29281616210938,264.8268737792969,18.892629623413086,238.8866729736328,88.089599609375
2022-06-08,145.31776428222656,121.18000030517578,52.724613189697266,463300.0,116.31514739990234,195.2759246826172,262.79571533203125,18.61905288696289,241.86666870117188,87.74227142333984
2022-06-09,140.09274291992188,116.1500015258789,51.87223815917969,452260.0,113.9743423461914,182.7236328125,257.3340148925781,18.01998519897461,239.7066650390625,85.2828369140625
2022-06-10,134.68118286132812,109.6500015258789,50.4780158996582,439780.0,110.32788848876953,174.35208129882812,245.86627197265625,16.947650909423828,232.22999572753906,83.24580383300781
2022-06-13,129.52491760253906,103.66999816894531,48.2724609375,423700.0,105.59465789794922,163.1205596923828,235.4384307861328,15.622712135314941,215.73666381835938,80.3076171875
2022-06-14,130.3892059326172,102.30999755859375,48.51026916503906,415500.0,105.91523742675781,162.59420776367188,237.6056365966797,15.811417579650879,220.88999938964844,81.84712219238281
2022-06-15,133.01150512695312,107.66999816894531,49.120174407958984,418600.0,108.94136810302734,168.17526245117188,244.6708984375,16.5013484954834,233.0,83.6682357788086
2022-06-16,127.7374038696289,103.66000366210938,46.36625289916992,403971.0,105.23834991455078,159.75405883789062,238.0720977783203,15.5767822265625,213.10000610351562,79.75861358642578
2022-06-17,129.2106170654297,106.22000122070312,46.50334548950195,403150.0,106.34002685546875,162.6041717529297,240.6766357421875,15.855348587036133,216.75999450683594,80.21157836914062
2022-06-21,133.44366455078125,108.68000030517578,47.37031555175781,407800.0,110.70751190185547,155.96058654785156,246.59518432617188,16.540287017822266,237.0366668701172,82.05172729492188
2022-06-22,132.93296813964844,108.94999694824219,46.649085998535156,405649.0,110.65145874023438,154.7689208984375,246.00234985351562,16.33460807800293,236.086669921875,80.12665557861328
2022-06-23,135.8008270263672,112.44000244140625,46.69423294067383,402300.0,111.40028381347656,157.64877319335938,251.5709686279297,16.19981575012207,235.07000732421875,79.38116455078125
2022-06-24,139.13026428222656,116.45999908447266,47.870567321777344,417401.0,117.09030151367188,168.9796142578125,260.1620788574219,17.09941864013672,245.7066650390625,81.07975006103516
2022-06-27,139.13026428222656,113.22000122070312,47.552738189697266,417700.0,114.96485900878906,168.3142852783203,257.4312438964844,16.842811584472656,244.9199981689453,81.02313995361328
2022-06-28,134.9856414794922,107.4000015258789,46.87006759643555,412170.0,111.16754150390625,159.5653839111328,249.2580108642578,15.95719051361084,232.663330078125,79.58876037597656
2022-06-29,136.74365234375,108.91999816894531,46.114051818847656,411050.0,110.86385345458984,162.80279541015625,252.93157958984375,15.51787281036377,228.49000549316406,78.93763732910156
2022-06-30,134.27845764160156,106.20999908447266,45.68151092529297,408950.0,108.14586639404297,160.13140869140625,249.59812927246094,15.135469436645508,224.47332763671875,77.14466857910156
2022-07-01,136.4490203857422,109.55999755859375,44.93207550048828,415850.0,107.92207336425781,158.9198760986328,252.2706756591797,14.500456809997559,227.26333618164062,72.6622543334961
2022-07-05,139.03207397460938,113.5,44.78726577758789,413844.0,112.41363525390625,167.02330017089844,255.44862365722656,14.94077205657959,233.06666564941406,71.8223876953125
2022-07-06,140.3677215576172,114.33000183105469,45.38060760498047,414148.0,113.71282196044922,168.5923309326172,258.7140197753906,15.106514930725098,231.73333740234375,71.3033676147461
2022-07-07,143.7365264892578,116.33000183105469,46.878536224365234,419200.0,117.8922348022461,170.9955596923828,260.84234619140625,15.833383560180664,244.5433349609375,76.10662841796875
2022-07-08,144.41415405273438,115.54000091552734,46.892635345458984,421800.0,118.45846557617188,169.6946563720703,260.1231994628906,15.813416481018066,250.76333618164062,76.9181900024414
2022-07-11,142.28294372558594,111.75,45.40411376953125,417900.0,114.80903625488281,161.75010681152344,257.0619201660156,15.128480911254883,234.3433380126953,74.65339660644531
2022-07-12,143.25526428222656,109.22000122070312,45.26401138305664,416449.0,113.16545867919922,162.13743591308594,246.5271453857422,15.058588027954102,233.07000732421875,74.6439437866211
2022-07-13,142.89187622070312,110.4000015258789,45.297855377197266,417250.0,110.51847076416016,162.35589599609375,245.60386657714844,15.140461921691895,237.0399932861328,76.71057891845703
2022-07-14,145.8186492919922,110.62999725341797,45.57149124145508,412600.0,109.53985595703125,156.95362854003906,246.92556762695312,15.348138809204102,238.31333923339844,78.9565200805664
2022-07-15,147.48831176757812,113.55000305175781,46.4948844909668,418349.0,110.93927001953125,163.55751037597656,249.49124145507812,15.737532615661621,240.06666564941406,80.80609130859375
2022-07-18,144.44366455078125,113.76000213623047,46.175174713134766,414450.0,108.21237182617188,166.06996154785156,247.0907745361328,16.076007843017578,240.54666137695312,78.87156677246094
2022-07-19,148.303466796875,118.20999908447266,47.86209487915039,425110.0,112.95652770996094,174.56065368652344,252.2220916748047,16.96562385559082,245.52999877929688,81.29679870605469
2022-07-20,150.30703735351562,122.7699966430664,48.1225700378418,429200.0,113.04585266113281,181.81993103027344,254.88497924804688,17.779354095458984,247.5,81.6836929321289
2022-07-21,152.57579040527344,124.62999725341797,48.67830276489258,430900.0,113.48255157470703,181.8993682861328,257.382568359375,18.021984100341797,271.7066650390625,82.84441375732422
2022-07-22,151.33828735351562,122.41999816894531,48.19308853149414,429562.0,107.09085083007812,168.09580993652344,253.0287322998047,17.292116165161133,272.24334716796875,81.45721435546875
2022-07-25,150.21865844726562,121.13999938964844,48.248573303222656,432579.0,106.70378112792969,165.49395751953125,251.5417938232422,16.997573852539062,268.4333190917969,81.4383544921875
2022-07-26,148.89279174804688,114.80999755859375,48.05862808227539,428644.0,104.23245239257812,158.04595947265625,244.80694580078125,16.507335662841797,258.8599853515625,79.66425323486328
2022-07-27,153.99005126953125,120.97000122070312,49.62895584106445,436100.0,112.21215057373047,168.40365600585938,261.17279052734375,17.762386322021484,274.82000732421875,82.69343566894531
2022-07-28,154.5400848388672,122.27999877929688,50.17622375488281,442000.0,113.36346435546875,159.60511779785156,268.62677001953125,17.956087112426758,280.8999938964844,83.61820983886719
2022-07-29,159.60792541503906,134.9499969482422,50.35205841064453,451700.0,115.44771575927734,157.996337890625,272.8349609375,18.13480567932129,297.1499938964844,83.49554443359375
2022-08-01,158.62579345703125,135.38999938964844,50.43574905395508,444650.0,113.9986572265625,158.82058715820312,270.1817932128906,18.412372589111328,297.27667236328125,81.44779205322266
2022-08-02,157.152587890625,134.16000366210938,49.950538635253906,439180.0,114.26663208007812,159.0787811279297,267.0816345214844,18.49724006652832,300.586669921875,81.20243835449219
2022-08-03,163.1632843017578,139.52000427246094,51.410858154296875,443450.0,117.19451141357422,167.6290740966797,274.5161437988281,18.86367416381836,307.39666748046875,81.63650512695312
2022-08-04,162.8489990234375,142.57000732421875,51.980690002441406,442149.0,117.30369567871094,169.3867950439453,275.6629638671875,19.18517303466797,308.6333312988281,83.43890380859375
2022-08-05,162.62278747558594,140.8000030517578,51.85280227661133,439529.0,116.5890884399414,165.9508056640625,274.9437255859375,18.95952033996582,288.1700134277344,84.71285247802734
2022-08-08,162.1507110595703,139.41000366210938,51.29707717895508,439167.0,116.42036437988281,169.06898498535156,272.4267272949219,17.765380859375,290.42333984375,82.98595428466797
2022-08-09,162.1998748779297,137.8300018310547,50.10005187988281,440058.0,115.75537872314453,167.3609161376953,274.3509216308594,17.059476852416992,283.3333435058594,80.40975189208984
2022-08-10,166.4486541748047,142.69000244140625,51.755950927734375,442800.0,118.80235290527344,177.10287475585938,281.01776123046875,18.068906784057617,294.3566589355469,83.6748275756836
2022-08-11,165.7110137939453,140.63999938964844,51.28767395019531,445302.0,117.94880676269531,176.2587890625,278.93798828125,17.914146423339844,286.6300048828125,84.47694396972656
2022-08-12,169.261474609375,143.5500030517578,52.49128341674805,452697.0,120.76751708984375,179.24789428710938,283.6903076171875,18.679956436157227,300.0299987792969,85.74146270751953
2022-08-15,170.33348083496094,143.17999267578125,52.55992126464844,455170.0,121.16451263427734,179.6351776123047,285.2065124511719,19.002458572387695,309.32000732421875,86.41145324707031
2022-08-16,170.1761474609375,144.77999877929688,51.87255096435547,461300.0,120.787353515625,178.22503662109375,284.4678039550781,18.849693298339844,306.5633239746094,84.88272857666016
2022-08-17,171.67105102539062,142.10000610351562,50.64450454711914,457277.0,118.65348815917969,173.63710021972656,283.71795654296875,18.306537628173828,303.9966735839844,84.17498016357422
2022-08-18,171.2776336669922,142.3000030517578,52.511966705322266,457400.0,119.26883697509766,173.4484100341797,282.5979309082031,18.743860244750977,302.8699951171875,84.24102783203125
2022-08-19,168.69102478027344,138.22999572753906,51.56977081298828,447155.0,116.3310317993164,166.7948760986328,278.68280029296875,17.82129669189453,296.6666564941406,82.28764343261719
2022-08-22,164.8061981201172,133.22000122070312,49.71923065185547,433650.0,113.38330841064453,161.91893005371094,270.5020446777344,17.007556915283203,289.913330078125,80.43806457519531
2022-08-23,164.47174072265625,133.6199951171875,49.81608581542969,435730.0,113.00614929199219,159.99240112304688,269.2262268066406,17.154329299926758,296.4533386230469,81.1835708618164
2022-08-24,164.7667999267578,133.8000030517578,49.91575241088867,442210.0,112.83743286132812,162.1274871826172,268.5931701660156,17.195268630981445,297.0966796875,80.74004364013672
2022-08-25,167.2256317138672,137.27999877929688,51.72962188720703,448000.0,115.7752456665039,167.6092071533203,271.57330322265625,17.885196685791016,296.07000732421875,82.63681030273438
2022-08-26,160.92135620117188,130.75,48.97731399536133,436201.0,109.51255798339844,160.65773010253906,261.09405517578125,16.234758377075195,288.0899963378906,79.96623229980469
2022-08-29,158.71826171875,129.7899932861328,48.34918212890625,433300.0,108.59945678710938,158.06582641601562,258.3087463378906,15.776471138000488,284.82000732421875,78.18270111083984
2022-08-30,156.2890167236328,128.72999572753906,47.61668014526367,429700.0,108.12305450439453,156.06982421875,256.10772705078125,15.443990707397461,277.70001220703125,78.12608337402344
2022-08-31,154.62689208984375,126.7699966430664,46.93212890625,421308.0,107.408447265625,161.79978942871094,254.64688110351562,15.07056999206543,275.6099853515625,78.65452575683594
2022-09-01,155.35467529296875,127.81999969482422,46.26450729370117,424290.0,108.91705322265625,164.21290588378906,253.60476684570312,13.915366172790527,277.1600036621094,77.04086303710938
2022-09-02,153.24012756347656,127.51000213623047,47.03650665283203,417940.0,107.04122161865234,159.20790100097656,249.3780059814453,13.625816345214844,270.2099914550781,76.34255981445312
2022-09-06,151.98123168945312,126.11000061035156,46.846561431884766,416860.0,106.00901794433594,157.4402313232422,246.641357421875,13.444099426269531,274.4200134277344,75.52156066894531
2022-09-07,153.3876953125,129.47999572753906,47.498199462890625,422047.0,108.62921905517578,159.2773895263672,251.3550567626953,13.69678020477295,283.70001220703125,75.44606018066406
2022-09-08,151.9124298095703,129.82000732421875,48.137611389160156,426850.0,107.56725311279297,160.93580627441406,251.77381896972656,13.972434997558594,289.260009765625,75.71974182128906
2022-09-09,154.77439880371094,133.27000427246094,49.12213134765625,429819.0,109.82022857666016,167.9766387939453,257.558837890625,14.368936538696289,299.67999267578125,76.93706512451172
2022-09-12,160.7344512939453,136.4499969482422,49.748382568359375,433062.0,110.02865600585938,167.7879638671875,259.6916809082031,14.486788749694824,304.4200134277344,77.52213287353516
2022-09-13,151.30264282226562,126.81999969482422,47.35903549194336,418700.0,103.5376968383789,152.06776428222656,245.4142608642578,13.11451244354248,292.1300048828125,74.37029266357422
2022-09-14,152.74838256835938,128.5500030517578,48.026649475097656,420500.0,104.21259307861328,150.41925048828125,245.6382598876953,13.111516952514648,302.6099853515625,75.17240905761719
2022-09-15,149.8568572998047,126.27999877929688,47.02898025512695,417103.0,102.13826751708984,148.51258850097656,238.97674560546875,12.91276741027832,303.75,74.00324249267578
2022-09-16,148.21437072753906,123.52999877929688,47.25090026855469,414537.0,102.02909851074219,145.2752227783203,238.35345458984375,13.18143081665039,303.3500061035156,73.91783142089844
2022-09-19,151.93209838867188,124.66000366210938,47.18883514404297,421339.0,102.29707336425781,146.99322509765625,238.13917541503906,13.365198135375977,309.07000732421875,74.240478515625
2022-09-20,154.31214904785156,122.19000244140625,46.363243103027344,419869.0,100.38155364990234,145.07656860351562,236.1232147216797,13.159456253051758,308.7300109863281,74.1645736694336
2022-09-21,151.1846160888672,118.54000091552734,45.71656799316406,407930.0,98.5354995727539,141.13412475585938,232.71449279785156,13.24435043334961,300.79998779296875,73.20608520507812
2022-09-22,150.2207794189453,117.30999755859375,45.28703689575195,405375.0,99.38905334472656,141.8292694091797,234.6915283203125,12.545228004455566,288.5899963378906,71.77306365966797
2022-09-23,147.94888305664062,113.77999877929688,44.440284729003906,404485.0,97.9995346069336,139.4359893798828,231.7113800048828,12.500284194946289,275.3299865722656,70.10285186767578
2022-09-26,148.2832489013672,115.1500015258789,43.83154296875,399128.0,97.43380737304688,135.42398071289062,231.25367736816406,12.212646484375,276.010009765625,69.28670501708984
2022-09-27,149.25692749023438,114.41000366210938,44.06764602661133,401490.0,96.76883697509766,133.46768188476562,230.24081420898438,12.397414207458496,282.94000244140625,69.30567932128906
2022-09-28,147.36859130859375,118.01000213623047,44.182373046875,410705.0,99.29972076416016,140.627685546875,234.77920532226562,12.72000789642334,287.80999755859375,68.45156860351562
2022-09-29,140.12998962402344,114.80000305175781,42.68138122558594,406700.0,96.6894302368164,135.46376037597656,231.30238342285156,12.204657554626465,268.2099914550781,65.74690246582031
2022-09-30,135.92056274414062,113.0,42.101078033447266,406470.0,94.93272399902344,134.73880004882812,226.82241821289062,12.123758316040039,265.25,65.06364440917969
2022-10-03,140.10049438476562,115.87999725341797,43.311927795410156,413300.0,97.9002914428711,137.6484832763672,234.45782470703125,12.496291160583496,242.39999389648438,65.71843719482422
2022-10-04,143.69033813476562,121.08999633789062,45.500370025634766,424180.0,100.87779998779297,139.306884765625,242.3854217529297,13.150467872619629,249.44000244140625,69.09687805175781
2022-10-05,143.9853515625,120.94999694824219,45.96878433227539,420667.0,100.66937255859375,138.01589965820312,242.69703674316406,13.192415237426758,240.80999755859375,70.68173217773438
2022-10-06,143.03134155273438,120.30000305175781,45.46623992919922,416300.0,100.65945434570312,138.1053009033203,240.34996032714844,13.11351490020752,238.1300048828125,70.558349609375
2022-10-07,137.7794189453125,114.55999755859375,43.66276550292969,406010.0,97.93998718261719,132.52427673339844,228.12747192382812,12.060835838317871,223.07000732421875,66.19293975830078
2022-10-10,138.10397338867188,113.66999816894531,41.50275421142578,403000.0,97.12614440917969,132.8618927001953,223.26763916015625,11.655346870422363,222.9600067138672,64.00074005126953
2022-10-11,136.68772888183594,112.20999908447266,40.84469985961914,402836.0,96.45124053955078,127.6483154296875,219.52786254882812,11.571452140808105,216.5,60.2142219543457
2022-10-12,136.0583038330078,112.9000015258789,40.82669448852539,399251.0,96.82838439941406,126.61554718017578,219.85899353027344,11.485560417175293,217.24000549316406,60.84056091308594
2022-10-13,140.63157653808594,112.52999877929688,41.528358459472656,415222.0,98.317138671875,129.38619995117188,228.12747192382812,11.944982528686523,221.72000122070312,63.222557067871094
2022-10-14,136.09762573242188,106.9000015258789,40.4976692199707,412760.0,95.83587646484375,125.88068389892578,222.59564208984375,11.212903022766113,204.99000549316406,60.660247802734375
2022-10-17,140.0611572265625,113.79000091552734,41.281822204589844,419101.0,99.2203140258789,133.1101837158203,231.3315887451172,11.873072624206543,219.35000610351562,61.580787658691406
2022-10-18,141.37904357910156,116.36000061035156,41.230628967285156,428465.0,100.01431274414062,131.8787841796875,232.2762908935547,11.95197582244873,220.19000244140625,60.460968017578125
2022-10-19,141.4872283935547,115.06999969482422,41.27519226074219,421610.0,98.88285827636719,132.3057861328125,230.3090057373047,12.035869598388672,222.0399932861328,60.413516998291016
2022-10-20,141.0249786376953,115.25,40.80108642578125,413950.0,99.2203140258789,130.61761474609375,229.9876251220703,12.178689002990723,207.27999877929688,60.33759689331055
2022-10-21,144.84104919433594,119.31999969482422,42.64344024658203,427170.0,100.37162017822266,129.10812377929688,235.80181884765625,12.450348854064941,214.44000244140625,60.49892044067383
2022-10-24,146.98504638671875,119.81999969482422,43.28727340698242,432500.0,101.75119018554688,128.8201446533203,240.7979278564453,12.58318042755127,211.25,58.16438674926758
2022-10-25,149.82737731933594,120.5999984741211,43.62389373779297,436400.0,103.69650268554688,136.5561065673828,244.11895751953125,13.24435043334961,222.4199981689453,58.02203369140625
2022-10-26,146.88668823242188,115.66000366210938,43.72913360595703,435660.0,94.2181167602539,128.91946411132812,225.2836456298828,12.87980842590332,224.63999938964844,57.737327575683594
2022-10-27,142.41172790527344,110.95999908447266,43.181068420410156,437900.0,91.52843475341797,97.26060485839844,220.83287048339844,13.159456253051758,225.08999633789062,57.84171676635742
2022-10-28,153.1713104248047,103.41000366210938,44.840423583984375,451900.0,95.56791687011719,98.51185607910156,229.7148895263672,13.816631317138672,228.52000427246094,58.84765625
2022-10-31,150.81089782714844,102.44000244140625,44.57683563232422,445050.0,93.80126953125,92.5137710571289,226.07249450683594,13.480052947998047,227.5399932861328,58.41111373901367
2022-11-01,148.1652374267578,96.79000091552734,44.3663330078125,443004.0,89.79156494140625,94.53960418701172,222.21580505371094,13.525997161865234,227.82000732421875,58.43959045410156
2022-11-02,142.63795471191406,92.12000274658203,43.24081039428711,438700.0,86.31779479980469,89.91192626953125,214.35641479492188,13.20240306854248,214.97999572753906,57.433650970458984
2022-11-03,136.58937072753906,89.30000305175781,42.11149978637695,428800.0,82.80435943603516,88.29325103759766,208.65908813476562,13.404147148132324,215.30999755859375,57.20587921142578
2022-11-04,136.32339477539062,90.9800033569336,44.11979675292969,432000.0,85.93074035644531,90.16020202636719,215.61273193359375,14.138226509094238,207.47000122070312,59.2936897277832
2022-11-07,136.8553466796875,90.52999877929688,45.06040954589844,438575.0,87.82640075683594,96.04906463623047,221.9236602783203,14.28304386138916,197.0800018310547,59.55942153930664
2022-11-08,137.4267578125,89.9800033569336,45.713714599609375,442100.0,88.23333740234375,95.8008041381836,222.8975372314453,14.583666801452637,191.3000030517578,61.704158782958984
2022-11-09,132.8655548095703,86.13999938964844,44.515193939208984,435945.0,86.6651840209961,100.76612854003906,218.6513671875,13.75870418548584,177.58999633789062,61.685184478759766
2022-11-10,144.6872100830078,96.62999725341797,48.03302001953125,457665.0,93.23553466796875,111.0939712524414,236.6393585205078,15.730222702026367,190.72000122070312,67.22734832763672
2022-11-11,147.4751434326172,100.79000091552734,49.12534713745117,469047.0,95.68701934814453,112.23599243164062,240.66160583496094,16.306499481201172,195.97000122070312,70.06487274169922
2022-11-14,146.0762481689453,98.48999786376953,48.66357421875,466600.0,94.98233795166016,113.42768096923828,235.24668884277344,16.2745418548584,190.9499969482422,69.08740997314453
2022-11-15,147.81007385253906,98.94000244140625,49.72555923461914,468233.0,97.7017822265625,116.26783752441406,235.65574645996094,16.64507484436035,194.4199981689453,76.35676574707031
2022-11-16,146.5786895751953,97.12000274658203,48.52228927612305,465520.0,98.10871124267578,112.44454956054688,236.08543395996094,15.890024185180664,186.9199981689453,75.39827728271484
2022-11-17,148.47999572753906,94.8499984741211,48.55832290649414,463695.0,97.62239074707031,110.67688751220703,236.03660583496094,15.657317161560059,183.1699981689453,77.32473754882812
2022-11-18,149.0415496826172,94.13999938964844,48.847530364990234,468290.0,96.6993637084961,111.2727279663086,235.58734130859375,15.389652252197266,180.19000244140625,78.07444763183594
2022-11-21,145.81024169921875,92.45999908447266,49.063716888427734,468922.0,94.88309478759766,109.09791564941406,236.39797973632812,15.297769546508789,167.8699951171875,75.85379028320312
2022-11-22,147.9480438232422,93.19999694824219,50.2593994140625,476980.0,96.32221984863281,110.66696166992188,239.30836486816406,16.01786231994629,169.91000366210938,78.33070373535156
2022-11-23,148.82481384277344,94.12999725341797,50.59979248046875,477020.0,97.72164154052734,111.46141052246094,241.79884338378906,16.49825668334961,183.1999969482422,77.78974914550781
2022-11-25,145.90878295898438,93.41000366210938,50.24612045288086,478676.0,96.72913360595703,110.63716125488281,241.71095275878906,16.24957275390625,182.86000061035156,77.24883270263672
2022-11-28,142.07659912109375,93.94999694824219,49.51600646972656,472712.0,95.32972717285156,108.0254135131836,236.11474609375,15.807127952575684,182.9199981689453,75.18000793457031
2022-11-29,139.0719451904297,92.41999816894531,49.438255310058594,475843.0,94.47618103027344,108.70067596435547,234.7181396484375,15.619364738464355,180.8300018310547,75.28438568115234
2022-11-30,145.82997131347656,96.54000091552734,52.248722076416016,480280.0,100.23265838623047,117.28075408935547,249.18231201171875,16.906076431274414,194.6999969482422,78.74824523925781
2022-12-01,146.10581970214844,95.5,52.22216796875,477085.0,100.23265838623047,119.60452270507812,248.7428436279297,17.11786460876465,194.6999969482422,78.46354675292969
2022-12-02,145.61322021484375,94.12999725341797,51.27871322631836,477403.0,99.6867904663086,122.63336181640625,249.0651092529297,16.859121322631836,194.86000061035156,77.34371948242188
2022-12-05,144.4508056640625,91.01000213623047,50.31534194946289,468700.0,98.73400115966797,121.58071899414062,244.35765075683594,16.5933895111084,182.4499969482422,77.4576187133789
2022-12-06,140.7860870361328,88.25,49.858314514160156,464838.0,96.25273895263672,113.328369140625,239.3962860107422,15.9710111618042,179.82000732421875,75.50267028808594
2022-12-07,138.8453369140625,88.45999908447266,49.164215087890625,461593.0,94.22804260253906,113.13968658447266,238.66380310058594,16.1038818359375,174.0399932861328,75.19898223876953
2022-12-08,140.52989196777344,90.3499984741211,50.357059478759766,462780.0,93.00726318359375,114.52997589111328,241.623046875,17.15182876586914,173.44000244140625,76.6794204711914
2022-12-09,140.0472412109375,89.08999633789062,51.65040969848633,463000.0,92.13386535644531,115.09601593017578,239.68927001953125,16.983997344970703,179.0500030517578,76.57504272460938
2022-12-12,142.34259033203125,90.55000305175781,52.779720306396484,471080.0,92.61026763916016,113.91426849365234,246.61370849609375,17.51746940612793,167.82000732421875,76.32829284667969
2022-12-13,143.30804443359375,92.48999786376953,54.14607238769531,472000.0,94.9128646850586,119.31654357910156,250.92076110839844,18.05392837524414,160.9499969482422,76.40421295166016
2022-12-14,141.08160400390625,91.58000183105469,54.46846389770508,468020.0,94.35707092285156,120.74654388427734,251.21372985839844,17.656326293945312,156.8000030517578,75.93920135498047
2022-12-15,134.47132873535156,88.44999694824219,52.90961837768555,457460.0,90.17863464355469,115.34429168701172,243.19541931152344,16.935047149658203,157.6699981689453,74.069580078125
2022-12-16,132.5109100341797,87.86000061035156,52.71144485473633,454620.0,89.58313751220703,118.60154724121094,238.9763641357422,16.554426193237305,150.22999572753906,72.8193359375
2022-12-19,130.40272521972656,84.91999816894531,52.550819396972656,455280.0,87.77678680419922,113.68587493896484,234.83534240722656,16.237747192382812,149.8699951171875,72.62845611572266
2022-12-20,130.33377075195312,85.19000244140625,52.014442443847656,457400.0,88.35242462158203,116.27775573730469,236.15380859375,16.06891632080078,137.8000030517578,72.17035675048828
2022-12-21,133.43692016601562,86.7699966430664,53.659912109375,467600.0,88.90824127197266,118.92923736572266,238.72238159179688,16.484500885009766,137.57000732421875,73.62100982666016
2022-12-22,130.26483154296875,83.79000091552734,52.88162612915039,458700.0,87.10189056396484,116.30754852294922,232.62811279296875,15.323659896850586,125.3499984741211,71.84585571289062
2022-12-23,129.9002685546875,85.25,52.81853103637695,463400.0,88.56085968017578,117.2211685180664,233.15553283691406,15.190792083740234,123.1500015258789,71.47364807128906
2022-12-27,128.09750366210938,83.04000091552734,52.924659729003906,461955.0,86.73465728759766,116.0692138671875,231.42681884765625,14.106878280639648,109.0999984741211,70.92964935302734
2022-12-28,124.1667709350586,81.81999969482422,52.097625732421875,459800.0,85.37492370605469,114.81794738769531,229.0535888671875,14.02196216583252,112.70999908447266,69.72712707519531
2022-12-29,127.68374633789062,84.18000030517578,53.332916259765625,468725.0,87.78670501708984,119.42577362060547,235.38223266601562,14.588396072387695,121.81999969482422,72.53301239013672
2022-12-30,127.99897766113281,84.0,53.4591178894043,468711.0,87.56835174560547,119.50521850585938,234.22003173828125,14.599384307861328,123.18000030517578,71.09190368652344
2023-01-03,123.21121215820312,85.81999969482422,52.91891860961914,469525.0,88.45169067382812,123.87469482421875,233.98565673828125,14.30068302154541,108.0999984741211,70.65288543701172
2023-01-04,124.48202514648438,85.13999938964844,53.56525421142578,476260.0,87.41948699951172,126.48645782470703,223.75038146972656,14.734249114990234,113.63999938964844,72.83842468261719
2023-01-05,123.16194152832031,83.12000274658203,53.066158294677734,473660.0,85.55358123779297,126.0594253540039,217.11892700195312,14.250734329223633,110.33999633789062,72.27532958984375
2023-01-06,127.69358825683594,86.08000183105469,56.260536193847656,481955.0,86.68502044677734,129.11807250976562,219.67771911621094,14.84414005279541,113.05999755859375,74.50857543945312
2023-01-09,128.21571350097656,87.36000061035156,55.15717697143555,478385.0,87.35992431640625,128.57188415527344,221.8165740966797,15.612370491027832,119.7699966430664,76.64639282226562
2023-01-10,128.78707885742188,89.87000274658203,54.96977233886719,479420.0,87.7569351196289,132.0674591064453,223.50619506835938,15.893088340759277,118.8499984741211,77.56261444091797
2023-01-11,131.5060577392578,95.08999633789062,55.27669143676758,483990.0,90.83367919921875,131.96817016601562,230.26461791992188,15.984994888305664,123.22000122070312,78.0493392944336
2023-01-12,131.42724609375,95.2699966430664,55.640018463134766,482860.0,90.44660186767578,135.7616729736328,232.9406280517578,16.494487762451172,123.55999755859375,83.03121948242188
2023-01-13,132.7571563720703,98.12000274658203,55.358917236328125,481021.0,91.42918395996094,136.02978515625,233.64378356933594,16.882097244262695,122.4000015258789,82.84034729003906
2023-01-17,133.91966247558594,96.05000305175781,55.38187026977539,476000.0,90.60541534423828,134.42103576660156,234.7376708984375,17.684301376342773,131.49000549316406,84.93043518066406
2023-01-18,133.2005157470703,95.45999908447266,54.90859603881836,466260.0,90.43669128417969,132.09727478027344,230.30364990234375,17.359622955322266,128.77999877929688,85.3885269165039
2023-01-19,133.25962829589844,93.68000030517578,53.85017395019531,461950.0,92.35221862792969,135.20555114746094,226.51426696777344,16.748231887817383,127.16999816894531,84.36734771728516
2023-01-20,135.82098388671875,97.25,54.573001861572266,469645.0,97.28494262695312,138.4031982421875,234.61070251464844,17.8211612701416,133.4199981689453,86.87738037109375
2023-01-23,139.01283264160156,97.5199966430664,55.61037826538086,469600.0,99.04166412353516,142.27618408203125,236.91563415527344,19.17380714416504,143.75,91.29615783691406
2023-01-24,140.41171264648438,96.31999969482422,55.93545150756836,471000.0,96.96733856201172,142.1470489501953,236.38818359375,19.2457332611084,143.88999938964844,90.24633026123047
2023-01-25,139.75167846679688,97.18000030517578,55.99760437011719,471657.0,94.50593566894531,140.5184326171875,234.9915771484375,19.303680419921875,144.42999267578125,88.19441223144531
2023-01-26,141.82044982910156,99.22000122070312,57.23098373413086,469960.0,96.7886962890625,146.27821350097656,242.2090301513672,19.782196044921875,160.27000427246094,89.18697357177734
2023-01-27,143.76116943359375,102.23999786376953,56.50529098510742,470000.0,98.62481689453125,150.6874237060547,242.3653106689453,20.344633102416992,177.89999389648438,89.0438232421875
2023-01-30,140.8747100830078,100.55000305175781,55.59317398071289,465040.0,96.2130355834961,146.03985595703125,237.04257202148438,19.142839431762695,166.66000366210938,88.8815689086914
2023-01-31,142.14552307128906,103.12999725341797,55.93354415893555,473000.0,98.09878540039062,147.93663024902344,242.02346801757812,19.517459869384766,173.22000122070312,88.49982452392578
2023-02-01,143.2686004638672,105.1500015258789,57.62969207763672,470606.0,99.67687225341797,152.0578155517578,246.84814453125,20.922054290771484,181.41000366210938,90.41812133789062
2023-02-02,148.57852172851562,112.91000366210938,57.91844177246094,472115.0,106.93204498291016,187.4605255126953,258.42138671875,21.68729019165039,188.27000427246094,92.24099731445312
2023-02-03,152.2038116455078,103.38999938964844,57.13920593261719,466755.0,103.99424743652344,185.23606872558594,252.31735229492188,21.07889747619629,189.97999572753906,90.3417739868164
2023-02-06,149.47496032714844,102.18000030517578,57.491058349609375,467000.0,102.12834930419922,184.7693328857422,250.7742462158203,21.067909240722656,194.75999450683594,87.64087677001953
2023-02-07,152.35159301757812,102.11000061035156,58.74834060668945,474555.0,106.83280944824219,190.29074096679688,261.3122863769531,22.150827407836914,196.80999755859375,90.23678588867188
2023-02-08,149.66217041015625,100.05000305175781,57.53025817871094,467999.0,98.62481689453125,182.15757751464844,260.50164794921875,22.18279266357422,201.2899932861328,89.97911071777344
2023-02-09,148.6277618408203,98.23999786376953,57.31034469604492,466020.0,94.29752349853516,176.685791015625,257.4643249511719,22.314659118652344,207.32000732421875,92.27916717529297
2023-02-10,148.99281311035156,97.61000061035156,56.721378326416016,472250.0,93.86080932617188,172.9419403076172,256.95648193359375,21.24373435974121,196.88999938964844,91.01940155029297
2023-02-13,151.7948760986328,99.54000091552734,57.47384262084961,476500.0,93.90050506591797,178.18531799316406,264.9845275878906,21.76620864868164,194.63999938964844,91.72562408447266
2023-02-14,151.153564453125,99.69999694824219,57.58761215209961,472500.0,93.96998596191406,178.23497009277344,265.81463623046875,22.948028564453125,209.25,93.4912338256836
2023-02-15,153.25514221191406,101.16000366210938,58.102012634277344,469045.0,96.2130355834961,175.9310760498047,263.6900329589844,22.741233825683594,214.24000549316406,88.52845764160156
2023-02-16,151.65673828125,98.1500015258789,57.41838455200195,467295.0,94.79376983642578,171.24380493164062,256.6699523925781,21.979995727539062,202.0399932861328,86.67694854736328
2023-02-17,150.51222229003906,97.19999694824219,56.94511413574219,467373.0,93.6424560546875,171.68077087402344,252.66537475585938,21.366613388061523,208.30999755859375,85.98979187011719
2023-02-21,146.49664306640625,94.58000183105469,55.601776123046875,458495.0,91.1016616821289,170.88632202148438,247.3880615234375,20.634342193603516,197.3699951171875,83.64201354980469
2023-02-22,146.92088317871094,95.79000091552734,55.088340759277344,460012.0,90.96271514892578,169.93296813964844,246.2523193359375,20.733245849609375,200.86000061035156,82.86897277832031
2023-02-23,147.4043426513672,95.81999969482422,55.81785202026367,459375.0,90.20841217041016,170.84658813476562,249.44418334960938,23.64033317565918,202.07000732421875,85.9707260131836
2023-02-24,144.75027465820312,93.5,55.239410400390625,461705.0,88.46160888671875,169.2080078125,244.0102081298828,23.262714385986328,196.8800048828125,84.090576171875
2023-02-27,145.944091796875,93.76000213623047,55.97561264038086,461912.0,89.19606018066406,168.36390686035156,244.9305419921875,23.477497100830078,207.6300048828125,83.3175277709961
2023-02-28,145.44091796875,94.2300033569336,56.820823669433594,463525.0,89.3846435546875,173.72647094726562,244.2059783935547,23.19278335571289,205.7100067138672,83.09801483154297
2023-03-01,143.36895751953125,92.16999816894531,56.751976013183594,462435.0,89.68238830566406,172.2169952392578,241.12185668945312,22.67530059814453,202.77000427246094,84.38643646240234
2023-03-02,143.96096801757812,92.12999725341797,57.23768615722656,466790.0,91.3100814819336,173.31932067871094,245.86068725585938,23.29068374633789,190.89999389648438,84.96861267089844
2023-03-03,149.01254272460938,94.9000015258789,60.498985290527344,473256.0,92.94772338867188,183.96493530273438,249.9532928466797,23.866107940673828,197.7899932861328,85.69393157958984
2023-03-06,151.77517700195312,93.75,60.514286041259766,480215.0,94.41661834716797,183.6173553466797,251.5002899169922,23.530447006225586,193.80999755859375,85.49352264404297
2023-03-07,149.57496643066406,93.55000305175781,59.77137756347656,471500.0,93.15613555908203,183.2300567626953,248.8371124267578,23.268665313720703,187.7100067138672,84.79681396484375
2023-03-08,150.82798767089844,93.91999816894531,60.45117950439453,472002.0,93.54322052001953,183.68690490722656,248.3965301513672,24.160919189453125,182.0,86.6865005493164
2023-03-09,148.57843017578125,92.25,59.519920349121094,461030.0,91.62767791748047,180.42965698242188,247.04541015625,23.416536331176758,172.9199981689453,84.82545471191406
2023-03-10,146.51634216308594,90.7300033569336,58.78467559814453,460462.0,89.95035552978516,178.2647705078125,243.39337158203125,22.945926666259766,173.44000244140625,83.26980590820312
2023-03-13,148.46006774902344,92.43000030517578,58.94147872924805,458050.0,90.4267578125,179.64512634277344,248.61192321777344,22.94692611694336,174.47999572753906,83.73746490478516
2023-03-14,150.55172729492188,94.87999725341797,60.470298767089844,461805.0,93.26531219482422,192.6741180419922,255.33831787109375,24.04301643371582,183.25999450683594,85.21675109863281
2023-03-15,150.94639587402344,96.19999694824219,59.856468200683594,448671.0,95.38926696777344,196.37823486328125,259.8911437988281,24.207881927490234,180.4499969482422,82.7448959350586
2023-03-16,153.7681884765625,100.04000091552734,60.856571197509766,455350.0,99.56768035888672,203.50843811035156,270.42620849609375,25.519790649414062,184.1300048828125,85.66995239257812
2023-03-17,152.92953491210938,98.94999694824219,60.327842712402344,442765.0,100.85794830322266,194.2530975341797,273.5885925292969,25.70363998413086,180.1300048828125,85.8330307006836
2023-03-20,155.29747009277344,97.70999908447266,61.54593276977539,455917.0,100.46094512939453,196.4378204345703,266.5391845703125,25.878490447998047,183.25,86.37987518310547
2023-03-21,157.15235900878906,100.61000061035156,61.31865692138672,460515.0,104.13319396972656,200.75767517089844,268.0567932128906,26.177248001098633,197.5800018310547,88.73988342285156
2023-03-22,155.72171020507812,98.69999694824219,60.75722885131836,455660.0,102.59484100341797,198.4239501953125,266.59796142578125,26.446022033691406,191.14999389648438,88.85499572753906
2023-03-23,156.80702209472656,98.70999908447266,61.55747985839844,452750.0,104.80809020996094,202.8629608154297,271.85565185546875,27.168420791625977,192.22000122070312,90.74491119384766
2023-03-24,158.1094207763672,98.12999725341797,61.26280212402344,453066.0,104.64929962158203,204.5809326171875,274.7048645019531,26.756759643554688,190.41000366210938,89.0180892944336
2023-03-27,156.1657257080078,98.04000091552734,60.36433029174805,457820.0,101.6916275024414,201.4329071044922,270.6024169921875,26.508970260620117,191.80999755859375,86.97467803955078
2023-03-28,155.5441131591797,97.23999786376953,60.15825271606445,459000.0,100.2723617553711,199.28790283203125,269.4764709472656,26.3880672454834,189.19000244140625,87.11856842041016
2023-03-29,158.6224822998047,100.25,60.235286712646484,462100.0,100.6296615600586,203.92552185058594,274.6460876464844,26.961589813232422,193.8800048828125,88.98930358886719
2023-03-30,160.19122314453125,102.0,61.029762268066406,461780.0,100.1334228515625,206.39825439453125,278.112060546875,27.360265731811523,195.27999877929688,88.71110534667969
2023-03-31,162.69728088378906,103.29000091552734,61.779930114746094,465600.0,102.95213317871094,210.4698028564453,282.27325439453125,27.753936767578125,207.4600067138672,89.23871612548828
2023-04-03,163.95033264160156,102.41000366210938,61.86949920654297,469760.0,103.57740020751953,211.5919647216797,281.2255859375,27.9417781829834,194.77000427246094,89.06604766845703
2023-04-04,163.41754150390625,103.94999694824219,61.093318939208984,467660.0,103.93470001220703,213.23052978515625,281.1766357421875,27.430204391479492,192.5800018310547,88.42327880859375
2023-04-05,161.57249450683594,101.0999984741211,60.57330322265625,471500.0,103.68657684326172,210.0129852294922,278.39605712890625,26.858678817749023,185.52000427246094,86.53337097167969
2023-04-06,162.4604949951172,102.05999755859375,59.959877014160156,478005.0,107.60694885253906,214.60096740722656,285.5043029785156,27.01454734802246,185.05999755859375,86.57174682617188
2023-04-10,159.86563110351562,102.16999816894531,60.41728973388672,476500.0,105.64180755615234,213.2603302001953,283.3404846191406,27.55609703063965,184.50999450683594,85.40132904052734
2023-04-11,158.65206909179688,99.91999816894531,59.85683059692383,480800.0,104.55997467041016,212.36656188964844,276.9175720214844,27.146438598632812,186.7899932861328,85.61239624023438
2023-04-12,157.96139526367188,97.83000183105469,59.387855529785156,483500.0,103.85530090332031,212.51551818847656,277.56378173828125,26.472999572753906,180.5399932861328,83.33872985839844
2023-04-13,163.34844970703125,102.4000015258789,60.113948822021484,490760.0,106.62437438964844,218.82147216796875,283.7810363769531,26.441022872924805,185.89999389648438,83.51141357421875
2023-04-14,163.0031280517578,102.51000213623047,59.661346435546875,496000.0,108.05357360839844,219.9535675048828,280.158447265625,26.735774993896484,185.0,83.65531158447266
2023-04-17,163.02288818359375,102.73999786376953,60.414405822753906,497900.0,105.17533111572266,217.34181213378906,282.7626953125,26.979576110839844,187.0399932861328,84.41320037841797
2023-04-18,164.24632263183594,102.30000305175781,60.892051696777344,496200.0,103.71634674072266,216.37850952148438,282.341796875,27.644023895263672,184.30999755859375,84.5571060180664
2023-04-19,165.39083862304688,104.30000305175781,61.10198974609375,494948.0,103.39875030517578,214.20372009277344,282.4200744628906,27.907806396484375,180.58999633789062,83.68411254882812
2023-04-20,164.42393493652344,103.80999755859375,60.9594612121582,496300.0,104.50043487548828,211.5919647216797,280.1290588378906,27.08149528503418,162.99000549316406,85.6603775024414
2023-04-21,162.81570434570312,106.95999908447266,60.94791030883789,496405.0,104.6195297241211,211.4132080078125,279.7863464355469,27.096479415893555,165.0800018310547,81.89971923828125
2023-04-24,163.1215362548828,106.20999908447266,61.1058349609375,498250.0,105.17533111572266,211.3139190673828,275.8797607421875,27.01954460144043,162.5500030517578,81.19938659667969
2023-04-25,161.58238220214844,102.56999969482422,59.90017318725586,495112.0,103.07122039794922,206.11026000976562,269.6625061035156,26.219205856323242,160.6699981689453,78.94490051269531
2023-04-26,161.57249450683594,104.9800033569336,59.3387451171875,491500.0,102.93228149414062,207.94741821289062,289.1954650878906,26.93361473083496,153.75,78.90653991699219
2023-04-27,166.16038513183594,109.81999969482422,59.55253219604492,499700.0,106.78317260742188,236.90513610839844,298.457763671875,27.20339012145996,160.19000244140625,80.268798828125
2023-04-28,167.41343688964844,105.44999694824219,60.33159255981445,502880.0,106.53504180908203,238.6529541015625,300.8369140625,27.72595977783203,164.30999755859375,80.87322235107422
2023-05-01,167.32464599609375,102.05000305175781,61.4342155456543,503400.0,106.39610290527344,241.4930877685547,299.1723937988281,28.88599395751953,161.8300018310547,80.56620788574219
2023-05-02,166.2886199951172,103.62999725341797,58.967994689941406,494100.0,104.53020477294922,237.5804443359375,299.02557373046875,28.18657112121582,160.30999755859375,79.5876693725586
2023-05-03,165.2132568359375,103.6500015258789,59.050811767578125,488606.0,104.6195297241211,235.38575744628906,298.0367126464844,27.778913497924805,160.61000061035156,79.33824157714844
2023-05-04,163.5753936767578,104.0,58.758056640625,489540.0,103.9049301147461,231.90008544921875,299.02557373046875,27.53911018371582,161.1999969482422,80.09613037109375
2023-05-05,171.25148010253906,105.66000366210938,60.680198669433594,491840.0,104.77832794189453,231.16522216796875,304.1560363769531,28.656185150146484,170.05999755859375,81.5159683227539
2023-05-08,171.18238830566406,105.83000183105469,60.57811737060547,497000.0,106.96182250976562,231.65185546875,302.19781494140625,29.12679100036621,171.7899932861328,82.06280517578125
2023-05-09,169.47549438476562,106.62000274658203,59.562156677246094,499000.0,106.54497528076172,231.7511444091797,300.58233642578125,28.547271728515625,169.14999389648438,81.60230255126953
2023-05-10,171.24160766601562,110.19000244140625,60.30943298339844,492000.0,110.91197967529297,231.46316528320312,305.78131103515625,28.86101531982422,168.5399932861328,81.44882202148438
2023-05-11,171.4290771484375,112.18000030517578,60.44425964355469,493000.0,115.69583892822266,234.1543426513672,303.6272888183594,28.55426597595215,172.0800018310547,80.03857421875
2023-05-12,170.50033569335938,110.26000213623047,60.77938461303711,491182.0,116.62879180908203,232.18807983398438,302.51116943359375,28.316463470458984,167.97999572753906,80.03857421875
2023-05-15,170.00634765625,111.19999694824219,61.61237716674805,495900.0,115.63628387451172,237.20309448242188,302.9909362792969,28.928953170776367,166.35000610351562,82.17792510986328
2023-05-16,170.00634765625,113.4000015258789,61.770301818847656,498620.0,118.61378479003906,237.16336059570312,305.22320556640625,29.18874168395996,166.52000427246094,82.38896942138672
2023-05-17,170.61886596679688,115.5,63.3139762878418,500600.0,119.93380737304688,240.80789184570312,308.10809326171875,30.15294075012207,173.86000061035156,87.18572235107422
2023-05-18,172.95059204101562,118.1500015258789,65.2813720703125,504360.0,121.90888977050781,245.1376495361328,312.5431823730469,31.651697158813477,176.88999938964844,88.8837661743164
2023-05-19,173.0592803955078,116.25,65.70027923583984,507161.0,121.83942413330078,243.93601989746094,312.3666687011719,31.238039016723633,180.13999938964844,88.81663513183594
2023-05-22,172.11077880859375,115.01000213623047,65.3266372680664,501148.0,124.11225128173828,246.59744262695312,315.1533508300781,31.150110244750977,188.8699951171875,87.99156951904297
2023-05-23,169.50244140625,114.98999786376953,66.10956573486328,491980.0,121.64091491699219,245.02838134765625,309.34442138671875,30.662513732910156,185.77000427246094,86.76361846923828
2023-05-24,169.77906799316406,116.75,65.43834686279297,486545.0,119.99337005615234,247.48126220703125,307.9609069824219,30.51264190673828,182.89999389648438,86.46621704101562
2023-05-25,170.91531372070312,115.0,70.18302154541016,484000.0,122.55402374267578,250.93711853027344,319.804443359375,37.94846725463867,184.47000122070312,96.84638977050781
2023-05-26,173.32603454589844,120.11000061035156,78.26543426513672,486650.0,123.67555236816406,260.22222900390625,326.6435546875,38.91365432739258,193.1699981689453,99.01451873779297
2023-05-30,175.17361450195312,121.66000366210938,77.3611831665039,489225.0,122.74259948730469,260.69891357421875,324.9951171875,40.077693939208984,201.16000366210938,97.83451843261719
2023-05-31,175.1242218017578,120.58000183105469,77.80609893798828,488024.0,121.94859313964844,262.8836669921875,322.22802734375,37.80258560180664,203.92999267578125,94.58230590820312
2023-06-01,177.9301300048828,122.7699966430664,76.07174682617188,492000.0,122.7922134399414,270.7189025878906,326.3394775390625,39.736968994140625,207.52000427246094,94.82215118408203
2023-06-02,178.7798309326172,124.25,78.19512939453125,503000.0,123.73509216308594,270.7189025878906,329.1065368652344,39.29433822631836,213.97000122070312,94.9180908203125
2023-06-05,177.42625427246094,125.30000305175781,77.26103210449219,498927.0,125.0650405883789,269.5074157714844,329.6363830566406,39.13847351074219,217.61000061035156,94.06427764892578
2023-06-06,177.06069946289062,126.61000061035156,76.07654571533203,508200.0,126.35530090332031,269.2392883300781,327.4187927246094,38.62190246582031,221.30999755859375,95.76232147216797
2023-06-07,175.68734741210938,121.2300033569336,76.3298110961914,511795.0,121.58137512207031,261.771484375,317.3120422363281,37.44775390625,224.57000732421875,96.21320343017578
2023-06-08,178.40440368652344,124.25,77.4439926147461,512514.0,121.22406768798828,262.7445983886719,319.1568298339844,38.481998443603516,234.86000061035156,95.87744140625
2023-06-09,178.7897186279297,123.43000030517578,77.48444366455078,510840.0,121.31339263916016,263.112060546875,320.6580810546875,38.741817474365234,244.39999389648438,98.6211929321289
2023-06-12,181.5857391357422,126.56999969482422,82.37068176269531,509004.0,122.71281433105469,269.16973876953125,325.6231384277344,39.45329284667969,249.8300018310547,102.70801544189453
2023-06-13,181.1115264892578,126.66000366210938,81.9623794555664,513656.0,122.90139770507812,269.4379577636719,328.017333984375,40.9921760559082,258.7099914550781,102.45858764648438
2023-06-14,181.74386596679688,126.41999816894531,85.33861541748047,510000.0,122.74259948730469,271.4538269042969,331.01007080078125,42.96574783325195,256.7900085449219,103.04377746582031
2023-06-15,183.77915954589844,127.11000061035156,85.07381439208984,516391.0,124.1519546508789,279.8749084472656,341.5682373046875,42.62199783325195,255.89999389648438,101.32706451416016
2023-06-16,182.7022247314453,125.48999786376953,83.59848022460938,514000.0,122.6036376953125,279.05072021484375,335.9064636230469,42.66096115112305,260.5400085449219,100.73941802978516
2023-06-20,182.7911376953125,125.77999877929688,83.59078979492188,515000.0,122.17686462402344,282.357666015625,331.7068176269531,43.77614974975586,274.45001220703125,100.17103576660156
2023-06-21,181.75375366210938,124.83000183105469,82.06405639648438,515515.0,119.64599609375,279.686279296875,327.3010559082031,43.013710021972656,259.4599914550781,97.91674041748047
2023-06-22,184.7572784423828,130.14999389648438,81.5577163696289,511480.0,122.22649383544922,282.90380859375,333.33563232421875,42.993717193603516,264.6099853515625,99.35214233398438
2023-06-23,184.44110107421875,129.3300018310547,79.59436798095703,510000.0,121.42255401611328,286.72711181640625,328.733642578125,42.17831802368164,256.6000061035156,98.17684936523438
2023-06-26,183.0480499267578,127.33000183105469,79.54402923583984,507000.0,117.45255279541016,276.5382995605469,322.4341125488281,40.60245895385742,241.0500030517578,96.44278717041016
2023-06-27,185.8045654296875,129.17999267578125,82.13568878173828,510580.0,117.4426498413086,285.0587463378906,328.2920837402344,41.84555435180664,250.2100067138672,98.34061431884766
2023-06-28,186.98028564453125,129.0399932861328,82.09115600585938,506650.0,119.27876281738281,283.31097412109375,329.548095703125,41.087100982666016,256.239990234375,97.2231216430664
2023-06-29,187.31622314453125,127.9000015258789,83.50753021240234,512260.0,118.20684814453125,279.5770568847656,328.7630615234375,40.792327880859375,257.5,96.953369140625
2023-06-30,191.64369201660156,130.36000061035156,83.97802734375,517810.0,118.80235290527344,284.9892883300781,334.1501159667969,42.27124786376953,261.7699890136719,97.2231216430664
2023-07-03,190.1518096923828,130.22000122070312,84.85031127929688,519460.0,119.00086212158203,284.0359191894531,331.64794921875,42.38215637207031,279.82000732421875,99.37141418457031
2023-07-05,189.03536987304688,130.3800048828125,83.43879699707031,521000.0,120.83699035644531,292.3280029296875,331.804931640625,42.28623580932617,282.4800109863281,97.2905502319336
2023-07-06,189.50961303710938,128.36000061035156,82.09696960449219,519800.0,119.20928955078125,289.9644775390625,334.8663635253906,42.072391510009766,276.5400085449219,95.76842498779297
2023-07-07,188.3931121826172,129.77999877929688,81.97595977783203,521620.0,118.58401489257812,288.5146789550781,330.8923645019531,42.47209548950195,274.42999267578125,96.55839538574219
2023-07-10,186.3479766845703,127.12999725341797,84.97520446777344,517136.0,115.57672882080078,292.05987548828125,325.603515625,42.149330139160156,269.6099853515625,96.115234375
2023-07-11,185.8243408203125,128.77999877929688,85.3934326171875,521385.0,116.26156616210938,296.2207946777344,326.23150634765625,42.374168395996094,269.7900085449219,97.55066680908203
2023-07-12,187.4940643310547,130.8000030517578,86.15824890136719,525400.0,118.03813934326172,307.1941223144531,330.87274169921875,43.87008285522461,271.989990234375,100.09396362304688
2023-07-13,188.2548065185547,134.3000030517578,86.19794464111328,521833.0,123.60607147216797,311.23590087890625,336.2303161621094,45.943572998046875,277.8999938964844,101.7027816772461
2023-07-14,188.40306091308594,134.67999267578125,86.02561950683594,517408.0,124.4794692993164,306.7274169921875,338.7618713378906,45.435951232910156,281.3800048828125,101.28853607177734
2023-07-17,191.6634521484375,133.55999755859375,88.13322448730469,523500.0,123.71524047851562,308.4652404785156,339.2427062988281,46.42721939086914,290.3800048828125,100.95135498046875
2023-07-18,191.4065399169922,132.8300018310547,87.46329498291016,524750.0,122.8319091796875,309.8853759765625,352.74444580078125,47.459468841552734,293.3399963378906,99.37141418457031
2023-07-19,192.7601318359375,135.36000061035156,87.26386260986328,520500.0,121.1148910522461,313.81793212890625,348.4172668457031,47.04277420043945,291.260009765625,99.28471374511719
2023-07-20,190.81375122070312,129.9600067138672,86.00238037109375,526240.0,118.30611419677734,300.42144775390625,340.3612976074219,45.486907958984375,262.8999938964844,94.27520751953125
2023-07-21,189.63804626464844,130.0,86.81658172607422,527750.0,119.11996459960938,292.2187805175781,337.3194580078125,44.27678680419922,260.0199890136719,93.68755340576172
2023-07-24,190.43832397460938,128.8000030517578,87.28514099121094,532647.0,120.61863708496094,289.5871276855469,338.63433837890625,44.57956314086914,269.05999755859375,94.65091705322266
2023-07-25,191.2978973388672,129.1300048828125,88.87287902832031,528453.0,121.29354858398438,292.42730712890625,344.3941955566406,45.64579391479492,265.2799987792969,96.64508819580078
2023-07-26,192.1673126220703,128.14999389648438,86.46224212646484,531900.0,128.3006134033203,296.4988708496094,331.4320373535156,45.4189567565918,264.3500061035156,95.76842498779297
2023-07-27,190.90267944335938,128.25,86.50483703613281,531650.0,128.42962646484375,309.5476379394531,324.5143127441406,45.866634368896484,255.7100067138672,95.71063232421875
2023-07-28,193.48138427734375,132.2100067138672,87.11088562011719,533113.0,131.58575439453125,323.22222900390625,332.0207824707031,46.71601104736328,266.44000244140625,97.1653060913086
2023-07-31,194.09393310546875,133.67999267578125,87.00051879882812,535400.0,131.72471618652344,316.3899230957031,329.6167297363281,46.69502639770508,267.42999267578125,95.51795196533203
2023-08-01,193.26400756835938,131.69000244140625,89.06746673583984,534400.0,130.56350708007812,320.471435546875,330.02886962890625,46.47319030761719,261.07000732421875,94.79542541503906
2023-08-02,190.27037048339844,128.2100067138672,86.38575744628906,533800.0,127.4172592163086,312.129638671875,321.3547668457031,44.23681640625,254.11000061035156,92.19432067871094
2023-08-03,188.87725830078125,128.91000366210938,85.67710876464844,541000.0,127.48674011230469,311.0174865722656,320.5305480957031,44.48263931274414,259.32000732421875,91.5007095336914
2023-08-04,179.80734252929688,139.57000732421875,85.35472106933594,533600.0,127.1492919921875,308.57452392578125,321.6295471191406,44.647518157958984,253.86000061035156,92.63748931884766
2023-08-07,176.7050323486328,142.22000122070312,86.84660339355469,551920.0,130.54364013671875,314.36407470703125,323.915771484375,45.38399124145508,251.4499969482422,92.82051849365234
2023-08-08,177.64364624023438,139.94000244140625,85.50090789794922,553101.0,130.41461181640625,310.4712219238281,319.93194580078125,44.631534576416016,249.6999969482422,91.02867126464844
2023-08-09,176.0529327392578,137.85000610351562,82.36127471923828,545280.0,128.68763732910156,303.0928039550781,316.18365478515625,42.5230598449707,242.19000244140625,90.537353515625
2023-08-10,175.83558654785156,138.55999755859375,81.60323333740234,543680.0,128.7174530029297,303.619140625,316.8704833984375,42.3571891784668,245.33999633789062,91.32730865478516
2023-08-11,175.8949432373047,138.41000366210938,80.33111572265625,542900.0,128.5884246826172,299.547607421875,314.9865417480469,40.82529830932617,242.64999389648438,88.6202392578125
2023-08-14,177.547119140625,140.57000732421875,82.68753051757812,543150.0,130.34515380859375,304.0660705566406,317.9596862792969,43.72119140625,239.75999450683594,89.66067504882812
2023-08-15,175.55856323242188,137.6699981689453,81.56643676757812,538107.0,128.80674743652344,299.8554382324219,315.820556640625,43.908058166503906,232.9600067138672,88.32157897949219
2023-08-16,174.68795776367188,135.07000732421875,80.64381408691406,537497.0,127.73486328125,292.2485656738281,315.0535888671875,43.454383850097656,225.60000610351562,88.41792297363281
2023-08-17,172.14532470703125,133.97999572753906,80.0735855102539,535821.0,128.94570922851562,283.11236572265625,311.59234619140625,43.31248474121094,219.22000122070312,88.28305053710938
2023-08-18,172.63011169433594,133.22000122070312,79.95161437988281,535817.0,126.50415802001953,281.28515625,311.1990051269531,43.26751708984375,215.49000549316406,87.76283264160156
2023-08-21,173.9657440185547,134.67999267578125,83.75634002685547,534700.0,127.4073486328125,287.8890075683594,316.5089111328125,46.9328498840332,231.27999877929688,89.16935729980469
2023-08-22,175.34088134765625,134.25,82.85113525390625,531840.0,128.11203002929688,285.60498046875,317.0792236328125,45.63479232788086,233.19000244140625,88.861083984375
2023-08-23,179.18942260742188,135.52000427246094,84.86386108398438,537150.0,131.37733459472656,292.1988830566406,321.54345703125,47.08175277709961,236.86000061035156,90.7685546875
2023-08-24,174.49996948242188,131.83999633789062,82.72238159179688,537780.0,128.80674743652344,284.7608337402344,314.6307678222656,47.12871170043945,230.0399932861328,89.14045715332031
2023-08-25,176.70620727539062,133.25999450683594,82.46678924560547,540000.0,128.90603637695312,283.5195617675781,317.5906066894531,45.98455047607422,238.58999633789062,89.6895751953125
2023-08-28,178.2693634033203,133.13999938964844,83.36328887939453,539605.0,130.0275421142578,288.2465515136719,318.298583984375,46.80094909667969,238.82000732421875,90.55660247802734
2023-08-29,182.15745544433594,134.91000366210938,86.15632629394531,543593.0,133.5608673095703,295.9228820800781,322.92999267578125,48.74852752685547,257.17999267578125,91.59705352783203
2023-08-30,185.64984130859375,135.07000732421875,86.38382720947266,547348.0,134.86105346679688,293.05291748046875,323.3036193847656,49.22818374633789,256.8999938964844,91.30803680419922
2023-08-31,185.8674774169922,138.00999450683594,89.34725189208984,546725.0,135.1488494873047,293.8374938964844,322.2908020019531,49.319122314453125,258.0799865722656,90.14237213134766
2023-09-01,187.44056701660156,138.1199951171875,84.47080993652344,550000.0,134.64266967773438,294.3240661621094,323.1757507324219,48.473731994628906,245.00999450683594,89.77628326416016
2023-09-05,187.677978515625,137.27000427246094,84.43693542480469,546627.0,134.75184631347656,298.0679016113281,327.984130859375,48.5127067565918,256.489990234375,91.13462829589844
2023-09-06,180.96038818359375,135.36000061035156,84.44661712646484,548660.0,133.45167541503906,297.0947265625,327.3253479003906,47.03065872192383,251.9199981689453,88.88035583496094
2023-09-07,175.66741943359375,137.85000610351562,82.97118377685547,548930.0,134.24566650390625,296.59814453125,324.4049377441406,46.21118927001953,251.49000549316406,86.75129699707031
2023-09-08,176.28079223632812,138.22999572753906,83.02152252197266,551405.0,135.35726928710938,295.8235778808594,328.692138671875,45.54261779785156,248.5,86.3563232421875
2023-09-11,177.4481964111328,143.10000610351562,83.17545318603516,555309.0,135.89324951171875,305.426513671875,332.30096435546875,45.14887237548828,273.5799865722656,86.31779479980469
2023-09-12,174.4208221435547,141.22999572753906,81.76006317138672,557415.0,134.32505798339844,299.5674133300781,326.2339172363281,44.841068267822266,267.4800109863281,87.1655502319336
2023-09-13,172.35308837890625,144.85000610351562,82.57424926757812,557955.0,135.68479919433594,302.9438781738281,330.4523010253906,45.45567321777344,271.29998779296875,87.8784408569336
2023-09-14,173.8667755126953,144.72000122070312,84.38561248779297,561740.0,137.0643768310547,309.5576477050781,333.0482482910156,45.551612854003906,276.0400085449219,88.57662963867188
2023-09-15,173.14456176757812,140.38999938964844,82.45323181152344,559500.0,136.36962890625,298.226806640625,324.70977783203125,43.871700286865234,274.3900146484375,86.4268569946289
2023-09-18,176.07302856445312,139.97999572753906,82.29060363769531,562800.0,137.17356872558594,300.4512939453125,323.569091796875,43.937652587890625,265.2799987792969,86.02014923095703
2023-09-19,177.1613006591797,137.6300048828125,82.21314239501953,563073.0,137.00482177734375,302.9537658691406,323.16595458984375,43.491939544677734,266.5,85.38101196289062
2023-09-20,173.61947631835938,135.2899932861328,80.84747314453125,556580.0,132.73709106445312,297.59124755859375,315.41741943359375,42.211769104003906,262.5899963378906,84.52885437011719
2023-09-21,172.0760498046875,129.3300018310547,78.68555450439453,551030.0,129.46182250976562,293.6785888671875,314.1981201171875,40.99055480957031,255.6999969482422,82.659912109375
2023-09-22,172.92691040039062,129.1199951171875,80.70243072509766,546215.0,129.27322387695312,297.00531005859375,311.7201843261719,41.58317184448242,244.8800048828125,82.93104553222656
2023-09-25,174.20315551757812,131.27000427246094,81.1706314086914,548360.0,130.12681579589844,298.7431640625,312.2413024902344,42.19477462768555,246.99000549316406,83.51207733154297
2023-09-26,170.1270751953125,125.9800033569336,79.4477310180664,545870.0,127.6058578491211,296.8861389160156,306.93145751953125,41.88398361206055,244.1199951171875,81.62374114990234
2023-09-27,168.6134033203125,125.9800033569336,79.50808715820312,542495.0,129.56105041503906,295.6745910644531,307.5706481933594,42.440616607666016,240.5,82.73737335205078
2023-09-28,168.87062072753906,125.9800033569336,80.9866714477539,541105.0,131.31781005859375,301.8514709472656,308.4064025878906,43.06121826171875,246.3800048828125,83.67670440673828
2023-09-29,169.3850860595703,127.12000274658203,80.84844207763672,531477.0,129.87864685058594,298.1274719238281,310.481201171875,43.47095489501953,250.22000122070312,84.15119934082031
2023-10-02,171.8979949951172,129.4600067138672,81.27381134033203,527960.0,133.1638641357422,304.691650390625,316.4302062988281,44.75312805175781,251.60000610351562,84.8774642944336
2023-10-03,170.5623779296875,124.72000122070312,79.31535339355469,521919.0,131.4368896484375,298.8524475097656,308.1606140136719,43.48894500732422,246.52999877929688,82.70832824707031
2023-10-04,171.8089599609375,127.0,80.18944549560547,521675.0,134.22584533691406,303.46026611328125,313.6376647949219,44.01260757446289,261.1600036621094,83.928466796875
2023-10-05,173.04563903808594,125.95999908447266,80.1943130493164,523545.0,134.05709838867188,302.67572021484375,314.0309143066406,44.6591911315918,260.04998779296875,84.27708435058594
2023-10-06,175.59815979003906,127.95999908447266,82.27738189697266,525425.0,136.5482635498047,313.2418518066406,321.79913330078125,45.73249435424805,260.5299987792969,86.46559143066406
2023-10-09,177.08213806152344,128.25999450683594,83.31112670898438,523690.0,137.38197326660156,316.15155029296875,324.3164367675781,45.243812561035156,259.6700134277344,86.17508697509766
2023-10-10,176.48854064941406,129.47999572753906,83.55741119384766,528530.0,137.02467346191406,319.607421875,322.9103088378906,45.76847457885742,263.6199951171875,87.74383544921875
2023-10-11,177.88351440429688,131.8300018310547,85.12945556640625,528820.0,139.49598693847656,325.5459899902344,326.8730163574219,46.77582550048828,262.989990234375,89.0898666381836
2023-10-12,178.78379821777344,132.3300018310547,88.15087127685547,524517.0,137.9278564453125,321.9113464355469,325.6340637207031,46.914737701416016,258.8699951171875,89.49658203125
2023-10-13,176.9436492919922,129.7899932861328,85.96851348876953,522700.0,136.32994079589844,312.5070495605469,322.2613220214844,45.43169403076172,251.1199951171875,87.59858703613281
2023-10-16,176.81503295898438,132.5500030517578,87.85594177246094,527475.0,138.05686950683594,318.92218017578125,327.0893859863281,46.065284729003906,253.9199981689453,88.33454895019531
2023-10-17,175.2617645263672,131.47000122070312,86.08727264404297,527750.0,138.67222595214844,321.7524719238281,326.5190734863281,43.909671783447266,254.85000610351562,88.12149810791016
2023-10-18,173.9657440185547,128.1300048828125,86.34326934814453,518145.0,136.92543029785156,314.7712097167969,324.6015319824219,42.168792724609375,242.67999267578125,86.76577758789062
2023-10-19,173.58975219726562,128.39999389648438,84.4743423461914,515550.0,136.7169952392578,310.6401062011719,325.7914123535156,42.07386016845703,220.11000061035156,89.97108459472656
2023-10-20,171.03729248046875,125.16999816894531,83.09213256835938,511000.0,134.58314514160156,306.5089111328125,321.2190246582031,41.360313415527344,211.99000549316406,88.42169952392578
2023-10-23,171.15599060058594,126.55999755859375,83.92827606201172,512500.0,135.47634887695312,311.831787109375,323.8247985839844,42.947296142578125,212.0800018310547,88.22801208496094
2023-10-24,171.59130859375,128.55999755859375,85.76702117919922,516250.0,137.76904296875,310.3818664550781,325.01458740234375,43.63484573364258,216.52000427246094,88.74125671386719
2023-10-25,169.27626037597656,121.38999938964844,82.7027587890625,512400.0,124.66805267333984,297.4521789550781,334.9853820800781,41.75206756591797,212.4199981689453,84.86779022216797
2023-10-26,165.11111450195312,119.56999969482422,80.47563171386719,510125.0,121.3630142211914,286.3497619628906,322.4186706542969,40.30000305175781,205.75999450683594,84.68379211425781
2023-10-27,166.42694091796875,127.73999786376953,81.60574340820312,503375.0,121.25383758544922,294.67169189453125,324.306640625,40.4738883972168,207.3000030517578,83.26997375488281
2023-10-30,168.4748992919922,132.7100067138672,81.88705444335938,513065.0,123.52665710449219,300.5605163574219,331.68145751953125,41.13446807861328,197.36000061035156,83.3377685546875
2023-10-31,168.94976806640625,133.08999633789062,81.89873504638672,517825.0,123.1495132446289,299.18011474609375,332.46807861328125,40.75370788574219,200.83999633789062,83.57984924316406
2023-11-01,172.11563110351562,137.0,83.02495574951172,523749.0,125.50173950195312,309.6867370605469,340.2953186035156,42.2977180480957,205.66000366210938,85.02272033691406
2023-11-02,175.6772918701172,138.07000732421875,84.8121109008789,530340.0,126.5339584350586,308.7135314941406,342.50775146484375,43.47795104980469,218.50999450683594,87.61796569824219
2023-11-03,174.76707458496094,138.60000610351562,85.91983795166016,533815.0,128.13186645507812,312.4176940917969,346.9129638671875,44.97598648071289,219.9600067138672,88.88651275634766
2023-11-06,177.31959533691406,139.74000549316406,85.73976135253906,526450.0,129.27322387695312,313.60931396484375,350.5806579589844,45.721500396728516,219.27000427246094,89.6708755493164
2023-11-07,179.8820037841797,142.7100067138672,87.39356994628906,525280.0,129.9878692626953,316.6083984375,354.51397705078125,45.925376892089844,222.17999267578125,89.48689270019531
2023-11-08,180.94056701660156,142.0800018310547,88.68914794921875,526660.0,130.85133361816406,317.5617370605469,357.13946533203125,46.54397964477539,222.11000061035156,89.0898666381836
2023-11-09,180.46568298339844,140.60000610351562,88.7135009765625,528225.0,129.26333618164062,318.3263854980469,354.67132568359375,46.91973114013672,209.97999572753906,88.72188568115234
2023-11-10,184.65609741210938,143.55999755859375,93.20475006103516,531886.0,131.59571838378906,326.4893493652344,363.5014953613281,48.30384063720703,214.64999389648438,94.35780334472656
2023-11-13,183.0710906982422,142.58999633789062,92.1739273071289,531288.0,131.0994415283203,326.90643310546875,360.5613708496094,48.588653564453125,223.7100067138672,93.37005615234375
2023-11-14,185.68641662597656,145.8000030517578,94.70765686035156,537400.0,132.6179656982422,333.9770812988281,364.0914611816406,49.62398147583008,237.41000366210938,95.78129577636719
2023-11-15,186.25103759765625,143.1999969482422,94.9451904296875,542500.0,133.61044311523438,330.40203857421875,364.2392578125,48.856483459472656,242.83999633789062,95.67477416992188
2023-11-16,187.93516540527344,142.8300018310547,93.40235137939453,546635.0,135.90313720703125,331.871826171875,370.6437072753906,49.44810104370117,233.58999633789062,95.42300415039062
2023-11-17,187.91534423828125,145.17999267578125,95.17198944091797,544190.0,134.29530334472656,332.71588134765625,364.4165954589844,49.26622009277344,234.3000030517578,96.43009185791016
2023-11-20,189.6588592529297,146.1300048828125,96.92215728759766,547836.0,135.22825622558594,337.6117248535156,371.89508056640625,50.37650680541992,235.60000610351562,96.79808044433594
2023-11-21,188.8564453125,143.89999389648438,95.50975036621094,547625.0,135.94285583496094,334.6424255371094,367.58935546875,49.91179656982422,241.1999969482422,95.29711151123047
2023-11-22,189.5201873779297,146.7100067138672,94.6142349243164,549520.0,137.45147705078125,339.12115478515625,372.2990417480469,48.68459701538086,234.2100067138672,95.52951049804688
2023-11-24,188.19271850585938,146.74000549316406,95.28295135498047,549500.0,135.66494750976562,335.88372802734375,371.88525390625,47.745201110839844,235.4499969482422,94.73545837402344
2023-11-27,188.014404296875,147.72999572753906,92.49612426757812,547445.0,135.38705444335938,332.37823486328125,373.04791259765625,48.21090316772461,236.0800018310547,94.13507843017578
2023-11-28,188.61868286132812,147.02999877929688,92.11747741699219,546869.0,136.171142578125,336.6384582519531,377.0779113769531,47.790164947509766,246.72000122070312,94.88072204589844
2023-11-29,187.59832763671875,146.32000732421875,91.58016204833984,543905.0,133.9777069091797,329.89556884765625,373.2843933105469,48.108970642089844,244.13999938964844,95.75224304199219
2023-11-30,188.17288208007812,146.08999633789062,90.11032104492188,545900.0,131.53614807128906,324.8805847167969,373.3435363769531,46.7398567199707,240.0800018310547,94.23189544677734
2023-12-01,189.4508514404297,147.02999877929688,90.52595520019531,542414.0,130.8711700439453,322.5668029785156,369.0081481933594,46.73485565185547,238.8300018310547,95.43268585205078
2023-12-04,187.65774536132812,144.83999633789062,89.93901062011719,542395.0,128.3006134033203,317.800048828125,363.7170104980469,45.48065948486328,235.5800018310547,93.94140625
2023-12-05,191.61044311523438,146.8800048828125,88.88285064697266,539250.0,130.00772094726562,316.08209228515625,367.04736328125,46.540077209472656,238.72000122070312,93.63151550292969
2023-12-06,190.52076721191406,144.52000427246094,87.9600830078125,535220.0,129.0449676513672,315.2479248046875,363.38201904296875,45.477657318115234,239.3699951171875,94.75482940673828
2023-12-07,192.4525146484375,146.8800048828125,89.7725601196289,537780.0,135.90313720703125,324.324462890625,365.50042724609375,46.57004928588867,242.63999938964844,96.1492691040039
2023-12-08,193.8790283203125,147.4199981689453,91.91792297363281,540000.0,133.9777069091797,330.4417724609375,368.73223876953125,47.47955322265625,243.83999633789062,97.17574310302734
2023-12-11,191.37269592285156,145.88999938964844,100.18596649169922,546907.0,132.29043579101562,323.0235595703125,365.84527587890625,46.601043701171875,239.74000549316406,97.75676727294922
2023-12-12,192.8883819580078,147.47999572753906,104.37545013427734,549240.0,131.52622985839844,331.901611328125,368.8800354003906,47.63046646118164,237.00999450683594,98.38619232177734
2023-12-13,196.10797119140625,148.83999633789062,106.07015228271484,555800.0,131.5758514404297,332.41796875,368.8702087402344,48.06122589111328,239.2899932861328,98.88975524902344
2023-12-14,196.25656127929688,147.4199981689453,107.70545196533203,549760.0,130.9505615234375,330.85882568359375,360.5541687011719,48.32307434082031,251.0500030517578,100.64978790283203
2023-12-15,195.7216339111328,149.97000122070312,109.96859741210938,544478.0,131.6056365966797,332.5966796875,365.2836608886719,48.86277770996094,253.5,99.76441955566406
2023-12-18,194.0573272705078,154.07000732421875,111.64868927001953,551182.0,134.78163146972656,342.2293701171875,367.1754455566406,50.04911422729492,252.0800018310547,100.14386749267578
2023-12-19,195.09751892089844,153.7899932861328,111.43648529052734,554650.0,135.625244140625,347.9295959472656,367.7764892578125,49.57637405395508,257.2200012207031,101.05843353271484
2023-12-20,193.0072479248047,152.1199951171875,108.58109283447266,543740.0,137.3025665283203,346.85711669921875,365.1753234863281,48.08420944213867,247.13999938964844,97.33209991455078
2023-12-21,192.858642578125,153.83999633789062,110.23467254638672,541000.0,139.3669891357422,351.63372802734375,368.0523986816406,48.96272659301758,254.5,99.7741470336914
2023-12-22,191.78875732421875,153.4199981689453,109.71543884277344,542600.0,140.42897033691406,350.9385986328125,369.0771179199219,48.80281066894531,252.5399932861328,100.35792541503906
2023-12-26,191.24391174316406,153.41000366210938,110.68450164794922,543635.0,140.45872497558594,352.3685607910156,369.1559143066406,49.251556396484375,256.6099853515625,101.62271118164062
2023-12-27,191.3429718017578,153.33999633789062,110.12515258789062,543750.0,139.31735229492188,355.3477783203125,368.57464599609375,49.38948059082031,261.44000244140625,101.81731414794922
2023-12-28,191.76895141601562,153.3800048828125,109.7574691772461,545000.0,139.1783905029297,355.8343505859375,369.7668151855469,49.49442672729492,253.17999267578125,101.86595916748047
2023-12-29,190.72877502441406,151.94000244140625,109.15510559082031,542625.0,138.64247131347656,351.504638671875,370.51568603515625,49.49442672729492,248.47999572753906,101.18489837646484
2024-01-02,183.90321350097656,149.92999267578125,106.13640594482422,549787.0,137.1338653564453,343.8878479003906,365.42156982421875,48.14117431640625,248.4199981689453,98.7817611694336
2024-01-03,182.52622985839844,148.47000122070312,103.5157241821289,556050.0,137.8782501220703,342.0804443359375,365.1556091308594,47.542510986328125,238.4499969482422,97.45858001708984
2024-01-04,180.20814514160156,144.57000732421875,102.57989501953125,551550.0,135.36720275878906,344.71209716796875,362.53466796875,47.97127914428711,237.92999267578125,96.44671630859375
2024-01-05,179.48495483398438,145.24000549316406,102.60628509521484,554300.0,134.71214294433594,349.5085754394531,362.3474426269531,49.06966018676758,237.49000549316406,96.91374206542969
2024-01-08,183.823974609375,149.10000610351562,105.10670471191406,558780.0,137.79884338378906,356.1720275878906,369.18548583984375,52.22390365600586,240.4499969482422,99.4725341796875
2024-01-09,183.40789794921875,151.3699951171875,105.85380554199219,556500.0,139.8929901123047,354.9505920410156,370.269287109375,53.11041259765625,234.9600067138672,99.13201904296875
2024-01-10,184.44808959960938,153.72999572753906,105.66606903076172,557590.0,141.2130126953125,367.90008544921875,377.1467590332031,54.31973648071289,233.94000244140625,98.07151794433594
2024-01-11,183.85369873046875,155.17999267578125,107.5641098022461,551695.0,141.01454162597656,367.10565185546875,378.9794921875,54.791473388671875,227.22000122070312,98.48016357421875
2024-01-12,184.18060302734375,154.6199951171875,108.31706237792969,551800.0,141.58026123046875,371.8922119140625,382.7630615234375,54.679534912109375,218.88999938964844,98.49961853027344
2024-01-16,181.9120330810547,153.16000366210938,109.02896118164062,547520.0,141.42147827148438,364.9109802246094,384.5365905761719,56.35061264038086,219.91000366210938,98.91797637939453
2024-01-17,180.97093200683594,151.7100067138672,107.92493438720703,545250.0,140.4091033935547,365.814697265625,383.7483215332031,56.021793365478516,215.5500030517578,100.16332244873047
2024-01-18,186.86526489257812,153.5,111.85990905761719,549477.0,142.40402221679688,373.5208435058594,388.083740234375,57.0752067565918,211.8800048828125,109.9704818725586
2024-01-19,189.76783752441406,155.33999633789062,118.44001770019531,556710.0,145.28228759765625,380.7900695800781,392.813232421875,59.45787048339844,212.19000244140625,111.10880279541016
2024-01-22,192.0760498046875,154.77999877929688,119.34944915771484,558316.0,144.8952178955078,379.1316223144531,390.6849670410156,59.62078094482422,208.8000030517578,109.9704818725586
2024-01-23,193.35397338867188,156.02000427246094,119.9175796508789,564133.0,145.9373321533203,382.52789306640625,393.039794921875,59.83966827392578,209.13999938964844,111.04069519042969
2024-01-24,192.68031311035156,156.8699951171875,122.61260986328125,570977.0,147.5848846435547,387.9897766113281,396.64605712890625,61.32782745361328,207.8300018310547,113.36600494384766
2024-01-25,192.35345458984375,157.75,120.2784194946289,576211.0,150.73109436035156,390.45257568359375,398.9220886230469,61.58269119262695,182.6300048828125,113.40492248535156
2024-01-26,190.61978149414062,159.1199951171875,117.8219985961914,582300.0,151.04873657226562,391.4059143066406,397.9959411621094,60.99702072143555,183.25,114.08598327636719
2024-01-29,189.9362335205078,161.25999450683594,119.08247375488281,578800.0,152.3588104248047,398.2381896972656,403.700927734375,62.43022155761719,190.92999267578125,113.81356048583984
2024-01-30,186.28079223632812,159.0,118.14273834228516,584680.0,150.32418823242188,397.2848205566406,402.5874938964844,62.739044189453125,191.58999633789062,112.91845703125
2024-01-31,182.67481994628906,155.1999969482422,115.38905334472656,578020.0,139.04937744140625,387.4336853027344,391.7392272949219,61.492740631103516,187.2899932861328,109.90237426757812
2024-02-01,185.11181640625,159.27999877929688,117.34578704833984,581600.0,140.1014404296875,392.0414733886719,397.84814453125,62.99190902709961,188.86000061035156,110.32073211669922
2024-02-02,184.1112518310547,171.80999755859375,119.72494506835938,589498.0,141.31227111816406,471.6950378417969,405.1788635253906,66.12316131591797,187.91000366210938,112.6168441772461
2024-02-05,185.92413330078125,170.30999755859375,121.5594253540039,589404.0,142.60252380371094,456.22314453125,399.6907043457031,69.29339599609375,181.05999755859375,115.5745620727539
2024-02-06,187.52899169921875,169.14999389648438,119.5596694946289,592370.0,143.0194091796875,451.5656433105469,399.5329895019531,68.18501281738281,185.10000610351562,116.14859771728516
2024-02-07,187.63796997070312,170.52999877929688,122.9245376586914,599300.0,144.44859313964844,466.3324890136719,407.9672546386719,70.05996704101562,187.5800018310547,121.59701538085938
2024-02-08,186.5581817626953,169.83999633789062,124.6553726196289,597000.0,144.81582641601562,466.73968505859375,408.02642822265625,69.60221862792969,189.55999755859375,130.11016845703125
2024-02-09,187.3219451904297,174.4499969482422,125.50415802001953,599090.0,147.88265991210938,464.8627624511719,414.37176513671875,72.09284210205078,193.57000732421875,129.5069580078125
2024-02-12,185.63568115234375,172.33999633789062,123.70096588134766,597092.0,146.4236602783203,465.6473388671875,409.1595458984375,72.20777893066406,188.1300048828125,126.9286880493164
2024-02-13,183.54275512695312,168.63999938964844,122.39551544189453,593850.0,144.0515899658203,456.9281921386719,400.3508605957031,72.08785247802734,184.02000427246094,124.09745025634766
2024-02-14,182.6599578857422,170.97999572753906,123.42913055419922,601000.0,144.8455810546875,469.9969177246094,404.2203674316406,73.8588638305664,188.7100067138672,125.77090454101562
2024-02-15,182.37228393554688,169.8000030517578,123.70782470703125,607000.0,141.6993865966797,480.6723937988281,401.3280944824219,72.61753845214844,200.4499969482422,125.53738403320312
2024-02-16,180.83482360839844,169.50999450683594,121.79215240478516,610086.0,139.46621704101562,470.0366516113281,398.8602600097656,72.57256317138672,199.9499969482422,123.2607421875
2024-02-20,180.0908966064453,167.0800018310547,119.94104766845703,613140.0,140.0617218017578,468.4775390625,397.60662841796875,69.41333770751953,193.75999450683594,121.93753814697266
2024-02-21,180.84478759765625,168.58999633789062,120.02906799316406,617011.0,141.4810028076172,465.2764587402344,397.00445556640625,67.43443298339844,194.77000427246094,121.947265625
2024-02-22,182.87815856933594,174.5800018310547,127.60269927978516,625510.0,143.0094451904297,483.2699890136719,406.3526306152344,78.49427032470703,197.41000366210938,125.57630920410156
2024-02-23,181.04312133789062,174.99000549316406,126.76856231689453,628930.0,142.8804473876953,481.182373046875,405.0594177246094,78.77311706542969,191.97000122070312,126.02384185791016
2024-02-26,179.6941680908203,174.72999572753906,128.0163116455078,615356.0,136.5383758544922,478.9057922363281,402.2955017089844,79.04796600341797,199.39999389648438,127.1037826538086
2024-02-27,181.1522216796875,173.5399932861328,126.7548828125,617300.0,137.8385467529297,484.1845703125,402.2362365722656,78.65717315673828,199.72999572753906,125.10930633544922
2024-02-28,179.9520263671875,173.16000366210938,126.08893585205078,621055.0,135.35726928710938,481.17236328125,402.47314453125,77.6197509765625,202.0399932861328,123.93205261230469
2024-02-29,179.28746032714844,176.75999450683594,127.17144012451172,616561.0,137.42169189453125,487.2464599609375,408.3170471191406,79.06795501708984,201.8800048828125,125.18714141845703
2024-03-01,178.206298828125,178.22000122070312,136.82110595703125,613965.0,136.111572265625,499.3448486328125,410.15301513671875,82.23318481445312,202.63999938964844,130.2755584716797
2024-03-04,173.6831817626953,177.5800018310547,137.12326049804688,608140.0,132.3500213623047,495.259033203125,409.5805358886719,85.18953704833984,188.13999938964844,134.51754760742188
2024-03-05,168.74346923828125,174.1199951171875,131.30393981933594,604619.0,131.6750946044922,487.3359375,397.4684143066406,85.920166015625,180.74000549316406,131.31658935546875
2024-03-06,167.7515869140625,173.50999450683594,132.0128936767578,607453.0,130.41461181640625,493.1714172363281,396.9156188964844,88.6547622680664,176.5399932861328,137.7379608154297
2024-03-07,167.6325225830078,176.82000732421875,137.58775329589844,605560.0,133.3722686767578,509.17669677734375,403.8749084472656,92.62174224853516,178.64999389648438,145.1614227294922
2024-03-08,169.34854125976562,175.35000610351562,127.97622680664062,609748.0,134.39456176757812,502.973388671875,400.992431640625,87.4833755493164,175.33999633789062,142.40802001953125
2024-03-11,171.35220336914062,171.9600067138672,126.45074462890625,607756.0,136.63760375976562,480.7449035644531,399.3143615722656,85.73026275634766,177.77000427246094,135.25697326660156
2024-03-12,171.8282928466797,175.38999938964844,126.32949829101562,609710.0,137.46136474609375,496.80987548828125,409.93585205078125,91.86614227294922,177.5399932861328,140.49136352539062
2024-03-13,169.74530029296875,176.55999755859375,123.00374603271484,613900.0,138.74168395996094,492.6544494628906,409.7581787109375,90.8416519165039,169.47999572753906,138.29251098632812
2024-03-14,171.6001739501953,178.75,123.43400573730469,612500.0,142.02688598632812,488.9364929199219,419.7479553222656,87.89916229248047,162.5,135.84071350097656
2024-03-15,171.22323608398438,174.4199981689453,120.8162612915039,618134.0,140.12127685546875,481.2519226074219,411.0611877441406,87.79220581054688,163.57000732421875,133.27218627929688
2024-03-18,172.31434631347656,174.47999572753906,120.98640441894531,617880.0,146.57252502441406,494.05615234375,411.94964599609375,88.4098892211914,173.8000030517578,133.48126220703125
2024-03-19,174.65525817871094,175.89999389648438,121.06169891357422,622777.0,145.92739868164062,493.32049560546875,415.98699951171875,89.35242462158203,171.32000732421875,131.7521514892578
2024-03-20,177.2242889404297,178.14999389648438,125.30802917480469,628390.0,147.62460327148438,502.5458984375,419.7578430175781,90.325927734375,175.66000366210938,133.58871459960938
2024-03-21,169.98336791992188,178.14999389648438,132.37869262695312,625095.0,146.49313354492188,504.77276611328125,423.84454345703125,91.38836669921875,172.82000732421875,136.22628784179688
2024-03-22,170.88601684570312,178.8699951171875,132.9158477783203,623040.0,149.63937377929688,506.5820617675781,423.22265625,94.24091339111328,170.8300018310547,137.2910919189453
2024-03-25,169.4675750732422,179.7100067138672,132.7302703857422,619500.0,148.9446258544922,500.0605773925781,417.4183349609375,94.95355987548828,172.6300048828125,136.98826599121094
2024-03-26,168.33677673339844,178.3000030517578,130.7573699951172,622380.0,149.5401153564453,492.97259521484375,416.223876953125,92.5137939453125,177.6699981689453,135.63038635253906
2024-03-27,171.90765380859375,179.8300018310547,129.50428771972656,629610.0,149.73861694335938,490.95452880859375,416.00677490234375,90.2039794921875,179.8300018310547,133.5301055908203
2024-03-28,170.09246826171875,180.3800048828125,130.1602783203125,634440.0,149.79815673828125,482.72320556640625,415.30584716796875,90.30992889404297,175.7899932861328,132.9049072265625
2024-04-01,168.65420532226562,180.97000122070312,132.6006317138672,634030.0,154.32398986816406,488.4593200683594,419.1063232421875,90.31692504882812,175.22000122070312,138.2191619873047
2024-04-02,167.4738311767578,180.69000244140625,131.47128295898438,630289.0,153.4009246826172,494.4438781738281,416.0166015625,89.40638732910156,166.6300048828125,136.97850036621094
2024-04-03,168.2772674560547,182.41000366210938,133.87237548828125,633899.0,153.75823974609375,503.7586975097656,415.03936767578125,88.91864776611328,168.3800048828125,138.71734619140625
2024-04-04,167.45399475097656,180.0,129.3834991455078,628420.0,149.40115356445312,507.9141845703125,412.5024108886719,85.86119079589844,171.11000061035156,136.43142700195312
2024-04-05,168.2078399658203,185.07000732421875,131.537109375,631255.0,151.35638427734375,524.2376098632812,420.0440979003906,87.96311950683594,164.89999389648438,138.0921173095703
2024-04-08,167.0869903564453,185.19000244140625,131.21006774902344,628640.0,153.6887969970703,516.1951904296875,419.1260681152344,87.08856201171875,172.97999572753906,139.48907470703125
2024-04-09,168.29710388183594,185.6699981689453,131.01170349121094,626900.0,155.42564392089844,513.8589477539062,420.7943115234375,85.31046295166016,176.8800048828125,142.03872680664062
2024-04-10,166.4224090576172,185.9499969482422,129.8617401123047,618950.0,154.96910095214844,516.771728515625,417.81317138671875,86.99461364746094,171.75999450683594,142.83978271484375
2024-04-11,173.62364196777344,189.0500030517578,135.76280212402344,616670.0,158.21458435058594,520.0821533203125,422.4230651855469,90.56979370117188,174.60000610351562,143.79713439941406
2024-04-12,175.12144470214844,186.1300048828125,131.99276733398438,608091.0,156.54718017578125,508.8883972167969,416.4706726074219,88.14102935791016,171.0500030517578,139.22532653808594
2024-04-15,171.29266357421875,183.6199951171875,128.7147216796875,604500.0,153.6986846923828,497.2870788574219,408.3170471191406,85.95714569091797,161.47999572753906,136.9003448486328
2024-04-16,168.00946044921875,183.32000732421875,130.5187225341797,598160.0,153.24212646484375,496.81982421875,409.2448425292969,87.37042236328125,157.11000061035156,136.5681915283203
2024-04-17,166.640625,181.27999877929688,125.95912170410156,600300.0,154.3041229248047,491.2627258300781,406.5401306152344,83.99214935302734,155.4499969482422,135.81597900390625
2024-04-18,165.6884002685547,179.22000122070312,123.63758087158203,604144.0,154.84007263183594,498.8478088378906,399.06756591796875,84.62782287597656,149.92999267578125,129.21226501464844
2024-04-19,163.66490173339844,174.6300048828125,118.30707550048828,611244.0,152.93446350097656,478.2397766113281,393.98382568359375,76.16114807128906,147.0500030517578,124.74791717529297
2024-04-22,164.4980926513672,177.22999572753906,120.2466049194336,617284.0,155.10804748535156,478.8959045410156,395.8001403808594,79.47744750976562,142.0500030517578,126.7505111694336
2024-04-23,165.54949951171875,179.5399932861328,122.6751937866211,615175.0,157.0731964111328,493.181396484375,402.3251037597656,82.38097381591797,144.67999267578125,130.34544372558594
2024-04-24,167.65237426757812,176.58999633789062,123.42448425292969,613420.0,157.93670654296875,490.5966796875,403.7958679199219,79.6363754272461,162.1300048828125,129.8960723876953
2024-04-25,168.51535034179688,173.6699981689453,127.11692810058594,611560.0,154.8301544189453,438.7832946777344,393.9048156738281,82.5898666381836,170.17999267578125,133.4226531982422
2024-04-26,167.9300994873047,179.6199951171875,131.99276733398438,606920.0,170.66053771972656,440.68206787109375,401.0911865234375,87.69027709960938,168.2899932861328,135.1028594970703
2024-04-29,172.0961151123047,180.9600067138672,131.45755004882812,605500.0,164.90403747558594,430.0747985839844,397.0735778808594,87.71224975585938,194.0500030517578,135.2982635498047
2024-04-30,168.9517822265625,175.0,127.6914291381836,599500.0,161.55929565429688,427.6392517089844,384.31982421875,86.35794067382812,183.27999877929688,134.16505432128906
2024-05-01,167.9300994873047,179.0,122.05355072021484,602100.0,162.63121032714844,436.60614013671875,389.8576354980469,82.99864196777344,179.99000549316406,131.82057189941406
2024-05-02,171.6299285888672,184.72000122070312,121.63225555419922,606413.0,165.37049865722656,439.0815124511719,392.7203063964844,85.77324676513672,180.00999450683594,133.0807342529297
2024-05-03,181.8961944580078,186.2100067138672,125.5152359008789,603000.0,165.98585510253906,449.3009948730469,401.4267883300781,88.74372863769531,181.19000244140625,138.28749084472656
2024-05-06,180.2397003173828,188.6999969482422,128.67739868164062,608795.0,166.8394317626953,462.9403076171875,408.21826171875,92.093017578125,184.75999450683594,139.52816772460938
2024-05-07,180.92408752441406,188.75999450683594,127.97034454345703,611258.0,169.96578979492188,465.4852600097656,404.0722961425781,90.50782775878906,177.80999755859375,137.84791564941406
2024-05-08,181.26136779785156,188.0,130.15635681152344,612100.0,168.1098175048828,469.8196105957031,405.2568664550781,90.36589813232422,174.72000122070312,140.28036499023438
2024-05-09,183.07656860351562,189.5,128.2217254638672,615835.0,168.68545532226562,472.6230163574219,407.0140075683594,88.70175170898438,171.97000122070312,139.48907470703125
2024-05-10,181.81512451171875,187.47999572753906,130.88601684570312,622000.0,167.38528442382812,473.3984069824219,409.40283203125,89.83216857910156,168.47000122070312,145.80950927734375
2024-05-13,185.0233154296875,186.57000732421875,131.34854125976562,621000.0,167.8716278076172,465.25665283203125,408.39593505859375,90.3529052734375,171.88999938964844,143.02540588378906
2024-05-14,186.16555786132812,187.07000732421875,135.524169921875,619250.0,169.06263732910156,469.0740051269531,411.19940185546875,91.3094253540039,177.5500030517578,148.4373321533203
2024-05-15,188.4401397705078,185.99000549316406,141.03732299804688,622815.0,171.21633911132812,478.7070007324219,418.3887939453125,94.58174896240234,173.99000549316406,151.98341369628906
2024-05-16,188.55929565429688,183.6300048828125,138.676513671875,625100.0,172.87379455566406,470.4459533691406,416.32196044921875,94.3108901977539,174.83999633789062,148.71087646484375
2024-05-17,188.58909606933594,184.6999969482422,137.0227813720703,629375.0,174.73968505859375,469.1336669921875,415.55059814453125,92.43183898925781,177.4600067138672,148.17355346679688
2024-05-20,189.75120544433594,183.5399932861328,138.86309814453125,623250.0,175.59327697753906,466.0816955566406,420.6237487792969,94.73168182373047,174.9499969482422,150.0003204345703
2024-05-21,191.05239868164062,183.14999389648438,137.40673828125,625150.0,176.5163116455078,461.896484375,424.2826843261719,95.33736419677734,186.60000610351562,150.11756896972656
2024-05-22,189.61216735839844,183.1300048828125,136.72323608398438,625100.0,175.05731201171875,465.0279541015625,425.7463073730469,94.90157318115234,180.11000061035156,152.54022216796875
2024-05-23,185.61929321289062,181.0500030517578,136.82632446289062,612320.0,172.24855041503906,463.0397033691406,422.2653503417969,103.74607849121094,173.74000549316406,153.45849609375
2024-05-24,188.6983642578125,180.75,138.25521850585938,615900.0,173.67774963378906,475.40655517578125,425.3902893066406,106.41470336914062,179.24000549316406,156.30123901367188
2024-05-28,188.70831298828125,182.14999389648438,138.70791625976562,609000.0,175.07716369628906,477.0965270996094,425.54852294921875,113.84291076660156,176.75,155.72486877441406
2024-05-29,189.00628662109375,182.02000427246094,136.56903076171875,608816.0,174.58090209960938,471.5692443847656,424.4112854003906,114.76643371582031,176.19000244140625,150.77207946777344
2024-05-30,189.99952697753906,179.32000732421875,133.9578094482422,617690.0,170.81932067871094,464.30224609375,410.072021484375,110.44364929199219,178.7899932861328,149.42398071289062
2024-05-31,190.95306396484375,176.44000244140625,130.46864318847656,627400.0,171.20640563964844,464.08355712890625,410.5269470214844,109.57709503173828,178.0800018310547,147.54835510253906
2024-06-03,192.72105407714844,178.33999633789062,129.81556701660156,631110.0,171.87136840820312,474.68084716796875,408.934814453125,114.94135284423828,176.2899932861328,151.36795043945312
2024-06-04,193.0388946533203,179.33999633789062,130.69155883789062,617435.0,172.4867401123047,474.18377685546875,411.45654296875,116.37763214111328,174.77000427246094,148.9453125
2024-06-05,194.54864501953125,181.27999877929688,138.77078247070312,618000.0,174.09458923339844,492.1474609375,419.3085021972656,122.3775634765625,175.0,159.15370178222656
2024-06-06,193.16802978515625,185.0,137.6100311279297,620000.0,175.40469360351562,490.8551330566406,419.8128356933594,120.9363021850586,177.94000244140625,158.32339477539062
2024-06-07,195.56175231933594,184.3000030517578,138.1373748779297,622291.0,173.15170288085938,490.059814453125,419.1502685546875,120.82635498046875,177.47999572753906,160.58973693847656
2024-06-10,191.81716918945312,187.05999755859375,141.4595947265625,617700.0,173.8969268798828,499.64312744140625,423.1257019042969,121.72789764404297,173.7899932861328,164.27256774902344
2024-06-11,205.75253295898438,187.22999572753906,143.4786834716797,615769.0,175.49668884277344,504.48443603515625,427.88232421875,120.8582763671875,170.66000366210938,161.87924194335938
2024-06-12,211.6326141357422,186.88999938964844,146.86473083496094,615592.0,176.6592559814453,505.84637451171875,436.16943359375,125.14643859863281,177.2899932861328,168.98117065429688
2024-06-13,212.79470825195312,183.8300018310547,164.88316345214844,611500.0,174.04600524902344,501.13427734375,436.68365478515625,129.55455017089844,182.47000122070312,169.4456787109375
2024-06-14,211.05653381347656,183.66000366210938,170.38748168945312,610900.0,175.66563415527344,501.6915283203125,437.6627197265625,131.82357788085938,178.00999450683594,169.05368041992188
2024-06-17,215.20831298828125,184.05999755859375,179.60195922851562,613860.0,176.1127471923828,504.1494140625,443.3983459472656,130.92396545410156,187.44000244140625,173.6889190673828
2024-06-18,212.8443603515625,182.80999755859375,177.0142822265625,615000.0,173.97642517089844,497.0444030761719,441.3908996582031,135.52200317382812,184.86000061035156,176.08984375
2024-06-20,208.26547241210938,186.10000610351562,170.34033203125,617250.0,175.17872619628906,499.2436218261719,440.75799560546875,130.7240447998047,181.57000732421875,171.86618041992188
2024-06-21,206.09024047851562,189.0800018310547,162.88375854492188,615001.0,178.48756408691406,492.3574523925781,444.7927551269531,126.51585388183594,183.00999450683594,170.4746551513672
2024-06-24,206.73587036132812,185.57000732421875,156.85752868652344,624082.0,178.0801544189453,496.46728515625,442.70611572265625,118.05946350097656,182.5800018310547,164.44784545898438
2024-06-25,207.6595916748047,186.33999633789062,155.73248291015625,620800.0,182.85955810546875,508.1000061035156,445.9497375488281,126.03604888916016,187.35000610351562,169.14187622070312
2024-06-26,211.8114013671875,193.61000061035156,156.8368682861328,617071.0,182.71054077148438,510.60772705078125,447.1463623046875,126.3459243774414,196.3699951171875,168.6225128173828
2024-06-27,212.65567016601562,197.85000610351562,156.310791015625,615000.0,184.2307891845703,517.0161743164062,447.8287048339844,123.93695831298828,197.4199981689453,168.1913299560547
2024-06-28,209.19912719726562,193.25,158.1697540283203,612241.0,180.99151611328125,501.75128173828125,441.9941101074219,123.48714447021484,197.8800048828125,170.32763671875
2024-07-01,215.2877655029297,197.1999969482422,161.6444091796875,610460.0,181.826171875,502.208984375,451.6656799316406,124.24681854248047,209.86000061035156,168.8772735595703
2024-07-02,218.78402709960938,200.0,163.28765869140625,610668.0,184.06187438964844,507.0054016113281,454.1874084472656,122.61751556396484,231.25999450683594,172.1797637939453
2024-07-03,220.05538940429688,197.58999633789062,170.35516357421875,611375.0,184.63819885253906,507.463134765625,455.660888671875,128.22511291503906,246.38999938964844,178.833740234375
2024-07-05,224.81307983398438,200.0,167.8026123046875,618545.0,189.38780212402344,537.2664184570312,462.3756103515625,125.77616882324219,251.52000427246094,180.30368041992188
2024-07-08,226.28311157226562,199.2899932861328,171.99444580078125,614425.0,187.82777404785156,526.7283935546875,461.0702209472656,128.14512634277344,252.94000244140625,182.89077758789062
2024-07-09,227.13729858398438,199.33999633789062,170.7581024169922,619000.0,187.77809143066406,527.405029296875,454.4445495605469,131.3238067626953,262.3299865722656,180.82305908203125
2024-07-10,231.40829467773438,199.7899932861328,171.8791961669922,622506.0,189.96409606933594,532.0721435546875,461.08013916015625,134.85227966308594,263.260009765625,187.22222900390625
2024-07-11,226.0347900390625,195.0500030517578,168.0626983642578,629080.0,184.38980102539062,510.18975830078125,449.6582336425781,127.34549713134766,241.02999877929688,180.803466796875
2024-07-12,228.98475646972656,194.49000549316406,167.54254150390625,639500.0,183.89295959472656,496.42742919921875,448.5209045410156,129.18470764160156,248.22999572753906,183.59637451171875
2024-07-15,232.81871032714844,192.72000122070312,168.87545776367188,652997.0,185.34368896484375,493.7307434082031,448.9263610839844,128.3850555419922,252.63999938964844,181.50904846191406
2024-07-16,233.2358856201172,193.02000427246094,166.86573791503906,660388.0,182.7502899169922,487.3919677734375,444.53564453125,126.30593872070312,256.55999755859375,182.31260681152344
2024-07-17,227.3359375,187.92999267578125,153.66465759277344,671280.0,179.86871337890625,459.72796630859375,438.6021423339844,117.93950653076172,248.5,167.76992797851562
2024-07-18,222.6676483154297,183.75,158.13726806640625,662820.0,176.5598907470703,473.5201416015625,435.4870910644531,121.03819274902344,249.22999572753906,168.426513671875
2024-07-19,222.79678344726562,183.1300048828125,155.01431274414062,652040.0,176.53009033203125,474.45556640625,432.2632141113281,117.87954711914062,239.1999969482422,162.44873046875
2024-07-22,222.44915771484375,182.5500030517578,158.6692352294922,655260.0,180.5145721435547,485.0135803222656,438.0285949707031,123.48714447021484,251.50999450683594,165.95701599121094
2024-07-23,223.4920654296875,186.41000366210938,161.33901977539062,651580.0,180.63380432128906,486.29730224609375,439.91741943359375,122.53755950927734,246.3800048828125,166.41758728027344
2024-07-24,217.06570434570312,180.8300018310547,149.09352111816406,650080.0,171.53208923339844,459.011474609375,424.1442565917969,114.20111846923828,215.99000549316406,156.59832763671875
2024-07-25,216.0227813720703,179.85000610351562,147.0443878173828,649950.0,166.2161102294922,451.1900329589844,413.76068115234375,112.2319564819336,220.25,157.0687255859375
2024-07-26,216.48963928222656,182.5,149.37921142578125,657180.0,165.93788146972656,463.4198913574219,420.55450439453125,113.0116195678711,219.8000030517578,158.69544982910156
2024-07-29,216.7677459716797,183.1999969482422,147.99014282226562,658060.0,168.4517822265625,463.4297790527344,421.9983215332031,111.54225158691406,232.10000610351562,156.8041229248047
2024-07-30,217.32394409179688,181.7100067138672,141.3896026611328,662125.0,169.20693969726562,460.9221496582031,418.2305908203125,103.68561553955078,222.6199951171875,151.44371032714844
2024-07-31,220.58181762695312,186.97999572753906,158.2948760986328,659211.0,170.44900512695312,472.505126953125,413.7112121582031,116.96992492675781,232.07000732421875,162.47811889648438
2024-08-01,216.88690185546875,184.07000732421875,144.83766174316406,647000.0,169.6739501953125,495.30291748046875,412.4849853515625,109.16327667236328,216.86000061035156,155.0107879638672
2024-08-02,218.37680053710938,167.89999389648438,141.68516540527344,641435.0,165.6000518798828,485.75,403.9605712890625,107.22410583496094,207.6699981689453,146.85748291015625
2024-08-05,207.85824584960938,161.02000427246094,139.97097778320312,620040.0,158.23719787597656,473.4007873535156,390.76849365234375,100.40702056884766,198.8800048828125,144.98574829101562
2024-08-06,205.83200073242188,161.92999267578125,141.7836456298828,633175.0,157.28329467773438,491.67083740234375,395.1790466308594,104.20539855957031,200.63999938964844,152.2766876220703
2024-08-07,208.404541015625,162.77000427246094,134.24722290039062,641000.0,157.92916870117188,486.52618408203125,394.0121154785156,98.86769104003906,191.75999450683594,151.93370056152344
2024-08-08,211.87098693847656,165.8000030517578,143.57664489746094,648888.0,160.99949645996094,507.1347351074219,398.2248840332031,104.92508697509766,198.83999633789062,161.253173828125
2024-08-09,214.78123474121094,166.94000244140625,146.05921936035156,647523.0,162.62905883789062,515.2349853515625,401.5179748535156,104.70519256591797,200.0,163.7716522216797
2024-08-12,216.31259155273438,166.8000030517578,146.4138946533203,646450.0,161.25782775878906,513.423828125,402.2992248535156,108.97335052490234,197.49000549316406,164.27146911621094
2024-08-13,220.03167724609375,170.22999572753906,153.84197998046875,649105.0,163.11593627929688,525.9522094726562,409.4194030761719,116.0903091430664,207.8300018310547,168.8870849609375
2024-08-14,220.4791717529297,170.10000610351562,155.34927368164062,657122.0,159.3500518798828,524.180908203125,412.2377624511719,118.02948760986328,201.3800048828125,166.5645751953125
2024-08-15,223.4623565673828,177.58999633789062,163.6639862060547,661145.0,160.27413940429688,534.6990966796875,417.1119689941406,122.80743408203125,214.13999938964844,170.4746551513672
2024-08-16,224.78492736816406,177.05999755859375,163.26007080078125,667130.0,161.923583984375,524.8377075195312,414.5758056640625,124.52670288085938,216.1199951171875,171.04298400878906
2024-08-19,224.62582397460938,178.22000122070312,165.2205352783203,672940.0,165.61000061035156,526.6885375976562,417.6073303222656,129.94439697265625,222.72000122070312,171.93478393554688
2024-08-20,225.24234008789062,178.8800048828125,163.4866485595703,672400.0,166.1167449951172,524.1510620117188,420.8468933105469,127.19556427001953,221.10000610351562,168.5930938720703
2024-08-21,225.13296508789062,180.11000061035156,163.31918334960938,669500.0,164.79522705078125,532.539794921875,420.19305419921875,128.4450225830078,223.27000427246094,168.005126953125
2024-08-22,223.27342224121094,176.1300048828125,159.93023681640625,674000.0,162.7582244873047,529.3255615234375,411.6830139160156,123.68705749511719,210.66000366210938,163.1053009033203
2024-08-23,225.5705108642578,177.0399932861328,163.8905792236328,680330.0,164.56666564941406,525.414794921875,412.91143798828125,129.31463623046875,220.32000732421875,167.84832763671875
2024-08-26,225.90858459472656,175.5,157.25062561035156,682200.0,165.10321044921875,518.5685424804688,409.64215087890625,126.40589141845703,213.2100067138672,165.68260192871094
2024-08-27,226.7538299560547,173.1199951171875,158.99432373046875,691350.0,163.6326141357422,516.558349609375,409.9888916015625,128.2451171875,209.2100067138672,167.13294982910156
2024-08-28,225.22247314453125,170.8000030517578,155.83197021484375,696502.0,161.8142852783203,514.249755859375,406.7790832519531,125.55626678466797,205.75,165.80999755859375
2024-08-29,228.50399780273438,172.1199951171875,154.60052490234375,702320.0,160.75108337402344,515.6826782226562,409.2756042480469,117.53968811035156,206.27999877929688,165.76100158691406
2024-08-30,227.71841430664062,178.5,160.4031219482422,715300.0,162.34092712402344,518.7575073242188,413.2582092285156,119.31893157958984,214.11000061035156,168.25990295410156
2024-09-03,221.52328491210938,176.25,150.52198791503906,715910.0,156.3591766357422,509.2542724609375,405.62982177734375,107.95378875732422,210.60000610351562,157.27450561523438
2024-09-04,219.614013671875,173.3300018310547,151.83224487304688,715778.0,155.45497131347656,510.2295227050781,405.0948486328125,106.16455841064453,219.41000366210938,157.64688110351562
2024-09-05,221.13548278808594,177.88999938964844,150.5515594482422,696160.0,156.23995971679688,514.329345703125,404.589599609375,107.16413879394531,230.1699981689453,160.42019653320312
2024-09-06,219.58421325683594,171.38999938964844,134.9663848876953,689287.0,149.9601593017578,497.8205871582031,397.96185302734375,102.78600311279297,210.72999572753906,153.67803955078125
2024-09-09,219.67369079589844,175.39999389648438,138.72967529296875,689280.0,147.9602813720703,502.3184509277344,401.9444274902344,106.42444610595703,216.27000427246094,159.5186309814453
2024-09-10,218.878173828125,179.5500030517578,146.010009765625,688076.0,147.91053771972656,502.3184509277344,410.3455505371094,108.05374908447266,226.1699981689453,159.17562866210938
2024-09-11,221.4138946533203,184.52000427246094,155.920654296875,680040.0,150.39793395996094,509.323974609375,419.1033020019531,116.85997772216797,228.1300048828125,166.81936645507812
2024-09-12,221.52328491210938,187.0,162.11729431152344,675380.0,153.91014099121094,523.026611328125,423.0264587402344,119.0992202758789,229.80999755859375,168.6153564453125
2024-09-13,221.25479125976562,186.49000549316406,165.20082092285156,671750.0,156.6661834716797,522.0513305664062,426.5830383300781,119.05921936035156,230.2899932861328,169.66781616210938
2024-09-16,215.109375,184.88999938964844,161.58529663085938,677731.0,157.26312255859375,531.17529296875,427.3260498046875,116.7400131225586,226.77999877929688,166.30397033691406
2024-09-17,215.5767364501953,186.8800048828125,160.05831909179688,685250.0,158.51681518554688,534.2032470703125,431.1006164550781,115.55043029785156,227.8699951171875,164.60238647460938
2024-09-18,219.45492553710938,186.42999267578125,159.2701873779297,686859.0,159.00433349609375,535.8267822265625,426.80096435546875,113.33119201660156,227.1999969482422,164.53350830078125
2024-09-19,227.58914184570312,189.8699951171875,165.477294921875,687840.0,161.3225860595703,556.893310546875,434.607666015625,117.82964324951172,243.9199981689453,173.3267364501953
2024-09-20,226.92288208007812,191.60000610351562,169.1146240234375,685490.0,162.76527404785156,559.1343383789062,431.21942138671875,115.96028900146484,238.25,171.22186279296875
2024-09-23,225.20257568359375,193.8800048828125,170.9332733154297,685320.0,161.0340576171875,562.1823120117188,429.4758605957031,116.22020721435547,250.0,171.8907012939453
2024-09-24,226.09754943847656,193.9600067138672,172.81121826171875,683913.0,161.47181701660156,561.1066284179688,425.17626953125,120.82862091064453,254.27000427246094,178.98233032226562
2024-09-25,225.10311889648438,192.52999877929688,173.4833221435547,679850.0,160.6758575439453,566.06689453125,428.0888671875,123.46772003173828,257.0199890136719,179.35609436035156
2024-09-26,226.24671936035156,191.16000366210938,176.0234832763672,683340.0,161.90957641601562,565.5988159179688,427.2963562011719,123.9975357055664,254.22000122070312,183.76255798339844
2024-09-27,226.5151824951172,187.97000122070312,170.6861572265625,686182.0,163.1234588623047,565.1207275390625,424.0368957519531,121.35844421386719,260.4599914550781,175.04800415039062
2024-09-30,231.69602966308594,186.3300018310547,170.4983673095703,691180.0,165.0138702392578,570.1806640625,426.2956848144531,121.39842987060547,261.6300048828125,170.81861877441406
2024-10-01,224.9440460205078,185.1300048828125,165.52674865722656,685000.0,166.14813232421875,574.1946411132812,416.775146484375,116.95994567871094,258.0199890136719,169.24488830566406
2024-10-02,225.51084899902344,184.75999450683594,168.67970275878906,685000.0,165.02383422851562,570.5491943359375,413.24822998046875,118.80931854248047,249.02000427246094,172.91363525390625
2024-10-03,224.4070587158203,181.9600067138672,169.8954315185547,678640.0,165.02383422851562,580.4699096679688,412.6637878417969,122.80794525146484,240.66000366210938,176.53321838378906
2024-10-04,225.53073120117188,186.50999450683594,174.59031677246094,693839.0,166.21778869628906,593.587890625,412.188232421875,124.87723541259766,250.0800018310547,178.18563842773438
2024-10-07,220.4493408203125,180.8000030517578,173.04843139648438,680000.0,162.15834045410156,582.4719848632812,405.7288818359375,127.67628479003906,240.8300018310547,181.4806365966797
2024-10-08,224.5065155029297,182.72000122070312,178.63284301757812,678000.0,163.55130004882812,590.5498657226562,410.8507995605469,132.84449768066406,244.5,182.99533081054688
2024-10-09,228.25538635253906,185.1699981689453,183.7922821044922,683400.0,161.0439910888672,588.1793823242188,413.5751953125,132.60458374023438,241.0500030517578,184.06744384765625
2024-10-10,227.7581787109375,186.64999389648438,183.53530883789062,682470.0,161.26287841796875,581.5256958007812,411.97027587890625,134.76385498046875,238.77000427246094,182.7297821044922
2024-10-11,226.27655029296875,188.82000732421875,179.3741455078125,691500.0,162.4170379638672,587.6215209960938,412.44580078125,134.7538604736328,217.8000030517578,187.67718505859375
2024-10-14,230.00555419921875,187.5399932861328,180.19451904296875,685000.0,164.1283721923828,588.0896606445312,415.2395935058594,138.0227508544922,219.16000366210938,189.05419921875
2024-10-15,232.54127502441406,187.69000244140625,173.93797302246094,693614.0,164.62583923339844,583.9560546875,414.84326171875,131.55496215820312,219.57000732421875,184.0576171875
2024-10-16,230.48284912109375,186.88999938964844,174.76824951171875,699413.0,164.32736206054688,574.5134887695312,412.2476806640625,135.67355346679688,221.3300018310547,184.40185546875
2024-10-17,230.85079956054688,187.52999877929688,179.423583984375,697640.0,162.1085662841797,574.6529541015625,412.8420715332031,136.8831329345703,220.88999938964844,202.4604034423828
2024-10-18,233.68484497070312,188.99000549316406,177.80259704589844,698500.0,162.5961456298828,574.1946411132812,414.2687072753906,137.9527587890625,220.6999969482422,197.48348999023438
2024-10-21,235.1565399169922,189.07000732421875,177.90145874023438,698000.0,163.24285888671875,572.889892578125,414.8829345703125,143.6608123779297,218.85000610351562,198.63429260253906
2024-10-22,234.54000854492188,189.6999969482422,177.29852294921875,692600.0,164.3074493408203,579.712890625,423.5317077636719,143.5408477783203,217.97000122070312,195.2212677001953
2024-10-23,229.4685821533203,184.7100067138672,171.49664306640625,691220.0,161.9593505859375,561.4651489257812,420.6487731933594,139.51222229003906,213.64999389648438,197.56219482421875
2024-10-24,229.27963256835938,186.3800048828125,169.36172485351562,687000.0,161.899658203125,565.5390625,420.777587890625,140.3619384765625,260.4800109863281,194.68028259277344
2024-10-25,230.11492919921875,187.8300018310547,170.9925537109375,681999.0,164.43679809570312,570.9874267578125,424.16571044921875,141.49154663085938,269.19000244140625,200.09983825683594
2024-10-28,232.09378051757812,188.38999938964844,170.02394104003906,688354.0,165.87950134277344,575.8780517578125,422.6202392578125,140.47189331054688,262.510009765625,191.48365783691406
2024-10-29,232.36228942871094,190.8300018310547,177.16017150878906,682920.0,168.82455444335938,590.9384155273438,427.9303894042969,141.20164489746094,259.5199890136719,193.70654296875
2024-10-30,228.812255859375,192.72999572753906,174.59031677246094,682600.0,173.58047485351562,589.4642333984375,428.5049743652344,139.29229736328125,257.54998779296875,191.28692626953125
2024-10-31,224.64572143554688,186.39999389648438,167.80006408691406,676960.0,170.2473602294922,565.33984375,402.5686340332031,132.7145538330078,249.85000610351562,187.41160583496094
2024-11-01,221.66250610351562,197.92999267578125,166.95989990234375,678000.0,170.42642211914062,564.9214477539062,406.55120849609375,135.35365295410156,248.97999572753906,189.7820587158203
2024-11-04,220.76751708984375,195.77999877929688,166.59420776367188,664750.0,168.38677978515625,558.4671020507812,404.6589660644531,136.00343322753906,242.83999633789062,188.4148712158203
2024-11-05,222.19947814941406,199.5,171.88209533691406,666684.0,168.88427734375,570.170654296875,407.63104248046875,139.8621063232422,251.44000244140625,192.54591369628906
2024-11-06,221.4735565185547,207.08999633789062,177.46656799316406,703000.0,175.62013244628906,569.7921752929688,416.26983642578125,145.56015014648438,288.5299987792969,190.04762268066406
2024-11-07,226.20692443847656,210.0500030517578,181.67713928222656,688252.0,179.83876037597656,589.3646240234375,421.47100830078125,148.8290557861328,296.9100036621094,197.8867645263672
2024-11-08,225.93814086914062,208.17999267578125,181.50909423828125,695878.0,177.45086669921875,587.013916015625,418.6079406738281,147.57945251464844,321.2200012207031,197.8966064453125
2024-11-11,223.2204132080078,206.83999633789062,176.833984375,700224.0,179.44078063964844,580.8682250976562,414.1200866699219,145.21026611328125,350.0,190.86399841308594
2024-11-12,223.2204132080078,208.91000366210938,174.17520141601562,700700.0,180.70436096191406,582.5118408203125,419.0933532714844,148.2392120361328,328.489990234375,188.62142944335938
2024-11-13,224.10641479492188,214.10000610351562,171.56582641601562,702250.0,177.97817993164062,577.7107543945312,421.2431945800781,146.2199249267578,330.239990234375,183.5953369140625
2024-11-14,227.1924591064453,211.47999572753906,168.4029541015625,700600.0,174.69480895996094,574.8820190429688,422.9174499511719,146.7097625732422,311.17999267578125,185.4051055908203
2024-11-15,223.98696899414062,202.61000061035156,162.92723083496094,705999.0,171.62039184570312,551.8931274414062,411.1380920410156,141.93138122558594,320.7200012207031,182.95599365234375
2024-11-18,226.99337768554688,201.6999969482422,163.74761962890625,708000.0,174.41622924804688,552.2119750976562,411.8910217285156,140.1020050048828,338.739990234375,184.40185546875
2024-11-19,227.25218200683594,204.61000061035156,163.4313201904297,703960.0,177.22201538085938,558.87548828125,413.9021301269531,146.9596710205078,346.0,186.555908203125
2024-11-20,227.9689483642578,202.8800048828125,161.35569763183594,703300.0,175.09278869628906,563.2879638671875,411.6235046386719,145.84005737304688,342.0299987792969,185.2674102783203
2024-11-21,227.49111938476562,198.3800048828125,162.0376739501953,707250.0,166.78489685058594,560.8675537109375,409.8466491699219,146.6197967529297,339.6400146484375,188.1001434326172
2024-11-22,228.8350372314453,197.1199951171875,162.3243408203125,714280.0,163.9293670654297,556.9332275390625,413.9463806152344,141.90139770507812,352.55999755859375,186.95916748046875
2024-11-25,231.82151794433594,201.4499969482422,162.90748596191406,716399.0,166.80477905273438,562.8795776367188,415.7232971191406,135.9734344482422,338.5899963378906,182.041259765625
2024-11-26,234.00167846679688,207.86000061035156,162.8284149169922,718520.0,168.2673797607422,571.2762451171875,424.8559265136719,136.87313842773438,338.2300109863281,180.82162475585938
2024-11-27,233.8722381591797,205.74000549316406,157.81723022460938,723549.0,168.3768310546875,566.9534912109375,419.8925476074219,135.2936553955078,332.8900146484375,178.21514892578125
2024-11-29,236.26144409179688,207.88999938964844,160.19927978515625,724040.0,168.09823608398438,572.05322265625,420.3591003417969,138.2026824951172,345.1600036621094,181.62818908691406
2024-12-02,238.5112762451172,210.7100067138672,164.57786560058594,715880.0,170.6254425048828,590.4901733398438,427.82403564453125,138.58255004882812,357.0899963378906,191.20823669433594
2024-12-03,241.55747985839844,213.44000244140625,166.19882202148438,705659.0,170.47616577148438,611.22802734375,428.04241943359375,140.2119903564453,351.4200134277344,195.62454223632812
2024-12-04,241.91586303710938,218.16000366210938,168.58087158203125,701601.0,173.4909210205078,611.3575439453125,434.2168884277344,145.09033203125,357.92999267578125,197.39498901367188
2024-12-05,241.94573974609375,220.5500030517578,168.49191284179688,704406.0,171.7696533203125,606.526611328125,439.3787841796875,145.0203399658203,369.489990234375,200.94570922851562
2024-12-06,241.7466278076172,227.02999877929688,177.44679260253906,705237.0,173.82920837402344,621.3081665039062,440.32183837890625,142.40106201171875,389.2200012207031,199.6867218017578
2024-12-09,245.6390380859375,226.08999633789062,176.86363220214844,696160.0,174.6858673095703,611.1483764648438,442.7538757324219,138.77203369140625,389.7900085449219,195.89991760253906
2024-12-10,246.65443420410156,225.0399932861328,169.8163604736328,694620.0,184.44761657714844,616.8756103515625,440.0835876464844,135.03306579589844,400.989990234375,188.78863525390625
2024-12-11,245.38021850585938,230.25999450683594,181.0741729736328,690666.0,194.63771057128906,630.182861328125,445.7021484375,139.2718963623047,424.7699890136719,191.4049835205078
2024-12-12,246.8435821533203,228.97000122070312,178.5636749267578,686850.0,191.21112060546875,628.30029296875,446.2679748535156,137.30242919921875,418.1000061035156,188.91453552246094
2024-12-13,247.01283264160156,227.4600067138672,222.19149780273438,685934.0,189.07949829101562,617.9015502929688,443.9947204589844,134.21328735351562,436.2300109863281,198.3178253173828
2024-12-16,249.90972900390625,232.92999267578125,247.0990753173828,683788.0,195.89279174804688,622.2776489257812,448.2830810546875,131.96389770507812,463.0199890136719,199.53146362304688
2024-12-17,252.33872985839844,231.14999389648438,237.44244384765625,684120.0,194.65762329101562,617.4928588867188,451.1321105957031,130.35433959960938,479.8599853515625,197.99220275878906
2024-12-18,246.93319702148438,220.52000427246094,221.0251922607422,670738.0,187.66500854492188,595.3128051757812,434.1871032714844,128.874755859375,440.1300048828125,192.9600067138672
2024-12-19,248.66534423828125,223.2899932861328,215.7866973876953,673274.0,187.7745819091797,593.6978759765625,433.8297424316406,130.6442413330078,436.1700134277344,192.05224609375
2024-12-20,253.34417724609375,224.9199981689453,218.22801208496094,682500.0,190.66329956054688,583.4103393554688,433.40289306640625,134.6631622314453,421.05999755859375,194.58807373046875
2024-12-23,254.12066650390625,225.05999755859375,230.2692108154297,681999.0,193.8707275390625,597.96435546875,432.06280517578125,139.63180541992188,430.6000061035156,204.60313415527344
2024-12-24,257.0375061035156,229.0500030517578,237.53355407714844,687442.0,195.34494018554688,605.839599609375,436.1128845214844,140.18167114257812,462.2799987792969,203.5868377685547
2024-12-26,257.853759765625,227.0500030517578,243.16270446777344,687600.0,194.83694458007812,601.453369140625,434.9018249511719,139.89173889160156,454.1300048828125,200.36029052734375
2024-12-27,254.43922424316406,223.75,239.58502197265625,684909.0,192.00799560546875,597.924560546875,427.3773193359375,136.9725341796875,431.6600036621094,198.94932556152344
2024-12-30,251.06448364257812,221.3000030517578,233.47027587890625,678120.0,190.49395751953125,589.3814697265625,421.71905517578125,137.452392578125,417.4100036621094,197.72579956054688
2024-12-31,249.29251098632812,219.38999938964844,229.76376342773438,680920.0,188.5615234375,583.6695556640625,418.4134521484375,134.25328063964844,403.8399963378906,194.8643798828125
2025-01-02,242.75210571289062,220.22000122070312,229.9025115966797,675500.0,188.69100952148438,597.3563232421875,415.51483154296875,138.2721710205078,379.2799987792969,198.8999786376953
2025-01-03,242.26429748535156,224.19000244140625,230.46742248535156,681460.0,191.04177856445312,602.7294311523438,420.2499084472656,144.4304962158203,410.44000244140625,205.83651733398438
2025-01-06,243.89691162109375,227.61000061035156,234.29286193847656,676604.0,196.10198974609375,628.2190551757812,424.7169494628906,149.38912963867188,411.04998779296875,217.08494567871094
2025-01-07,241.11947631835938,222.11000061035156,226.59243774414062,678560.0,194.7273712158203,615.9476928710938,419.2770690917969,140.10166931152344,394.3599853515625,208.60914611816406
2025-01-08,241.6072540283203,222.1300048828125,227.25643920898438,677925.0,193.19337463378906,608.8002319335938,421.4510498046875,140.07168579101562,394.94000244140625,204.3663330078125
2025-01-10,235.7836151123047,218.94000244140625,222.30120849609375,663000.0,191.2908172607422,613.924072265625,415.8821105957031,135.8728485107422,394.739990234375,205.59970092773438
2025-01-13,233.34463500976562,218.4600067138672,223.2724151611328,666280.0,190.26483154296875,606.4177856445312,414.135009765625,133.19357299804688,403.30999755859375,198.6829071044922
2025-01-14,232.2296905517578,217.75999450683594,222.68771362304688,675760.0,188.9200897216797,592.3820190429688,412.6261901855469,131.7239532470703,396.3599853515625,198.77171325683594
2025-01-15,236.79901123046875,223.35000610351562,225.95816040039062,688500.0,194.78712463378906,615.1801147460938,423.188232421875,136.2027587890625,428.2200012207031,204.0505828857422
2025-01-16,227.2322998046875,220.66000366210938,227.35552978515625,692904.0,192.15744018554688,609.37841796875,421.4708557128906,133.53347778320312,413.82000732421875,211.93434143066406
2025-01-17,228.94451904296875,225.94000244140625,235.31361389160156,702760.0,195.23536682128906,610.8438110351562,425.8883361816406,137.67234802246094,426.5,208.68809509277344
2025-01-21,221.63758850097656,230.7100067138672,238.15792846679688,702553.0,197.27737426757812,614.522216796875,425.3621826171875,140.79148864746094,424.07000732421875,215.7923583984375
2025-01-22,222.82223510742188,235.00999450683594,238.75254821777344,691500.0,197.5961151123047,621.5401000976562,442.9326171875,147.02981567382812,415.1099853515625,220.23252868652344
2025-01-23,222.6529998779297,235.4199981689453,238.128173828125,689400.0,197.20765686035156,634.4494018554688,443.4388122558594,147.17974853515625,412.3800048828125,221.63365173339844
2025-01-24,221.77694702148438,234.85000610351562,242.5085906982422,694602.0,199.428955078125,645.4546508789062,440.8082580566406,142.58099365234375,406.5799865722656,218.93008422851562
2025-01-27,228.8250732421875,235.4199981689453,200.31983947753906,712000.0,191.0617218017578,657.8057250976562,431.3778381347656,118.38761901855469,397.1499938964844,189.7532196044922
2025-01-28,237.187255859375,238.14999389648438,205.5030059814453,705000.0,194.53811645507812,672.2103271484375,443.92529296875,128.95472717285156,398.0899963378906,199.7090606689453
2025-01-29,238.2823028564453,237.07000732421875,204.50204467773438,704680.0,194.64767456054688,674.363525390625,439.09088134765625,123.66617584228516,389.1000061035156,199.6400146484375
2025-01-30,236.520263671875,234.63999938964844,213.7286834716797,709084.0,200.0863800048828,684.8404541015625,411.9510803222656,124.61592102050781,400.2799987792969,205.3826141357422
2025-01-31,234.9374237060547,237.67999267578125,219.28843688964844,702614.0,203.2240753173828,687.0135498046875,412.0205993652344,120.03717041015625,404.6000061035156,206.53707885742188
2025-02-03,226.9833984375,237.4199981689453,215.78013610839844,696552.0,200.4449462890625,695.2676391601562,407.91094970703125,116.62810516357422,383.67999267578125,197.14364624023438
2025-02-04,231.7518310546875,242.05999755859375,220.4380340576172,702179.0,205.57489013671875,701.9764404296875,409.35028076171875,118.6175537109375,392.2099914550781,201.33712768554688
2025-02-05,231.42332458496094,236.1699981689453,229.9223175048828,709840.0,190.58358764648438,702.654296875,410.2635803222656,124.79586029052734,378.1700134277344,205.79705810546875
2025-02-06,232.16995239257812,238.8300018310547,229.28807067871094,714869.0,190.85255432128906,709.7518920898438,412.77508544921875,128.64479064941406,374.32000732421875,207.7013702392578
2025-02-07,226.60513305664062,229.14999389648438,222.85618591308594,708903.0,184.616943359375,712.2739868164062,406.7494812011719,129.80447387695312,361.6199951171875,203.37962341308594
2025-02-10,226.8741912841797,233.13999938964844,232.9351043701172,705959.0,185.7425537109375,715.14501953125,409.201416015625,133.53347778320312,350.7300109863281,205.18528747558594
2025-02-11,231.8272705078125,232.75999450683594,232.9351043701172,709489.0,184.5970458984375,717.537353515625,408.4271240234375,132.76370239257812,328.5,205.96478271484375
2025-02-12,236.06277465820312,228.92999267578125,234.23338317871094,707500.0,182.89370727539062,723.099853515625,406.044677734375,131.10414123535156,336.510009765625,203.6361541748047
2025-02-13,240.70687866210938,230.3699951171875,233.6883087158203,721500.0,185.41383361816406,726.2698364257812,407.5337219238281,135.2530059814453,355.94000244140625,199.1466522216797
2025-02-14,243.76646423339844,228.67999267578125,230.95303344726562,719146.0,184.50738525390625,734.354248046875,405.43914794921875,138.81204223632812,355.8399963378906,201.1891326904297
2025-02-18,243.6368865966797,226.64999389648438,226.48341369628906,725000.0,183.0531005859375,714.1181640625,406.6402893066406,139.3618927001953,354.1099853515625,200.04454040527344
2025-02-19,244.03549194335938,226.6300048828125,226.68162536621094,725883.0,184.5472412109375,701.5578002929688,411.7327575683594,139.19192504882812,360.55999755859375,198.27833557128906
2025-02-20,244.9922332763672,222.8800048828125,224.70945739746094,722980.0,183.83999633789062,692.6558837890625,413.91107177734375,140.07168579101562,354.3999938964844,197.4396514892578
2025-02-21,244.71319580078125,216.5800018310547,216.70181274414062,718750.0,178.95912170410156,681.4013061523438,406.03326416015625,134.3932342529297,337.79998779296875,195.60438537597656
2025-02-24,246.25791931152344,212.7100067138672,206.06788635253906,747485.0,178.5507354736328,666.02978515625,401.845703125,130.244384765625,330.5299987792969,189.10198974609375
2025-02-25,246.1981201171875,212.8000030517578,200.72616577148438,750041.0,174.73565673828125,655.43310546875,395.77825927734375,126.59537506103516,302.79998779296875,186.85232543945312
2025-02-26,239.5408935546875,214.35000610351562,211.0330352783203,740998.0,172.05613708496094,671.5823364257812,397.5985107421875,131.24411010742188,290.79998779296875,192.0325164794922
2025-02-27,236.49131774902344,208.74000549316406,196.0286102294922,753380.0,167.8426513671875,656.1708374023438,390.4368896484375,120.11714935302734,281.95001220703125,178.68240356445312
2025-02-28,241.01583862304688,212.27999877929688,197.6439971923828,775000.0,169.61570739746094,666.0995483398438,394.87310791015625,124.8858413696289,292.9800109863281,178.1298370361328
2025-03-03,237.2188262939453,205.02000427246094,185.69203186035156,765160.0,166.35845947265625,652.9909057617188,386.41845703125,114.02880859375,284.6499938964844,170.6703643798828
2025-03-04,235.1259765625,203.8000030517578,185.80104064941406,742800.0,170.25320434570312,637.9882202148438,386.53778076171875,115.95828247070312,272.0400085449219,177.6068878173828
2025-03-05,234.93663024902344,208.36000061035156,189.86431884765625,746940.0,172.34503173828125,654.4063720703125,398.8816223144531,117.26792907714844,279.1000061035156,181.82998657226562
2025-03-06,234.52804565429688,200.6999969482422,177.84295654296875,747110.0,171.6776580810547,625.9561767578125,394.7736511230469,110.53976440429688,263.45001220703125,173.51206970214844
2025-03-07,238.2552947998047,199.25,193.21405029296875,742901.0,173.18173217773438,623.6932373046875,391.2127380371094,112.65918731689453,262.6700134277344,174.74545288085938
2025-03-10,226.70477294921875,194.5399932861328,182.79815673828125,744944.0,165.41319274902344,596.1102294921875,378.13287353515625,106.95074462890625,222.14999389648438,168.3811798095703
2025-03-11,220.08741760253906,196.58999633789062,188.38766479492188,744708.0,163.58822631835938,603.8060302734375,378.42132568359375,108.73026275634766,230.5800018310547,168.6969451904297
2025-03-12,216.24057006835938,198.88999938964844,192.49057006835938,745682.0,166.64979553222656,617.6124267578125,381.22625732421875,115.71900177001953,248.08999633789062,174.8144989013672
2025-03-13,208.96542358398438,193.88999938964844,189.6462860107422,756910.0,162.31175231933594,588.7833862304688,376.7502746582031,115.55902862548828,240.67999267578125,169.30868530273438
2025-03-14,212.76246643066406,197.9499969482422,193.78884887695312,771250.0,165.03424072265625,606.2289428710938,386.4880676269531,121.64791870117188,249.97999572753906,171.77545166015625
2025-03-17,213.27072143554688,195.74000549316406,192.75816345214844,784957.0,163.83755493164062,603.5350952148438,386.6273193359375,119.50830841064453,238.00999450683594,173.89688110351562
2025-03-18,211.96519470214844,192.82000732421875,186.98037719726562,783684.0,160.22752380371094,581.0458984375,381.4749450683594,115.40904998779297,225.30999755859375,171.4938201904297
2025-03-19,214.50650024414062,195.5399932861328,193.81858825683594,789880.0,163.43865966796875,582.7420654296875,385.75201416015625,117.49866485595703,235.86000061035156,172.1178436279297
2025-03-20,213.37037658691406,194.9499969482422,189.405029296875,792880.0,162.35165405273438,584.6776733398438,384.7772521972656,118.50848388671875,236.25999450683594,175.7928009033203
2025-03-21,217.52618408203125,196.2100067138672,190.51837158203125,781680.0,163.5383758544922,594.9044799804688,389.1736755371094,117.67863464355469,248.7100067138672,175.05978393554688
2025-03-24,219.977783203125,203.25999450683594,190.11080932617188,789649.0,167.2182159423828,617.4534912109375,390.9839782714844,121.38796997070312,278.3900146484375,179.4479217529297
2025-03-25,222.98748779296875,205.7100067138672,187.13861083984375,792966.0,170.09030151367188,624.8966674804688,393.0528564453125,120.66809844970703,288.1400146484375,179.19036865234375
2025-03-26,220.77505493164062,201.1300048828125,178.20216369628906,798963.0,164.60543823242188,609.6012573242188,387.8905334472656,113.7393569946289,272.05999755859375,171.86032104492188
2025-03-27,223.08717346191406,201.36000061035156,170.96554565429688,801950.0,161.79319763183594,601.2202758789062,388.497314453125,111.40977478027344,273.1300048828125,166.65003967285156
2025-03-28,217.15740966796875,192.72000122070312,168.1126251220703,790250.0,153.90496826171875,575.4385986328125,376.7801208496094,109.65009307861328,263.54998779296875,163.68826293945312
2025-03-31,221.37301635742188,190.25999450683594,166.43267822265625,798442.0,154.21412658691406,575.0594482421875,373.3883056640625,108.3603286743164,259.1600036621094,164.43118286132812
2025-04-01,222.4293975830078,192.1699981689453,167.51620483398438,800300.0,156.637451171875,584.6776733398438,380.15203857421875,110.13001251220703,268.4599914550781,167.04624938964844
2025-04-02,223.12701416015625,196.00999450683594,171.06492614746094,806684.0,156.60751342773438,582.6123046875,380.1023254394531,110.39995574951172,282.760009765625,168.77969360351562
2025-04-03,202.49755859375,178.41000366210938,153.09262084960938,794514.0,150.30491638183594,530.4203491210938,371.1204528808594,101.78153228759766,267.2799987792969,155.8926544189453
2025-04-04,187.738037109375,171.0,145.41860961914062,742540.0,145.19903564453125,503.591064453125,357.92120361328125,94.29288482666016,239.42999267578125,145.41265869140625
2025-04-07,180.84161376953125,175.25999450683594,153.22186279296875,737000.0,146.34585571289062,515.0850830078125,355.9517822265625,97.62227630615234,233.2899932861328,144.78858947753906
2025-04-08,171.83242797851562,170.66000366210938,155.10060119628906,739101.0,144.30149841308594,509.2981262207031,352.6694030761719,96.28252410888672,221.86000061035156,140.03396606445312
2025-04-09,198.17234802246094,191.10000610351562,184.04713439941406,778421.0,158.27293395996094,584.4481811523438,388.4077453613281,114.30924987792969,272.20001220703125,157.24969482421875
2025-04-10,189.7710723876953,181.22000122070312,171.273681640625,774000.0,152.39913940429688,545.0572509765625,379.3165283203125,107.55047607421875,252.39999389648438,149.7017364501953
2025-04-11,197.4747314453125,184.8699951171875,180.85626220703125,784000.0,156.7072296142578,542.3433837890625,386.378662109375,110.90986633300781,252.30999755859375,155.5955047607422
2025-04-14,201.82984924316406,182.1199951171875,177.29759216308594,793788.0,158.63192749023438,530.2807006835938,385.7420654296875,110.68990325927734,252.35000610351562,154.36721801757812
2025-04-15,201.4511260986328,179.58999633789062,177.88406372070312,792500.0,155.87953186035156,520.3431396484375,383.67315673828125,112.17963409423828,254.11000061035156,155.84312438964844
2025-04-16,193.6079559326172,174.3300018310547,173.56991577148438,774261.0,152.90774536132812,501.176513671875,369.6284484863281,104.47103881835938,241.5500030517578,150.23663330078125
2025-04-17,196.3087158203125,172.61000061035156,169.9714813232422,778833.0,150.74371337890625,500.3484191894531,365.81884765625,101.4715805053711,241.3699951171875,150.3059539794922
2025-04-21,192.50172424316406,167.32000732421875,165.219970703125,760489.0,147.26332092285156,483.56634521484375,357.2050476074219,96.89241790771484,227.5,146.46263122558594
2025-04-22,199.059326171875,173.17999267578125,168.56988525390625,780000.0,151.05287170410156,499.1510925292969,364.864013671875,98.87205505371094,237.97000122070312,149.9691619873047
2025-04-23,203.90274047851562,180.60000610351562,175.85621643066406,788799.0,154.92218017578125,519.0960083007812,372.3936462402344,102.69136047363281,250.74000549316406,156.31858825683594
2025-04-24,207.659912109375,186.5399932861328,187.02926635742188,797140.0,158.8413543701172,531.9469604492188,385.2347412109375,106.41067504882812,259.510009765625,162.6283721923828
2025-04-25,208.56680297851562,188.99000549316406,191.16448974609375,795760.0,161.5139617919922,546.0350341796875,389.7605285644531,110.98986053466797,284.95001220703125,163.53970336914062
2025-04-28,209.4238739013672,187.6999969482422,191.3235321044922,797750.0,160.1676788330078,548.4994506835938,389.0741882324219,108.71026611328125,285.8800048828125,161.8557586669922
2025-04-29,210.490234375,187.38999938964844,190.03128051757812,801340.0,159.71893310546875,553.1888427734375,391.9388427734375,109.00021362304688,292.0299987792969,162.92555236816406
2025-04-30,211.7758331298828,184.4199981689453,191.3235321044922,800540.0,158.3626708984375,547.7611694335938,393.15234375,108.90023040771484,282.1600036621094,165.11465454101562
2025-05-01,212.59304809570312,190.1999969482422,196.15460205078125,795400.0,160.8557891845703,570.9188232421875,423.1316223144531,111.5897445678711,280.5199890136719,171.08767700195312
2025-05-02,204.65020751953125,189.97999572753906,202.427001953125,809350.0,163.57827758789062,595.6728515625,432.95892333984375,114.4792251586914,287.2099914550781,177.585693359375
2025-05-05,198.21221923828125,186.35000610351562,199.52439880371094,769960.0,163.7577667236328,597.917724609375,433.8442077636719,113.79934692382812,280.260009765625,174.73291015625
2025-05-06,197.83349609375,185.00999450683594,198.8981475830078,768000.0,162.7804718017578,585.9846801757812,430.99945068359375,113.51940155029297,275.3500061035156,170.65184020996094
2025-05-07,195.58120727539062,188.7100067138672,203.5900421142578,778173.0,150.96311950683594,595.4632568359375,431.03924560546875,117.03875732421875,276.2200012207031,172.89047241210938
2025-05-08,196.81698608398438,192.0800018310547,206.53240966796875,769000.0,153.85511779785156,596.6605834960938,435.8335266113281,117.34870910644531,284.82000732421875,173.56405639648438
2025-05-09,197.8534393310547,193.05999755859375,206.9598388671875,770999.0,152.329345703125,591.1530151367188,436.39056396484375,116.62882995605469,298.260009765625,174.85177612304688
2025-05-12,210.3471221923828,208.63999938964844,220.2601318359375,772100.0,158.02362060546875,637.9871215820312,446.8644104003906,122.9776840209961,318.3800048828125,185.21290588378906
2025-05-13,212.48263549804688,211.3699951171875,231.0355682373047,767000.0,159.09066772460938,654.5496826171875,446.74505615234375,129.9064178466797,334.07000732421875,192.1566619873047
2025-05-14,211.8839111328125,210.25,230.73736572265625,753215.0,164.91456604003906,657.8721313476562,450.5247497558594,135.3154296875,347.67999267578125,192.91940307617188
2025-05-15,211.00575256347656,205.1699981689453,231.2542724609375,759100.0,163.5084686279297,642.427001953125,451.5412292480469,134.80552673339844,342.82000732421875,192.38450622558594
2025-05-16,210.81614685058594,205.58999633789062,227.24826049804688,770660.0,165.73231506347656,638.8950805664062,452.67718505859375,135.37542724609375,349.9800109863281,192.38450622558594
2025-05-19,208.3413543701172,206.16000366210938,229.25624084472656,767200.0,166.0813446044922,638.98486328125,457.26104736328125,135.54539489746094,342.0899963378906,191.6713104248047
2025-05-20,206.42539978027344,204.07000732421875,230.2999725341797,762320.0,163.5283966064453,635.662353515625,456.56353759765625,134.35562133789062,343.82000732421875,191.6217803955078
2025-05-21,201.66542053222656,201.1199951171875,228.36158752441406,761380.0,168.09579467773438,634.0659790039062,450.9831848144531,131.7760772705078,334.6199951171875,189.94773864746094
2025-05-22,200.93695068359375,203.10000610351562,229.15682983398438,756250.0,170.3994140625,635.133544921875,453.26513671875,132.80589294433594,341.0400085449219,194.33587646484375
2025-05-23,194.8597412109375,200.99000549316406,227.35760498046875,754505.0,168.00604248046875,625.64501953125,448.6015319824219,131.26617431640625,339.3399963378906,190.1656494140625
2025-05-27,199.78936767578125,206.02000427246094,234.246337890625,760100.0,172.42384338378906,640.87060546875,459.07470703125,135.47540283203125,362.8900146484375,195.81178283691406
2025-05-28,199.99893188476562,204.72000122070312,238.00379943847656,754820.0,171.8853302001953,642.1277465820312,455.75634765625,134.78553771972656,356.8999938964844,194.28634643554688
2025-05-29,199.5299072265625,205.6999969482422,240.52870178222656,758577.0,171.38670349121094,643.594482421875,457.0717468261719,139.1647491455078,358.42999267578125,195.2867889404297
2025-05-30,200.4280242919922,205.00999450683594,240.62808227539062,757400.0,171.26702880859375,646.0289306640625,458.7458190917969,135.10548400878906,346.4599914550781,191.49301147460938
2025-06-02,201.27622985839844,206.64999389648438,247.22854614257812,754740.0,168.5644989013672,669.3860473632812,460.3502197265625,137.35507202148438,342.69000244140625,192.99862670898438
2025-06-03,202.8429412841797,205.7100067138672,255.32005310058594,746200.0,165.7223358154297,665.34521484375,461.3466796875,141.19436645507812,344.2699890136719,195.74246215820312
2025-06-04,202.3938751220703,207.22999572753906,259.5248107910156,737820.0,167.5872039794922,686.3976440429688,462.2435302734375,141.8942413330078,332.04998779296875,200.48716735839844
2025-06-05,200.20848083496094,207.91000366210938,258.3817138671875,732953.0,167.74676513671875,683.0751342773438,466.0401611328125,139.964599609375,284.70001220703125,201.41830444335938
2025-06-06,203.49156188964844,213.57000732421875,245.45913696289062,740396.0,173.20169067382812,696.1355590820312,468.7307434082031,141.69427490234375,295.1400146484375,203.24090576171875
2025-06-09,201.02674865722656,216.97999572753906,242.82493591308594,739925.0,175.81764221191406,692.4937744140625,471.0924072265625,142.6041259765625,308.5799865722656,205.04371643066406
2025-06-10,202.24420166015625,217.61000061035156,243.1728515625,736000.0,178.3237762451172,700.8150024414062,469.26885986328125,143.9338836669922,326.0899963378906,210.45211791992188
2025-06-11,198.36236572265625,213.1999969482422,251.4035186767578,732120.0,177.07569885253906,692.5736083984375,470.9628601074219,142.81399536132812,326.42999267578125,212.0766143798828
2025-06-12,198.78147888183594,213.24000549316406,254.54470825195312,735000.0,175.42825317382812,691.79541015625,477.1909484863281,144.98374938964844,319.1099853515625,214.17430114746094
2025-06-13,196.03726196289062,212.10000610351562,247.21859741210938,731220.0,174.39984130859375,681.3291015625,473.2946472167969,141.95408630371094,325.30999755859375,209.8695526123047
2025-06-16,198.0031280517578,216.10000610351562,250.59835815429688,735920.0,176.49659729003906,701.0746459960938,477.46002197265625,144.6737823486328,329.1300048828125,214.4228515625
2025-06-17,195.2289581298828,214.82000732421875,247.8845977783203,725400.0,175.6778564453125,696.19189453125,476.3638610839844,144.1038360595703,316.3500061035156,212.65322875976562
2025-06-18,196.1669921875,212.52000427246094,249.7633514404297,728200.0,173.05194091796875,694.7340698242188,478.5561218261719,145.46368408203125,322.04998779296875,212.2555694580078
2025-06-20,200.5777130126953,209.69000244140625,249.08583068847656,730000.0,166.38226318359375,681.3341064453125,475.7261047363281,143.83387756347656,322.1600036621094,208.288818359375
2025-06-23,201.07664489746094,208.47000122070312,252.85214233398438,732468.0,164.93450927734375,697.4900512695312,484.29595947265625,144.15383911132812,348.67999267578125,209.09410095214844
2025-06-24,199.87918090820312,212.77000427246094,262.81597900390625,740085.0,166.51206970214844,711.1396484375,488.3915100097656,147.88340759277344,340.4700012207031,218.80714416503906
2025-06-25,201.1365203857422,211.99000549316406,263.6927795410156,730000.0,170.416015625,707.6248779296875,490.5439758300781,154.29270935058594,327.54998779296875,221.4417266845703
2025-06-26,200.5777130126953,217.1199951171875,269.1928405761719,729808.0,173.27157592773438,725.009033203125,495.705810546875,155.00262451171875,325.7799987792969,222.70428466796875
2025-06-27,200.6575469970703,223.3000030517578,268.37579345703125,730940.0,178.25387573242188,732.5377197265625,494.20111083984375,157.73231506347656,323.6300048828125,227.23773193359375
2025-06-30,204.7389373779297,219.38999938964844,274.65301513671875,728800.0,175.95742797851562,736.9910888671875,495.66595458984375,157.97230529785156,317.6600036621094,225.16986083984375
2025-07-01,207.3833770751953,220.4600067138672,263.7824401855469,733150.0,175.56802368164062,718.149169921875,490.32470703125,153.2828369140625,300.7099914550781,223.37039184570312
2025-07-02,211.99366760253906,219.9199981689453,268.9237976074219,720500.0,178.3636932373047,712.5076293945312,489.36810302734375,157.2323760986328,315.6499938964844,232.2384033203125
2025-07-03,213.10133361816406,223.41000366210938,274.1846923828125,727455.0,179.2523193359375,717.9395141601562,497.0909423828125,159.3221435546875,315.3500061035156,233.43142700195312
2025-07-07,209.50889587402344,223.47000122070312,273.1883239746094,716415.0,176.5165557861328,717.2804565429688,495.974853515625,158.22227478027344,293.94000244140625,227.834228515625
2025-07-08,209.5687713623047,219.36000061035156,270.81689453125,715269.0,174.09031677246094,719.5970458984375,494.8786926269531,159.98207092285156,297.80999755859375,226.5318603515625
2025-07-09,210.69639587402344,222.5399932861328,276.8948669433594,719578.0,176.34681701660156,731.6890258789062,501.74456787109375,162.86175537109375,295.8800048828125,230.48866271972656
2025-07-10,211.9637451171875,222.25999450683594,274.4039001464844,717180.0,177.34527587890625,726.1572265625,499.7216796875,164.0816192626953,309.8699951171875,228.42079162597656
2025-07-11,210.7163543701172,225.02000427246094,273.3876037597656,712842.0,179.91131591796875,716.4417114257812,501.5552062988281,164.90151977539062,313.510009765625,229.0570526123047
2025-07-14,208.1816864013672,225.69000244140625,274.6031799316406,711100.0,181.2791748046875,719.8466796875,501.2562561035156,164.05162048339844,316.8999938964844,227.33714294433594
2025-07-15,208.67066955566406,226.35000610351562,279.9238586425781,705000.0,181.718505859375,709.3323364257812,504.04644775390625,170.6808624267578,310.7799987792969,235.56887817382812
2025-07-16,209.7184600830078,223.19000244140625,279.7943115234375,707681.0,182.68701171875,701.8634643554688,503.84716796875,171.35079956054688,321.6700134277344,236.17532348632812
2025-07-17,209.57875061035156,223.8800048828125,285.4139404296875,709820.0,183.29605102539062,700.3656616210938,509.9058532714844,172.98062133789062,319.4100036621094,244.16847229003906
2025-07-18,210.73631286621094,226.1300048828125,282.315185546875,710979.0,184.7737579345703,703.2314453125,508.2615966796875,172.39068603515625,329.6499938964844,238.998779296875
2025-07-21,212.03358459472656,229.3000030517578,287.1675720214844,711000.0,189.80596923828125,711.9085083007812,508.2716064453125,171.36080932617188,328.489990234375,237.4578094482422
2025-07-22,213.9495391845703,227.47000122070312,277.5823669433594,714710.0,191.04405212402344,703.7606811523438,503.4983825683594,167.01129150390625,332.1099853515625,233.2325897216797
2025-07-23,213.7000732421875,228.2899932861328,282.6639404296875,723120.0,189.93577575683594,712.5176391601562,504.09625244140625,170.7608642578125,332.55999755859375,238.92918395996094
2025-07-24,213.31089782714844,232.22999572753906,287.665771484375,725700.0,191.87277221679688,713.7357177734375,509.0887451171875,173.7205352783203,305.29998779296875,240.19178771972656
2025-07-25,213.43064880371094,231.44000244140625,289.13043212890625,726220.0,192.88121032714844,711.6189575195312,511.9088439941406,173.48056030273438,316.05999755859375,244.16847229003906
2025-07-28,213.6002960205078,232.7899932861328,293.23553466796875,722200.0,192.28213500976562,716.5615844726562,510.7030334472656,176.73019409179688,325.5899963378906,241.3350830078125
2025-07-29,210.8261260986328,231.00999450683594,296.34429931640625,713705.0,195.44723510742188,698.9578247070312,510.7727966308594,175.49032592773438,321.20001220703125,239.92333984375
2025-07-30,208.6107940673828,230.19000244140625,301.52545166015625,714175.0,196.2260284423828,694.1749877929688,511.4404296875,179.2499237060547,319.0400085449219,241.49415588378906
2025-07-31,207.1339111328125,234.11000061035156,292.6377258300781,719850.0,191.60317993164062,772.2884521484375,531.62939453125,177.85006713867188,308.2699890136719,240.21165466308594
2025-08-01,201.95480346679688,214.75,287.5960388183594,711480.0,188.8374786376953,748.8933715820312,522.2722778320312,173.70053100585938,302.6300048828125,233.83901977539062
2025-08-04,202.9227752685547,211.64999389648438,296.6431884765625,692600.0,194.7383270263672,775.2140502929688,533.7619018554688,179.97982788085938,309.260009765625,237.60693359375
2025-08-05,202.49366760253906,213.75,291.8704833984375,694750.0,194.36891174316406,762.3233642578125,525.8995361328125,178.24002075195312,308.7200012207031,231.11500549316406
2025-08-06,212.8019561767578,222.30999755859375,300.5788879394531,703115.0,195.7866973876953,770.8406372070312,523.0994262695312,179.39988708496094,319.9100036621094,230.0214080810547
2025-08-07,219.56771850585938,223.1300048828125,302.6613464355469,700000.0,196.21604919433594,760.6957397460938,519.0137939453125,180.749755859375,322.2699890136719,241.20582580566406
2025-08-08,228.86813354492188,222.69000244140625,303.866943359375,698040.0,201.10845947265625,768.1546630859375,520.2095947265625,182.6795196533203,329.6499938964844,240.42044067382812
2025-08-11,226.95997619628906,221.3000030517578,302.8008117675781,698440.0,200.68911743164062,764.7296752929688,519.9405517578125,182.0395965576172,339.0299987792969,240.6789093017578
2025-08-12,229.42758178710938,221.47000122070312,311.6985168457031,704700.0,203.02549743652344,788.8237915039062,527.3843383789062,183.1394805908203,340.8399963378906,242.8660888671875
2025-08-13,233.10403442382812,224.55999755859375,307.9720458984375,715490.0,201.64764404296875,778.9186401367188,518.7546997070312,181.5696563720703,339.3800048828125,240.03271484375
2025-08-14,232.5545654296875,230.97999572753906,310.1043395996094,718680.0,202.62611389160156,780.9655151367188,520.6480102539062,181.99960327148438,335.5799865722656,239.59527587890625
2025-08-15,231.36570739746094,231.02999877929688,305.2320251464844,717250.0,203.58462524414062,784.0609130859375,518.3461303710938,180.42977905273438,330.55999755859375,237.48764038085938
2025-08-18,230.66639709472656,231.49000549316406,304.65411376953125,718052.0,203.1852569580078,766.2274780273438,515.286865234375,181.98959350585938,335.1600036621094,240.0028839111328
2025-08-19,230.3367156982422,228.00999450683594,293.8433532714844,727200.0,201.25823974609375,750.3611450195312,507.98260498046875,175.6203155517578,329.30999755859375,231.34364318847656
2025-08-20,225.79110717773438,223.80999755859375,290.11688232421875,732814.0,199.01171875,746.6067504882812,503.9468078613281,175.38034057617188,323.8999938964844,227.26756286621094
2025-08-21,224.68218994140625,221.9499969482422,288.55255126953125,733080.0,199.4410400390625,737.9995727539062,503.2980041503906,174.96038818359375,320.1099853515625,226.0049591064453
2025-08-22,227.53941345214844,228.83999633789062,292.9366149902344,734405.0,205.771240234375,753.6661987304688,506.2824401855469,177.97006225585938,340.010009765625,231.63197326660156
2025-08-25,226.94000244140625,227.94000244140625,293.1658020019531,729687.0,208.1675262451172,752.1784057617188,503.3179931640625,179.78985595703125,346.6000061035156,234.216796875
2025-08-26,229.08792114257812,228.7100067138672,296.93212890625,737180.0,206.81961059570312,752.9772338867188,501.1021423339844,181.7496337890625,351.6700134277344,237.3285675048828
2025-08-27,230.26678466796875,229.1199951171875,299.1640319824219,744347.0,207.15908813476562,746.2672729492188,505.7933349609375,181.57965087890625,349.6000061035156,237.89523315429688
2025-08-28,232.33477783203125,231.60000610351562,307.53363037109375,749478.0,211.31265258789062,749.99169921875,508.68792724609375,180.14981079101562,345.9800109863281,236.8811798095703
2025-08-29,231.91517639160156,229.0,296.31439208984375,755280.0,212.5806884765625,737.6001586914062,505.7434387207031,174.1604766845703,333.8699951171875,229.52430725097656
2025-09-02,229.49752807617188,225.33999633789062,297.16131591796875,751128.0,211.0231170654297,734.0155029296875,504.1763610839844,170.7608642578125,329.3599853515625,227.05877685546875
2025-09-03,238.2390594482422,225.99000549316406,301.2962951660156,751808.0,230.30323791503906,735.95263671875,504.40594482421875,170.60089111328125,334.0899963378906,230.04129028320312
2025-09-04,239.5477752685547,235.67999267578125,304.9928894042969,759798.0,231.94070434570312,747.535400390625,507.02105712890625,171.64077758789062,338.5299987792969,233.83901977539062
2025-09-05,239.45787048339844,232.3300018310547,333.6787414550781,750104.0,234.63653564453125,751.3297729492188,494.0752868652344,167.0012969970703,350.8399963378906,241.99122619628906
2025-09-08,237.64962768554688,235.83999633789062,344.3998107910156,740099.0,233.8870086669922,751.179931640625,497.2693176269531,168.2911376953125,346.3999938964844,245.7491912841797
2025-09-09,234.123046875,238.24000549316406,335.45233154296875,738781.0,239.47335815429688,764.5599975585938,497.4789123535156,170.74085998535156,346.9700012207031,249.4574432373047
2025-09-10,226.5703582763672,230.3300018310547,368.23333740234375,737994.0,239.01365661621094,750.8604125976562,499.43524169921875,177.3101348876953,347.7900085449219,258.9219665527344
2025-09-11,229.80722045898438,229.9499969482422,358.32928466796875,745001.0,240.21287536621094,749.7820434570312,500.0740661621094,177.16014099121094,368.80999755859375,257.40087890625
2025-09-12,233.84332275390625,228.14999389648438,358.5683898925781,740317.0,240.64259338378906,754.465087890625,508.94744873046875,177.8101043701172,395.94000244140625,257.81842041015625
2025-09-15,236.47076416015625,231.42999267578125,362.77313232421875,736469.0,251.44552612304688,763.5614624023438,514.397216796875,177.74009704589844,410.0400085449219,259.8564758300781
2025-09-16,237.9193572998047,234.0500030517578,358.6979064941406,735993.0,250.99581909179688,777.8401489257812,508.08905029296875,174.87026977539062,421.6199951171875,261.35443115234375
2025-09-17,238.75856018066406,231.6199951171875,344.9179382324219,739380.0,249.36688232421875,774.5650634765625,509.06719970703125,170.280517578125,425.8599853515625,262.0824890136719
2025-09-18,237.64962768554688,231.22999572753906,344.1009216308594,736450.0,251.86524963378906,779.0883178710938,507.5001525878906,176.23019409179688,416.8500061035156,267.916748046875
2025-09-19,245.26223754882812,231.47999572753906,343.6923828125,740400.0,254.55349731445312,777.2210693359375,516.96240234375,176.66015625,426.07000732421875,264.1568603515625
2025-09-22,255.8319854736328,227.6300048828125,338.14300537109375,742460.0,252.36492919921875,764.5364379882812,513.4889526367188,183.5997772216797,434.2099914550781,271.89599609375
2025-09-23,254.18359375,220.7100067138672,338.292724609375,739686.0,251.49549865722656,754.784423828125,508.2787170410156,178.42005920410156,425.8500061035156,281.9488525390625
2025-09-24,252.06564331054688,220.2100067138672,338.6620178222656,744600.0,246.97845458984375,760.0401000976562,509.19696044921875,176.96014404296875,442.7900085449219,279.9542236328125
2025-09-25,256.6212158203125,218.14999389648438,335.4581298828125,745326.0,245.6293182373047,748.2996826171875,506.0827941894531,177.68011474609375,423.3900146484375,275.9151306152344
2025-09-26,255.2126007080078,219.77999877929688,333.8911437988281,749700.0,246.3788299560547,743.1439208984375,510.5045166015625,178.18008422851562,440.3999938964844,272.6239929199219
2025-09-29,254.18359375,222.1699981689453,327.2738037109375,749300.0,243.89047241210938,742.794189453125,513.6386108398438,181.8398895263672,443.2099914550781,272.494384765625
2025-09-30,254.38340759277344,219.57000732421875,329.27996826171875,754200.0,242.94110107421875,733.7815551757812,516.982421875,186.56961059570312,444.7200012207031,278.5380554199219
2025-10-01,255.20260620117188,220.6300048828125,332.7533264160156,745906.0,244.7399139404297,716.7554321289062,518.7391357421875,187.22958374023438,459.4599914550781,287.6933288574219
2025-10-02,256.8809814453125,222.41000366210938,337.5341491699219,744628.0,245.52940368652344,726.45751953125,514.7765502929688,188.87948608398438,436.0,287.33428955078125
2025-10-03,257.7701110839844,219.50999450683594,337.7237854003906,750583.0,245.1896209716797,709.98095703125,516.3834838867188,187.6095428466797,429.8299865722656,291.4033203125
2025-10-06,256.44140625,220.89999389648438,334.84930419921875,750750.0,250.26629638671875,715.0767822265625,527.5825805664062,185.5296630859375,453.25,301.5858154296875
2025-10-07,256.23162841796875,221.77999877929688,335.7675476074219,753715.0,245.59934997558594,712.4989013671875,523.0010986328125,185.02969360351562,433.0899963378906,293.2383728027344
2025-10-08,257.8100891113281,225.22000122070312,344.8401794433594,749800.0,244.46009826660156,717.2550659179688,523.8695068359375,189.09947204589844,438.69000244140625,303.7001037597656
2025-10-09,253.79396057128906,227.74000549316406,344.361083984375,744705.0,241.3721160888672,732.9122314453125,521.4241333007812,192.5592803955078,435.5400085449219,299.0726318359375
2025-10-10,245.032470703125,216.3699951171875,324.0100402832031,734180.0,236.4153594970703,704.7252197265625,510.0054626464844,183.14981079101562,413.489990234375,279.90435791015625
2025-10-13,247.42015075683594,220.07000732421875,356.018798828125,738130.0,243.9904022216797,715.1167602539062,513.0896606445312,188.3095245361328,435.8999938964844,302.07452392578125
2025-10-14,247.53004455566406,216.38999938964844,343.4728088378906,743525.0,245.28955078125,708.072509765625,512.610595703125,180.0199737548828,429.239990234375,295.1432189941406
2025-10-15,249.09852600097656,215.57000732421875,350.6590270996094,744040.0,250.86590576171875,716.9652709960938,512.4708251953125,179.8199920654297,435.1499938964844,303.8896179199219
2025-10-16,247.21035766601562,214.47000122070312,353.4736633300781,733080.0,251.29562377929688,711.48974609375,510.65423583984375,181.7998809814453,428.75,299.03271484375
2025-10-17,252.045654296875,213.0399932861328,348.6628723144531,738200.0,253.13442993164062,716.3357543945312,512.62060546875,183.20980834960938,439.30999755859375,294.2855224609375
2025-10-20,261.98602294921875,216.47999572753906,348.5730285644531,740600.0,256.3822937011719,731.5733032226562,515.8245239257812,182.6298370361328,447.42999267578125,296.89849853515625
2025-10-21,262.5155029296875,222.02999877929688,342.005615234375,736600.0,250.29627990722656,732.6724853515625,516.6929321289062,181.14991760253906,442.6000061035156,293.71710205078125
2025-10-22,258.19970703125,217.9499969482422,339.6501159667969,736752.0,251.52548217773438,732.8123168945312,519.5675659179688,180.26995849609375,438.9700012207031,288.10223388671875
2025-10-23,259.3285827636719,221.08999633789062,343.63250732421875,735600.0,252.91456604003906,733.40185546875,519.5875244140625,182.1498565673828,448.9800109863281,289.947265625
2025-10-24,262.56549072265625,224.2100067138672,353.4537048339844,738500.0,259.7501220703125,737.75830078125,522.6318359375,186.24961853027344,433.7200012207031,294.1658630371094
2025-10-27,268.5496520996094,226.97000122070312,361.35858154296875,732650.0,269.0939636230469,750.2081298828125,530.527099609375,191.47933959960938,452.4200134277344,297.447021484375
2025-10-28,268.7394714355469,229.25,372.2577209472656,722495.0,267.295166015625,750.82763671875,541.057373046875,201.01881408691406,460.54998779296875,300.7181701660156
2025-10-29,269.4388122558594,230.3000030517578,385.2428894042969,712900.0,274.3905334472656,751.0574340820312,540.538330078125,207.02847290039062,461.510009765625,304.2685852050781
2025-10-30,271.13714599609375,222.86000061035156,375.75103759765625,717922.0,281.2960205078125,665.9268798828125,524.77783203125,202.8787078857422,440.1000061035156,302.40362548828125
2025-10-31,270.108154296875,244.22000122070312,368.9241027832031,715740.0,281.0061950683594,647.8216552734375,516.8426513671875,202.47872924804688,456.55999755859375,299.6211242675781
2025-11-03,268.7894287109375,254.0,361.85760498046875,712170.0,283.5345458984375,637.1903686523438,516.0641479492188,206.8684844970703,468.3699951171875,304.0391845703125
2025-11-04,269.7784729003906,249.32000732421875,351.26788330078125,731118.0,277.35858154296875,626.8087768554688,513.3692016601562,198.67893981933594,444.260009765625,293.25830078125
2025-11-05,269.8783874511719,250.1999969482422,358.2944641113281,736150.0,284.1241455078125,635.4317626953125,506.2125549316406,195.1991424560547,462.07000732421875,292.84942626953125
2025-11-06,269.50872802734375,243.0399932861328,354.9109191894531,739900.0,284.5638732910156,618.4356079101562,496.1713562011719,188.0695343017578,445.9100036621094,288.46124267578125
2025-11-07,268.2099914550781,244.41000366210938,348.7626647949219,748320.0,278.647705078125,621.203369140625,495.8918762207031,188.1395263671875,429.5199890136719,285.7286376953125
2025-11-10,269.42999267578125,248.39999389648438,357.7055969238281,744500.0,289.9103698730469,631.2451782226562,505.0547180175781,199.03892517089844,445.2300109863281,294.4750061035156
2025-11-11,275.25,249.10000610351562,351.287841796875,745751.0,291.11956787109375,626.5690307617188,507.7297058105469,193.1492462158203,439.6199951171875,290.3860778808594
2025-11-12,273.4700012207031,244.1999969482422,354.5416259765625,756363.0,286.5225830078125,608.5137329101562,510.1851501464844,193.78921508789062,430.6000061035156,289.8375549316406
2025-11-13,272.95001220703125,237.5800018310547,339.33074951171875,770185.0,278.3879089355469,609.3930053710938,502.34979248046875,186.84959411621094,401.989990234375,281.44024658203125
2025-11-14,272.4100036621094,234.69000244140625,341.80596923828125,763867.0,276.22930908203125,608.96337890625,509.2268981933594,190.15940856933594,404.3500061035156,284.05316162109375
2025-11-17,267.4599914550781,232.8699951171875,341.9956359863281,755420.0,284.83367919921875,601.5194091796875,506.54193115234375,186.58961486816406,408.9200134277344,281.250732421875
2025-11-18,267.44000244140625,222.5500030517578,339.8497314453125,755597.0,284.09417724609375,597.2029418945312,492.8675537109375,181.3498992919922,401.25,277.1617736816406
2025-11-19,268.55999755859375,222.69000244140625,353.7431640625,752464.0,292.61859130859375,589.8389282226562,486.2099914550781,186.50961303710938,403.989990234375,281.6097717285156
2025-11-20,266.25,217.13999938964844,346.1576843261719,754625.0,289.26080322265625,588.669921875,478.42999267578125,180.62994384765625,395.2300109863281,276.75286865234375
2025-11-21,271.489990234375,220.69000244140625,339.5503234863281,755320.0,299.464111328125,593.7657470703125,472.1199951171875,178.8700408935547,391.0899963378906,274.3194274902344
2025-11-24,275.9200134277344,226.27999877929688,377.2381896972656,763000.0,318.3717346191406,612.5504150390625,474.0,182.5398406982422,417.7799987792969,283.8736572265625
2025-11-25,276.9700012207031,229.6699981689453,384.2947082519531,763000.0,323.22857666015625,635.7014770507812,476.989990234375,177.8101043701172,419.3999938964844,283.9135437011719
2025-11-26,277.54998779296875,229.16000366210938,396.8107604980469,767866.0,319.7408752441406,633.0936279296875,485.5,180.2499542236328,426.5799865722656,289.1793212890625
2025-11-28,278.8500061035156,233.22000122070312,402.1904602050781,770100.0,319.970703125,647.4219970703125,492.010009765625,176.99014282226562,430.1700134277344,290.72515869140625
2025-12-01,283.1000061035156,233.8800048828125,385.3426818847656,761161.0,314.6841735839844,640.3477172851562,486.739990234375,179.9099884033203,430.1400146484375,286.90545654296875
2025-12-02,286.19000244140625,234.4199981689453,380.84130859375,760100.0,315.6035461425781,646.5726318359375,490.0,181.4499053955078,429.239990234375,291.3035888671875
2025-12-03,284.1499938964844,232.3800048828125,379.88311767578125,758000.0,319.42108154296875,639.0787353515625,477.7300109863281,179.5800018310547,446.739990234375,294.6545715332031
2025-12-04,280.70001220703125,229.11000061035156,380.3023376464844,754746.0,317.4123840332031,660.990966796875,480.8399963378906,183.3800048828125,454.5299987792969,292.1413269042969
2025-12-05,278.7799987792969,229.52999877929688,389.4947509765625,755800.0,321.0599670410156,672.8712158203125,483.1600036621094,182.41000366210938,455.0,293.926513671875
2025-12-08,277.8900146484375,226.88999938964844,400.3340148925781,745120.0,313.7200012207031,666.256591796875,491.0199890136719,185.5500030517578,439.5799865722656,301.0572509765625
2025-12-09,277.17999267578125,227.9199981689453,405.51409912109375,736300.0,317.0799865722656,656.4246826171875,492.0199890136719,184.97000122070312,445.1700134277344,302.5931091308594
2025-12-10,278.7799987792969,231.77999877929688,412.18133544921875,735276.0,320.2099914550781,649.6002197265625,478.55999755859375,183.77999877929688,451.45001220703125,309.3050231933594
2025-12-11,278.0299987792969,230.27999877929688,405.59393310546875,742550.0,312.42999267578125,652.1781005859375,483.4700012207031,180.92999267578125,446.8900146484375,304.8500061035156
2025-12-12,278.2799987792969,226.19000244140625,359.24261474609375,748887.0,309.2900085449219,643.7050170898438,478.5299987792969,175.02000427246094,458.9599914550781,292.0400085449219
2025-12-15,274.1099853515625,222.5399932861328,339.1610412597656,758900.0,308.2200012207031,647.510009765625,474.82000732421875,176.2899932861328,475.30999755859375,287.739990234375
2025-12-16,274.6099853515625,222.55999755859375,340.648193359375,749120.0,306.57000732421875,657.1500244140625,476.3900146484375,177.72000122070312,489.8800048828125,286.8699951171875
2025-12-17,271.8399963378906,221.27000427246094,325.3973693847656,756120.0,296.7200012207031,649.5,476.1199951171875,170.94000244140625,467.260009765625,276.9599914550781
2025-12-18,272.19000244140625,226.75999450683594,329.2500305175781,755700.0,302.4599914550781,664.4500122070312,483.9800109863281,174.13999938964844,483.3699951171875,284.67999267578125
2025-12-19,273.6700134277344,227.35000610351562,339.7099914550781,745600.0,307.1600036621094,658.77001953125,485.9200134277344,180.99000549316406,481.20001220703125,288.95001220703125
2025-12-22,270.9700012207031,228.42999267578125,341.45001220703125,750006.0,309.7799987792969,661.5,484.9200134277344,183.69000244140625,488.7300109863281,293.2799987792969
2025-12-23,272.3599853515625,232.13999938964844,349.32000732421875,750560.0,314.3500061035156,664.9400024414062,486.8500061035156,189.2100067138672,485.55999755859375,296.95001220703125
2025-12-24,273.80999755859375,232.3800048828125,350.2200012207031,751245.0,314.0899963378906,667.5499877929688,488.0199890136719,188.61000061035156,485.3999938964844,298.79998779296875
2025-12-26,273.3999938964844,232.52000427246094,352.1300048828125,747000.0,313.510009765625,663.2899780273438,487.7099914550781,190.52999877929688,475.19000244140625,302.8399963378906
2025-12-29,273.760009765625,232.07000732421875,349.3900146484375,752000.0,313.55999755859375,658.6900024414062,487.1000061035156,188.22000122070312,459.6400146484375,300.9200134277344
2025-12-30,273.0799865722656,232.52999877929688,349.8500061035156,755400.0,313.8500061035156,665.9500122070312,487.4800109863281,187.5399932861328,454.42999267578125,299.5799865722656
2025-12-31,271.8599853515625,230.82000732421875,346.1000061035156,754800.0,313.0,660.0900268554688,483.6199951171875,186.5,449.7200012207031,303.8900146484375
2026-01-02,271.010009765625,226.5,347.6199951171875,744120.0,315.1499938964844,650.4099731445312,472.94000244140625,188.85000610351562,438.07000732421875,319.6099853515625
2026-01-05,267.260009765625,233.05999755859375,343.4200134277344,748250.0,316.5400085449219,658.7899780273438,472.8500061035156,188.1199951171875,451.6700134277344,322.25
2026-01-06,262.3599853515625,240.92999267578125,343.7699890136719,748000.0,314.3399963378906,660.6199951171875,478.510009765625,187.24000549316406,432.9599914550781,327.42999267578125
2026-01-07,260.3299865722656,241.55999755859375,343.5,745000.0,321.9800109863281,648.6900024414062,483.4700012207031,189.11000061035156,431.4100036621094,318.67999267578125
2026-01-08,259.0400085449219,246.2899932861328,332.4800109863281,750300.0,325.44000244140625,646.0599975585938,478.1099853515625,185.0399932861328,435.79998779296875,318.010009765625
2026-01-09,259.3699951171875,247.3800048828125,344.9700012207031,748060.0,328.57000732421875,653.0599975585938,479.2799987792969,184.86000061035156,445.010009765625,323.6300048828125
2026-01-12,260.25,246.47000122070312,352.2099914550781,747860.0,331.8599853515625,641.969970703125,477.17999267578125,184.94000244140625,448.9599914550781,331.7699890136719
2026-01-13,261.04998779296875,242.60000610351562,354.6099853515625,742300.0,335.9700012207031,631.0900268554688,470.6700134277344,185.80999755859375,447.20001220703125,331.2099914550781
2026-01-14,259.9599914550781,236.64999389648438,339.8900146484375,743438.0,335.8399963378906,615.52001953125,459.3800048828125,183.13999938964844,439.20001220703125,327.1099853515625
2026-01-15,258.2099914550781,238.17999267578125,343.0199890136719,738691.0,332.7799987792969,620.7999877929688,456.6600036621094,187.0500030517578,438.57000732421875,341.6400146484375
2026-01-16,255.52999877929688,239.1199951171875,351.7099914550781,740750.0,330.0,620.25,459.8599853515625,186.22999572753906,437.5,342.3999938964844
2026-01-20,246.6999969482422,231.0,332.6000061035156,727500.0,322.0,604.1199951171875,454.5199890136719,178.07000732421875,419.25,327.1600036621094
2026-01-21,247.64999389648438,231.30999755859375,328.79998779296875,724080.0,328.3800048828125,612.9600219726562,444.1099853515625,183.32000732421875,431.44000244140625,326.1199951171875
2026-01-22,248.35000610351562,234.33999633789062,325.489990234375,726200.0,330.5400085449219,647.6300048828125,451.1400146484375,184.83999633789062,449.3599853515625,327.3699951171875
2026-01-23,248.0399932861328,239.16000366210938,320.04998779296875,720932.0,327.92999267578125,658.760009765625,465.95001220703125,187.6699981689453,449.05999755859375,334.8699951171875
2026-01-26,255.41000366210938,238.4199981689453,324.8500061035156,726420.0,333.260009765625,672.3599853515625,470.2799987792969,186.47000122070312,435.20001220703125,332.7099914550781
2026-01-27,258.2699890136719,244.67999267578125,332.7900085449219,713000.0,334.54998779296875,672.969970703125,480.5799865722656,188.52000427246094,430.8999938964844,338.3399963378906
2026-01-28,256.44000244140625,243.00999450683594,333.239990234375,709500.0,336.010009765625,668.72998046875,481.6300048828125,191.52000427246094,431.4599914550781,342.29998779296875
2026-01-29,258.2799987792969,241.72999572753906,330.7300109863281,714000.0,338.25,738.3099975585938,433.5,192.50999450683594,416.55999755859375,339.54998779296875
2026-01-30,259.4800109863281,239.3000030517578,331.29998779296875,722500.0,338.0,716.5,430.2900085449219,191.1300048828125,430.4100036621094,330.55999755859375
2026-02-02,270.010009765625,242.9600067138672,331.1099853515625,729425.0,343.69000244140625,706.4099731445312,423.3699951171875,185.61000061035156,421.80999755859375,341.3599853515625
2026-02-03,269.4800109863281,238.6199951171875,320.3299865722656,740150.0,339.7099914550781,691.7000122070312,411.2099914550781,180.33999633789062,421.9599914550781,335.75
